DEBUG - 2026-04-14 09:25:39 --> Session: Class initialized using 'CodeIgniter\Session\Handlers\FileHandler' driver.
DEBUG - 2026-04-14 09:25:39 --> Session: Class initialized using 'CodeIgniter\Session\Handlers\FileHandler' driver.
INFO - 2026-04-14 09:28:25 --> CSRF token verified.
DEBUG - 2026-04-14 09:28:25 --> Session: Class initialized using 'CodeIgniter\Session\Handlers\FileHandler' driver.
INFO - 2026-04-14 09:28:25 --> Successful login - Email: olaola55@gmail.com, IP: ::1, Role: teacher
DEBUG - 2026-04-14 09:28:26 --> Session: Class initialized using 'CodeIgniter\Session\Handlers\FileHandler' driver.
DEBUG - 2026-04-14 09:28:27 --> Teacher construct - is_teacher: true, school_id: 93, method: GET
DEBUG - 2026-04-14 09:28:27 --> Teacher construct - school_id: 93, is_paid: 1, subscription_end: 1778679749, now: 1776155307
DEBUG - 2026-04-14 09:28:27 --> Teacher construct - subscription_end date: 2026-05-13 14:42:29, now date: 2026-04-14 09:28:27
DEBUG - 2026-04-14 09:28:27 --> Teacher construct - Subscription still valid: subscription_end (2026-05-13 14:42:29) >= now (2026-04-14 09:28:27)
DEBUG - 2026-04-14 09:28:27 --> Teacher construct - Access allowed for method 'GET' (no blocking conditions)
DEBUG - 2026-04-14 09:28:27 --> Total exams not yet taken calculated for school_id 93: 0
ERROR - 2026-04-14 09:28:28 --> Table 'wayo_db.events' doesn't exist
in SYSTEMPATH\Database\MySQLi\Connection.php on line 300.
 1 SYSTEMPATH\Database\MySQLi\Connection.php(300): mysqli->query('SELECT *
FROM `events`
WHERE `school_id` = \'93\'
AND `date` >= \'2026-04-01\'
AND `date` <= \'2026-04-30\'', 0)
 2 SYSTEMPATH\Database\BaseConnection.php(910): CodeIgniter\Database\MySQLi\Connection->execute('SELECT *
FROM `events`
WHERE `school_id` = \'93\'
AND `date` >= \'2026-04-01\'
AND `date` <= \'2026-04-30\'')
 3 SYSTEMPATH\Database\BaseConnection.php(827): CodeIgniter\Database\BaseConnection->simpleQuery('SELECT *
FROM `events`
WHERE `school_id` = \'93\'
AND `date` >= \'2026-04-01\'
AND `date` <= \'2026-04-30\'')
 4 SYSTEMPATH\Database\BaseBuilder.php(1649): CodeIgniter\Database\BaseConnection->query('SELECT *
FROM `events`
WHERE `school_id` = :school_id:
AND `date` >= :date:
AND `date` <= :date.1:', [...], false)
 5 APPPATH\Models\Crud_model.php(431): CodeIgniter\Database\BaseBuilder->get()
 6 APPPATH\Views\backend\teacher\dashboard\index.php(592): App\Models\Crud_model->get_current_month_events()
 7 APPPATH\Views\backend\index.php(147): include('C:\\xampp\\htdocs\\School-Management-De_migration\\app\\Views\\backend\\teacher\\dashboard\\index.php')
 8 SYSTEMPATH\View\View.php(240): include('C:\\xampp\\htdocs\\School-Management-De_migration\\app\\Views\\backend\\index.php')
 9 SYSTEMPATH\View\View.php(243): CodeIgniter\View\View->CodeIgniter\View\{closure}()
10 APPPATH\View\View.php(357): CodeIgniter\View\View->render('backend/index', [], true)
11 SYSTEMPATH\Common.php(1250): App\View\View->render('backend/index', [], true)
12 APPPATH\Controllers\Teacher.php(164): view('backend/index', [...])
13 APPPATH\Config\Routes.php(341): App\Controllers\Teacher->dashboard()
14 SYSTEMPATH\CodeIgniter.php(872): CodeIgniter\Router\RouteCollection::{closure}()
15 SYSTEMPATH\CodeIgniter.php(480): CodeIgniter\CodeIgniter->startController()
16 SYSTEMPATH\CodeIgniter.php(340): CodeIgniter\CodeIgniter->handleRequest(null, Object(Config\Cache), false)
17 SYSTEMPATH\Boot.php(417): CodeIgniter\CodeIgniter->run()
18 SYSTEMPATH\Boot.php(68): CodeIgniter\Boot::runCodeIgniter(Object(CodeIgniter\CodeIgniter))
19 FCPATH\index.php(75): CodeIgniter\Boot::bootWeb(Object(Config\Paths))
DEBUG - 2026-04-14 09:28:42 --> Session: Class initialized using 'CodeIgniter\Session\Handlers\FileHandler' driver.
DEBUG - 2026-04-14 09:28:42 --> Teacher construct - is_teacher: true, school_id: 93, method: GET
DEBUG - 2026-04-14 09:28:42 --> Teacher construct - school_id: 93, is_paid: 1, subscription_end: 1778679749, now: 1776155322
DEBUG - 2026-04-14 09:28:42 --> Teacher construct - subscription_end date: 2026-05-13 14:42:29, now date: 2026-04-14 09:28:42
DEBUG - 2026-04-14 09:28:42 --> Teacher construct - Subscription still valid: subscription_end (2026-05-13 14:42:29) >= now (2026-04-14 09:28:42)
DEBUG - 2026-04-14 09:28:42 --> Teacher construct - Access allowed for method 'GET' (no blocking conditions)
DEBUG - 2026-04-14 09:28:42 --> Total exams not yet taken calculated for school_id 93: 0
DEBUG - 2026-04-14 09:28:46 --> Session: Class initialized using 'CodeIgniter\Session\Handlers\FileHandler' driver.
DEBUG - 2026-04-14 09:28:46 --> Teacher construct - is_teacher: true, school_id: 93, method: GET
DEBUG - 2026-04-14 09:28:46 --> Teacher construct - school_id: 93, is_paid: 1, subscription_end: 1778679749, now: 1776155326
DEBUG - 2026-04-14 09:28:46 --> Teacher construct - subscription_end date: 2026-05-13 14:42:29, now date: 2026-04-14 09:28:46
DEBUG - 2026-04-14 09:28:46 --> Teacher construct - Subscription still valid: subscription_end (2026-05-13 14:42:29) >= now (2026-04-14 09:28:46)
DEBUG - 2026-04-14 09:28:46 --> Teacher construct - Access allowed for method 'GET' (no blocking conditions)
DEBUG - 2026-04-14 09:29:55 --> Session: Class initialized using 'CodeIgniter\Session\Handlers\FileHandler' driver.
DEBUG - 2026-04-14 09:29:55 --> Teacher construct - is_teacher: true, school_id: 93, method: GET
DEBUG - 2026-04-14 09:29:55 --> Teacher construct - school_id: 93, is_paid: 1, subscription_end: 1778679749, now: 1776155395
DEBUG - 2026-04-14 09:29:55 --> Teacher construct - subscription_end date: 2026-05-13 14:42:29, now date: 2026-04-14 09:29:55
DEBUG - 2026-04-14 09:29:55 --> Teacher construct - Subscription still valid: subscription_end (2026-05-13 14:42:29) >= now (2026-04-14 09:29:55)
DEBUG - 2026-04-14 09:29:55 --> Teacher construct - Access allowed for method 'GET' (no blocking conditions)
DEBUG - 2026-04-14 09:30:33 --> Session: Class initialized using 'CodeIgniter\Session\Handlers\FileHandler' driver.
DEBUG - 2026-04-14 09:30:33 --> Teacher construct - is_teacher: true, school_id: 93, method: GET
DEBUG - 2026-04-14 09:30:33 --> Teacher construct - school_id: 93, is_paid: 1, subscription_end: 1778679749, now: 1776155433
DEBUG - 2026-04-14 09:30:33 --> Teacher construct - subscription_end date: 2026-05-13 14:42:29, now date: 2026-04-14 09:30:33
DEBUG - 2026-04-14 09:30:33 --> Teacher construct - Subscription still valid: subscription_end (2026-05-13 14:42:29) >= now (2026-04-14 09:30:33)
DEBUG - 2026-04-14 09:30:33 --> Teacher construct - Access allowed for method 'GET' (no blocking conditions)
DEBUG - 2026-04-14 09:30:34 --> Total exams not yet taken calculated for school_id 93: 0
DEBUG - 2026-04-14 09:30:36 --> Session: Class initialized using 'CodeIgniter\Session\Handlers\FileHandler' driver.
DEBUG - 2026-04-14 09:30:36 --> Teacher construct - is_teacher: true, school_id: 93, method: GET
DEBUG - 2026-04-14 09:30:36 --> Teacher construct - school_id: 93, is_paid: 1, subscription_end: 1778679749, now: 1776155436
DEBUG - 2026-04-14 09:30:36 --> Teacher construct - subscription_end date: 2026-05-13 14:42:29, now date: 2026-04-14 09:30:36
DEBUG - 2026-04-14 09:30:36 --> Teacher construct - Subscription still valid: subscription_end (2026-05-13 14:42:29) >= now (2026-04-14 09:30:36)
DEBUG - 2026-04-14 09:30:36 --> Teacher construct - Access allowed for method 'GET' (no blocking conditions)
DEBUG - 2026-04-14 09:33:21 --> Session: Class initialized using 'CodeIgniter\Session\Handlers\FileHandler' driver.
DEBUG - 2026-04-14 09:33:21 --> Teacher construct - is_teacher: true, school_id: 93, method: GET
DEBUG - 2026-04-14 09:33:21 --> Teacher construct - school_id: 93, is_paid: 1, subscription_end: 1778679749, now: 1776155601
DEBUG - 2026-04-14 09:33:21 --> Teacher construct - subscription_end date: 2026-05-13 14:42:29, now date: 2026-04-14 09:33:21
DEBUG - 2026-04-14 09:33:21 --> Teacher construct - Subscription still valid: subscription_end (2026-05-13 14:42:29) >= now (2026-04-14 09:33:21)
DEBUG - 2026-04-14 09:33:21 --> Teacher construct - Access allowed for method 'GET' (no blocking conditions)
DEBUG - 2026-04-14 09:33:21 --> Total exams not yet taken calculated for school_id 93: 0
DEBUG - 2026-04-14 09:33:28 --> Session: Class initialized using 'CodeIgniter\Session\Handlers\FileHandler' driver.
DEBUG - 2026-04-14 09:33:29 --> Teacher construct - is_teacher: true, school_id: 93, method: GET
DEBUG - 2026-04-14 09:33:29 --> Teacher construct - school_id: 93, is_paid: 1, subscription_end: 1778679749, now: 1776155609
DEBUG - 2026-04-14 09:33:29 --> Teacher construct - subscription_end date: 2026-05-13 14:42:29, now date: 2026-04-14 09:33:29
DEBUG - 2026-04-14 09:33:29 --> Teacher construct - Subscription still valid: subscription_end (2026-05-13 14:42:29) >= now (2026-04-14 09:33:29)
DEBUG - 2026-04-14 09:33:29 --> Teacher construct - Access allowed for method 'GET' (no blocking conditions)
DEBUG - 2026-04-14 09:36:09 --> Session: Class initialized using 'CodeIgniter\Session\Handlers\FileHandler' driver.
DEBUG - 2026-04-14 09:36:09 --> Teacher construct - is_teacher: true, school_id: 93, method: GET
DEBUG - 2026-04-14 09:36:09 --> Teacher construct - school_id: 93, is_paid: 1, subscription_end: 1778679749, now: 1776155769
DEBUG - 2026-04-14 09:36:09 --> Teacher construct - subscription_end date: 2026-05-13 14:42:29, now date: 2026-04-14 09:36:09
DEBUG - 2026-04-14 09:36:09 --> Teacher construct - Subscription still valid: subscription_end (2026-05-13 14:42:29) >= now (2026-04-14 09:36:09)
DEBUG - 2026-04-14 09:36:09 --> Teacher construct - Access allowed for method 'GET' (no blocking conditions)
DEBUG - 2026-04-14 09:36:12 --> Session: Class initialized using 'CodeIgniter\Session\Handlers\FileHandler' driver.
DEBUG - 2026-04-14 09:36:12 --> Teacher construct - is_teacher: true, school_id: 93, method: GET
DEBUG - 2026-04-14 09:36:12 --> Teacher construct - school_id: 93, is_paid: 1, subscription_end: 1778679749, now: 1776155772
DEBUG - 2026-04-14 09:36:12 --> Teacher construct - subscription_end date: 2026-05-13 14:42:29, now date: 2026-04-14 09:36:12
DEBUG - 2026-04-14 09:36:12 --> Teacher construct - Subscription still valid: subscription_end (2026-05-13 14:42:29) >= now (2026-04-14 09:36:12)
DEBUG - 2026-04-14 09:36:12 --> Teacher construct - Access allowed for method 'GET' (no blocking conditions)
DEBUG - 2026-04-14 09:38:14 --> Session: Class initialized using 'CodeIgniter\Session\Handlers\FileHandler' driver.
DEBUG - 2026-04-14 09:38:14 --> Teacher construct - is_teacher: true, school_id: 93, method: GET
DEBUG - 2026-04-14 09:38:14 --> Teacher construct - school_id: 93, is_paid: 1, subscription_end: 1778679749, now: 1776155894
DEBUG - 2026-04-14 09:38:14 --> Teacher construct - subscription_end date: 2026-05-13 14:42:29, now date: 2026-04-14 09:38:14
DEBUG - 2026-04-14 09:38:14 --> Teacher construct - Subscription still valid: subscription_end (2026-05-13 14:42:29) >= now (2026-04-14 09:38:14)
DEBUG - 2026-04-14 09:38:14 --> Teacher construct - Access allowed for method 'GET' (no blocking conditions)
DEBUG - 2026-04-14 09:39:01 --> Session: Class initialized using 'CodeIgniter\Session\Handlers\FileHandler' driver.
DEBUG - 2026-04-14 09:39:01 --> Teacher construct - is_teacher: true, school_id: 93, method: GET
DEBUG - 2026-04-14 09:39:01 --> Teacher construct - school_id: 93, is_paid: 1, subscription_end: 1778679749, now: 1776155941
DEBUG - 2026-04-14 09:39:01 --> Teacher construct - subscription_end date: 2026-05-13 14:42:29, now date: 2026-04-14 09:39:01
DEBUG - 2026-04-14 09:39:01 --> Teacher construct - Subscription still valid: subscription_end (2026-05-13 14:42:29) >= now (2026-04-14 09:39:01)
DEBUG - 2026-04-14 09:39:01 --> Teacher construct - Access allowed for method 'GET' (no blocking conditions)
DEBUG - 2026-04-14 09:40:41 --> Session: Class initialized using 'CodeIgniter\Session\Handlers\FileHandler' driver.
DEBUG - 2026-04-14 09:40:41 --> Teacher construct - is_teacher: true, school_id: 93, method: GET
DEBUG - 2026-04-14 09:40:41 --> Teacher construct - school_id: 93, is_paid: 1, subscription_end: 1778679749, now: 1776156041
DEBUG - 2026-04-14 09:40:41 --> Teacher construct - subscription_end date: 2026-05-13 14:42:29, now date: 2026-04-14 09:40:41
DEBUG - 2026-04-14 09:40:41 --> Teacher construct - Subscription still valid: subscription_end (2026-05-13 14:42:29) >= now (2026-04-14 09:40:41)
DEBUG - 2026-04-14 09:40:41 --> Teacher construct - Access allowed for method 'GET' (no blocking conditions)
DEBUG - 2026-04-14 09:40:43 --> Total exams not yet taken calculated for school_id 93: 0
ERROR - 2026-04-14 09:40:43 --> Table 'wayo_db.events' doesn't exist
in SYSTEMPATH\Database\MySQLi\Connection.php on line 300.
 1 SYSTEMPATH\Database\MySQLi\Connection.php(300): mysqli->query('SELECT *
FROM `events`
WHERE `school_id` = \'93\'
AND `date` >= \'2026-04-01\'
AND `date` <= \'2026-04-30\'', 0)
 2 SYSTEMPATH\Database\BaseConnection.php(910): CodeIgniter\Database\MySQLi\Connection->execute('SELECT *
FROM `events`
WHERE `school_id` = \'93\'
AND `date` >= \'2026-04-01\'
AND `date` <= \'2026-04-30\'')
 3 SYSTEMPATH\Database\BaseConnection.php(827): CodeIgniter\Database\BaseConnection->simpleQuery('SELECT *
FROM `events`
WHERE `school_id` = \'93\'
AND `date` >= \'2026-04-01\'
AND `date` <= \'2026-04-30\'')
 4 SYSTEMPATH\Database\BaseBuilder.php(1649): CodeIgniter\Database\BaseConnection->query('SELECT *
FROM `events`
WHERE `school_id` = :school_id:
AND `date` >= :date:
AND `date` <= :date.1:', [...], false)
 5 APPPATH\Models\Crud_model.php(431): CodeIgniter\Database\BaseBuilder->get()
 6 APPPATH\Views\backend\teacher\dashboard\index.php(592): App\Models\Crud_model->get_current_month_events()
 7 APPPATH\Views\backend\index.php(147): include('C:\\xampp\\htdocs\\School-Management-De_migration\\app\\Views\\backend\\teacher\\dashboard\\index.php')
 8 SYSTEMPATH\View\View.php(240): include('C:\\xampp\\htdocs\\School-Management-De_migration\\app\\Views\\backend\\index.php')
 9 SYSTEMPATH\View\View.php(243): CodeIgniter\View\View->CodeIgniter\View\{closure}()
10 APPPATH\View\View.php(357): CodeIgniter\View\View->render('backend/index', [], true)
11 SYSTEMPATH\Common.php(1250): App\View\View->render('backend/index', [], true)
12 APPPATH\Controllers\Teacher.php(164): view('backend/index', [...])
13 APPPATH\Config\Routes.php(341): App\Controllers\Teacher->dashboard()
14 SYSTEMPATH\CodeIgniter.php(872): CodeIgniter\Router\RouteCollection::{closure}()
15 SYSTEMPATH\CodeIgniter.php(480): CodeIgniter\CodeIgniter->startController()
16 SYSTEMPATH\CodeIgniter.php(340): CodeIgniter\CodeIgniter->handleRequest(null, Object(Config\Cache), false)
17 SYSTEMPATH\Boot.php(417): CodeIgniter\CodeIgniter->run()
18 SYSTEMPATH\Boot.php(68): CodeIgniter\Boot::runCodeIgniter(Object(CodeIgniter\CodeIgniter))
19 FCPATH\index.php(75): CodeIgniter\Boot::bootWeb(Object(Config\Paths))
DEBUG - 2026-04-14 09:42:11 --> Session: Class initialized using 'CodeIgniter\Session\Handlers\FileHandler' driver.
DEBUG - 2026-04-14 09:42:11 --> Teacher construct - is_teacher: true, school_id: 93, method: GET
DEBUG - 2026-04-14 09:42:11 --> Teacher construct - school_id: 93, is_paid: 1, subscription_end: 1778679749, now: 1776156131
DEBUG - 2026-04-14 09:42:11 --> Teacher construct - subscription_end date: 2026-05-13 14:42:29, now date: 2026-04-14 09:42:11
DEBUG - 2026-04-14 09:42:11 --> Teacher construct - Subscription still valid: subscription_end (2026-05-13 14:42:29) >= now (2026-04-14 09:42:11)
DEBUG - 2026-04-14 09:42:11 --> Teacher construct - Access allowed for method 'GET' (no blocking conditions)
DEBUG - 2026-04-14 09:42:12 --> Total exams not yet taken calculated for school_id 93: 0
ERROR - 2026-04-14 09:42:12 --> Table 'wayo_db.events' doesn't exist
in SYSTEMPATH\Database\MySQLi\Connection.php on line 300.
 1 SYSTEMPATH\Database\MySQLi\Connection.php(300): mysqli->query('SELECT *
FROM `events`
WHERE `school_id` = \'93\'
AND `date` >= \'2026-04-01\'
AND `date` <= \'2026-04-30\'', 0)
 2 SYSTEMPATH\Database\BaseConnection.php(910): CodeIgniter\Database\MySQLi\Connection->execute('SELECT *
FROM `events`
WHERE `school_id` = \'93\'
AND `date` >= \'2026-04-01\'
AND `date` <= \'2026-04-30\'')
 3 SYSTEMPATH\Database\BaseConnection.php(827): CodeIgniter\Database\BaseConnection->simpleQuery('SELECT *
FROM `events`
WHERE `school_id` = \'93\'
AND `date` >= \'2026-04-01\'
AND `date` <= \'2026-04-30\'')
 4 SYSTEMPATH\Database\BaseBuilder.php(1649): CodeIgniter\Database\BaseConnection->query('SELECT *
FROM `events`
WHERE `school_id` = :school_id:
AND `date` >= :date:
AND `date` <= :date.1:', [...], false)
 5 APPPATH\Models\Crud_model.php(431): CodeIgniter\Database\BaseBuilder->get()
 6 APPPATH\Views\backend\teacher\dashboard\index.php(592): App\Models\Crud_model->get_current_month_events()
 7 APPPATH\Views\backend\index.php(147): include('C:\\xampp\\htdocs\\School-Management-De_migration\\app\\Views\\backend\\teacher\\dashboard\\index.php')
 8 SYSTEMPATH\View\View.php(240): include('C:\\xampp\\htdocs\\School-Management-De_migration\\app\\Views\\backend\\index.php')
 9 SYSTEMPATH\View\View.php(243): CodeIgniter\View\View->CodeIgniter\View\{closure}()
10 APPPATH\View\View.php(357): CodeIgniter\View\View->render('backend/index', [], true)
11 SYSTEMPATH\Common.php(1250): App\View\View->render('backend/index', [], true)
12 APPPATH\Controllers\Teacher.php(164): view('backend/index', [...])
13 APPPATH\Config\Routes.php(341): App\Controllers\Teacher->dashboard()
14 SYSTEMPATH\CodeIgniter.php(872): CodeIgniter\Router\RouteCollection::{closure}()
15 SYSTEMPATH\CodeIgniter.php(480): CodeIgniter\CodeIgniter->startController()
16 SYSTEMPATH\CodeIgniter.php(340): CodeIgniter\CodeIgniter->handleRequest(null, Object(Config\Cache), false)
17 SYSTEMPATH\Boot.php(417): CodeIgniter\CodeIgniter->run()
18 SYSTEMPATH\Boot.php(68): CodeIgniter\Boot::runCodeIgniter(Object(CodeIgniter\CodeIgniter))
19 FCPATH\index.php(75): CodeIgniter\Boot::bootWeb(Object(Config\Paths))
DEBUG - 2026-04-14 09:42:21 --> Session: Class initialized using 'CodeIgniter\Session\Handlers\FileHandler' driver.
DEBUG - 2026-04-14 09:42:22 --> Teacher construct - is_teacher: true, school_id: 93, method: GET
DEBUG - 2026-04-14 09:42:22 --> Teacher construct - school_id: 93, is_paid: 1, subscription_end: 1778679749, now: 1776156142
DEBUG - 2026-04-14 09:42:22 --> Teacher construct - subscription_end date: 2026-05-13 14:42:29, now date: 2026-04-14 09:42:22
DEBUG - 2026-04-14 09:42:22 --> Teacher construct - Subscription still valid: subscription_end (2026-05-13 14:42:29) >= now (2026-04-14 09:42:22)
DEBUG - 2026-04-14 09:42:22 --> Teacher construct - Access allowed for method 'GET' (no blocking conditions)
DEBUG - 2026-04-14 09:42:23 --> Total exams not yet taken calculated for school_id 93: 0
DEBUG - 2026-04-14 09:42:30 --> Session: Class initialized using 'CodeIgniter\Session\Handlers\FileHandler' driver.
DEBUG - 2026-04-14 09:42:30 --> Teacher construct - is_teacher: true, school_id: 93, method: GET
DEBUG - 2026-04-14 09:42:30 --> Teacher construct - school_id: 93, is_paid: 1, subscription_end: 1778679749, now: 1776156150
DEBUG - 2026-04-14 09:42:30 --> Teacher construct - subscription_end date: 2026-05-13 14:42:29, now date: 2026-04-14 09:42:30
DEBUG - 2026-04-14 09:42:30 --> Teacher construct - Subscription still valid: subscription_end (2026-05-13 14:42:29) >= now (2026-04-14 09:42:30)
DEBUG - 2026-04-14 09:42:30 --> Teacher construct - Access allowed for method 'GET' (no blocking conditions)
DEBUG - 2026-04-14 09:51:35 --> Session: Class initialized using 'CodeIgniter\Session\Handlers\FileHandler' driver.
DEBUG - 2026-04-14 10:13:06 --> Session: Class initialized using 'CodeIgniter\Session\Handlers\FileHandler' driver.
DEBUG - 2026-04-14 10:13:06 --> Teacher construct - is_teacher: true, school_id: 93, method: GET
DEBUG - 2026-04-14 10:13:06 --> Teacher construct - school_id: 93, is_paid: 1, subscription_end: 1778679749, now: 1776157986
DEBUG - 2026-04-14 10:13:06 --> Teacher construct - subscription_end date: 2026-05-13 14:42:29, now date: 2026-04-14 10:13:06
DEBUG - 2026-04-14 10:13:06 --> Teacher construct - Subscription still valid: subscription_end (2026-05-13 14:42:29) >= now (2026-04-14 10:13:06)
DEBUG - 2026-04-14 10:13:06 --> Teacher construct - Access allowed for method 'GET' (no blocking conditions)
DEBUG - 2026-04-14 10:15:23 --> Session: Class initialized using 'CodeIgniter\Session\Handlers\FileHandler' driver.
DEBUG - 2026-04-14 10:15:23 --> Teacher construct - is_teacher: true, school_id: 93, method: GET
DEBUG - 2026-04-14 10:15:23 --> Teacher construct - school_id: 93, is_paid: 1, subscription_end: 1778679749, now: 1776158123
DEBUG - 2026-04-14 10:15:23 --> Teacher construct - subscription_end date: 2026-05-13 14:42:29, now date: 2026-04-14 10:15:23
DEBUG - 2026-04-14 10:15:23 --> Teacher construct - Subscription still valid: subscription_end (2026-05-13 14:42:29) >= now (2026-04-14 10:15:23)
DEBUG - 2026-04-14 10:15:23 --> Teacher construct - Access allowed for method 'GET' (no blocking conditions)
DEBUG - 2026-04-14 10:15:23 --> Total exams not yet taken calculated for school_id 93: 0
INFO - 2026-04-14 10:15:47 --> CSRF token verified.
DEBUG - 2026-04-14 10:15:47 --> Session: Class initialized using 'CodeIgniter\Session\Handlers\FileHandler' driver.
DEBUG - 2026-04-14 10:15:47 --> Teacher construct - is_teacher: true, school_id: 93, method: POST
DEBUG - 2026-04-14 10:15:47 --> Teacher construct - school_id: 93, is_paid: 1, subscription_end: 1778679749, now: 1776158147
DEBUG - 2026-04-14 10:15:47 --> Teacher construct - subscription_end date: 2026-05-13 14:42:29, now date: 2026-04-14 10:15:47
DEBUG - 2026-04-14 10:15:47 --> Teacher construct - Subscription still valid: subscription_end (2026-05-13 14:42:29) >= now (2026-04-14 10:15:47)
DEBUG - 2026-04-14 10:15:47 --> Teacher construct - Access allowed for method 'POST' (no blocking conditions)
DEBUG - 2026-04-14 10:15:50 --> Session: Class initialized using 'CodeIgniter\Session\Handlers\FileHandler' driver.
DEBUG - 2026-04-14 10:15:50 --> Teacher construct - is_teacher: true, school_id: 93, method: GET
DEBUG - 2026-04-14 10:15:50 --> Teacher construct - school_id: 93, is_paid: 1, subscription_end: 1778679749, now: 1776158150
DEBUG - 2026-04-14 10:15:50 --> Teacher construct - subscription_end date: 2026-05-13 14:42:29, now date: 2026-04-14 10:15:50
DEBUG - 2026-04-14 10:15:50 --> Teacher construct - Subscription still valid: subscription_end (2026-05-13 14:42:29) >= now (2026-04-14 10:15:50)
DEBUG - 2026-04-14 10:15:50 --> Teacher construct - Access allowed for method 'GET' (no blocking conditions)
DEBUG - 2026-04-14 10:15:51 --> Total exams not yet taken calculated for school_id 93: 0
DEBUG - 2026-04-14 10:15:58 --> Session: Class initialized using 'CodeIgniter\Session\Handlers\FileHandler' driver.
DEBUG - 2026-04-14 10:15:58 --> Teacher construct - is_teacher: true, school_id: 93, method: GET
DEBUG - 2026-04-14 10:15:58 --> Teacher construct - school_id: 93, is_paid: 1, subscription_end: 1778679749, now: 1776158158
DEBUG - 2026-04-14 10:15:58 --> Teacher construct - subscription_end date: 2026-05-13 14:42:29, now date: 2026-04-14 10:15:58
DEBUG - 2026-04-14 10:15:58 --> Teacher construct - Subscription still valid: subscription_end (2026-05-13 14:42:29) >= now (2026-04-14 10:15:58)
DEBUG - 2026-04-14 10:15:58 --> Teacher construct - Access allowed for method 'GET' (no blocking conditions)
DEBUG - 2026-04-14 10:15:58 --> Total exams not yet taken calculated for school_id 93: 0
INFO - 2026-04-14 10:20:14 --> CSRF token verified.
DEBUG - 2026-04-14 10:20:14 --> Session: Class initialized using 'CodeIgniter\Session\Handlers\FileHandler' driver.
DEBUG - 2026-04-14 10:20:14 --> Teacher construct - is_teacher: true, school_id: 93, method: POST
DEBUG - 2026-04-14 10:20:14 --> Teacher construct - school_id: 93, is_paid: 1, subscription_end: 1778679749, now: 1776158414
DEBUG - 2026-04-14 10:20:14 --> Teacher construct - subscription_end date: 2026-05-13 14:42:29, now date: 2026-04-14 10:20:14
DEBUG - 2026-04-14 10:20:14 --> Teacher construct - Subscription still valid: subscription_end (2026-05-13 14:42:29) >= now (2026-04-14 10:20:14)
DEBUG - 2026-04-14 10:20:14 --> Teacher construct - Access allowed for method 'POST' (no blocking conditions)
DEBUG - 2026-04-14 10:20:15 --> Session: Class initialized using 'CodeIgniter\Session\Handlers\FileHandler' driver.
DEBUG - 2026-04-14 10:20:15 --> Teacher construct - is_teacher: true, school_id: 93, method: GET
DEBUG - 2026-04-14 10:20:15 --> Teacher construct - school_id: 93, is_paid: 1, subscription_end: 1778679749, now: 1776158415
DEBUG - 2026-04-14 10:20:15 --> Teacher construct - subscription_end date: 2026-05-13 14:42:29, now date: 2026-04-14 10:20:15
DEBUG - 2026-04-14 10:20:15 --> Teacher construct - Subscription still valid: subscription_end (2026-05-13 14:42:29) >= now (2026-04-14 10:20:15)
DEBUG - 2026-04-14 10:20:15 --> Teacher construct - Access allowed for method 'GET' (no blocking conditions)
CRITICAL - 2026-04-14 10:22:06 --> Error: Class "App\Controllers\api\REST_Controller" not found
[Method: CLI, Route: routes]
in APPPATH\Controllers\api\Admin.php on line 14.
 1 FCPATH\vendor\composer\ClassLoader.php(576): include()
 2 FCPATH\vendor\composer\ClassLoader.php(427): Composer\Autoload\{closure}('C:\\xampp\\htdocs\\School-Management-De_migration\\vendor\\composer/../../app\\Controllers\\Api\\Admin.php')
 3 [internal function]: Composer\Autoload\ClassLoader->loadClass('App\\Controllers\\Api\\Admin')
 4 SYSTEMPATH\Router\Router.php(792): class_exists('\\App\\Controllers\\Api\\Admin')
 5 SYSTEMPATH\Router\Router.php(230): CodeIgniter\Router\Router->processRouteAttributes()
 6 SYSTEMPATH\Commands\Utilities\Routes\FilterFinder.php(41): CodeIgniter\Router\Router->handle('api/admin')
 7 SYSTEMPATH\Commands\Utilities\Routes\FilterFinder.php(57): CodeIgniter\Commands\Utilities\Routes\FilterFinder->getRouteFilters('api/admin')
 8 SYSTEMPATH\Commands\Utilities\Routes\FilterCollector.php(78): CodeIgniter\Commands\Utilities\Routes\FilterFinder->find('api/admin')
 9 SYSTEMPATH\Commands\Utilities\Routes.php(110): CodeIgniter\Commands\Utilities\Routes\FilterCollector->get('GET', 'api/admin')
10 SYSTEMPATH\CLI\Commands.php(74): CodeIgniter\Commands\Utilities\Routes->run([])
11 SYSTEMPATH\CLI\Console.php(47): CodeIgniter\CLI\Commands->run('routes', [])
12 SYSTEMPATH\Boot.php(442): CodeIgniter\CLI\Console->run()
13 SYSTEMPATH\Boot.php(166): CodeIgniter\Boot::runCommand(Object(CodeIgniter\CLI\Console))
14 FCPATH\spark(16): CodeIgniter\Boot::bootSpark(Object(Config\Paths))
DEBUG - 2026-04-14 10:25:42 --> Session: Class initialized using 'CodeIgniter\Session\Handlers\FileHandler' driver.
DEBUG - 2026-04-14 10:25:42 --> Teacher construct - is_teacher: true, school_id: 93, method: GET
DEBUG - 2026-04-14 10:25:42 --> Teacher construct - school_id: 93, is_paid: 1, subscription_end: 1778679749, now: 1776158742
DEBUG - 2026-04-14 10:25:42 --> Teacher construct - subscription_end date: 2026-05-13 14:42:29, now date: 2026-04-14 10:25:42
DEBUG - 2026-04-14 10:25:42 --> Teacher construct - Subscription still valid: subscription_end (2026-05-13 14:42:29) >= now (2026-04-14 10:25:42)
DEBUG - 2026-04-14 10:25:42 --> Teacher construct - Access allowed for method 'GET' (no blocking conditions)
DEBUG - 2026-04-14 10:25:42 --> Total exams not yet taken calculated for school_id 93: 0
INFO - 2026-04-14 10:25:51 --> CSRF token verified.
DEBUG - 2026-04-14 10:25:51 --> Session: Class initialized using 'CodeIgniter\Session\Handlers\FileHandler' driver.
DEBUG - 2026-04-14 10:25:51 --> Teacher construct - is_teacher: true, school_id: 93, method: POST
DEBUG - 2026-04-14 10:25:51 --> Teacher construct - school_id: 93, is_paid: 1, subscription_end: 1778679749, now: 1776158751
DEBUG - 2026-04-14 10:25:51 --> Teacher construct - subscription_end date: 2026-05-13 14:42:29, now date: 2026-04-14 10:25:51
DEBUG - 2026-04-14 10:25:51 --> Teacher construct - Subscription still valid: subscription_end (2026-05-13 14:42:29) >= now (2026-04-14 10:25:51)
DEBUG - 2026-04-14 10:25:51 --> Teacher construct - Access allowed for method 'POST' (no blocking conditions)
DEBUG - 2026-04-14 10:25:56 --> Session: Class initialized using 'CodeIgniter\Session\Handlers\FileHandler' driver.
DEBUG - 2026-04-14 10:25:56 --> Teacher construct - is_teacher: true, school_id: 93, method: GET
DEBUG - 2026-04-14 10:25:56 --> Teacher construct - school_id: 93, is_paid: 1, subscription_end: 1778679749, now: 1776158756
DEBUG - 2026-04-14 10:25:56 --> Teacher construct - subscription_end date: 2026-05-13 14:42:29, now date: 2026-04-14 10:25:56
DEBUG - 2026-04-14 10:25:56 --> Teacher construct - Subscription still valid: subscription_end (2026-05-13 14:42:29) >= now (2026-04-14 10:25:56)
DEBUG - 2026-04-14 10:25:56 --> Teacher construct - Access allowed for method 'GET' (no blocking conditions)
DEBUG - 2026-04-14 10:25:56 --> Total exams not yet taken calculated for school_id 93: 0
INFO - 2026-04-14 10:26:06 --> CSRF token verified.
DEBUG - 2026-04-14 10:26:06 --> Session: Class initialized using 'CodeIgniter\Session\Handlers\FileHandler' driver.
DEBUG - 2026-04-14 10:26:06 --> Teacher construct - is_teacher: true, school_id: 93, method: POST
DEBUG - 2026-04-14 10:26:06 --> Teacher construct - school_id: 93, is_paid: 1, subscription_end: 1778679749, now: 1776158766
DEBUG - 2026-04-14 10:26:06 --> Teacher construct - subscription_end date: 2026-05-13 14:42:29, now date: 2026-04-14 10:26:06
DEBUG - 2026-04-14 10:26:06 --> Teacher construct - Subscription still valid: subscription_end (2026-05-13 14:42:29) >= now (2026-04-14 10:26:06)
DEBUG - 2026-04-14 10:26:06 --> Teacher construct - Access allowed for method 'POST' (no blocking conditions)
CRITICAL - 2026-04-14 10:36:22 --> CodeIgniter\Security\Exceptions\SecurityException: The action you requested is not allowed.
[Method: POST, Route: app/mentor/student/status/186/397/1]
in SYSTEMPATH\Security\Security.php on line 258.
 1 SYSTEMPATH\Security\Security.php(258): CodeIgniter\Security\Exceptions\SecurityException::forDisallowedAction()
 2 SYSTEMPATH\Filters\CSRF.php(52): CodeIgniter\Security\Security->verify(Object(CodeIgniter\HTTP\IncomingRequest))
 3 SYSTEMPATH\Filters\Filters.php(241): CodeIgniter\Filters\CSRF->before(Object(CodeIgniter\HTTP\IncomingRequest), null)
 4 SYSTEMPATH\Filters\Filters.php(221): CodeIgniter\Filters\Filters->runBefore([...])
 5 SYSTEMPATH\CodeIgniter.php(465): CodeIgniter\Filters\Filters->run('app/mentor/student/status/186/397/1', 'before')
 6 SYSTEMPATH\CodeIgniter.php(340): CodeIgniter\CodeIgniter->handleRequest(null, Object(Config\Cache), false)
 7 SYSTEMPATH\Boot.php(417): CodeIgniter\CodeIgniter->run()
 8 SYSTEMPATH\Boot.php(68): CodeIgniter\Boot::runCodeIgniter(Object(CodeIgniter\CodeIgniter))
 9 FCPATH\index.php(75): CodeIgniter\Boot::bootWeb(Object(Config\Paths))
DEBUG - 2026-04-14 10:48:24 --> Session: Class initialized using 'CodeIgniter\Session\Handlers\FileHandler' driver.
DEBUG - 2026-04-14 10:48:24 --> Teacher construct - is_teacher: true, school_id: 93, method: GET
DEBUG - 2026-04-14 10:48:24 --> Teacher construct - school_id: 93, is_paid: 1, subscription_end: 1778679749, now: 1776160104
DEBUG - 2026-04-14 10:48:24 --> Teacher construct - subscription_end date: 2026-05-13 14:42:29, now date: 2026-04-14 10:48:24
DEBUG - 2026-04-14 10:48:24 --> Teacher construct - Subscription still valid: subscription_end (2026-05-13 14:42:29) >= now (2026-04-14 10:48:24)
DEBUG - 2026-04-14 10:48:24 --> Teacher construct - Access allowed for method 'GET' (no blocking conditions)
DEBUG - 2026-04-14 10:48:24 --> Total exams not yet taken calculated for school_id 93: 0
INFO - 2026-04-14 10:48:30 --> CSRF token verified.
DEBUG - 2026-04-14 10:48:30 --> Session: Class initialized using 'CodeIgniter\Session\Handlers\FileHandler' driver.
DEBUG - 2026-04-14 10:48:30 --> Teacher construct - is_teacher: true, school_id: 93, method: POST
DEBUG - 2026-04-14 10:48:30 --> Teacher construct - school_id: 93, is_paid: 1, subscription_end: 1778679749, now: 1776160110
DEBUG - 2026-04-14 10:48:30 --> Teacher construct - subscription_end date: 2026-05-13 14:42:29, now date: 2026-04-14 10:48:30
DEBUG - 2026-04-14 10:48:30 --> Teacher construct - Subscription still valid: subscription_end (2026-05-13 14:42:29) >= now (2026-04-14 10:48:30)
DEBUG - 2026-04-14 10:48:30 --> Teacher construct - Access allowed for method 'POST' (no blocking conditions)
DEBUG - 2026-04-14 10:49:46 --> Session: Class initialized using 'CodeIgniter\Session\Handlers\FileHandler' driver.
DEBUG - 2026-04-14 10:49:46 --> Session: Class initialized using 'CodeIgniter\Session\Handlers\FileHandler' driver.
DEBUG - 2026-04-14 10:50:29 --> Session: Class initialized using 'CodeIgniter\Session\Handlers\FileHandler' driver.
DEBUG - 2026-04-14 10:50:29 --> Teacher construct - is_teacher: true, school_id: 93, method: GET
DEBUG - 2026-04-14 10:50:29 --> Teacher construct - school_id: 93, is_paid: 1, subscription_end: 1778679749, now: 1776160229
DEBUG - 2026-04-14 10:50:29 --> Teacher construct - subscription_end date: 2026-05-13 14:42:29, now date: 2026-04-14 10:50:29
DEBUG - 2026-04-14 10:50:29 --> Teacher construct - Subscription still valid: subscription_end (2026-05-13 14:42:29) >= now (2026-04-14 10:50:29)
DEBUG - 2026-04-14 10:50:29 --> Teacher construct - Access allowed for method 'GET' (no blocking conditions)
DEBUG - 2026-04-14 10:50:30 --> Total exams not yet taken calculated for school_id 93: 0
INFO - 2026-04-14 10:50:57 --> CSRF token verified.
DEBUG - 2026-04-14 10:50:57 --> Session: Class initialized using 'CodeIgniter\Session\Handlers\FileHandler' driver.
INFO - 2026-04-14 10:50:58 --> Successful login - Email: olaola55@gmail.com, IP: ::1, Role: teacher
DEBUG - 2026-04-14 10:50:59 --> Session: Class initialized using 'CodeIgniter\Session\Handlers\FileHandler' driver.
DEBUG - 2026-04-14 10:50:59 --> Teacher construct - is_teacher: true, school_id: 93, method: GET
DEBUG - 2026-04-14 10:50:59 --> Teacher construct - school_id: 93, is_paid: 1, subscription_end: 1778679749, now: 1776160259
DEBUG - 2026-04-14 10:50:59 --> Teacher construct - subscription_end date: 2026-05-13 14:42:29, now date: 2026-04-14 10:50:59
DEBUG - 2026-04-14 10:50:59 --> Teacher construct - Subscription still valid: subscription_end (2026-05-13 14:42:29) >= now (2026-04-14 10:50:59)
DEBUG - 2026-04-14 10:50:59 --> Teacher construct - Access allowed for method 'GET' (no blocking conditions)
DEBUG - 2026-04-14 10:51:00 --> Total exams not yet taken calculated for school_id 93: 0
ERROR - 2026-04-14 10:51:00 --> Table 'wayo_db.events' doesn't exist
in SYSTEMPATH\Database\MySQLi\Connection.php on line 300.
 1 SYSTEMPATH\Database\MySQLi\Connection.php(300): mysqli->query('SELECT *
FROM `events`
WHERE `school_id` = \'93\'
AND `date` >= \'2026-04-01\'
AND `date` <= \'2026-04-30\'', 0)
 2 SYSTEMPATH\Database\BaseConnection.php(910): CodeIgniter\Database\MySQLi\Connection->execute('SELECT *
FROM `events`
WHERE `school_id` = \'93\'
AND `date` >= \'2026-04-01\'
AND `date` <= \'2026-04-30\'')
 3 SYSTEMPATH\Database\BaseConnection.php(827): CodeIgniter\Database\BaseConnection->simpleQuery('SELECT *
FROM `events`
WHERE `school_id` = \'93\'
AND `date` >= \'2026-04-01\'
AND `date` <= \'2026-04-30\'')
 4 SYSTEMPATH\Database\BaseBuilder.php(1649): CodeIgniter\Database\BaseConnection->query('SELECT *
FROM `events`
WHERE `school_id` = :school_id:
AND `date` >= :date:
AND `date` <= :date.1:', [...], false)
 5 APPPATH\Models\Crud_model.php(431): CodeIgniter\Database\BaseBuilder->get()
 6 APPPATH\Views\backend\teacher\dashboard\index.php(592): App\Models\Crud_model->get_current_month_events()
 7 APPPATH\Views\backend\index.php(147): include('C:\\xampp\\htdocs\\School-Management-De_migration\\app\\Views\\backend\\teacher\\dashboard\\index.php')
 8 SYSTEMPATH\View\View.php(240): include('C:\\xampp\\htdocs\\School-Management-De_migration\\app\\Views\\backend\\index.php')
 9 SYSTEMPATH\View\View.php(243): CodeIgniter\View\View->CodeIgniter\View\{closure}()
10 APPPATH\View\View.php(357): CodeIgniter\View\View->render('backend/index', [], true)
11 SYSTEMPATH\Common.php(1250): App\View\View->render('backend/index', [], true)
12 APPPATH\Controllers\Teacher.php(164): view('backend/index', [...])
13 APPPATH\Config\Routes.php(341): App\Controllers\Teacher->dashboard()
14 SYSTEMPATH\CodeIgniter.php(872): CodeIgniter\Router\RouteCollection::{closure}()
15 SYSTEMPATH\CodeIgniter.php(480): CodeIgniter\CodeIgniter->startController()
16 SYSTEMPATH\CodeIgniter.php(340): CodeIgniter\CodeIgniter->handleRequest(null, Object(Config\Cache), false)
17 SYSTEMPATH\Boot.php(417): CodeIgniter\CodeIgniter->run()
18 SYSTEMPATH\Boot.php(68): CodeIgniter\Boot::runCodeIgniter(Object(CodeIgniter\CodeIgniter))
19 FCPATH\index.php(75): CodeIgniter\Boot::bootWeb(Object(Config\Paths))
DEBUG - 2026-04-14 10:51:10 --> Session: Class initialized using 'CodeIgniter\Session\Handlers\FileHandler' driver.
DEBUG - 2026-04-14 10:51:10 --> Teacher construct - is_teacher: true, school_id: 93, method: GET
DEBUG - 2026-04-14 10:51:10 --> Teacher construct - school_id: 93, is_paid: 1, subscription_end: 1778679749, now: 1776160270
DEBUG - 2026-04-14 10:51:10 --> Teacher construct - subscription_end date: 2026-05-13 14:42:29, now date: 2026-04-14 10:51:10
DEBUG - 2026-04-14 10:51:10 --> Teacher construct - Subscription still valid: subscription_end (2026-05-13 14:42:29) >= now (2026-04-14 10:51:10)
DEBUG - 2026-04-14 10:51:10 --> Teacher construct - Access allowed for method 'GET' (no blocking conditions)
DEBUG - 2026-04-14 10:51:11 --> Total exams not yet taken calculated for school_id 93: 0
DEBUG - 2026-04-14 10:52:39 --> Session: Class initialized using 'CodeIgniter\Session\Handlers\FileHandler' driver.
DEBUG - 2026-04-14 10:52:39 --> Teacher construct - is_teacher: true, school_id: 93, method: GET
DEBUG - 2026-04-14 10:52:39 --> Teacher construct - school_id: 93, is_paid: 1, subscription_end: 1778679749, now: 1776160359
DEBUG - 2026-04-14 10:52:39 --> Teacher construct - subscription_end date: 2026-05-13 14:42:29, now date: 2026-04-14 10:52:39
DEBUG - 2026-04-14 10:52:39 --> Teacher construct - Subscription still valid: subscription_end (2026-05-13 14:42:29) >= now (2026-04-14 10:52:39)
DEBUG - 2026-04-14 10:52:39 --> Teacher construct - Access allowed for method 'GET' (no blocking conditions)
DEBUG - 2026-04-14 10:52:39 --> Total exams not yet taken calculated for school_id 93: 0
INFO - 2026-04-14 10:52:44 --> CSRF token verified.
DEBUG - 2026-04-14 10:52:44 --> Session: Class initialized using 'CodeIgniter\Session\Handlers\FileHandler' driver.
DEBUG - 2026-04-14 10:52:44 --> Teacher construct - is_teacher: true, school_id: 93, method: POST
DEBUG - 2026-04-14 10:52:44 --> Teacher construct - school_id: 93, is_paid: 1, subscription_end: 1778679749, now: 1776160364
DEBUG - 2026-04-14 10:52:44 --> Teacher construct - subscription_end date: 2026-05-13 14:42:29, now date: 2026-04-14 10:52:44
DEBUG - 2026-04-14 10:52:44 --> Teacher construct - Subscription still valid: subscription_end (2026-05-13 14:42:29) >= now (2026-04-14 10:52:44)
DEBUG - 2026-04-14 10:52:44 --> Teacher construct - Access allowed for method 'POST' (no blocking conditions)
DEBUG - 2026-04-14 10:52:54 --> Session: Class initialized using 'CodeIgniter\Session\Handlers\FileHandler' driver.
DEBUG - 2026-04-14 10:52:54 --> Teacher construct - is_teacher: true, school_id: 93, method: GET
DEBUG - 2026-04-14 10:52:54 --> Teacher construct - school_id: 93, is_paid: 1, subscription_end: 1778679749, now: 1776160374
DEBUG - 2026-04-14 10:52:54 --> Teacher construct - subscription_end date: 2026-05-13 14:42:29, now date: 2026-04-14 10:52:54
DEBUG - 2026-04-14 10:52:54 --> Teacher construct - Subscription still valid: subscription_end (2026-05-13 14:42:29) >= now (2026-04-14 10:52:54)
DEBUG - 2026-04-14 10:52:54 --> Teacher construct - Access allowed for method 'GET' (no blocking conditions)
DEBUG - 2026-04-14 10:52:54 --> Total exams not yet taken calculated for school_id 93: 0
INFO - 2026-04-14 10:52:58 --> CSRF token verified.
DEBUG - 2026-04-14 10:52:58 --> Session: Class initialized using 'CodeIgniter\Session\Handlers\FileHandler' driver.
DEBUG - 2026-04-14 10:52:58 --> Teacher construct - is_teacher: true, school_id: 93, method: POST
DEBUG - 2026-04-14 10:52:58 --> Teacher construct - school_id: 93, is_paid: 1, subscription_end: 1778679749, now: 1776160378
DEBUG - 2026-04-14 10:52:58 --> Teacher construct - subscription_end date: 2026-05-13 14:42:29, now date: 2026-04-14 10:52:58
DEBUG - 2026-04-14 10:52:58 --> Teacher construct - Subscription still valid: subscription_end (2026-05-13 14:42:29) >= now (2026-04-14 10:52:58)
DEBUG - 2026-04-14 10:52:58 --> Teacher construct - Access allowed for method 'POST' (no blocking conditions)
CRITICAL - 2026-04-14 10:53:01 --> CodeIgniter\Security\Exceptions\SecurityException: The action you requested is not allowed.
[Method: POST, Route: app/mentor/student/status/186/397/1]
in SYSTEMPATH\Security\Security.php on line 258.
 1 SYSTEMPATH\Security\Security.php(258): CodeIgniter\Security\Exceptions\SecurityException::forDisallowedAction()
 2 SYSTEMPATH\Filters\CSRF.php(52): CodeIgniter\Security\Security->verify(Object(CodeIgniter\HTTP\IncomingRequest))
 3 SYSTEMPATH\Filters\Filters.php(241): CodeIgniter\Filters\CSRF->before(Object(CodeIgniter\HTTP\IncomingRequest), null)
 4 SYSTEMPATH\Filters\Filters.php(221): CodeIgniter\Filters\Filters->runBefore([...])
 5 SYSTEMPATH\CodeIgniter.php(465): CodeIgniter\Filters\Filters->run('app/mentor/student/status/186/397/1', 'before')
 6 SYSTEMPATH\CodeIgniter.php(340): CodeIgniter\CodeIgniter->handleRequest(null, Object(Config\Cache), false)
 7 SYSTEMPATH\Boot.php(417): CodeIgniter\CodeIgniter->run()
 8 SYSTEMPATH\Boot.php(68): CodeIgniter\Boot::runCodeIgniter(Object(CodeIgniter\CodeIgniter))
 9 FCPATH\index.php(75): CodeIgniter\Boot::bootWeb(Object(Config\Paths))
CRITICAL - 2026-04-14 10:53:24 --> CodeIgniter\Security\Exceptions\SecurityException: The action you requested is not allowed.
[Method: POST, Route: app/mentor/student/status/186/397/1]
in SYSTEMPATH\Security\Security.php on line 258.
 1 SYSTEMPATH\Security\Security.php(258): CodeIgniter\Security\Exceptions\SecurityException::forDisallowedAction()
 2 SYSTEMPATH\Filters\CSRF.php(52): CodeIgniter\Security\Security->verify(Object(CodeIgniter\HTTP\IncomingRequest))
 3 SYSTEMPATH\Filters\Filters.php(241): CodeIgniter\Filters\CSRF->before(Object(CodeIgniter\HTTP\IncomingRequest), null)
 4 SYSTEMPATH\Filters\Filters.php(221): CodeIgniter\Filters\Filters->runBefore([...])
 5 SYSTEMPATH\CodeIgniter.php(465): CodeIgniter\Filters\Filters->run('app/mentor/student/status/186/397/1', 'before')
 6 SYSTEMPATH\CodeIgniter.php(340): CodeIgniter\CodeIgniter->handleRequest(null, Object(Config\Cache), false)
 7 SYSTEMPATH\Boot.php(417): CodeIgniter\CodeIgniter->run()
 8 SYSTEMPATH\Boot.php(68): CodeIgniter\Boot::runCodeIgniter(Object(CodeIgniter\CodeIgniter))
 9 FCPATH\index.php(75): CodeIgniter\Boot::bootWeb(Object(Config\Paths))
DEBUG - 2026-04-14 10:55:28 --> Session: Class initialized using 'CodeIgniter\Session\Handlers\FileHandler' driver.
DEBUG - 2026-04-14 10:55:28 --> Teacher construct - is_teacher: true, school_id: 93, method: GET
DEBUG - 2026-04-14 10:55:28 --> Teacher construct - school_id: 93, is_paid: 1, subscription_end: 1778679749, now: 1776160528
DEBUG - 2026-04-14 10:55:28 --> Teacher construct - subscription_end date: 2026-05-13 14:42:29, now date: 2026-04-14 10:55:28
DEBUG - 2026-04-14 10:55:28 --> Teacher construct - Subscription still valid: subscription_end (2026-05-13 14:42:29) >= now (2026-04-14 10:55:28)
DEBUG - 2026-04-14 10:55:28 --> Teacher construct - Access allowed for method 'GET' (no blocking conditions)
DEBUG - 2026-04-14 10:55:28 --> Total exams not yet taken calculated for school_id 93: 0
INFO - 2026-04-14 10:55:35 --> CSRF token verified.
DEBUG - 2026-04-14 10:55:35 --> Session: Class initialized using 'CodeIgniter\Session\Handlers\FileHandler' driver.
DEBUG - 2026-04-14 10:55:36 --> Teacher construct - is_teacher: true, school_id: 93, method: POST
DEBUG - 2026-04-14 10:55:36 --> Teacher construct - school_id: 93, is_paid: 1, subscription_end: 1778679749, now: 1776160536
DEBUG - 2026-04-14 10:55:36 --> Teacher construct - subscription_end date: 2026-05-13 14:42:29, now date: 2026-04-14 10:55:36
DEBUG - 2026-04-14 10:55:36 --> Teacher construct - Subscription still valid: subscription_end (2026-05-13 14:42:29) >= now (2026-04-14 10:55:36)
DEBUG - 2026-04-14 10:55:36 --> Teacher construct - Access allowed for method 'POST' (no blocking conditions)
DEBUG - 2026-04-14 11:02:13 --> Session: Class initialized using 'CodeIgniter\Session\Handlers\FileHandler' driver.
DEBUG - 2026-04-14 11:02:13 --> Teacher construct - is_teacher: true, school_id: 93, method: GET
DEBUG - 2026-04-14 11:02:13 --> Teacher construct - school_id: 93, is_paid: 1, subscription_end: 1778679749, now: 1776160933
DEBUG - 2026-04-14 11:02:13 --> Teacher construct - subscription_end date: 2026-05-13 14:42:29, now date: 2026-04-14 11:02:13
DEBUG - 2026-04-14 11:02:13 --> Teacher construct - Subscription still valid: subscription_end (2026-05-13 14:42:29) >= now (2026-04-14 11:02:13)
DEBUG - 2026-04-14 11:02:13 --> Teacher construct - Access allowed for method 'GET' (no blocking conditions)
DEBUG - 2026-04-14 11:02:13 --> Total exams not yet taken calculated for school_id 93: 0
INFO - 2026-04-14 11:02:19 --> CSRF token verified.
DEBUG - 2026-04-14 11:02:19 --> Session: Class initialized using 'CodeIgniter\Session\Handlers\FileHandler' driver.
DEBUG - 2026-04-14 11:02:19 --> Teacher construct - is_teacher: true, school_id: 93, method: POST
DEBUG - 2026-04-14 11:02:19 --> Teacher construct - school_id: 93, is_paid: 1, subscription_end: 1778679749, now: 1776160939
DEBUG - 2026-04-14 11:02:19 --> Teacher construct - subscription_end date: 2026-05-13 14:42:29, now date: 2026-04-14 11:02:19
DEBUG - 2026-04-14 11:02:19 --> Teacher construct - Subscription still valid: subscription_end (2026-05-13 14:42:29) >= now (2026-04-14 11:02:19)
DEBUG - 2026-04-14 11:02:19 --> Teacher construct - Access allowed for method 'POST' (no blocking conditions)
DEBUG - 2026-04-14 11:02:39 --> Session: Class initialized using 'CodeIgniter\Session\Handlers\FileHandler' driver.
DEBUG - 2026-04-14 11:02:39 --> Teacher construct - is_teacher: true, school_id: 93, method: GET
DEBUG - 2026-04-14 11:02:39 --> Teacher construct - school_id: 93, is_paid: 1, subscription_end: 1778679749, now: 1776160959
DEBUG - 2026-04-14 11:02:39 --> Teacher construct - subscription_end date: 2026-05-13 14:42:29, now date: 2026-04-14 11:02:39
DEBUG - 2026-04-14 11:02:39 --> Teacher construct - Subscription still valid: subscription_end (2026-05-13 14:42:29) >= now (2026-04-14 11:02:39)
DEBUG - 2026-04-14 11:02:39 --> Teacher construct - Access allowed for method 'GET' (no blocking conditions)
DEBUG - 2026-04-14 11:02:39 --> Total exams not yet taken calculated for school_id 93: 0
INFO - 2026-04-14 11:02:47 --> CSRF token verified.
DEBUG - 2026-04-14 11:02:47 --> Session: Class initialized using 'CodeIgniter\Session\Handlers\FileHandler' driver.
DEBUG - 2026-04-14 11:02:47 --> Teacher construct - is_teacher: true, school_id: 93, method: POST
DEBUG - 2026-04-14 11:02:47 --> Teacher construct - school_id: 93, is_paid: 1, subscription_end: 1778679749, now: 1776160967
DEBUG - 2026-04-14 11:02:47 --> Teacher construct - subscription_end date: 2026-05-13 14:42:29, now date: 2026-04-14 11:02:47
DEBUG - 2026-04-14 11:02:47 --> Teacher construct - Subscription still valid: subscription_end (2026-05-13 14:42:29) >= now (2026-04-14 11:02:47)
DEBUG - 2026-04-14 11:02:47 --> Teacher construct - Access allowed for method 'POST' (no blocking conditions)
CRITICAL - 2026-04-14 11:07:50 --> CodeIgniter\Security\Exceptions\SecurityException: The action you requested is not allowed.
[Method: POST, Route: app/mentor/student/status/187/399/0]
in SYSTEMPATH\Security\Security.php on line 258.
 1 SYSTEMPATH\Security\Security.php(258): CodeIgniter\Security\Exceptions\SecurityException::forDisallowedAction()
 2 SYSTEMPATH\Filters\CSRF.php(52): CodeIgniter\Security\Security->verify(Object(CodeIgniter\HTTP\IncomingRequest))
 3 SYSTEMPATH\Filters\Filters.php(241): CodeIgniter\Filters\CSRF->before(Object(CodeIgniter\HTTP\IncomingRequest), null)
 4 SYSTEMPATH\Filters\Filters.php(221): CodeIgniter\Filters\Filters->runBefore([...])
 5 SYSTEMPATH\CodeIgniter.php(465): CodeIgniter\Filters\Filters->run('app/mentor/student/status/187/399/0', 'before')
 6 SYSTEMPATH\CodeIgniter.php(340): CodeIgniter\CodeIgniter->handleRequest(null, Object(Config\Cache), false)
 7 SYSTEMPATH\Boot.php(417): CodeIgniter\CodeIgniter->run()
 8 SYSTEMPATH\Boot.php(68): CodeIgniter\Boot::runCodeIgniter(Object(CodeIgniter\CodeIgniter))
 9 FCPATH\index.php(75): CodeIgniter\Boot::bootWeb(Object(Config\Paths))
CRITICAL - 2026-04-14 11:07:56 --> CodeIgniter\Security\Exceptions\SecurityException: The action you requested is not allowed.
[Method: POST, Route: app/mentor/student/status/186/397/1]
in SYSTEMPATH\Security\Security.php on line 258.
 1 SYSTEMPATH\Security\Security.php(258): CodeIgniter\Security\Exceptions\SecurityException::forDisallowedAction()
 2 SYSTEMPATH\Filters\CSRF.php(52): CodeIgniter\Security\Security->verify(Object(CodeIgniter\HTTP\IncomingRequest))
 3 SYSTEMPATH\Filters\Filters.php(241): CodeIgniter\Filters\CSRF->before(Object(CodeIgniter\HTTP\IncomingRequest), null)
 4 SYSTEMPATH\Filters\Filters.php(221): CodeIgniter\Filters\Filters->runBefore([...])
 5 SYSTEMPATH\CodeIgniter.php(465): CodeIgniter\Filters\Filters->run('app/mentor/student/status/186/397/1', 'before')
 6 SYSTEMPATH\CodeIgniter.php(340): CodeIgniter\CodeIgniter->handleRequest(null, Object(Config\Cache), false)
 7 SYSTEMPATH\Boot.php(417): CodeIgniter\CodeIgniter->run()
 8 SYSTEMPATH\Boot.php(68): CodeIgniter\Boot::runCodeIgniter(Object(CodeIgniter\CodeIgniter))
 9 FCPATH\index.php(75): CodeIgniter\Boot::bootWeb(Object(Config\Paths))
CRITICAL - 2026-04-14 11:09:47 --> CodeIgniter\Security\Exceptions\SecurityException: The action you requested is not allowed.
[Method: POST, Route: app/mentor/student/status/186/397/1]
in SYSTEMPATH\Security\Security.php on line 258.
 1 SYSTEMPATH\Security\Security.php(258): CodeIgniter\Security\Exceptions\SecurityException::forDisallowedAction()
 2 SYSTEMPATH\Filters\CSRF.php(52): CodeIgniter\Security\Security->verify(Object(CodeIgniter\HTTP\IncomingRequest))
 3 SYSTEMPATH\Filters\Filters.php(241): CodeIgniter\Filters\CSRF->before(Object(CodeIgniter\HTTP\IncomingRequest), null)
 4 SYSTEMPATH\Filters\Filters.php(221): CodeIgniter\Filters\Filters->runBefore([...])
 5 SYSTEMPATH\CodeIgniter.php(465): CodeIgniter\Filters\Filters->run('app/mentor/student/status/186/397/1', 'before')
 6 SYSTEMPATH\CodeIgniter.php(340): CodeIgniter\CodeIgniter->handleRequest(null, Object(Config\Cache), false)
 7 SYSTEMPATH\Boot.php(417): CodeIgniter\CodeIgniter->run()
 8 SYSTEMPATH\Boot.php(68): CodeIgniter\Boot::runCodeIgniter(Object(CodeIgniter\CodeIgniter))
 9 FCPATH\index.php(75): CodeIgniter\Boot::bootWeb(Object(Config\Paths))
DEBUG - 2026-04-14 11:09:51 --> Session: Class initialized using 'CodeIgniter\Session\Handlers\FileHandler' driver.
DEBUG - 2026-04-14 11:09:51 --> Teacher construct - is_teacher: true, school_id: 93, method: GET
DEBUG - 2026-04-14 11:09:51 --> Teacher construct - school_id: 93, is_paid: 1, subscription_end: 1778679749, now: 1776161391
DEBUG - 2026-04-14 11:09:51 --> Teacher construct - subscription_end date: 2026-05-13 14:42:29, now date: 2026-04-14 11:09:51
DEBUG - 2026-04-14 11:09:51 --> Teacher construct - Subscription still valid: subscription_end (2026-05-13 14:42:29) >= now (2026-04-14 11:09:51)
DEBUG - 2026-04-14 11:09:51 --> Teacher construct - Access allowed for method 'GET' (no blocking conditions)
DEBUG - 2026-04-14 11:09:51 --> Total exams not yet taken calculated for school_id 93: 0
INFO - 2026-04-14 11:09:56 --> CSRF token verified.
DEBUG - 2026-04-14 11:09:56 --> Session: Class initialized using 'CodeIgniter\Session\Handlers\FileHandler' driver.
DEBUG - 2026-04-14 11:09:56 --> Teacher construct - is_teacher: true, school_id: 93, method: POST
DEBUG - 2026-04-14 11:09:56 --> Teacher construct - school_id: 93, is_paid: 1, subscription_end: 1778679749, now: 1776161396
DEBUG - 2026-04-14 11:09:56 --> Teacher construct - subscription_end date: 2026-05-13 14:42:29, now date: 2026-04-14 11:09:56
DEBUG - 2026-04-14 11:09:56 --> Teacher construct - Subscription still valid: subscription_end (2026-05-13 14:42:29) >= now (2026-04-14 11:09:56)
DEBUG - 2026-04-14 11:09:56 --> Teacher construct - Access allowed for method 'POST' (no blocking conditions)
DEBUG - 2026-04-14 11:09:56 --> Session: Class initialized using 'CodeIgniter\Session\Handlers\FileHandler' driver.
DEBUG - 2026-04-14 11:09:56 --> Teacher construct - is_teacher: true, school_id: 93, method: GET
DEBUG - 2026-04-14 11:09:56 --> Teacher construct - school_id: 93, is_paid: 1, subscription_end: 1778679749, now: 1776161396
DEBUG - 2026-04-14 11:09:56 --> Teacher construct - subscription_end date: 2026-05-13 14:42:29, now date: 2026-04-14 11:09:56
DEBUG - 2026-04-14 11:09:56 --> Teacher construct - Subscription still valid: subscription_end (2026-05-13 14:42:29) >= now (2026-04-14 11:09:56)
DEBUG - 2026-04-14 11:09:56 --> Teacher construct - Access allowed for method 'GET' (no blocking conditions)
CRITICAL - 2026-04-14 11:10:04 --> CodeIgniter\Security\Exceptions\SecurityException: The action you requested is not allowed.
[Method: POST, Route: app/mentor/student/status/186/397/1]
in SYSTEMPATH\Security\Security.php on line 258.
 1 SYSTEMPATH\Security\Security.php(258): CodeIgniter\Security\Exceptions\SecurityException::forDisallowedAction()
 2 SYSTEMPATH\Filters\CSRF.php(52): CodeIgniter\Security\Security->verify(Object(CodeIgniter\HTTP\IncomingRequest))
 3 SYSTEMPATH\Filters\Filters.php(241): CodeIgniter\Filters\CSRF->before(Object(CodeIgniter\HTTP\IncomingRequest), null)
 4 SYSTEMPATH\Filters\Filters.php(221): CodeIgniter\Filters\Filters->runBefore([...])
 5 SYSTEMPATH\CodeIgniter.php(465): CodeIgniter\Filters\Filters->run('app/mentor/student/status/186/397/1', 'before')
 6 SYSTEMPATH\CodeIgniter.php(340): CodeIgniter\CodeIgniter->handleRequest(null, Object(Config\Cache), false)
 7 SYSTEMPATH\Boot.php(417): CodeIgniter\CodeIgniter->run()
 8 SYSTEMPATH\Boot.php(68): CodeIgniter\Boot::runCodeIgniter(Object(CodeIgniter\CodeIgniter))
 9 FCPATH\index.php(75): CodeIgniter\Boot::bootWeb(Object(Config\Paths))
DEBUG - 2026-04-14 11:10:09 --> Session: Class initialized using 'CodeIgniter\Session\Handlers\FileHandler' driver.
DEBUG - 2026-04-14 11:10:09 --> Teacher construct - is_teacher: true, school_id: 93, method: GET
DEBUG - 2026-04-14 11:10:09 --> Teacher construct - school_id: 93, is_paid: 1, subscription_end: 1778679749, now: 1776161409
DEBUG - 2026-04-14 11:10:09 --> Teacher construct - subscription_end date: 2026-05-13 14:42:29, now date: 2026-04-14 11:10:09
DEBUG - 2026-04-14 11:10:09 --> Teacher construct - Subscription still valid: subscription_end (2026-05-13 14:42:29) >= now (2026-04-14 11:10:09)
DEBUG - 2026-04-14 11:10:09 --> Teacher construct - Access allowed for method 'GET' (no blocking conditions)
DEBUG - 2026-04-14 11:10:09 --> Total exams not yet taken calculated for school_id 93: 0
INFO - 2026-04-14 11:10:13 --> CSRF token verified.
DEBUG - 2026-04-14 11:10:13 --> Session: Class initialized using 'CodeIgniter\Session\Handlers\FileHandler' driver.
DEBUG - 2026-04-14 11:10:13 --> Teacher construct - is_teacher: true, school_id: 93, method: POST
DEBUG - 2026-04-14 11:10:13 --> Teacher construct - school_id: 93, is_paid: 1, subscription_end: 1778679749, now: 1776161413
DEBUG - 2026-04-14 11:10:13 --> Teacher construct - subscription_end date: 2026-05-13 14:42:29, now date: 2026-04-14 11:10:13
DEBUG - 2026-04-14 11:10:13 --> Teacher construct - Subscription still valid: subscription_end (2026-05-13 14:42:29) >= now (2026-04-14 11:10:13)
DEBUG - 2026-04-14 11:10:13 --> Teacher construct - Access allowed for method 'POST' (no blocking conditions)
DEBUG - 2026-04-14 11:10:14 --> Session: Class initialized using 'CodeIgniter\Session\Handlers\FileHandler' driver.
DEBUG - 2026-04-14 11:10:14 --> Teacher construct - is_teacher: true, school_id: 93, method: GET
DEBUG - 2026-04-14 11:10:14 --> Teacher construct - school_id: 93, is_paid: 1, subscription_end: 1778679749, now: 1776161414
DEBUG - 2026-04-14 11:10:14 --> Teacher construct - subscription_end date: 2026-05-13 14:42:29, now date: 2026-04-14 11:10:14
DEBUG - 2026-04-14 11:10:14 --> Teacher construct - Subscription still valid: subscription_end (2026-05-13 14:42:29) >= now (2026-04-14 11:10:14)
DEBUG - 2026-04-14 11:10:14 --> Teacher construct - Access allowed for method 'GET' (no blocking conditions)
DEBUG - 2026-04-14 11:18:35 --> Session: Class initialized using 'CodeIgniter\Session\Handlers\FileHandler' driver.
DEBUG - 2026-04-14 11:18:35 --> Teacher construct - is_teacher: true, school_id: 93, method: GET
DEBUG - 2026-04-14 11:18:35 --> Teacher construct - school_id: 93, is_paid: 1, subscription_end: 1778679749, now: 1776161915
DEBUG - 2026-04-14 11:18:35 --> Teacher construct - subscription_end date: 2026-05-13 14:42:29, now date: 2026-04-14 11:18:35
DEBUG - 2026-04-14 11:18:35 --> Teacher construct - Subscription still valid: subscription_end (2026-05-13 14:42:29) >= now (2026-04-14 11:18:35)
DEBUG - 2026-04-14 11:18:35 --> Teacher construct - Access allowed for method 'GET' (no blocking conditions)
DEBUG - 2026-04-14 11:18:35 --> Total exams not yet taken calculated for school_id 93: 0
INFO - 2026-04-14 11:18:39 --> CSRF token verified.
DEBUG - 2026-04-14 11:18:39 --> Session: Class initialized using 'CodeIgniter\Session\Handlers\FileHandler' driver.
DEBUG - 2026-04-14 11:18:39 --> Teacher construct - is_teacher: true, school_id: 93, method: POST
DEBUG - 2026-04-14 11:18:39 --> Teacher construct - school_id: 93, is_paid: 1, subscription_end: 1778679749, now: 1776161919
DEBUG - 2026-04-14 11:18:39 --> Teacher construct - subscription_end date: 2026-05-13 14:42:29, now date: 2026-04-14 11:18:39
DEBUG - 2026-04-14 11:18:39 --> Teacher construct - Subscription still valid: subscription_end (2026-05-13 14:42:29) >= now (2026-04-14 11:18:39)
DEBUG - 2026-04-14 11:18:39 --> Teacher construct - Access allowed for method 'POST' (no blocking conditions)
CRITICAL - 2026-04-14 11:18:40 --> CodeIgniter\Security\Exceptions\SecurityException: The action you requested is not allowed.
[Method: POST, Route: app/mentor/student/filter/]
in SYSTEMPATH\Security\Security.php on line 258.
 1 SYSTEMPATH\Security\Security.php(258): CodeIgniter\Security\Exceptions\SecurityException::forDisallowedAction()
 2 SYSTEMPATH\Filters\CSRF.php(52): CodeIgniter\Security\Security->verify(Object(CodeIgniter\HTTP\IncomingRequest))
 3 SYSTEMPATH\Filters\Filters.php(241): CodeIgniter\Filters\CSRF->before(Object(CodeIgniter\HTTP\IncomingRequest), null)
 4 SYSTEMPATH\Filters\Filters.php(221): CodeIgniter\Filters\Filters->runBefore([...])
 5 SYSTEMPATH\CodeIgniter.php(465): CodeIgniter\Filters\Filters->run('app/mentor/student/filter/', 'before')
 6 SYSTEMPATH\CodeIgniter.php(340): CodeIgniter\CodeIgniter->handleRequest(null, Object(Config\Cache), false)
 7 SYSTEMPATH\Boot.php(417): CodeIgniter\CodeIgniter->run()
 8 SYSTEMPATH\Boot.php(68): CodeIgniter\Boot::runCodeIgniter(Object(CodeIgniter\CodeIgniter))
 9 FCPATH\index.php(75): CodeIgniter\Boot::bootWeb(Object(Config\Paths))
DEBUG - 2026-04-14 11:18:56 --> Session: Class initialized using 'CodeIgniter\Session\Handlers\FileHandler' driver.
DEBUG - 2026-04-14 11:18:56 --> Teacher construct - is_teacher: true, school_id: 93, method: GET
DEBUG - 2026-04-14 11:18:56 --> Teacher construct - school_id: 93, is_paid: 1, subscription_end: 1778679749, now: 1776161936
DEBUG - 2026-04-14 11:18:56 --> Teacher construct - subscription_end date: 2026-05-13 14:42:29, now date: 2026-04-14 11:18:56
DEBUG - 2026-04-14 11:18:56 --> Teacher construct - Subscription still valid: subscription_end (2026-05-13 14:42:29) >= now (2026-04-14 11:18:56)
DEBUG - 2026-04-14 11:18:56 --> Teacher construct - Access allowed for method 'GET' (no blocking conditions)
DEBUG - 2026-04-14 11:18:56 --> Total exams not yet taken calculated for school_id 93: 0
INFO - 2026-04-14 11:19:00 --> CSRF token verified.
DEBUG - 2026-04-14 11:19:00 --> Session: Class initialized using 'CodeIgniter\Session\Handlers\FileHandler' driver.
DEBUG - 2026-04-14 11:19:00 --> Teacher construct - is_teacher: true, school_id: 93, method: POST
DEBUG - 2026-04-14 11:19:00 --> Teacher construct - school_id: 93, is_paid: 1, subscription_end: 1778679749, now: 1776161940
DEBUG - 2026-04-14 11:19:00 --> Teacher construct - subscription_end date: 2026-05-13 14:42:29, now date: 2026-04-14 11:19:00
DEBUG - 2026-04-14 11:19:00 --> Teacher construct - Subscription still valid: subscription_end (2026-05-13 14:42:29) >= now (2026-04-14 11:19:00)
DEBUG - 2026-04-14 11:19:00 --> Teacher construct - Access allowed for method 'POST' (no blocking conditions)
CRITICAL - 2026-04-14 11:19:01 --> CodeIgniter\Security\Exceptions\SecurityException: The action you requested is not allowed.
[Method: POST, Route: app/mentor/student/filter/]
in SYSTEMPATH\Security\Security.php on line 258.
 1 SYSTEMPATH\Security\Security.php(258): CodeIgniter\Security\Exceptions\SecurityException::forDisallowedAction()
 2 SYSTEMPATH\Filters\CSRF.php(52): CodeIgniter\Security\Security->verify(Object(CodeIgniter\HTTP\IncomingRequest))
 3 SYSTEMPATH\Filters\Filters.php(241): CodeIgniter\Filters\CSRF->before(Object(CodeIgniter\HTTP\IncomingRequest), null)
 4 SYSTEMPATH\Filters\Filters.php(221): CodeIgniter\Filters\Filters->runBefore([...])
 5 SYSTEMPATH\CodeIgniter.php(465): CodeIgniter\Filters\Filters->run('app/mentor/student/filter/', 'before')
 6 SYSTEMPATH\CodeIgniter.php(340): CodeIgniter\CodeIgniter->handleRequest(null, Object(Config\Cache), false)
 7 SYSTEMPATH\Boot.php(417): CodeIgniter\CodeIgniter->run()
 8 SYSTEMPATH\Boot.php(68): CodeIgniter\Boot::runCodeIgniter(Object(CodeIgniter\CodeIgniter))
 9 FCPATH\index.php(75): CodeIgniter\Boot::bootWeb(Object(Config\Paths))
DEBUG - 2026-04-14 11:28:34 --> Session: Class initialized using 'CodeIgniter\Session\Handlers\FileHandler' driver.
DEBUG - 2026-04-14 11:28:34 --> Teacher construct - is_teacher: true, school_id: 93, method: GET
DEBUG - 2026-04-14 11:28:34 --> Teacher construct - school_id: 93, is_paid: 1, subscription_end: 1778679749, now: 1776162514
DEBUG - 2026-04-14 11:28:34 --> Teacher construct - subscription_end date: 2026-05-13 14:42:29, now date: 2026-04-14 11:28:34
DEBUG - 2026-04-14 11:28:34 --> Teacher construct - Subscription still valid: subscription_end (2026-05-13 14:42:29) >= now (2026-04-14 11:28:34)
DEBUG - 2026-04-14 11:28:34 --> Teacher construct - Access allowed for method 'GET' (no blocking conditions)
DEBUG - 2026-04-14 11:28:34 --> Total exams not yet taken calculated for school_id 93: 0
INFO - 2026-04-14 11:28:37 --> CSRF token verified.
DEBUG - 2026-04-14 11:28:37 --> Session: Class initialized using 'CodeIgniter\Session\Handlers\FileHandler' driver.
DEBUG - 2026-04-14 11:28:37 --> Teacher construct - is_teacher: true, school_id: 93, method: POST
DEBUG - 2026-04-14 11:28:37 --> Teacher construct - school_id: 93, is_paid: 1, subscription_end: 1778679749, now: 1776162517
DEBUG - 2026-04-14 11:28:37 --> Teacher construct - subscription_end date: 2026-05-13 14:42:29, now date: 2026-04-14 11:28:37
DEBUG - 2026-04-14 11:28:37 --> Teacher construct - Subscription still valid: subscription_end (2026-05-13 14:42:29) >= now (2026-04-14 11:28:37)
DEBUG - 2026-04-14 11:28:37 --> Teacher construct - Access allowed for method 'POST' (no blocking conditions)
CRITICAL - 2026-04-14 11:28:38 --> CodeIgniter\Security\Exceptions\SecurityException: The action you requested is not allowed.
[Method: POST, Route: app/mentor/student/filter/]
in SYSTEMPATH\Security\Security.php on line 258.
 1 SYSTEMPATH\Security\Security.php(258): CodeIgniter\Security\Exceptions\SecurityException::forDisallowedAction()
 2 SYSTEMPATH\Filters\CSRF.php(52): CodeIgniter\Security\Security->verify(Object(CodeIgniter\HTTP\IncomingRequest))
 3 SYSTEMPATH\Filters\Filters.php(241): CodeIgniter\Filters\CSRF->before(Object(CodeIgniter\HTTP\IncomingRequest), null)
 4 SYSTEMPATH\Filters\Filters.php(221): CodeIgniter\Filters\Filters->runBefore([...])
 5 SYSTEMPATH\CodeIgniter.php(465): CodeIgniter\Filters\Filters->run('app/mentor/student/filter/', 'before')
 6 SYSTEMPATH\CodeIgniter.php(340): CodeIgniter\CodeIgniter->handleRequest(null, Object(Config\Cache), false)
 7 SYSTEMPATH\Boot.php(417): CodeIgniter\CodeIgniter->run()
 8 SYSTEMPATH\Boot.php(68): CodeIgniter\Boot::runCodeIgniter(Object(CodeIgniter\CodeIgniter))
 9 FCPATH\index.php(75): CodeIgniter\Boot::bootWeb(Object(Config\Paths))
DEBUG - 2026-04-14 11:34:21 --> Session: Class initialized using 'CodeIgniter\Session\Handlers\FileHandler' driver.
DEBUG - 2026-04-14 11:34:21 --> Teacher construct - is_teacher: true, school_id: 93, method: GET
DEBUG - 2026-04-14 11:34:21 --> Teacher construct - school_id: 93, is_paid: 1, subscription_end: 1778679749, now: 1776162861
DEBUG - 2026-04-14 11:34:21 --> Teacher construct - subscription_end date: 2026-05-13 14:42:29, now date: 2026-04-14 11:34:21
DEBUG - 2026-04-14 11:34:21 --> Teacher construct - Subscription still valid: subscription_end (2026-05-13 14:42:29) >= now (2026-04-14 11:34:21)
DEBUG - 2026-04-14 11:34:21 --> Teacher construct - Access allowed for method 'GET' (no blocking conditions)
DEBUG - 2026-04-14 11:34:21 --> Total exams not yet taken calculated for school_id 93: 0
INFO - 2026-04-14 11:34:27 --> CSRF token verified.
DEBUG - 2026-04-14 11:34:27 --> Session: Class initialized using 'CodeIgniter\Session\Handlers\FileHandler' driver.
DEBUG - 2026-04-14 11:34:27 --> Teacher construct - is_teacher: true, school_id: 93, method: POST
DEBUG - 2026-04-14 11:34:27 --> Teacher construct - school_id: 93, is_paid: 1, subscription_end: 1778679749, now: 1776162867
DEBUG - 2026-04-14 11:34:27 --> Teacher construct - subscription_end date: 2026-05-13 14:42:29, now date: 2026-04-14 11:34:27
DEBUG - 2026-04-14 11:34:27 --> Teacher construct - Subscription still valid: subscription_end (2026-05-13 14:42:29) >= now (2026-04-14 11:34:27)
DEBUG - 2026-04-14 11:34:27 --> Teacher construct - Access allowed for method 'POST' (no blocking conditions)
CRITICAL - 2026-04-14 11:34:27 --> CodeIgniter\Security\Exceptions\SecurityException: The action you requested is not allowed.
[Method: POST, Route: app/mentor/student/filter/]
in SYSTEMPATH\Security\Security.php on line 258.
 1 SYSTEMPATH\Security\Security.php(258): CodeIgniter\Security\Exceptions\SecurityException::forDisallowedAction()
 2 SYSTEMPATH\Filters\CSRF.php(52): CodeIgniter\Security\Security->verify(Object(CodeIgniter\HTTP\IncomingRequest))
 3 SYSTEMPATH\Filters\Filters.php(241): CodeIgniter\Filters\CSRF->before(Object(CodeIgniter\HTTP\IncomingRequest), null)
 4 SYSTEMPATH\Filters\Filters.php(221): CodeIgniter\Filters\Filters->runBefore([...])
 5 SYSTEMPATH\CodeIgniter.php(465): CodeIgniter\Filters\Filters->run('app/mentor/student/filter/', 'before')
 6 SYSTEMPATH\CodeIgniter.php(340): CodeIgniter\CodeIgniter->handleRequest(null, Object(Config\Cache), false)
 7 SYSTEMPATH\Boot.php(417): CodeIgniter\CodeIgniter->run()
 8 SYSTEMPATH\Boot.php(68): CodeIgniter\Boot::runCodeIgniter(Object(CodeIgniter\CodeIgniter))
 9 FCPATH\index.php(75): CodeIgniter\Boot::bootWeb(Object(Config\Paths))
DEBUG - 2026-04-14 11:36:03 --> Session: Class initialized using 'CodeIgniter\Session\Handlers\FileHandler' driver.
DEBUG - 2026-04-14 11:36:03 --> Teacher construct - is_teacher: true, school_id: 93, method: GET
DEBUG - 2026-04-14 11:36:03 --> Teacher construct - school_id: 93, is_paid: 1, subscription_end: 1778679749, now: 1776162963
DEBUG - 2026-04-14 11:36:03 --> Teacher construct - subscription_end date: 2026-05-13 14:42:29, now date: 2026-04-14 11:36:03
DEBUG - 2026-04-14 11:36:03 --> Teacher construct - Subscription still valid: subscription_end (2026-05-13 14:42:29) >= now (2026-04-14 11:36:03)
DEBUG - 2026-04-14 11:36:03 --> Teacher construct - Access allowed for method 'GET' (no blocking conditions)
DEBUG - 2026-04-14 11:36:04 --> Total exams not yet taken calculated for school_id 93: 0
INFO - 2026-04-14 11:36:08 --> CSRF token verified.
DEBUG - 2026-04-14 11:36:08 --> Session: Class initialized using 'CodeIgniter\Session\Handlers\FileHandler' driver.
DEBUG - 2026-04-14 11:36:08 --> Teacher construct - is_teacher: true, school_id: 93, method: POST
DEBUG - 2026-04-14 11:36:08 --> Teacher construct - school_id: 93, is_paid: 1, subscription_end: 1778679749, now: 1776162968
DEBUG - 2026-04-14 11:36:08 --> Teacher construct - subscription_end date: 2026-05-13 14:42:29, now date: 2026-04-14 11:36:08
DEBUG - 2026-04-14 11:36:08 --> Teacher construct - Subscription still valid: subscription_end (2026-05-13 14:42:29) >= now (2026-04-14 11:36:08)
DEBUG - 2026-04-14 11:36:08 --> Teacher construct - Access allowed for method 'POST' (no blocking conditions)
CRITICAL - 2026-04-14 11:36:09 --> CodeIgniter\Security\Exceptions\SecurityException: The action you requested is not allowed.
[Method: POST, Route: app/mentor/student/filter/]
in SYSTEMPATH\Security\Security.php on line 258.
 1 SYSTEMPATH\Security\Security.php(258): CodeIgniter\Security\Exceptions\SecurityException::forDisallowedAction()
 2 SYSTEMPATH\Filters\CSRF.php(52): CodeIgniter\Security\Security->verify(Object(CodeIgniter\HTTP\IncomingRequest))
 3 SYSTEMPATH\Filters\Filters.php(241): CodeIgniter\Filters\CSRF->before(Object(CodeIgniter\HTTP\IncomingRequest), null)
 4 SYSTEMPATH\Filters\Filters.php(221): CodeIgniter\Filters\Filters->runBefore([...])
 5 SYSTEMPATH\CodeIgniter.php(465): CodeIgniter\Filters\Filters->run('app/mentor/student/filter/', 'before')
 6 SYSTEMPATH\CodeIgniter.php(340): CodeIgniter\CodeIgniter->handleRequest(null, Object(Config\Cache), false)
 7 SYSTEMPATH\Boot.php(417): CodeIgniter\CodeIgniter->run()
 8 SYSTEMPATH\Boot.php(68): CodeIgniter\Boot::runCodeIgniter(Object(CodeIgniter\CodeIgniter))
 9 FCPATH\index.php(75): CodeIgniter\Boot::bootWeb(Object(Config\Paths))
DEBUG - 2026-04-14 11:40:16 --> Session: Class initialized using 'CodeIgniter\Session\Handlers\FileHandler' driver.
DEBUG - 2026-04-14 11:40:16 --> Teacher construct - is_teacher: true, school_id: 93, method: GET
DEBUG - 2026-04-14 11:40:16 --> Teacher construct - school_id: 93, is_paid: 1, subscription_end: 1778679749, now: 1776163216
DEBUG - 2026-04-14 11:40:16 --> Teacher construct - subscription_end date: 2026-05-13 14:42:29, now date: 2026-04-14 11:40:16
DEBUG - 2026-04-14 11:40:16 --> Teacher construct - Subscription still valid: subscription_end (2026-05-13 14:42:29) >= now (2026-04-14 11:40:16)
DEBUG - 2026-04-14 11:40:16 --> Teacher construct - Access allowed for method 'GET' (no blocking conditions)
DEBUG - 2026-04-14 11:40:16 --> Total exams not yet taken calculated for school_id 93: 0
DEBUG - 2026-04-14 11:49:01 --> Session: Class initialized using 'CodeIgniter\Session\Handlers\FileHandler' driver.
DEBUG - 2026-04-14 11:49:01 --> Teacher construct - is_teacher: true, school_id: 93, method: GET
DEBUG - 2026-04-14 11:49:01 --> Teacher construct - school_id: 93, is_paid: 1, subscription_end: 1778679749, now: 1776163741
DEBUG - 2026-04-14 11:49:01 --> Teacher construct - subscription_end date: 2026-05-13 14:42:29, now date: 2026-04-14 11:49:01
DEBUG - 2026-04-14 11:49:01 --> Teacher construct - Subscription still valid: subscription_end (2026-05-13 14:42:29) >= now (2026-04-14 11:49:01)
DEBUG - 2026-04-14 11:49:01 --> Teacher construct - Access allowed for method 'GET' (no blocking conditions)
DEBUG - 2026-04-14 11:49:01 --> Total exams not yet taken calculated for school_id 93: 0
INFO - 2026-04-14 11:49:05 --> CSRF token verified.
DEBUG - 2026-04-14 11:49:05 --> Session: Class initialized using 'CodeIgniter\Session\Handlers\FileHandler' driver.
DEBUG - 2026-04-14 11:49:05 --> Teacher construct - is_teacher: true, school_id: 93, method: POST
DEBUG - 2026-04-14 11:49:05 --> Teacher construct - school_id: 93, is_paid: 1, subscription_end: 1778679749, now: 1776163745
DEBUG - 2026-04-14 11:49:05 --> Teacher construct - subscription_end date: 2026-05-13 14:42:29, now date: 2026-04-14 11:49:05
DEBUG - 2026-04-14 11:49:05 --> Teacher construct - Subscription still valid: subscription_end (2026-05-13 14:42:29) >= now (2026-04-14 11:49:05)
DEBUG - 2026-04-14 11:49:05 --> Teacher construct - Access allowed for method 'POST' (no blocking conditions)
CRITICAL - 2026-04-14 11:49:06 --> CodeIgniter\Security\Exceptions\SecurityException: The action you requested is not allowed.
[Method: POST, Route: app/mentor/student/filter/]
in SYSTEMPATH\Security\Security.php on line 258.
 1 SYSTEMPATH\Security\Security.php(258): CodeIgniter\Security\Exceptions\SecurityException::forDisallowedAction()
 2 SYSTEMPATH\Filters\CSRF.php(52): CodeIgniter\Security\Security->verify(Object(CodeIgniter\HTTP\IncomingRequest))
 3 SYSTEMPATH\Filters\Filters.php(241): CodeIgniter\Filters\CSRF->before(Object(CodeIgniter\HTTP\IncomingRequest), null)
 4 SYSTEMPATH\Filters\Filters.php(221): CodeIgniter\Filters\Filters->runBefore([...])
 5 SYSTEMPATH\CodeIgniter.php(465): CodeIgniter\Filters\Filters->run('app/mentor/student/filter/', 'before')
 6 SYSTEMPATH\CodeIgniter.php(340): CodeIgniter\CodeIgniter->handleRequest(null, Object(Config\Cache), false)
 7 SYSTEMPATH\Boot.php(417): CodeIgniter\CodeIgniter->run()
 8 SYSTEMPATH\Boot.php(68): CodeIgniter\Boot::runCodeIgniter(Object(CodeIgniter\CodeIgniter))
 9 FCPATH\index.php(75): CodeIgniter\Boot::bootWeb(Object(Config\Paths))
DEBUG - 2026-04-14 11:50:38 --> Session: Class initialized using 'CodeIgniter\Session\Handlers\FileHandler' driver.
DEBUG - 2026-04-14 11:50:38 --> Teacher construct - is_teacher: true, school_id: 93, method: GET
DEBUG - 2026-04-14 11:50:38 --> Teacher construct - school_id: 93, is_paid: 1, subscription_end: 1778679749, now: 1776163838
DEBUG - 2026-04-14 11:50:38 --> Teacher construct - subscription_end date: 2026-05-13 14:42:29, now date: 2026-04-14 11:50:38
DEBUG - 2026-04-14 11:50:38 --> Teacher construct - Subscription still valid: subscription_end (2026-05-13 14:42:29) >= now (2026-04-14 11:50:38)
DEBUG - 2026-04-14 11:50:38 --> Teacher construct - Access allowed for method 'GET' (no blocking conditions)
DEBUG - 2026-04-14 11:50:39 --> Total exams not yet taken calculated for school_id 93: 0
INFO - 2026-04-14 11:50:43 --> CSRF token verified.
DEBUG - 2026-04-14 11:50:43 --> Session: Class initialized using 'CodeIgniter\Session\Handlers\FileHandler' driver.
DEBUG - 2026-04-14 11:50:43 --> Teacher construct - is_teacher: true, school_id: 93, method: POST
DEBUG - 2026-04-14 11:50:43 --> Teacher construct - school_id: 93, is_paid: 1, subscription_end: 1778679749, now: 1776163843
DEBUG - 2026-04-14 11:50:43 --> Teacher construct - subscription_end date: 2026-05-13 14:42:29, now date: 2026-04-14 11:50:43
DEBUG - 2026-04-14 11:50:43 --> Teacher construct - Subscription still valid: subscription_end (2026-05-13 14:42:29) >= now (2026-04-14 11:50:43)
DEBUG - 2026-04-14 11:50:43 --> Teacher construct - Access allowed for method 'POST' (no blocking conditions)
CRITICAL - 2026-04-14 11:50:44 --> CodeIgniter\Security\Exceptions\SecurityException: The action you requested is not allowed.
[Method: POST, Route: app/mentor/student/filter/]
in SYSTEMPATH\Security\Security.php on line 258.
 1 SYSTEMPATH\Security\Security.php(258): CodeIgniter\Security\Exceptions\SecurityException::forDisallowedAction()
 2 SYSTEMPATH\Filters\CSRF.php(52): CodeIgniter\Security\Security->verify(Object(CodeIgniter\HTTP\IncomingRequest))
 3 SYSTEMPATH\Filters\Filters.php(241): CodeIgniter\Filters\CSRF->before(Object(CodeIgniter\HTTP\IncomingRequest), null)
 4 SYSTEMPATH\Filters\Filters.php(221): CodeIgniter\Filters\Filters->runBefore([...])
 5 SYSTEMPATH\CodeIgniter.php(465): CodeIgniter\Filters\Filters->run('app/mentor/student/filter/', 'before')
 6 SYSTEMPATH\CodeIgniter.php(340): CodeIgniter\CodeIgniter->handleRequest(null, Object(Config\Cache), false)
 7 SYSTEMPATH\Boot.php(417): CodeIgniter\CodeIgniter->run()
 8 SYSTEMPATH\Boot.php(68): CodeIgniter\Boot::runCodeIgniter(Object(CodeIgniter\CodeIgniter))
 9 FCPATH\index.php(75): CodeIgniter\Boot::bootWeb(Object(Config\Paths))
DEBUG - 2026-04-14 12:02:36 --> Session: Class initialized using 'CodeIgniter\Session\Handlers\FileHandler' driver.
DEBUG - 2026-04-14 12:02:36 --> Teacher construct - is_teacher: true, school_id: 93, method: GET
DEBUG - 2026-04-14 12:02:36 --> Teacher construct - school_id: 93, is_paid: 1, subscription_end: 1778679749, now: 1776164556
DEBUG - 2026-04-14 12:02:36 --> Teacher construct - subscription_end date: 2026-05-13 14:42:29, now date: 2026-04-14 12:02:36
DEBUG - 2026-04-14 12:02:36 --> Teacher construct - Subscription still valid: subscription_end (2026-05-13 14:42:29) >= now (2026-04-14 12:02:36)
DEBUG - 2026-04-14 12:02:36 --> Teacher construct - Access allowed for method 'GET' (no blocking conditions)
DEBUG - 2026-04-14 12:02:37 --> Total exams not yet taken calculated for school_id 93: 0
INFO - 2026-04-14 12:02:41 --> CSRF token verified.
DEBUG - 2026-04-14 12:02:41 --> Session: Class initialized using 'CodeIgniter\Session\Handlers\FileHandler' driver.
DEBUG - 2026-04-14 12:02:41 --> Teacher construct - is_teacher: true, school_id: 93, method: POST
DEBUG - 2026-04-14 12:02:41 --> Teacher construct - school_id: 93, is_paid: 1, subscription_end: 1778679749, now: 1776164561
DEBUG - 2026-04-14 12:02:41 --> Teacher construct - subscription_end date: 2026-05-13 14:42:29, now date: 2026-04-14 12:02:41
DEBUG - 2026-04-14 12:02:41 --> Teacher construct - Subscription still valid: subscription_end (2026-05-13 14:42:29) >= now (2026-04-14 12:02:41)
DEBUG - 2026-04-14 12:02:41 --> Teacher construct - Access allowed for method 'POST' (no blocking conditions)
CRITICAL - 2026-04-14 12:02:41 --> CodeIgniter\Security\Exceptions\SecurityException: The action you requested is not allowed.
[Method: POST, Route: app/mentor/student/filter/]
in SYSTEMPATH\Security\Security.php on line 258.
 1 SYSTEMPATH\Security\Security.php(258): CodeIgniter\Security\Exceptions\SecurityException::forDisallowedAction()
 2 SYSTEMPATH\Filters\CSRF.php(52): CodeIgniter\Security\Security->verify(Object(CodeIgniter\HTTP\IncomingRequest))
 3 SYSTEMPATH\Filters\Filters.php(241): CodeIgniter\Filters\CSRF->before(Object(CodeIgniter\HTTP\IncomingRequest), null)
 4 SYSTEMPATH\Filters\Filters.php(221): CodeIgniter\Filters\Filters->runBefore([...])
 5 SYSTEMPATH\CodeIgniter.php(465): CodeIgniter\Filters\Filters->run('app/mentor/student/filter/', 'before')
 6 SYSTEMPATH\CodeIgniter.php(340): CodeIgniter\CodeIgniter->handleRequest(null, Object(Config\Cache), false)
 7 SYSTEMPATH\Boot.php(417): CodeIgniter\CodeIgniter->run()
 8 SYSTEMPATH\Boot.php(68): CodeIgniter\Boot::runCodeIgniter(Object(CodeIgniter\CodeIgniter))
 9 FCPATH\index.php(75): CodeIgniter\Boot::bootWeb(Object(Config\Paths))
DEBUG - 2026-04-14 12:03:32 --> Session: Class initialized using 'CodeIgniter\Session\Handlers\FileHandler' driver.
DEBUG - 2026-04-14 12:03:32 --> Teacher construct - is_teacher: true, school_id: 93, method: GET
DEBUG - 2026-04-14 12:03:32 --> Teacher construct - school_id: 93, is_paid: 1, subscription_end: 1778679749, now: 1776164612
DEBUG - 2026-04-14 12:03:32 --> Teacher construct - subscription_end date: 2026-05-13 14:42:29, now date: 2026-04-14 12:03:32
DEBUG - 2026-04-14 12:03:32 --> Teacher construct - Subscription still valid: subscription_end (2026-05-13 14:42:29) >= now (2026-04-14 12:03:32)
DEBUG - 2026-04-14 12:03:32 --> Teacher construct - Access allowed for method 'GET' (no blocking conditions)
DEBUG - 2026-04-14 12:03:33 --> Total exams not yet taken calculated for school_id 93: 0
INFO - 2026-04-14 12:03:37 --> CSRF token verified.
DEBUG - 2026-04-14 12:03:37 --> Session: Class initialized using 'CodeIgniter\Session\Handlers\FileHandler' driver.
DEBUG - 2026-04-14 12:03:37 --> Teacher construct - is_teacher: true, school_id: 93, method: POST
DEBUG - 2026-04-14 12:03:37 --> Teacher construct - school_id: 93, is_paid: 1, subscription_end: 1778679749, now: 1776164617
DEBUG - 2026-04-14 12:03:37 --> Teacher construct - subscription_end date: 2026-05-13 14:42:29, now date: 2026-04-14 12:03:37
DEBUG - 2026-04-14 12:03:37 --> Teacher construct - Subscription still valid: subscription_end (2026-05-13 14:42:29) >= now (2026-04-14 12:03:37)
DEBUG - 2026-04-14 12:03:37 --> Teacher construct - Access allowed for method 'POST' (no blocking conditions)
CRITICAL - 2026-04-14 12:03:38 --> CodeIgniter\Security\Exceptions\SecurityException: The action you requested is not allowed.
[Method: POST, Route: app/mentor/student/filter/]
in SYSTEMPATH\Security\Security.php on line 258.
 1 SYSTEMPATH\Security\Security.php(258): CodeIgniter\Security\Exceptions\SecurityException::forDisallowedAction()
 2 SYSTEMPATH\Filters\CSRF.php(52): CodeIgniter\Security\Security->verify(Object(CodeIgniter\HTTP\IncomingRequest))
 3 SYSTEMPATH\Filters\Filters.php(241): CodeIgniter\Filters\CSRF->before(Object(CodeIgniter\HTTP\IncomingRequest), null)
 4 SYSTEMPATH\Filters\Filters.php(221): CodeIgniter\Filters\Filters->runBefore([...])
 5 SYSTEMPATH\CodeIgniter.php(465): CodeIgniter\Filters\Filters->run('app/mentor/student/filter/', 'before')
 6 SYSTEMPATH\CodeIgniter.php(340): CodeIgniter\CodeIgniter->handleRequest(null, Object(Config\Cache), false)
 7 SYSTEMPATH\Boot.php(417): CodeIgniter\CodeIgniter->run()
 8 SYSTEMPATH\Boot.php(68): CodeIgniter\Boot::runCodeIgniter(Object(CodeIgniter\CodeIgniter))
 9 FCPATH\index.php(75): CodeIgniter\Boot::bootWeb(Object(Config\Paths))
DEBUG - 2026-04-14 12:03:42 --> Session: Class initialized using 'CodeIgniter\Session\Handlers\FileHandler' driver.
DEBUG - 2026-04-14 12:03:42 --> Teacher construct - is_teacher: true, school_id: 93, method: GET
DEBUG - 2026-04-14 12:03:42 --> Teacher construct - school_id: 93, is_paid: 1, subscription_end: 1778679749, now: 1776164622
DEBUG - 2026-04-14 12:03:42 --> Teacher construct - subscription_end date: 2026-05-13 14:42:29, now date: 2026-04-14 12:03:42
DEBUG - 2026-04-14 12:03:42 --> Teacher construct - Subscription still valid: subscription_end (2026-05-13 14:42:29) >= now (2026-04-14 12:03:42)
DEBUG - 2026-04-14 12:03:42 --> Teacher construct - Access allowed for method 'GET' (no blocking conditions)
DEBUG - 2026-04-14 12:03:43 --> Total exams not yet taken calculated for school_id 93: 0
INFO - 2026-04-14 12:03:46 --> CSRF token verified.
DEBUG - 2026-04-14 12:03:46 --> Session: Class initialized using 'CodeIgniter\Session\Handlers\FileHandler' driver.
DEBUG - 2026-04-14 12:03:46 --> Teacher construct - is_teacher: true, school_id: 93, method: POST
DEBUG - 2026-04-14 12:03:46 --> Teacher construct - school_id: 93, is_paid: 1, subscription_end: 1778679749, now: 1776164626
DEBUG - 2026-04-14 12:03:46 --> Teacher construct - subscription_end date: 2026-05-13 14:42:29, now date: 2026-04-14 12:03:46
DEBUG - 2026-04-14 12:03:46 --> Teacher construct - Subscription still valid: subscription_end (2026-05-13 14:42:29) >= now (2026-04-14 12:03:46)
DEBUG - 2026-04-14 12:03:46 --> Teacher construct - Access allowed for method 'POST' (no blocking conditions)
CRITICAL - 2026-04-14 12:03:47 --> CodeIgniter\Security\Exceptions\SecurityException: The action you requested is not allowed.
[Method: POST, Route: app/mentor/student/filter/]
in SYSTEMPATH\Security\Security.php on line 258.
 1 SYSTEMPATH\Security\Security.php(258): CodeIgniter\Security\Exceptions\SecurityException::forDisallowedAction()
 2 SYSTEMPATH\Filters\CSRF.php(52): CodeIgniter\Security\Security->verify(Object(CodeIgniter\HTTP\IncomingRequest))
 3 SYSTEMPATH\Filters\Filters.php(241): CodeIgniter\Filters\CSRF->before(Object(CodeIgniter\HTTP\IncomingRequest), null)
 4 SYSTEMPATH\Filters\Filters.php(221): CodeIgniter\Filters\Filters->runBefore([...])
 5 SYSTEMPATH\CodeIgniter.php(465): CodeIgniter\Filters\Filters->run('app/mentor/student/filter/', 'before')
 6 SYSTEMPATH\CodeIgniter.php(340): CodeIgniter\CodeIgniter->handleRequest(null, Object(Config\Cache), false)
 7 SYSTEMPATH\Boot.php(417): CodeIgniter\CodeIgniter->run()
 8 SYSTEMPATH\Boot.php(68): CodeIgniter\Boot::runCodeIgniter(Object(CodeIgniter\CodeIgniter))
 9 FCPATH\index.php(75): CodeIgniter\Boot::bootWeb(Object(Config\Paths))
DEBUG - 2026-04-14 12:07:52 --> Session: Class initialized using 'CodeIgniter\Session\Handlers\FileHandler' driver.
DEBUG - 2026-04-14 12:07:52 --> Teacher construct - is_teacher: true, school_id: 93, method: GET
DEBUG - 2026-04-14 12:07:52 --> Teacher construct - school_id: 93, is_paid: 1, subscription_end: 1778679749, now: 1776164872
DEBUG - 2026-04-14 12:07:52 --> Teacher construct - subscription_end date: 2026-05-13 14:42:29, now date: 2026-04-14 12:07:52
DEBUG - 2026-04-14 12:07:52 --> Teacher construct - Subscription still valid: subscription_end (2026-05-13 14:42:29) >= now (2026-04-14 12:07:52)
DEBUG - 2026-04-14 12:07:52 --> Teacher construct - Access allowed for method 'GET' (no blocking conditions)
DEBUG - 2026-04-14 12:07:52 --> Total exams not yet taken calculated for school_id 93: 0
INFO - 2026-04-14 12:07:57 --> CSRF token verified.
DEBUG - 2026-04-14 12:07:57 --> Session: Class initialized using 'CodeIgniter\Session\Handlers\FileHandler' driver.
DEBUG - 2026-04-14 12:07:57 --> Teacher construct - is_teacher: true, school_id: 93, method: POST
DEBUG - 2026-04-14 12:07:57 --> Teacher construct - school_id: 93, is_paid: 1, subscription_end: 1778679749, now: 1776164877
DEBUG - 2026-04-14 12:07:57 --> Teacher construct - subscription_end date: 2026-05-13 14:42:29, now date: 2026-04-14 12:07:57
DEBUG - 2026-04-14 12:07:57 --> Teacher construct - Subscription still valid: subscription_end (2026-05-13 14:42:29) >= now (2026-04-14 12:07:57)
DEBUG - 2026-04-14 12:07:57 --> Teacher construct - Access allowed for method 'POST' (no blocking conditions)
CRITICAL - 2026-04-14 12:07:58 --> CodeIgniter\Security\Exceptions\SecurityException: The action you requested is not allowed.
[Method: POST, Route: app/mentor/student/filter/]
in SYSTEMPATH\Security\Security.php on line 258.
 1 SYSTEMPATH\Security\Security.php(258): CodeIgniter\Security\Exceptions\SecurityException::forDisallowedAction()
 2 SYSTEMPATH\Filters\CSRF.php(52): CodeIgniter\Security\Security->verify(Object(CodeIgniter\HTTP\IncomingRequest))
 3 SYSTEMPATH\Filters\Filters.php(241): CodeIgniter\Filters\CSRF->before(Object(CodeIgniter\HTTP\IncomingRequest), null)
 4 SYSTEMPATH\Filters\Filters.php(221): CodeIgniter\Filters\Filters->runBefore([...])
 5 SYSTEMPATH\CodeIgniter.php(465): CodeIgniter\Filters\Filters->run('app/mentor/student/filter/', 'before')
 6 SYSTEMPATH\CodeIgniter.php(340): CodeIgniter\CodeIgniter->handleRequest(null, Object(Config\Cache), false)
 7 SYSTEMPATH\Boot.php(417): CodeIgniter\CodeIgniter->run()
 8 SYSTEMPATH\Boot.php(68): CodeIgniter\Boot::runCodeIgniter(Object(CodeIgniter\CodeIgniter))
 9 FCPATH\index.php(75): CodeIgniter\Boot::bootWeb(Object(Config\Paths))
DEBUG - 2026-04-14 12:09:41 --> Session: Class initialized using 'CodeIgniter\Session\Handlers\FileHandler' driver.
DEBUG - 2026-04-14 12:09:41 --> Teacher construct - is_teacher: true, school_id: 93, method: GET
DEBUG - 2026-04-14 12:09:41 --> Teacher construct - school_id: 93, is_paid: 1, subscription_end: 1778679749, now: 1776164981
DEBUG - 2026-04-14 12:09:41 --> Teacher construct - subscription_end date: 2026-05-13 14:42:29, now date: 2026-04-14 12:09:41
DEBUG - 2026-04-14 12:09:41 --> Teacher construct - Subscription still valid: subscription_end (2026-05-13 14:42:29) >= now (2026-04-14 12:09:41)
DEBUG - 2026-04-14 12:09:41 --> Teacher construct - Access allowed for method 'GET' (no blocking conditions)
DEBUG - 2026-04-14 12:09:41 --> Total exams not yet taken calculated for school_id 93: 0
INFO - 2026-04-14 12:09:46 --> CSRF token verified.
DEBUG - 2026-04-14 12:09:46 --> Session: Class initialized using 'CodeIgniter\Session\Handlers\FileHandler' driver.
DEBUG - 2026-04-14 12:09:46 --> Teacher construct - is_teacher: true, school_id: 93, method: POST
DEBUG - 2026-04-14 12:09:46 --> Teacher construct - school_id: 93, is_paid: 1, subscription_end: 1778679749, now: 1776164986
DEBUG - 2026-04-14 12:09:46 --> Teacher construct - subscription_end date: 2026-05-13 14:42:29, now date: 2026-04-14 12:09:46
DEBUG - 2026-04-14 12:09:46 --> Teacher construct - Subscription still valid: subscription_end (2026-05-13 14:42:29) >= now (2026-04-14 12:09:46)
DEBUG - 2026-04-14 12:09:46 --> Teacher construct - Access allowed for method 'POST' (no blocking conditions)
CRITICAL - 2026-04-14 12:09:47 --> CodeIgniter\Security\Exceptions\SecurityException: The action you requested is not allowed.
[Method: POST, Route: app/mentor/student/filter/]
in SYSTEMPATH\Security\Security.php on line 258.
 1 SYSTEMPATH\Security\Security.php(258): CodeIgniter\Security\Exceptions\SecurityException::forDisallowedAction()
 2 SYSTEMPATH\Filters\CSRF.php(52): CodeIgniter\Security\Security->verify(Object(CodeIgniter\HTTP\IncomingRequest))
 3 SYSTEMPATH\Filters\Filters.php(241): CodeIgniter\Filters\CSRF->before(Object(CodeIgniter\HTTP\IncomingRequest), null)
 4 SYSTEMPATH\Filters\Filters.php(221): CodeIgniter\Filters\Filters->runBefore([...])
 5 SYSTEMPATH\CodeIgniter.php(465): CodeIgniter\Filters\Filters->run('app/mentor/student/filter/', 'before')
 6 SYSTEMPATH\CodeIgniter.php(340): CodeIgniter\CodeIgniter->handleRequest(null, Object(Config\Cache), false)
 7 SYSTEMPATH\Boot.php(417): CodeIgniter\CodeIgniter->run()
 8 SYSTEMPATH\Boot.php(68): CodeIgniter\Boot::runCodeIgniter(Object(CodeIgniter\CodeIgniter))
 9 FCPATH\index.php(75): CodeIgniter\Boot::bootWeb(Object(Config\Paths))
DEBUG - 2026-04-14 12:09:47 --> Session: Class initialized using 'CodeIgniter\Session\Handlers\FileHandler' driver.
DEBUG - 2026-04-14 12:09:47 --> Teacher construct - is_teacher: true, school_id: 93, method: GET
DEBUG - 2026-04-14 12:09:47 --> Teacher construct - school_id: 93, is_paid: 1, subscription_end: 1778679749, now: 1776164987
DEBUG - 2026-04-14 12:09:47 --> Teacher construct - subscription_end date: 2026-05-13 14:42:29, now date: 2026-04-14 12:09:47
DEBUG - 2026-04-14 12:09:47 --> Teacher construct - Subscription still valid: subscription_end (2026-05-13 14:42:29) >= now (2026-04-14 12:09:47)
DEBUG - 2026-04-14 12:09:47 --> Teacher construct - Access allowed for method 'GET' (no blocking conditions)
DEBUG - 2026-04-14 12:12:25 --> Session: Class initialized using 'CodeIgniter\Session\Handlers\FileHandler' driver.
DEBUG - 2026-04-14 12:12:25 --> Teacher construct - is_teacher: true, school_id: 93, method: GET
DEBUG - 2026-04-14 12:12:25 --> Teacher construct - school_id: 93, is_paid: 1, subscription_end: 1778679749, now: 1776165145
DEBUG - 2026-04-14 12:12:25 --> Teacher construct - subscription_end date: 2026-05-13 14:42:29, now date: 2026-04-14 12:12:25
DEBUG - 2026-04-14 12:12:25 --> Teacher construct - Subscription still valid: subscription_end (2026-05-13 14:42:29) >= now (2026-04-14 12:12:25)
DEBUG - 2026-04-14 12:12:25 --> Teacher construct - Access allowed for method 'GET' (no blocking conditions)
DEBUG - 2026-04-14 12:12:26 --> Total exams not yet taken calculated for school_id 93: 0
INFO - 2026-04-14 12:12:29 --> CSRF token verified.
DEBUG - 2026-04-14 12:12:29 --> Session: Class initialized using 'CodeIgniter\Session\Handlers\FileHandler' driver.
DEBUG - 2026-04-14 12:12:29 --> Teacher construct - is_teacher: true, school_id: 93, method: POST
DEBUG - 2026-04-14 12:12:29 --> Teacher construct - school_id: 93, is_paid: 1, subscription_end: 1778679749, now: 1776165149
DEBUG - 2026-04-14 12:12:29 --> Teacher construct - subscription_end date: 2026-05-13 14:42:29, now date: 2026-04-14 12:12:29
DEBUG - 2026-04-14 12:12:29 --> Teacher construct - Subscription still valid: subscription_end (2026-05-13 14:42:29) >= now (2026-04-14 12:12:29)
DEBUG - 2026-04-14 12:12:29 --> Teacher construct - Access allowed for method 'POST' (no blocking conditions)
INFO - 2026-04-14 12:12:30 --> CSRF token verified.
DEBUG - 2026-04-14 12:12:30 --> Session: Class initialized using 'CodeIgniter\Session\Handlers\FileHandler' driver.
DEBUG - 2026-04-14 12:12:30 --> Teacher construct - is_teacher: true, school_id: 93, method: POST
DEBUG - 2026-04-14 12:12:30 --> Teacher construct - school_id: 93, is_paid: 1, subscription_end: 1778679749, now: 1776165150
DEBUG - 2026-04-14 12:12:30 --> Teacher construct - subscription_end date: 2026-05-13 14:42:29, now date: 2026-04-14 12:12:30
DEBUG - 2026-04-14 12:12:30 --> Teacher construct - Subscription still valid: subscription_end (2026-05-13 14:42:29) >= now (2026-04-14 12:12:30)
DEBUG - 2026-04-14 12:12:30 --> Teacher construct - Access allowed for method 'POST' (no blocking conditions)
DEBUG - 2026-04-14 12:12:30 --> Session: Class initialized using 'CodeIgniter\Session\Handlers\FileHandler' driver.
DEBUG - 2026-04-14 12:12:30 --> Teacher construct - is_teacher: true, school_id: 93, method: GET
DEBUG - 2026-04-14 12:12:30 --> Teacher construct - school_id: 93, is_paid: 1, subscription_end: 1778679749, now: 1776165150
DEBUG - 2026-04-14 12:12:30 --> Teacher construct - subscription_end date: 2026-05-13 14:42:29, now date: 2026-04-14 12:12:30
DEBUG - 2026-04-14 12:12:30 --> Teacher construct - Subscription still valid: subscription_end (2026-05-13 14:42:29) >= now (2026-04-14 12:12:30)
DEBUG - 2026-04-14 12:12:30 --> Teacher construct - Access allowed for method 'GET' (no blocking conditions)
DEBUG - 2026-04-14 12:13:03 --> Session: Class initialized using 'CodeIgniter\Session\Handlers\FileHandler' driver.
DEBUG - 2026-04-14 12:13:03 --> Teacher construct - is_teacher: true, school_id: 93, method: GET
DEBUG - 2026-04-14 12:13:03 --> Teacher construct - school_id: 93, is_paid: 1, subscription_end: 1778679749, now: 1776165183
DEBUG - 2026-04-14 12:13:03 --> Teacher construct - subscription_end date: 2026-05-13 14:42:29, now date: 2026-04-14 12:13:03
DEBUG - 2026-04-14 12:13:03 --> Teacher construct - Subscription still valid: subscription_end (2026-05-13 14:42:29) >= now (2026-04-14 12:13:03)
DEBUG - 2026-04-14 12:13:03 --> Teacher construct - Access allowed for method 'GET' (no blocking conditions)
DEBUG - 2026-04-14 12:13:03 --> Total exams not yet taken calculated for school_id 93: 0
INFO - 2026-04-14 12:13:08 --> CSRF token verified.
DEBUG - 2026-04-14 12:13:08 --> Session: Class initialized using 'CodeIgniter\Session\Handlers\FileHandler' driver.
DEBUG - 2026-04-14 12:13:08 --> Teacher construct - is_teacher: true, school_id: 93, method: POST
DEBUG - 2026-04-14 12:13:08 --> Teacher construct - school_id: 93, is_paid: 1, subscription_end: 1778679749, now: 1776165188
DEBUG - 2026-04-14 12:13:08 --> Teacher construct - subscription_end date: 2026-05-13 14:42:29, now date: 2026-04-14 12:13:08
DEBUG - 2026-04-14 12:13:08 --> Teacher construct - Subscription still valid: subscription_end (2026-05-13 14:42:29) >= now (2026-04-14 12:13:08)
DEBUG - 2026-04-14 12:13:08 --> Teacher construct - Access allowed for method 'POST' (no blocking conditions)
INFO - 2026-04-14 12:13:09 --> CSRF token verified.
DEBUG - 2026-04-14 12:13:09 --> Session: Class initialized using 'CodeIgniter\Session\Handlers\FileHandler' driver.
DEBUG - 2026-04-14 12:13:09 --> Teacher construct - is_teacher: true, school_id: 93, method: POST
DEBUG - 2026-04-14 12:13:09 --> Teacher construct - school_id: 93, is_paid: 1, subscription_end: 1778679749, now: 1776165189
DEBUG - 2026-04-14 12:13:09 --> Teacher construct - subscription_end date: 2026-05-13 14:42:29, now date: 2026-04-14 12:13:09
DEBUG - 2026-04-14 12:13:09 --> Teacher construct - Subscription still valid: subscription_end (2026-05-13 14:42:29) >= now (2026-04-14 12:13:09)
DEBUG - 2026-04-14 12:13:09 --> Teacher construct - Access allowed for method 'POST' (no blocking conditions)
DEBUG - 2026-04-14 12:13:09 --> Session: Class initialized using 'CodeIgniter\Session\Handlers\FileHandler' driver.
DEBUG - 2026-04-14 12:13:09 --> Teacher construct - is_teacher: true, school_id: 93, method: GET
DEBUG - 2026-04-14 12:13:09 --> Teacher construct - school_id: 93, is_paid: 1, subscription_end: 1778679749, now: 1776165189
DEBUG - 2026-04-14 12:13:09 --> Teacher construct - subscription_end date: 2026-05-13 14:42:29, now date: 2026-04-14 12:13:09
DEBUG - 2026-04-14 12:13:09 --> Teacher construct - Subscription still valid: subscription_end (2026-05-13 14:42:29) >= now (2026-04-14 12:13:09)
DEBUG - 2026-04-14 12:13:09 --> Teacher construct - Access allowed for method 'GET' (no blocking conditions)
DEBUG - 2026-04-14 12:16:41 --> Session: Class initialized using 'CodeIgniter\Session\Handlers\FileHandler' driver.
DEBUG - 2026-04-14 12:16:41 --> Teacher construct - is_teacher: true, school_id: 93, method: GET
DEBUG - 2026-04-14 12:16:41 --> Teacher construct - school_id: 93, is_paid: 1, subscription_end: 1778679749, now: 1776165401
DEBUG - 2026-04-14 12:16:41 --> Teacher construct - subscription_end date: 2026-05-13 14:42:29, now date: 2026-04-14 12:16:41
DEBUG - 2026-04-14 12:16:41 --> Teacher construct - Subscription still valid: subscription_end (2026-05-13 14:42:29) >= now (2026-04-14 12:16:41)
DEBUG - 2026-04-14 12:16:41 --> Teacher construct - Access allowed for method 'GET' (no blocking conditions)
DEBUG - 2026-04-14 12:16:42 --> Total exams not yet taken calculated for school_id 93: 0
INFO - 2026-04-14 12:16:46 --> CSRF token verified.
DEBUG - 2026-04-14 12:16:46 --> Session: Class initialized using 'CodeIgniter\Session\Handlers\FileHandler' driver.
DEBUG - 2026-04-14 12:16:46 --> Teacher construct - is_teacher: true, school_id: 93, method: POST
DEBUG - 2026-04-14 12:16:46 --> Teacher construct - school_id: 93, is_paid: 1, subscription_end: 1778679749, now: 1776165406
DEBUG - 2026-04-14 12:16:46 --> Teacher construct - subscription_end date: 2026-05-13 14:42:29, now date: 2026-04-14 12:16:46
DEBUG - 2026-04-14 12:16:46 --> Teacher construct - Subscription still valid: subscription_end (2026-05-13 14:42:29) >= now (2026-04-14 12:16:46)
DEBUG - 2026-04-14 12:16:46 --> Teacher construct - Access allowed for method 'POST' (no blocking conditions)
INFO - 2026-04-14 12:16:46 --> CSRF token verified.
DEBUG - 2026-04-14 12:16:46 --> Session: Class initialized using 'CodeIgniter\Session\Handlers\FileHandler' driver.
DEBUG - 2026-04-14 12:16:46 --> Teacher construct - is_teacher: true, school_id: 93, method: POST
DEBUG - 2026-04-14 12:16:46 --> Teacher construct - school_id: 93, is_paid: 1, subscription_end: 1778679749, now: 1776165406
DEBUG - 2026-04-14 12:16:46 --> Teacher construct - subscription_end date: 2026-05-13 14:42:29, now date: 2026-04-14 12:16:46
DEBUG - 2026-04-14 12:16:46 --> Teacher construct - Subscription still valid: subscription_end (2026-05-13 14:42:29) >= now (2026-04-14 12:16:46)
DEBUG - 2026-04-14 12:16:46 --> Teacher construct - Access allowed for method 'POST' (no blocking conditions)
INFO - 2026-04-14 12:16:53 --> CSRF token verified.
DEBUG - 2026-04-14 12:16:53 --> Session: Class initialized using 'CodeIgniter\Session\Handlers\FileHandler' driver.
DEBUG - 2026-04-14 12:16:53 --> Teacher construct - is_teacher: true, school_id: 93, method: POST
DEBUG - 2026-04-14 12:16:53 --> Teacher construct - school_id: 93, is_paid: 1, subscription_end: 1778679749, now: 1776165413
DEBUG - 2026-04-14 12:16:53 --> Teacher construct - subscription_end date: 2026-05-13 14:42:29, now date: 2026-04-14 12:16:53
DEBUG - 2026-04-14 12:16:53 --> Teacher construct - Subscription still valid: subscription_end (2026-05-13 14:42:29) >= now (2026-04-14 12:16:53)
DEBUG - 2026-04-14 12:16:53 --> Teacher construct - Access allowed for method 'POST' (no blocking conditions)
INFO - 2026-04-14 12:16:54 --> CSRF token verified.
DEBUG - 2026-04-14 12:16:54 --> Session: Class initialized using 'CodeIgniter\Session\Handlers\FileHandler' driver.
DEBUG - 2026-04-14 12:16:54 --> Teacher construct - is_teacher: true, school_id: 93, method: POST
DEBUG - 2026-04-14 12:16:54 --> Teacher construct - school_id: 93, is_paid: 1, subscription_end: 1778679749, now: 1776165414
DEBUG - 2026-04-14 12:16:54 --> Teacher construct - subscription_end date: 2026-05-13 14:42:29, now date: 2026-04-14 12:16:54
DEBUG - 2026-04-14 12:16:54 --> Teacher construct - Subscription still valid: subscription_end (2026-05-13 14:42:29) >= now (2026-04-14 12:16:54)
DEBUG - 2026-04-14 12:16:54 --> Teacher construct - Access allowed for method 'POST' (no blocking conditions)
DEBUG - 2026-04-14 12:16:56 --> Session: Class initialized using 'CodeIgniter\Session\Handlers\FileHandler' driver.
DEBUG - 2026-04-14 12:16:57 --> Teacher construct - is_teacher: true, school_id: 93, method: GET
DEBUG - 2026-04-14 12:16:57 --> Teacher construct - school_id: 93, is_paid: 1, subscription_end: 1778679749, now: 1776165417
DEBUG - 2026-04-14 12:16:57 --> Teacher construct - subscription_end date: 2026-05-13 14:42:29, now date: 2026-04-14 12:16:57
DEBUG - 2026-04-14 12:16:57 --> Teacher construct - Subscription still valid: subscription_end (2026-05-13 14:42:29) >= now (2026-04-14 12:16:57)
DEBUG - 2026-04-14 12:16:57 --> Teacher construct - Access allowed for method 'GET' (no blocking conditions)
DEBUG - 2026-04-14 12:16:57 --> Total exams not yet taken calculated for school_id 93: 0
INFO - 2026-04-14 12:17:01 --> CSRF token verified.
DEBUG - 2026-04-14 12:17:01 --> Session: Class initialized using 'CodeIgniter\Session\Handlers\FileHandler' driver.
DEBUG - 2026-04-14 12:17:01 --> Teacher construct - is_teacher: true, school_id: 93, method: POST
DEBUG - 2026-04-14 12:17:01 --> Teacher construct - school_id: 93, is_paid: 1, subscription_end: 1778679749, now: 1776165421
DEBUG - 2026-04-14 12:17:01 --> Teacher construct - subscription_end date: 2026-05-13 14:42:29, now date: 2026-04-14 12:17:01
DEBUG - 2026-04-14 12:17:01 --> Teacher construct - Subscription still valid: subscription_end (2026-05-13 14:42:29) >= now (2026-04-14 12:17:01)
DEBUG - 2026-04-14 12:17:01 --> Teacher construct - Access allowed for method 'POST' (no blocking conditions)
INFO - 2026-04-14 12:17:02 --> CSRF token verified.
DEBUG - 2026-04-14 12:17:02 --> Session: Class initialized using 'CodeIgniter\Session\Handlers\FileHandler' driver.
DEBUG - 2026-04-14 12:17:02 --> Teacher construct - is_teacher: true, school_id: 93, method: POST
DEBUG - 2026-04-14 12:17:02 --> Teacher construct - school_id: 93, is_paid: 1, subscription_end: 1778679749, now: 1776165422
DEBUG - 2026-04-14 12:17:02 --> Teacher construct - subscription_end date: 2026-05-13 14:42:29, now date: 2026-04-14 12:17:02
DEBUG - 2026-04-14 12:17:02 --> Teacher construct - Subscription still valid: subscription_end (2026-05-13 14:42:29) >= now (2026-04-14 12:17:02)
DEBUG - 2026-04-14 12:17:02 --> Teacher construct - Access allowed for method 'POST' (no blocking conditions)
INFO - 2026-04-14 12:17:06 --> CSRF token verified.
DEBUG - 2026-04-14 12:17:06 --> Session: Class initialized using 'CodeIgniter\Session\Handlers\FileHandler' driver.
DEBUG - 2026-04-14 12:17:06 --> Teacher construct - is_teacher: true, school_id: 93, method: POST
DEBUG - 2026-04-14 12:17:06 --> Teacher construct - school_id: 93, is_paid: 1, subscription_end: 1778679749, now: 1776165426
DEBUG - 2026-04-14 12:17:06 --> Teacher construct - subscription_end date: 2026-05-13 14:42:29, now date: 2026-04-14 12:17:06
DEBUG - 2026-04-14 12:17:06 --> Teacher construct - Subscription still valid: subscription_end (2026-05-13 14:42:29) >= now (2026-04-14 12:17:06)
DEBUG - 2026-04-14 12:17:06 --> Teacher construct - Access allowed for method 'POST' (no blocking conditions)
INFO - 2026-04-14 12:17:07 --> CSRF token verified.
DEBUG - 2026-04-14 12:17:07 --> Session: Class initialized using 'CodeIgniter\Session\Handlers\FileHandler' driver.
DEBUG - 2026-04-14 12:17:07 --> Teacher construct - is_teacher: true, school_id: 93, method: POST
DEBUG - 2026-04-14 12:17:07 --> Teacher construct - school_id: 93, is_paid: 1, subscription_end: 1778679749, now: 1776165427
DEBUG - 2026-04-14 12:17:07 --> Teacher construct - subscription_end date: 2026-05-13 14:42:29, now date: 2026-04-14 12:17:07
DEBUG - 2026-04-14 12:17:07 --> Teacher construct - Subscription still valid: subscription_end (2026-05-13 14:42:29) >= now (2026-04-14 12:17:07)
DEBUG - 2026-04-14 12:17:07 --> Teacher construct - Access allowed for method 'POST' (no blocking conditions)
DEBUG - 2026-04-14 12:17:15 --> Session: Class initialized using 'CodeIgniter\Session\Handlers\FileHandler' driver.
DEBUG - 2026-04-14 12:17:15 --> Teacher construct - is_teacher: true, school_id: 93, method: GET
DEBUG - 2026-04-14 12:17:15 --> Teacher construct - school_id: 93, is_paid: 1, subscription_end: 1778679749, now: 1776165435
DEBUG - 2026-04-14 12:17:15 --> Teacher construct - subscription_end date: 2026-05-13 14:42:29, now date: 2026-04-14 12:17:15
DEBUG - 2026-04-14 12:17:15 --> Teacher construct - Subscription still valid: subscription_end (2026-05-13 14:42:29) >= now (2026-04-14 12:17:15)
DEBUG - 2026-04-14 12:17:15 --> Teacher construct - Access allowed for method 'GET' (no blocking conditions)
DEBUG - 2026-04-14 12:17:15 --> Total exams not yet taken calculated for school_id 93: 0
INFO - 2026-04-14 12:17:24 --> CSRF token verified.
DEBUG - 2026-04-14 12:17:24 --> Session: Class initialized using 'CodeIgniter\Session\Handlers\FileHandler' driver.
DEBUG - 2026-04-14 12:17:24 --> Teacher construct - is_teacher: true, school_id: 93, method: POST
DEBUG - 2026-04-14 12:17:24 --> Teacher construct - school_id: 93, is_paid: 1, subscription_end: 1778679749, now: 1776165444
DEBUG - 2026-04-14 12:17:24 --> Teacher construct - subscription_end date: 2026-05-13 14:42:29, now date: 2026-04-14 12:17:24
DEBUG - 2026-04-14 12:17:24 --> Teacher construct - Subscription still valid: subscription_end (2026-05-13 14:42:29) >= now (2026-04-14 12:17:24)
DEBUG - 2026-04-14 12:17:24 --> Teacher construct - Access allowed for method 'POST' (no blocking conditions)
INFO - 2026-04-14 12:17:24 --> CSRF token verified.
DEBUG - 2026-04-14 12:17:24 --> Session: Class initialized using 'CodeIgniter\Session\Handlers\FileHandler' driver.
DEBUG - 2026-04-14 12:17:25 --> Teacher construct - is_teacher: true, school_id: 93, method: POST
DEBUG - 2026-04-14 12:17:25 --> Teacher construct - school_id: 93, is_paid: 1, subscription_end: 1778679749, now: 1776165445
DEBUG - 2026-04-14 12:17:25 --> Teacher construct - subscription_end date: 2026-05-13 14:42:29, now date: 2026-04-14 12:17:25
DEBUG - 2026-04-14 12:17:25 --> Teacher construct - Subscription still valid: subscription_end (2026-05-13 14:42:29) >= now (2026-04-14 12:17:25)
DEBUG - 2026-04-14 12:17:25 --> Teacher construct - Access allowed for method 'POST' (no blocking conditions)
DEBUG - 2026-04-14 12:17:27 --> Session: Class initialized using 'CodeIgniter\Session\Handlers\FileHandler' driver.
DEBUG - 2026-04-14 12:17:27 --> Teacher construct - is_teacher: true, school_id: 93, method: GET
DEBUG - 2026-04-14 12:17:27 --> Teacher construct - school_id: 93, is_paid: 1, subscription_end: 1778679749, now: 1776165447
DEBUG - 2026-04-14 12:17:27 --> Teacher construct - subscription_end date: 2026-05-13 14:42:29, now date: 2026-04-14 12:17:27
DEBUG - 2026-04-14 12:17:27 --> Teacher construct - Subscription still valid: subscription_end (2026-05-13 14:42:29) >= now (2026-04-14 12:17:27)
DEBUG - 2026-04-14 12:17:27 --> Teacher construct - Access allowed for method 'GET' (no blocking conditions)
DEBUG - 2026-04-14 12:17:28 --> Total exams not yet taken calculated for school_id 93: 0
INFO - 2026-04-14 12:17:33 --> CSRF token verified.
DEBUG - 2026-04-14 12:17:33 --> Session: Class initialized using 'CodeIgniter\Session\Handlers\FileHandler' driver.
DEBUG - 2026-04-14 12:17:33 --> Teacher construct - is_teacher: true, school_id: 93, method: POST
DEBUG - 2026-04-14 12:17:33 --> Teacher construct - school_id: 93, is_paid: 1, subscription_end: 1778679749, now: 1776165453
DEBUG - 2026-04-14 12:17:33 --> Teacher construct - subscription_end date: 2026-05-13 14:42:29, now date: 2026-04-14 12:17:33
DEBUG - 2026-04-14 12:17:33 --> Teacher construct - Subscription still valid: subscription_end (2026-05-13 14:42:29) >= now (2026-04-14 12:17:33)
DEBUG - 2026-04-14 12:17:33 --> Teacher construct - Access allowed for method 'POST' (no blocking conditions)
INFO - 2026-04-14 12:17:34 --> CSRF token verified.
DEBUG - 2026-04-14 12:17:34 --> Session: Class initialized using 'CodeIgniter\Session\Handlers\FileHandler' driver.
DEBUG - 2026-04-14 12:17:34 --> Teacher construct - is_teacher: true, school_id: 93, method: POST
DEBUG - 2026-04-14 12:17:34 --> Teacher construct - school_id: 93, is_paid: 1, subscription_end: 1778679749, now: 1776165454
DEBUG - 2026-04-14 12:17:34 --> Teacher construct - subscription_end date: 2026-05-13 14:42:29, now date: 2026-04-14 12:17:34
DEBUG - 2026-04-14 12:17:34 --> Teacher construct - Subscription still valid: subscription_end (2026-05-13 14:42:29) >= now (2026-04-14 12:17:34)
DEBUG - 2026-04-14 12:17:34 --> Teacher construct - Access allowed for method 'POST' (no blocking conditions)
INFO - 2026-04-14 12:17:38 --> CSRF token verified.
DEBUG - 2026-04-14 12:17:38 --> Session: Class initialized using 'CodeIgniter\Session\Handlers\FileHandler' driver.
DEBUG - 2026-04-14 12:17:38 --> Teacher construct - is_teacher: true, school_id: 93, method: POST
DEBUG - 2026-04-14 12:17:38 --> Teacher construct - school_id: 93, is_paid: 1, subscription_end: 1778679749, now: 1776165458
DEBUG - 2026-04-14 12:17:38 --> Teacher construct - subscription_end date: 2026-05-13 14:42:29, now date: 2026-04-14 12:17:38
DEBUG - 2026-04-14 12:17:38 --> Teacher construct - Subscription still valid: subscription_end (2026-05-13 14:42:29) >= now (2026-04-14 12:17:38)
DEBUG - 2026-04-14 12:17:38 --> Teacher construct - Access allowed for method 'POST' (no blocking conditions)
INFO - 2026-04-14 12:17:38 --> CSRF token verified.
DEBUG - 2026-04-14 12:17:38 --> Session: Class initialized using 'CodeIgniter\Session\Handlers\FileHandler' driver.
DEBUG - 2026-04-14 12:17:38 --> Teacher construct - is_teacher: true, school_id: 93, method: POST
DEBUG - 2026-04-14 12:17:38 --> Teacher construct - school_id: 93, is_paid: 1, subscription_end: 1778679749, now: 1776165458
DEBUG - 2026-04-14 12:17:38 --> Teacher construct - subscription_end date: 2026-05-13 14:42:29, now date: 2026-04-14 12:17:38
DEBUG - 2026-04-14 12:17:38 --> Teacher construct - Subscription still valid: subscription_end (2026-05-13 14:42:29) >= now (2026-04-14 12:17:38)
DEBUG - 2026-04-14 12:17:38 --> Teacher construct - Access allowed for method 'POST' (no blocking conditions)
INFO - 2026-04-14 12:17:41 --> CSRF token verified.
DEBUG - 2026-04-14 12:17:41 --> Session: Class initialized using 'CodeIgniter\Session\Handlers\FileHandler' driver.
DEBUG - 2026-04-14 12:17:41 --> Teacher construct - is_teacher: true, school_id: 93, method: POST
DEBUG - 2026-04-14 12:17:41 --> Teacher construct - school_id: 93, is_paid: 1, subscription_end: 1778679749, now: 1776165461
DEBUG - 2026-04-14 12:17:41 --> Teacher construct - subscription_end date: 2026-05-13 14:42:29, now date: 2026-04-14 12:17:41
DEBUG - 2026-04-14 12:17:41 --> Teacher construct - Subscription still valid: subscription_end (2026-05-13 14:42:29) >= now (2026-04-14 12:17:41)
DEBUG - 2026-04-14 12:17:41 --> Teacher construct - Access allowed for method 'POST' (no blocking conditions)
INFO - 2026-04-14 12:17:41 --> CSRF token verified.
DEBUG - 2026-04-14 12:17:41 --> Session: Class initialized using 'CodeIgniter\Session\Handlers\FileHandler' driver.
DEBUG - 2026-04-14 12:17:41 --> Teacher construct - is_teacher: true, school_id: 93, method: POST
DEBUG - 2026-04-14 12:17:41 --> Teacher construct - school_id: 93, is_paid: 1, subscription_end: 1778679749, now: 1776165461
DEBUG - 2026-04-14 12:17:41 --> Teacher construct - subscription_end date: 2026-05-13 14:42:29, now date: 2026-04-14 12:17:41
DEBUG - 2026-04-14 12:17:41 --> Teacher construct - Subscription still valid: subscription_end (2026-05-13 14:42:29) >= now (2026-04-14 12:17:41)
DEBUG - 2026-04-14 12:17:41 --> Teacher construct - Access allowed for method 'POST' (no blocking conditions)
DEBUG - 2026-04-14 12:17:45 --> Session: Class initialized using 'CodeIgniter\Session\Handlers\FileHandler' driver.
DEBUG - 2026-04-14 12:17:45 --> Teacher construct - is_teacher: true, school_id: 93, method: GET
DEBUG - 2026-04-14 12:17:45 --> Teacher construct - school_id: 93, is_paid: 1, subscription_end: 1778679749, now: 1776165465
DEBUG - 2026-04-14 12:17:45 --> Teacher construct - subscription_end date: 2026-05-13 14:42:29, now date: 2026-04-14 12:17:45
DEBUG - 2026-04-14 12:17:45 --> Teacher construct - Subscription still valid: subscription_end (2026-05-13 14:42:29) >= now (2026-04-14 12:17:45)
DEBUG - 2026-04-14 12:17:45 --> Teacher construct - Access allowed for method 'GET' (no blocking conditions)
DEBUG - 2026-04-14 12:17:45 --> Total exams not yet taken calculated for school_id 93: 0
INFO - 2026-04-14 12:17:51 --> CSRF token verified.
DEBUG - 2026-04-14 12:17:51 --> Session: Class initialized using 'CodeIgniter\Session\Handlers\FileHandler' driver.
DEBUG - 2026-04-14 12:17:51 --> Teacher construct - is_teacher: true, school_id: 93, method: POST
DEBUG - 2026-04-14 12:17:51 --> Teacher construct - school_id: 93, is_paid: 1, subscription_end: 1778679749, now: 1776165471
DEBUG - 2026-04-14 12:17:51 --> Teacher construct - subscription_end date: 2026-05-13 14:42:29, now date: 2026-04-14 12:17:51
DEBUG - 2026-04-14 12:17:51 --> Teacher construct - Subscription still valid: subscription_end (2026-05-13 14:42:29) >= now (2026-04-14 12:17:51)
DEBUG - 2026-04-14 12:17:51 --> Teacher construct - Access allowed for method 'POST' (no blocking conditions)
INFO - 2026-04-14 12:17:52 --> CSRF token verified.
DEBUG - 2026-04-14 12:17:52 --> Session: Class initialized using 'CodeIgniter\Session\Handlers\FileHandler' driver.
DEBUG - 2026-04-14 12:17:52 --> Teacher construct - is_teacher: true, school_id: 93, method: POST
DEBUG - 2026-04-14 12:17:52 --> Teacher construct - school_id: 93, is_paid: 1, subscription_end: 1778679749, now: 1776165472
DEBUG - 2026-04-14 12:17:52 --> Teacher construct - subscription_end date: 2026-05-13 14:42:29, now date: 2026-04-14 12:17:52
DEBUG - 2026-04-14 12:17:52 --> Teacher construct - Subscription still valid: subscription_end (2026-05-13 14:42:29) >= now (2026-04-14 12:17:52)
DEBUG - 2026-04-14 12:17:52 --> Teacher construct - Access allowed for method 'POST' (no blocking conditions)
DEBUG - 2026-04-14 12:17:57 --> Session: Class initialized using 'CodeIgniter\Session\Handlers\FileHandler' driver.
DEBUG - 2026-04-14 12:17:57 --> Teacher construct - is_teacher: true, school_id: 93, method: GET
DEBUG - 2026-04-14 12:17:57 --> Teacher construct - school_id: 93, is_paid: 1, subscription_end: 1778679749, now: 1776165477
DEBUG - 2026-04-14 12:17:57 --> Teacher construct - subscription_end date: 2026-05-13 14:42:29, now date: 2026-04-14 12:17:57
DEBUG - 2026-04-14 12:17:57 --> Teacher construct - Subscription still valid: subscription_end (2026-05-13 14:42:29) >= now (2026-04-14 12:17:57)
DEBUG - 2026-04-14 12:17:57 --> Teacher construct - Access allowed for method 'GET' (no blocking conditions)
DEBUG - 2026-04-14 12:17:57 --> Total exams not yet taken calculated for school_id 93: 0
INFO - 2026-04-14 12:18:02 --> CSRF token verified.
DEBUG - 2026-04-14 12:18:02 --> Session: Class initialized using 'CodeIgniter\Session\Handlers\FileHandler' driver.
DEBUG - 2026-04-14 12:18:02 --> Teacher construct - is_teacher: true, school_id: 93, method: POST
DEBUG - 2026-04-14 12:18:02 --> Teacher construct - school_id: 93, is_paid: 1, subscription_end: 1778679749, now: 1776165482
DEBUG - 2026-04-14 12:18:02 --> Teacher construct - subscription_end date: 2026-05-13 14:42:29, now date: 2026-04-14 12:18:02
DEBUG - 2026-04-14 12:18:02 --> Teacher construct - Subscription still valid: subscription_end (2026-05-13 14:42:29) >= now (2026-04-14 12:18:02)
DEBUG - 2026-04-14 12:18:02 --> Teacher construct - Access allowed for method 'POST' (no blocking conditions)
INFO - 2026-04-14 12:18:03 --> CSRF token verified.
DEBUG - 2026-04-14 12:18:03 --> Session: Class initialized using 'CodeIgniter\Session\Handlers\FileHandler' driver.
DEBUG - 2026-04-14 12:18:03 --> Teacher construct - is_teacher: true, school_id: 93, method: POST
DEBUG - 2026-04-14 12:18:03 --> Teacher construct - school_id: 93, is_paid: 1, subscription_end: 1778679749, now: 1776165483
DEBUG - 2026-04-14 12:18:03 --> Teacher construct - subscription_end date: 2026-05-13 14:42:29, now date: 2026-04-14 12:18:03
DEBUG - 2026-04-14 12:18:03 --> Teacher construct - Subscription still valid: subscription_end (2026-05-13 14:42:29) >= now (2026-04-14 12:18:03)
DEBUG - 2026-04-14 12:18:03 --> Teacher construct - Access allowed for method 'POST' (no blocking conditions)
DEBUG - 2026-04-14 12:26:17 --> Session: Class initialized using 'CodeIgniter\Session\Handlers\FileHandler' driver.
DEBUG - 2026-04-14 12:26:17 --> Teacher construct - is_teacher: true, school_id: 93, method: GET
DEBUG - 2026-04-14 12:26:17 --> Teacher construct - school_id: 93, is_paid: 1, subscription_end: 1778679749, now: 1776165977
DEBUG - 2026-04-14 12:26:17 --> Teacher construct - subscription_end date: 2026-05-13 14:42:29, now date: 2026-04-14 12:26:17
DEBUG - 2026-04-14 12:26:17 --> Teacher construct - Subscription still valid: subscription_end (2026-05-13 14:42:29) >= now (2026-04-14 12:26:17)
DEBUG - 2026-04-14 12:26:17 --> Teacher construct - Access allowed for method 'GET' (no blocking conditions)
DEBUG - 2026-04-14 12:26:17 --> Total exams not yet taken calculated for school_id 93: 0
INFO - 2026-04-14 12:26:21 --> CSRF token verified.
DEBUG - 2026-04-14 12:26:21 --> Session: Class initialized using 'CodeIgniter\Session\Handlers\FileHandler' driver.
DEBUG - 2026-04-14 12:26:21 --> Teacher construct - is_teacher: true, school_id: 93, method: POST
DEBUG - 2026-04-14 12:26:21 --> Teacher construct - school_id: 93, is_paid: 1, subscription_end: 1778679749, now: 1776165981
DEBUG - 2026-04-14 12:26:21 --> Teacher construct - subscription_end date: 2026-05-13 14:42:29, now date: 2026-04-14 12:26:21
DEBUG - 2026-04-14 12:26:21 --> Teacher construct - Subscription still valid: subscription_end (2026-05-13 14:42:29) >= now (2026-04-14 12:26:21)
DEBUG - 2026-04-14 12:26:21 --> Teacher construct - Access allowed for method 'POST' (no blocking conditions)
INFO - 2026-04-14 12:26:22 --> CSRF token verified.
DEBUG - 2026-04-14 12:26:22 --> Session: Class initialized using 'CodeIgniter\Session\Handlers\FileHandler' driver.
DEBUG - 2026-04-14 12:26:22 --> Teacher construct - is_teacher: true, school_id: 93, method: POST
DEBUG - 2026-04-14 12:26:22 --> Teacher construct - school_id: 93, is_paid: 1, subscription_end: 1778679749, now: 1776165982
DEBUG - 2026-04-14 12:26:22 --> Teacher construct - subscription_end date: 2026-05-13 14:42:29, now date: 2026-04-14 12:26:22
DEBUG - 2026-04-14 12:26:22 --> Teacher construct - Subscription still valid: subscription_end (2026-05-13 14:42:29) >= now (2026-04-14 12:26:22)
DEBUG - 2026-04-14 12:26:22 --> Teacher construct - Access allowed for method 'POST' (no blocking conditions)
INFO - 2026-04-14 12:26:26 --> CSRF token verified.
DEBUG - 2026-04-14 12:26:26 --> Session: Class initialized using 'CodeIgniter\Session\Handlers\FileHandler' driver.
DEBUG - 2026-04-14 12:26:26 --> Teacher construct - is_teacher: true, school_id: 93, method: POST
DEBUG - 2026-04-14 12:26:26 --> Teacher construct - school_id: 93, is_paid: 1, subscription_end: 1778679749, now: 1776165986
DEBUG - 2026-04-14 12:26:26 --> Teacher construct - subscription_end date: 2026-05-13 14:42:29, now date: 2026-04-14 12:26:26
DEBUG - 2026-04-14 12:26:26 --> Teacher construct - Subscription still valid: subscription_end (2026-05-13 14:42:29) >= now (2026-04-14 12:26:26)
DEBUG - 2026-04-14 12:26:26 --> Teacher construct - Access allowed for method 'POST' (no blocking conditions)
INFO - 2026-04-14 12:26:27 --> CSRF token verified.
DEBUG - 2026-04-14 12:26:27 --> Session: Class initialized using 'CodeIgniter\Session\Handlers\FileHandler' driver.
DEBUG - 2026-04-14 12:26:27 --> Teacher construct - is_teacher: true, school_id: 93, method: POST
DEBUG - 2026-04-14 12:26:27 --> Teacher construct - school_id: 93, is_paid: 1, subscription_end: 1778679749, now: 1776165987
DEBUG - 2026-04-14 12:26:27 --> Teacher construct - subscription_end date: 2026-05-13 14:42:29, now date: 2026-04-14 12:26:27
DEBUG - 2026-04-14 12:26:27 --> Teacher construct - Subscription still valid: subscription_end (2026-05-13 14:42:29) >= now (2026-04-14 12:26:27)
DEBUG - 2026-04-14 12:26:27 --> Teacher construct - Access allowed for method 'POST' (no blocking conditions)
INFO - 2026-04-14 12:26:33 --> CSRF token verified.
DEBUG - 2026-04-14 12:26:33 --> Session: Class initialized using 'CodeIgniter\Session\Handlers\FileHandler' driver.
DEBUG - 2026-04-14 12:26:33 --> Teacher construct - is_teacher: true, school_id: 93, method: POST
DEBUG - 2026-04-14 12:26:33 --> Teacher construct - school_id: 93, is_paid: 1, subscription_end: 1778679749, now: 1776165993
DEBUG - 2026-04-14 12:26:33 --> Teacher construct - subscription_end date: 2026-05-13 14:42:29, now date: 2026-04-14 12:26:33
DEBUG - 2026-04-14 12:26:33 --> Teacher construct - Subscription still valid: subscription_end (2026-05-13 14:42:29) >= now (2026-04-14 12:26:33)
DEBUG - 2026-04-14 12:26:33 --> Teacher construct - Access allowed for method 'POST' (no blocking conditions)
INFO - 2026-04-14 12:26:33 --> CSRF token verified.
DEBUG - 2026-04-14 12:26:33 --> Session: Class initialized using 'CodeIgniter\Session\Handlers\FileHandler' driver.
DEBUG - 2026-04-14 12:26:33 --> Teacher construct - is_teacher: true, school_id: 93, method: POST
DEBUG - 2026-04-14 12:26:33 --> Teacher construct - school_id: 93, is_paid: 1, subscription_end: 1778679749, now: 1776165993
DEBUG - 2026-04-14 12:26:33 --> Teacher construct - subscription_end date: 2026-05-13 14:42:29, now date: 2026-04-14 12:26:33
DEBUG - 2026-04-14 12:26:33 --> Teacher construct - Subscription still valid: subscription_end (2026-05-13 14:42:29) >= now (2026-04-14 12:26:33)
DEBUG - 2026-04-14 12:26:33 --> Teacher construct - Access allowed for method 'POST' (no blocking conditions)
DEBUG - 2026-04-14 12:29:53 --> Session: Class initialized using 'CodeIgniter\Session\Handlers\FileHandler' driver.
DEBUG - 2026-04-14 12:29:53 --> Teacher construct - is_teacher: true, school_id: 93, method: GET
DEBUG - 2026-04-14 12:29:53 --> Teacher construct - school_id: 93, is_paid: 1, subscription_end: 1778679749, now: 1776166193
DEBUG - 2026-04-14 12:29:53 --> Teacher construct - subscription_end date: 2026-05-13 14:42:29, now date: 2026-04-14 12:29:53
DEBUG - 2026-04-14 12:29:53 --> Teacher construct - Subscription still valid: subscription_end (2026-05-13 14:42:29) >= now (2026-04-14 12:29:53)
DEBUG - 2026-04-14 12:29:53 --> Teacher construct - Access allowed for method 'GET' (no blocking conditions)
DEBUG - 2026-04-14 12:29:53 --> Total exams not yet taken calculated for school_id 93: 0
INFO - 2026-04-14 12:29:57 --> CSRF token verified.
DEBUG - 2026-04-14 12:29:57 --> Session: Class initialized using 'CodeIgniter\Session\Handlers\FileHandler' driver.
DEBUG - 2026-04-14 12:29:57 --> Teacher construct - is_teacher: true, school_id: 93, method: POST
DEBUG - 2026-04-14 12:29:57 --> Teacher construct - school_id: 93, is_paid: 1, subscription_end: 1778679749, now: 1776166197
DEBUG - 2026-04-14 12:29:57 --> Teacher construct - subscription_end date: 2026-05-13 14:42:29, now date: 2026-04-14 12:29:57
DEBUG - 2026-04-14 12:29:57 --> Teacher construct - Subscription still valid: subscription_end (2026-05-13 14:42:29) >= now (2026-04-14 12:29:57)
DEBUG - 2026-04-14 12:29:57 --> Teacher construct - Access allowed for method 'POST' (no blocking conditions)
INFO - 2026-04-14 12:29:57 --> CSRF token verified.
DEBUG - 2026-04-14 12:29:57 --> Session: Class initialized using 'CodeIgniter\Session\Handlers\FileHandler' driver.
DEBUG - 2026-04-14 12:29:57 --> Teacher construct - is_teacher: true, school_id: 93, method: POST
DEBUG - 2026-04-14 12:29:57 --> Teacher construct - school_id: 93, is_paid: 1, subscription_end: 1778679749, now: 1776166197
DEBUG - 2026-04-14 12:29:57 --> Teacher construct - subscription_end date: 2026-05-13 14:42:29, now date: 2026-04-14 12:29:57
DEBUG - 2026-04-14 12:29:57 --> Teacher construct - Subscription still valid: subscription_end (2026-05-13 14:42:29) >= now (2026-04-14 12:29:57)
DEBUG - 2026-04-14 12:29:57 --> Teacher construct - Access allowed for method 'POST' (no blocking conditions)
INFO - 2026-04-14 12:30:09 --> CSRF token verified.
DEBUG - 2026-04-14 12:30:09 --> Session: Class initialized using 'CodeIgniter\Session\Handlers\FileHandler' driver.
DEBUG - 2026-04-14 12:30:09 --> Teacher construct - is_teacher: true, school_id: 93, method: POST
DEBUG - 2026-04-14 12:30:09 --> Teacher construct - school_id: 93, is_paid: 1, subscription_end: 1778679749, now: 1776166209
DEBUG - 2026-04-14 12:30:09 --> Teacher construct - subscription_end date: 2026-05-13 14:42:29, now date: 2026-04-14 12:30:09
DEBUG - 2026-04-14 12:30:09 --> Teacher construct - Subscription still valid: subscription_end (2026-05-13 14:42:29) >= now (2026-04-14 12:30:09)
DEBUG - 2026-04-14 12:30:09 --> Teacher construct - Access allowed for method 'POST' (no blocking conditions)
INFO - 2026-04-14 12:30:10 --> CSRF token verified.
DEBUG - 2026-04-14 12:30:10 --> Session: Class initialized using 'CodeIgniter\Session\Handlers\FileHandler' driver.
DEBUG - 2026-04-14 12:30:10 --> Teacher construct - is_teacher: true, school_id: 93, method: POST
DEBUG - 2026-04-14 12:30:10 --> Teacher construct - school_id: 93, is_paid: 1, subscription_end: 1778679749, now: 1776166210
DEBUG - 2026-04-14 12:30:10 --> Teacher construct - subscription_end date: 2026-05-13 14:42:29, now date: 2026-04-14 12:30:10
DEBUG - 2026-04-14 12:30:10 --> Teacher construct - Subscription still valid: subscription_end (2026-05-13 14:42:29) >= now (2026-04-14 12:30:10)
DEBUG - 2026-04-14 12:30:10 --> Teacher construct - Access allowed for method 'POST' (no blocking conditions)
DEBUG - 2026-04-14 12:30:20 --> Session: Class initialized using 'CodeIgniter\Session\Handlers\FileHandler' driver.
DEBUG - 2026-04-14 12:30:20 --> Teacher construct - is_teacher: true, school_id: 93, method: GET
DEBUG - 2026-04-14 12:30:20 --> Teacher construct - school_id: 93, is_paid: 1, subscription_end: 1778679749, now: 1776166220
DEBUG - 2026-04-14 12:30:20 --> Teacher construct - subscription_end date: 2026-05-13 14:42:29, now date: 2026-04-14 12:30:20
DEBUG - 2026-04-14 12:30:20 --> Teacher construct - Subscription still valid: subscription_end (2026-05-13 14:42:29) >= now (2026-04-14 12:30:20)
DEBUG - 2026-04-14 12:30:20 --> Teacher construct - Access allowed for method 'GET' (no blocking conditions)
DEBUG - 2026-04-14 12:30:20 --> Total exams not yet taken calculated for school_id 93: 0
INFO - 2026-04-14 12:30:25 --> CSRF token verified.
DEBUG - 2026-04-14 12:30:25 --> Session: Class initialized using 'CodeIgniter\Session\Handlers\FileHandler' driver.
DEBUG - 2026-04-14 12:30:25 --> Teacher construct - is_teacher: true, school_id: 93, method: POST
DEBUG - 2026-04-14 12:30:25 --> Teacher construct - school_id: 93, is_paid: 1, subscription_end: 1778679749, now: 1776166225
DEBUG - 2026-04-14 12:30:25 --> Teacher construct - subscription_end date: 2026-05-13 14:42:29, now date: 2026-04-14 12:30:25
DEBUG - 2026-04-14 12:30:25 --> Teacher construct - Subscription still valid: subscription_end (2026-05-13 14:42:29) >= now (2026-04-14 12:30:25)
DEBUG - 2026-04-14 12:30:25 --> Teacher construct - Access allowed for method 'POST' (no blocking conditions)
INFO - 2026-04-14 12:30:26 --> CSRF token verified.
DEBUG - 2026-04-14 12:30:26 --> Session: Class initialized using 'CodeIgniter\Session\Handlers\FileHandler' driver.
DEBUG - 2026-04-14 12:30:26 --> Teacher construct - is_teacher: true, school_id: 93, method: POST
DEBUG - 2026-04-14 12:30:26 --> Teacher construct - school_id: 93, is_paid: 1, subscription_end: 1778679749, now: 1776166226
DEBUG - 2026-04-14 12:30:26 --> Teacher construct - subscription_end date: 2026-05-13 14:42:29, now date: 2026-04-14 12:30:26
DEBUG - 2026-04-14 12:30:26 --> Teacher construct - Subscription still valid: subscription_end (2026-05-13 14:42:29) >= now (2026-04-14 12:30:26)
DEBUG - 2026-04-14 12:30:26 --> Teacher construct - Access allowed for method 'POST' (no blocking conditions)
DEBUG - 2026-04-14 12:32:53 --> Session: Class initialized using 'CodeIgniter\Session\Handlers\FileHandler' driver.
DEBUG - 2026-04-14 12:32:53 --> Teacher construct - is_teacher: true, school_id: 93, method: GET
DEBUG - 2026-04-14 12:32:53 --> Teacher construct - school_id: 93, is_paid: 1, subscription_end: 1778679749, now: 1776166373
DEBUG - 2026-04-14 12:32:53 --> Teacher construct - subscription_end date: 2026-05-13 14:42:29, now date: 2026-04-14 12:32:53
DEBUG - 2026-04-14 12:32:53 --> Teacher construct - Subscription still valid: subscription_end (2026-05-13 14:42:29) >= now (2026-04-14 12:32:53)
DEBUG - 2026-04-14 12:32:53 --> Teacher construct - Access allowed for method 'GET' (no blocking conditions)
DEBUG - 2026-04-14 12:32:53 --> Total exams not yet taken calculated for school_id 93: 0
INFO - 2026-04-14 12:32:57 --> CSRF token verified.
DEBUG - 2026-04-14 12:32:57 --> Session: Class initialized using 'CodeIgniter\Session\Handlers\FileHandler' driver.
DEBUG - 2026-04-14 12:32:57 --> Teacher construct - is_teacher: true, school_id: 93, method: POST
DEBUG - 2026-04-14 12:32:57 --> Teacher construct - school_id: 93, is_paid: 1, subscription_end: 1778679749, now: 1776166377
DEBUG - 2026-04-14 12:32:57 --> Teacher construct - subscription_end date: 2026-05-13 14:42:29, now date: 2026-04-14 12:32:57
DEBUG - 2026-04-14 12:32:57 --> Teacher construct - Subscription still valid: subscription_end (2026-05-13 14:42:29) >= now (2026-04-14 12:32:57)
DEBUG - 2026-04-14 12:32:57 --> Teacher construct - Access allowed for method 'POST' (no blocking conditions)
INFO - 2026-04-14 12:32:58 --> CSRF token verified.
DEBUG - 2026-04-14 12:32:58 --> Session: Class initialized using 'CodeIgniter\Session\Handlers\FileHandler' driver.
DEBUG - 2026-04-14 12:32:58 --> Teacher construct - is_teacher: true, school_id: 93, method: POST
DEBUG - 2026-04-14 12:32:58 --> Teacher construct - school_id: 93, is_paid: 1, subscription_end: 1778679749, now: 1776166378
DEBUG - 2026-04-14 12:32:58 --> Teacher construct - subscription_end date: 2026-05-13 14:42:29, now date: 2026-04-14 12:32:58
DEBUG - 2026-04-14 12:32:58 --> Teacher construct - Subscription still valid: subscription_end (2026-05-13 14:42:29) >= now (2026-04-14 12:32:58)
DEBUG - 2026-04-14 12:32:58 --> Teacher construct - Access allowed for method 'POST' (no blocking conditions)
INFO - 2026-04-14 12:33:01 --> CSRF token verified.
DEBUG - 2026-04-14 12:33:01 --> Session: Class initialized using 'CodeIgniter\Session\Handlers\FileHandler' driver.
DEBUG - 2026-04-14 12:33:01 --> Teacher construct - is_teacher: true, school_id: 93, method: POST
DEBUG - 2026-04-14 12:33:01 --> Teacher construct - school_id: 93, is_paid: 1, subscription_end: 1778679749, now: 1776166381
DEBUG - 2026-04-14 12:33:01 --> Teacher construct - subscription_end date: 2026-05-13 14:42:29, now date: 2026-04-14 12:33:01
DEBUG - 2026-04-14 12:33:01 --> Teacher construct - Subscription still valid: subscription_end (2026-05-13 14:42:29) >= now (2026-04-14 12:33:01)
DEBUG - 2026-04-14 12:33:01 --> Teacher construct - Access allowed for method 'POST' (no blocking conditions)
INFO - 2026-04-14 12:33:02 --> CSRF token verified.
DEBUG - 2026-04-14 12:33:02 --> Session: Class initialized using 'CodeIgniter\Session\Handlers\FileHandler' driver.
DEBUG - 2026-04-14 12:33:02 --> Teacher construct - is_teacher: true, school_id: 93, method: POST
DEBUG - 2026-04-14 12:33:02 --> Teacher construct - school_id: 93, is_paid: 1, subscription_end: 1778679749, now: 1776166382
DEBUG - 2026-04-14 12:33:02 --> Teacher construct - subscription_end date: 2026-05-13 14:42:29, now date: 2026-04-14 12:33:02
DEBUG - 2026-04-14 12:33:02 --> Teacher construct - Subscription still valid: subscription_end (2026-05-13 14:42:29) >= now (2026-04-14 12:33:02)
DEBUG - 2026-04-14 12:33:02 --> Teacher construct - Access allowed for method 'POST' (no blocking conditions)
DEBUG - 2026-04-14 12:33:06 --> Session: Class initialized using 'CodeIgniter\Session\Handlers\FileHandler' driver.
DEBUG - 2026-04-14 12:33:06 --> Teacher construct - is_teacher: true, school_id: 93, method: GET
DEBUG - 2026-04-14 12:33:06 --> Teacher construct - school_id: 93, is_paid: 1, subscription_end: 1778679749, now: 1776166386
DEBUG - 2026-04-14 12:33:06 --> Teacher construct - subscription_end date: 2026-05-13 14:42:29, now date: 2026-04-14 12:33:06
DEBUG - 2026-04-14 12:33:06 --> Teacher construct - Subscription still valid: subscription_end (2026-05-13 14:42:29) >= now (2026-04-14 12:33:06)
DEBUG - 2026-04-14 12:33:06 --> Teacher construct - Access allowed for method 'GET' (no blocking conditions)
DEBUG - 2026-04-14 12:33:06 --> Total exams not yet taken calculated for school_id 93: 0
DEBUG - 2026-04-14 12:39:33 --> Session: Class initialized using 'CodeIgniter\Session\Handlers\FileHandler' driver.
DEBUG - 2026-04-14 12:39:34 --> Teacher construct - is_teacher: true, school_id: 93, method: GET
DEBUG - 2026-04-14 12:39:34 --> Teacher construct - school_id: 93, is_paid: 1, subscription_end: 1778679749, now: 1776166774
DEBUG - 2026-04-14 12:39:34 --> Teacher construct - subscription_end date: 2026-05-13 14:42:29, now date: 2026-04-14 12:39:34
DEBUG - 2026-04-14 12:39:34 --> Teacher construct - Subscription still valid: subscription_end (2026-05-13 14:42:29) >= now (2026-04-14 12:39:34)
DEBUG - 2026-04-14 12:39:34 --> Teacher construct - Access allowed for method 'GET' (no blocking conditions)
DEBUG - 2026-04-14 12:39:34 --> Total exams not yet taken calculated for school_id 93: 0
DEBUG - 2026-04-14 12:42:12 --> Session: Class initialized using 'CodeIgniter\Session\Handlers\FileHandler' driver.
DEBUG - 2026-04-14 12:42:12 --> Teacher construct - is_teacher: true, school_id: 93, method: GET
DEBUG - 2026-04-14 12:42:12 --> Teacher construct - school_id: 93, is_paid: 1, subscription_end: 1778679749, now: 1776166932
DEBUG - 2026-04-14 12:42:12 --> Teacher construct - subscription_end date: 2026-05-13 14:42:29, now date: 2026-04-14 12:42:12
DEBUG - 2026-04-14 12:42:12 --> Teacher construct - Subscription still valid: subscription_end (2026-05-13 14:42:29) >= now (2026-04-14 12:42:12)
DEBUG - 2026-04-14 12:42:12 --> Teacher construct - Access allowed for method 'GET' (no blocking conditions)
DEBUG - 2026-04-14 12:42:12 --> Total exams not yet taken calculated for school_id 93: 0
DEBUG - 2026-04-14 12:42:12 --> Session: Class initialized using 'CodeIgniter\Session\Handlers\FileHandler' driver.
DEBUG - 2026-04-14 12:42:13 --> Teacher construct - is_teacher: true, school_id: 93, method: GET
DEBUG - 2026-04-14 12:42:13 --> Teacher construct - school_id: 93, is_paid: 1, subscription_end: 1778679749, now: 1776166933
DEBUG - 2026-04-14 12:42:13 --> Teacher construct - subscription_end date: 2026-05-13 14:42:29, now date: 2026-04-14 12:42:13
DEBUG - 2026-04-14 12:42:13 --> Teacher construct - Subscription still valid: subscription_end (2026-05-13 14:42:29) >= now (2026-04-14 12:42:13)
DEBUG - 2026-04-14 12:42:13 --> Teacher construct - Access allowed for method 'GET' (no blocking conditions)
DEBUG - 2026-04-14 12:42:16 --> Session: Class initialized using 'CodeIgniter\Session\Handlers\FileHandler' driver.
DEBUG - 2026-04-14 12:42:18 --> Total exams not yet taken calculated for school_id 93: 0
DEBUG - 2026-04-14 12:42:20 --> Session: Class initialized using 'CodeIgniter\Session\Handlers\FileHandler' driver.
ERROR - 2026-04-14 12:42:20 --> DEBUG_WALL: User 401, Role teacher, Class 133, School 93
DEBUG - 2026-04-14 12:42:21 --> Total exams not yet taken calculated for school_id 93: 0
WARNING - 2026-04-14 12:42:21 --> [DEPRECATED] Creation of dynamic property CodeIgniter\Database\MySQLi\Connection::$db_debug is deprecated in APPPATH\Controllers\api\Wall.php on line 31.
 1 SYSTEMPATH\CodeIgniter.php(922): App\Controllers\api\Wall->initController(Object(CodeIgniter\HTTP\IncomingRequest), Object(CodeIgniter\HTTP\Response), Object(CodeIgniter\Log\Logger))
 2 SYSTEMPATH\CodeIgniter.php(488): CodeIgniter\CodeIgniter->createController()
 3 SYSTEMPATH\CodeIgniter.php(340): CodeIgniter\CodeIgniter->handleRequest(null, Object(Config\Cache), false)
 4 SYSTEMPATH\Boot.php(417): CodeIgniter\CodeIgniter->run()
 5 SYSTEMPATH\Boot.php(68): CodeIgniter\Boot::runCodeIgniter(Object(CodeIgniter\CodeIgniter))
 6 FCPATH\index.php(75): CodeIgniter\Boot::bootWeb(Object(Config\Paths))
DEBUG - 2026-04-14 12:42:21 --> Session: Class initialized using 'CodeIgniter\Session\Handlers\FileHandler' driver.
WARNING - 2026-04-14 12:42:21 --> [DEPRECATED] Creation of dynamic property App\Controllers\api\Wall::$wall_model is deprecated in APPPATH\Libraries\REST_Controller.php on line 146.
 1 APPPATH\Controllers\api\Wall.php(33): App\Libraries\REST_Controller->loadModel('Wall_model', 'wall_model')
 2 SYSTEMPATH\CodeIgniter.php(922): App\Controllers\api\Wall->initController(Object(CodeIgniter\HTTP\IncomingRequest), Object(CodeIgniter\HTTP\Response), Object(CodeIgniter\Log\Logger))
 3 SYSTEMPATH\CodeIgniter.php(488): CodeIgniter\CodeIgniter->createController()
 4 SYSTEMPATH\CodeIgniter.php(340): CodeIgniter\CodeIgniter->handleRequest(null, Object(Config\Cache), false)
 5 SYSTEMPATH\Boot.php(417): CodeIgniter\CodeIgniter->run()
 6 SYSTEMPATH\Boot.php(68): CodeIgniter\Boot::runCodeIgniter(Object(CodeIgniter\CodeIgniter))
 7 FCPATH\index.php(75): CodeIgniter\Boot::bootWeb(Object(Config\Paths))
WARNING - 2026-04-14 12:42:21 --> [DEPRECATED] Creation of dynamic property App\Controllers\api\Wall::$user_model is deprecated in APPPATH\Libraries\REST_Controller.php on line 146.
 1 APPPATH\Controllers\api\Wall.php(34): App\Libraries\REST_Controller->loadModel('User_model', 'user_model')
 2 SYSTEMPATH\CodeIgniter.php(922): App\Controllers\api\Wall->initController(Object(CodeIgniter\HTTP\IncomingRequest), Object(CodeIgniter\HTTP\Response), Object(CodeIgniter\Log\Logger))
 3 SYSTEMPATH\CodeIgniter.php(488): CodeIgniter\CodeIgniter->createController()
 4 SYSTEMPATH\CodeIgniter.php(340): CodeIgniter\CodeIgniter->handleRequest(null, Object(Config\Cache), false)
 5 SYSTEMPATH\Boot.php(417): CodeIgniter\CodeIgniter->run()
 6 SYSTEMPATH\Boot.php(68): CodeIgniter\Boot::runCodeIgniter(Object(CodeIgniter\CodeIgniter))
 7 FCPATH\index.php(75): CodeIgniter\Boot::bootWeb(Object(Config\Paths))
WARNING - 2026-04-14 12:42:21 --> [DEPRECATED] Creation of dynamic property App\Controllers\api\Wall::$wallauthorization is deprecated in APPPATH\Controllers\api\Wall.php on line 35.
 1 SYSTEMPATH\CodeIgniter.php(922): App\Controllers\api\Wall->initController(Object(CodeIgniter\HTTP\IncomingRequest), Object(CodeIgniter\HTTP\Response), Object(CodeIgniter\Log\Logger))
 2 SYSTEMPATH\CodeIgniter.php(488): CodeIgniter\CodeIgniter->createController()
 3 SYSTEMPATH\CodeIgniter.php(340): CodeIgniter\CodeIgniter->handleRequest(null, Object(Config\Cache), false)
 4 SYSTEMPATH\Boot.php(417): CodeIgniter\CodeIgniter->run()
 5 SYSTEMPATH\Boot.php(68): CodeIgniter\Boot::runCodeIgniter(Object(CodeIgniter\CodeIgniter))
 6 FCPATH\index.php(75): CodeIgniter\Boot::bootWeb(Object(Config\Paths))
ERROR - 2026-04-14 12:42:21 --> DEBUG_WALL: Checking auth for class 133 in controller
ERROR - 2026-04-14 12:42:21 --> DEBUG_WALL: User 401, Role teacher, Class 133, School 93
ERROR - 2026-04-14 12:42:21 --> DEBUG_WALL: class_get for Wall ID 8, Include Hidden: No
ERROR - 2026-04-14 12:42:21 --> Wall_model::get_wall_posts Query: SELECT `p`.*, `u`.`name` as `author_name`, `u`.`email` as `author_email`
FROM `posts` `p`
LEFT JOIN `users` `u` ON `u`.`id` = `p`.`author_user_id`
WHERE `p`.`wall_id` = '8'
AND `p`.`deleted_at` IS NULL
AND `p`.`status` = 'published'
ORDER BY `p`.`created_at` DESC
 LIMIT 10
ERROR - 2026-04-14 12:42:22 --> Wall_model::get_wall_posts Result Count: 0
DEBUG - 2026-04-14 12:42:23 --> Session: Class initialized using 'CodeIgniter\Session\Handlers\FileHandler' driver.
DEBUG - 2026-04-14 12:42:24 --> Teacher construct - is_teacher: true, school_id: 93, method: GET
DEBUG - 2026-04-14 12:42:24 --> Teacher construct - school_id: 93, is_paid: 1, subscription_end: 1778679749, now: 1776166944
DEBUG - 2026-04-14 12:42:24 --> Teacher construct - subscription_end date: 2026-05-13 14:42:29, now date: 2026-04-14 12:42:24
DEBUG - 2026-04-14 12:42:24 --> Teacher construct - Subscription still valid: subscription_end (2026-05-13 14:42:29) >= now (2026-04-14 12:42:24)
DEBUG - 2026-04-14 12:42:24 --> Teacher construct - Access allowed for method 'GET' (no blocking conditions)
DEBUG - 2026-04-14 12:42:24 --> Total exams not yet taken calculated for school_id 93: 0
DEBUG - 2026-04-14 12:42:25 --> Session: Class initialized using 'CodeIgniter\Session\Handlers\FileHandler' driver.
DEBUG - 2026-04-14 12:42:25 --> Teacher construct - is_teacher: true, school_id: 93, method: GET
DEBUG - 2026-04-14 12:42:25 --> Teacher construct - school_id: 93, is_paid: 1, subscription_end: 1778679749, now: 1776166945
DEBUG - 2026-04-14 12:42:25 --> Teacher construct - subscription_end date: 2026-05-13 14:42:29, now date: 2026-04-14 12:42:25
DEBUG - 2026-04-14 12:42:25 --> Teacher construct - Subscription still valid: subscription_end (2026-05-13 14:42:29) >= now (2026-04-14 12:42:25)
DEBUG - 2026-04-14 12:42:25 --> Teacher construct - Access allowed for method 'GET' (no blocking conditions)
ERROR - 2026-04-14 12:42:25 --> TEACHER get_events() called - teacher_login: 1
ERROR - 2026-04-14 12:42:25 --> TEACHER get_events() - user_id: 401
ERROR - 2026-04-14 12:42:25 --> TEACHER get_events() - role: teacher
DEBUG - 2026-04-14 12:42:27 --> Session: Class initialized using 'CodeIgniter\Session\Handlers\FileHandler' driver.
DEBUG - 2026-04-14 12:42:28 --> Teacher construct - is_teacher: true, school_id: 93, method: GET
DEBUG - 2026-04-14 12:42:28 --> Teacher construct - school_id: 93, is_paid: 1, subscription_end: 1778679749, now: 1776166948
DEBUG - 2026-04-14 12:42:28 --> Teacher construct - subscription_end date: 2026-05-13 14:42:29, now date: 2026-04-14 12:42:28
DEBUG - 2026-04-14 12:42:28 --> Teacher construct - Subscription still valid: subscription_end (2026-05-13 14:42:29) >= now (2026-04-14 12:42:28)
DEBUG - 2026-04-14 12:42:28 --> Teacher construct - Access allowed for method 'GET' (no blocking conditions)
DEBUG - 2026-04-14 12:42:28 --> Session: Class initialized using 'CodeIgniter\Session\Handlers\FileHandler' driver.
DEBUG - 2026-04-14 12:42:28 --> Teacher construct - is_teacher: true, school_id: 93, method: GET
DEBUG - 2026-04-14 12:42:28 --> Teacher construct - school_id: 93, is_paid: 1, subscription_end: 1778679749, now: 1776166948
DEBUG - 2026-04-14 12:42:28 --> Teacher construct - subscription_end date: 2026-05-13 14:42:29, now date: 2026-04-14 12:42:28
DEBUG - 2026-04-14 12:42:28 --> Teacher construct - Subscription still valid: subscription_end (2026-05-13 14:42:29) >= now (2026-04-14 12:42:28)
DEBUG - 2026-04-14 12:42:28 --> Teacher construct - Access allowed for method 'GET' (no blocking conditions)
ERROR - 2026-04-14 12:42:28 --> TEACHER get_events() called - teacher_login: 1
ERROR - 2026-04-14 12:42:28 --> TEACHER get_events() - user_id: 401
ERROR - 2026-04-14 12:42:28 --> TEACHER get_events() - role: teacher
DEBUG - 2026-04-14 12:42:28 --> Session: Class initialized using 'CodeIgniter\Session\Handlers\FileHandler' driver.
DEBUG - 2026-04-14 12:42:28 --> Teacher construct - is_teacher: true, school_id: 93, method: GET
DEBUG - 2026-04-14 12:42:28 --> Teacher construct - school_id: 93, is_paid: 1, subscription_end: 1778679749, now: 1776166948
DEBUG - 2026-04-14 12:42:28 --> Teacher construct - subscription_end date: 2026-05-13 14:42:29, now date: 2026-04-14 12:42:28
DEBUG - 2026-04-14 12:42:28 --> Teacher construct - Subscription still valid: subscription_end (2026-05-13 14:42:29) >= now (2026-04-14 12:42:28)
DEBUG - 2026-04-14 12:42:28 --> Teacher construct - Access allowed for method 'GET' (no blocking conditions)
DEBUG - 2026-04-14 12:42:28 --> Session: Class initialized using 'CodeIgniter\Session\Handlers\FileHandler' driver.
DEBUG - 2026-04-14 12:42:28 --> Teacher construct - is_teacher: true, school_id: 93, method: GET
DEBUG - 2026-04-14 12:42:28 --> Teacher construct - school_id: 93, is_paid: 1, subscription_end: 1778679749, now: 1776166948
DEBUG - 2026-04-14 12:42:28 --> Teacher construct - subscription_end date: 2026-05-13 14:42:29, now date: 2026-04-14 12:42:28
DEBUG - 2026-04-14 12:42:28 --> Teacher construct - Subscription still valid: subscription_end (2026-05-13 14:42:29) >= now (2026-04-14 12:42:28)
DEBUG - 2026-04-14 12:42:28 --> Teacher construct - Access allowed for method 'GET' (no blocking conditions)
ERROR - 2026-04-14 12:42:28 --> TEACHER get_events() called - teacher_login: 1
ERROR - 2026-04-14 12:42:28 --> TEACHER get_events() - user_id: 401
ERROR - 2026-04-14 12:42:28 --> TEACHER get_events() - role: teacher
DEBUG - 2026-04-14 12:42:30 --> Session: Class initialized using 'CodeIgniter\Session\Handlers\FileHandler' driver.
DEBUG - 2026-04-14 12:42:30 --> Teacher construct - is_teacher: true, school_id: 93, method: GET
DEBUG - 2026-04-14 12:42:30 --> Teacher construct - school_id: 93, is_paid: 1, subscription_end: 1778679749, now: 1776166950
DEBUG - 2026-04-14 12:42:30 --> Teacher construct - subscription_end date: 2026-05-13 14:42:29, now date: 2026-04-14 12:42:30
DEBUG - 2026-04-14 12:42:30 --> Teacher construct - Subscription still valid: subscription_end (2026-05-13 14:42:29) >= now (2026-04-14 12:42:30)
DEBUG - 2026-04-14 12:42:30 --> Teacher construct - Access allowed for method 'GET' (no blocking conditions)
ERROR - 2026-04-14 12:42:30 --> TEACHER get_events() called - teacher_login: 1
ERROR - 2026-04-14 12:42:30 --> TEACHER get_events() - user_id: 401
ERROR - 2026-04-14 12:42:30 --> TEACHER get_events() - role: teacher
INFO - 2026-04-14 12:42:30 --> CSRF token verified.
DEBUG - 2026-04-14 12:42:30 --> Session: Class initialized using 'CodeIgniter\Session\Handlers\FileHandler' driver.
INFO - 2026-04-14 12:42:30 --> CSRF token verified.
INFO - 2026-04-14 12:42:30 --> CSRF token verified.
DEBUG - 2026-04-14 12:42:30 --> Teacher construct - is_teacher: true, school_id: 93, method: POST
DEBUG - 2026-04-14 12:42:30 --> Teacher construct - school_id: 93, is_paid: 1, subscription_end: 1778679749, now: 1776166950
DEBUG - 2026-04-14 12:42:30 --> Teacher construct - subscription_end date: 2026-05-13 14:42:29, now date: 2026-04-14 12:42:30
DEBUG - 2026-04-14 12:42:30 --> Teacher construct - Subscription still valid: subscription_end (2026-05-13 14:42:29) >= now (2026-04-14 12:42:30)
DEBUG - 2026-04-14 12:42:30 --> Teacher construct - Access allowed for method 'POST' (no blocking conditions)
WARNING - 2026-04-14 12:42:30 --> [DEPRECATED] json_decode(): Passing null to parameter #1 ($json) of type string is deprecated in APPPATH\Controllers\Teacher.php on line 4493.
 1 APPPATH\Controllers\Teacher.php(4493): json_decode(null, true)
 2 APPPATH\Controllers\Teacher.php(3036): App\Controllers\Teacher->get_school_data()
 3 APPPATH\Config\Routes.php(575): App\Controllers\Teacher->calendar('get_school_data')
 4 APPPATH\Config\Routes.php(587): CodeIgniter\Router\RouteCollection::{closure}('calendar/get_school_data')
 5 SYSTEMPATH\CodeIgniter.php(872): CodeIgniter\Router\RouteCollection::{closure}('calendar/get_school_data')
 6 SYSTEMPATH\CodeIgniter.php(480): CodeIgniter\CodeIgniter->startController()
 7 SYSTEMPATH\CodeIgniter.php(340): CodeIgniter\CodeIgniter->handleRequest(null, Object(Config\Cache), false)
 8 SYSTEMPATH\Boot.php(417): CodeIgniter\CodeIgniter->run()
 9 SYSTEMPATH\Boot.php(68): CodeIgniter\Boot::runCodeIgniter(Object(CodeIgniter\CodeIgniter))
10 FCPATH\index.php(75): CodeIgniter\Boot::bootWeb(Object(Config\Paths))
DEBUG - 2026-04-14 12:42:30 --> Session: Class initialized using 'CodeIgniter\Session\Handlers\FileHandler' driver.
DEBUG - 2026-04-14 12:42:30 --> Teacher construct - is_teacher: true, school_id: 93, method: POST
DEBUG - 2026-04-14 12:42:30 --> Teacher construct - school_id: 93, is_paid: 1, subscription_end: 1778679749, now: 1776166950
DEBUG - 2026-04-14 12:42:30 --> Teacher construct - subscription_end date: 2026-05-13 14:42:29, now date: 2026-04-14 12:42:30
DEBUG - 2026-04-14 12:42:30 --> Teacher construct - Subscription still valid: subscription_end (2026-05-13 14:42:29) >= now (2026-04-14 12:42:30)
DEBUG - 2026-04-14 12:42:30 --> Teacher construct - Access allowed for method 'POST' (no blocking conditions)
DEBUG - 2026-04-14 12:42:30 --> Session: Class initialized using 'CodeIgniter\Session\Handlers\FileHandler' driver.
DEBUG - 2026-04-14 12:42:30 --> Teacher construct - is_teacher: true, school_id: 93, method: POST
DEBUG - 2026-04-14 12:42:30 --> Teacher construct - school_id: 93, is_paid: 1, subscription_end: 1778679749, now: 1776166950
DEBUG - 2026-04-14 12:42:30 --> Teacher construct - subscription_end date: 2026-05-13 14:42:29, now date: 2026-04-14 12:42:30
DEBUG - 2026-04-14 12:42:30 --> Teacher construct - Subscription still valid: subscription_end (2026-05-13 14:42:29) >= now (2026-04-14 12:42:30)
DEBUG - 2026-04-14 12:42:30 --> Teacher construct - Access allowed for method 'POST' (no blocking conditions)
WARNING - 2026-04-14 12:42:30 --> [DEPRECATED] json_decode(): Passing null to parameter #1 ($json) of type string is deprecated in APPPATH\Controllers\Teacher.php on line 4493.
 1 APPPATH\Controllers\Teacher.php(4493): json_decode(null, true)
 2 APPPATH\Controllers\Teacher.php(3036): App\Controllers\Teacher->get_school_data()
 3 APPPATH\Config\Routes.php(575): App\Controllers\Teacher->calendar('get_school_data')
 4 APPPATH\Config\Routes.php(587): CodeIgniter\Router\RouteCollection::{closure}('calendar/get_school_data')
 5 SYSTEMPATH\CodeIgniter.php(872): CodeIgniter\Router\RouteCollection::{closure}('calendar/get_school_data')
 6 SYSTEMPATH\CodeIgniter.php(480): CodeIgniter\CodeIgniter->startController()
 7 SYSTEMPATH\CodeIgniter.php(340): CodeIgniter\CodeIgniter->handleRequest(null, Object(Config\Cache), false)
 8 SYSTEMPATH\Boot.php(417): CodeIgniter\CodeIgniter->run()
 9 SYSTEMPATH\Boot.php(68): CodeIgniter\Boot::runCodeIgniter(Object(CodeIgniter\CodeIgniter))
10 FCPATH\index.php(75): CodeIgniter\Boot::bootWeb(Object(Config\Paths))
DEBUG - 2026-04-14 12:42:32 --> Session: Class initialized using 'CodeIgniter\Session\Handlers\FileHandler' driver.
DEBUG - 2026-04-14 12:42:32 --> Teacher construct - is_teacher: true, school_id: 93, method: GET
DEBUG - 2026-04-14 12:42:32 --> Teacher construct - school_id: 93, is_paid: 1, subscription_end: 1778679749, now: 1776166952
DEBUG - 2026-04-14 12:42:32 --> Teacher construct - subscription_end date: 2026-05-13 14:42:29, now date: 2026-04-14 12:42:32
DEBUG - 2026-04-14 12:42:32 --> Teacher construct - Subscription still valid: subscription_end (2026-05-13 14:42:29) >= now (2026-04-14 12:42:32)
DEBUG - 2026-04-14 12:42:32 --> Teacher construct - Access allowed for method 'GET' (no blocking conditions)
ERROR - 2026-04-14 12:42:32 --> TEACHER get_events() called - teacher_login: 1
ERROR - 2026-04-14 12:42:32 --> TEACHER get_events() - user_id: 401
ERROR - 2026-04-14 12:42:32 --> TEACHER get_events() - role: teacher
INFO - 2026-04-14 12:42:32 --> CSRF token verified.
DEBUG - 2026-04-14 12:42:32 --> Session: Class initialized using 'CodeIgniter\Session\Handlers\FileHandler' driver.
DEBUG - 2026-04-14 12:42:33 --> Teacher construct - is_teacher: true, school_id: 93, method: POST
DEBUG - 2026-04-14 12:42:33 --> Teacher construct - school_id: 93, is_paid: 1, subscription_end: 1778679749, now: 1776166953
DEBUG - 2026-04-14 12:42:33 --> Teacher construct - subscription_end date: 2026-05-13 14:42:29, now date: 2026-04-14 12:42:33
DEBUG - 2026-04-14 12:42:33 --> Teacher construct - Subscription still valid: subscription_end (2026-05-13 14:42:29) >= now (2026-04-14 12:42:33)
DEBUG - 2026-04-14 12:42:33 --> Teacher construct - Access allowed for method 'POST' (no blocking conditions)
DEBUG - 2026-04-14 12:42:35 --> Session: Class initialized using 'CodeIgniter\Session\Handlers\FileHandler' driver.
DEBUG - 2026-04-14 12:42:35 --> Teacher construct - is_teacher: true, school_id: 93, method: GET
DEBUG - 2026-04-14 12:42:35 --> Teacher construct - school_id: 93, is_paid: 1, subscription_end: 1778679749, now: 1776166955
DEBUG - 2026-04-14 12:42:35 --> Teacher construct - subscription_end date: 2026-05-13 14:42:29, now date: 2026-04-14 12:42:35
DEBUG - 2026-04-14 12:42:35 --> Teacher construct - Subscription still valid: subscription_end (2026-05-13 14:42:29) >= now (2026-04-14 12:42:35)
DEBUG - 2026-04-14 12:42:35 --> Teacher construct - Access allowed for method 'GET' (no blocking conditions)
ERROR - 2026-04-14 12:42:35 --> TEACHER get_events() called - teacher_login: 1
ERROR - 2026-04-14 12:42:35 --> TEACHER get_events() - user_id: 401
ERROR - 2026-04-14 12:42:35 --> TEACHER get_events() - role: teacher
DEBUG - 2026-04-14 14:48:29 --> Session: Class initialized using 'CodeIgniter\Session\Handlers\FileHandler' driver.
DEBUG - 2026-04-14 15:03:28 --> Session: Class initialized using 'CodeIgniter\Session\Handlers\FileHandler' driver.
INFO - 2026-04-14 15:03:45 --> CSRF token verified.
DEBUG - 2026-04-14 15:03:45 --> Session: Class initialized using 'CodeIgniter\Session\Handlers\FileHandler' driver.
INFO - 2026-04-14 15:03:45 --> Successful login - Email: olaola55@gmail.com, IP: ::1, Role: teacher
INFO - 2026-04-14 15:03:46 --> CSRF token verified.
DEBUG - 2026-04-14 15:03:46 --> Session: Class initialized using 'CodeIgniter\Session\Handlers\FileHandler' driver.
INFO - 2026-04-14 15:03:46 --> Successful login - Email: olaola55@gmail.com, IP: ::1, Role: teacher
DEBUG - 2026-04-14 15:03:46 --> Session: Class initialized using 'CodeIgniter\Session\Handlers\FileHandler' driver.
DEBUG - 2026-04-14 15:03:46 --> Teacher construct - is_teacher: true, school_id: 93, method: GET
DEBUG - 2026-04-14 15:03:46 --> Teacher construct - school_id: 93, is_paid: 1, subscription_end: 1778679749, now: 1776175426
DEBUG - 2026-04-14 15:03:46 --> Teacher construct - subscription_end date: 2026-05-13 14:42:29, now date: 2026-04-14 15:03:46
DEBUG - 2026-04-14 15:03:46 --> Teacher construct - Subscription still valid: subscription_end (2026-05-13 14:42:29) >= now (2026-04-14 15:03:46)
DEBUG - 2026-04-14 15:03:46 --> Teacher construct - Access allowed for method 'GET' (no blocking conditions)
DEBUG - 2026-04-14 15:03:47 --> Total exams not yet taken calculated for school_id 93: 0
ERROR - 2026-04-14 15:03:47 --> Table 'wayo_db.events' doesn't exist
in SYSTEMPATH\Database\MySQLi\Connection.php on line 300.
 1 SYSTEMPATH\Database\MySQLi\Connection.php(300): mysqli->query('SELECT *
FROM `events`
WHERE `school_id` = \'93\'
AND `date` >= \'2026-04-01\'
AND `date` <= \'2026-04-30\'', 0)
 2 SYSTEMPATH\Database\BaseConnection.php(910): CodeIgniter\Database\MySQLi\Connection->execute('SELECT *
FROM `events`
WHERE `school_id` = \'93\'
AND `date` >= \'2026-04-01\'
AND `date` <= \'2026-04-30\'')
 3 SYSTEMPATH\Database\BaseConnection.php(827): CodeIgniter\Database\BaseConnection->simpleQuery('SELECT *
FROM `events`
WHERE `school_id` = \'93\'
AND `date` >= \'2026-04-01\'
AND `date` <= \'2026-04-30\'')
 4 SYSTEMPATH\Database\BaseBuilder.php(1649): CodeIgniter\Database\BaseConnection->query('SELECT *
FROM `events`
WHERE `school_id` = :school_id:
AND `date` >= :date:
AND `date` <= :date.1:', [...], false)
 5 APPPATH\Models\Crud_model.php(431): CodeIgniter\Database\BaseBuilder->get()
 6 APPPATH\Views\backend\teacher\dashboard\index.php(592): App\Models\Crud_model->get_current_month_events()
 7 APPPATH\Views\backend\index.php(147): include('C:\\xampp\\htdocs\\Wayo\\app\\Views\\backend\\teacher\\dashboard\\index.php')
 8 SYSTEMPATH\View\View.php(240): include('C:\\xampp\\htdocs\\Wayo\\app\\Views\\backend\\index.php')
 9 SYSTEMPATH\View\View.php(243): CodeIgniter\View\View->CodeIgniter\View\{closure}()
10 APPPATH\View\View.php(357): CodeIgniter\View\View->render('backend/index', [], true)
11 SYSTEMPATH\Common.php(1250): App\View\View->render('backend/index', [], true)
12 APPPATH\Controllers\Teacher.php(164): view('backend/index', [...])
13 APPPATH\Config\Routes.php(341): App\Controllers\Teacher->dashboard()
14 SYSTEMPATH\CodeIgniter.php(872): CodeIgniter\Router\RouteCollection::{closure}()
15 SYSTEMPATH\CodeIgniter.php(480): CodeIgniter\CodeIgniter->startController()
16 SYSTEMPATH\CodeIgniter.php(340): CodeIgniter\CodeIgniter->handleRequest(null, Object(Config\Cache), false)
17 SYSTEMPATH\Boot.php(417): CodeIgniter\CodeIgniter->run()
18 SYSTEMPATH\Boot.php(68): CodeIgniter\Boot::runCodeIgniter(Object(CodeIgniter\CodeIgniter))
19 FCPATH\index.php(75): CodeIgniter\Boot::bootWeb(Object(Config\Paths))
CRITICAL - 2026-04-14 15:03:57 --> Error: Cannot call constructor
[Method: GET, Route: app/chat]
in APPPATH\Controllers\Chat.php on line 13.
 1 SYSTEMPATH\CodeIgniter.php(921): App\Controllers\Chat->__construct()
 2 SYSTEMPATH\CodeIgniter.php(488): CodeIgniter\CodeIgniter->createController()
 3 SYSTEMPATH\CodeIgniter.php(340): CodeIgniter\CodeIgniter->handleRequest(null, Object(Config\Cache), false)
 4 SYSTEMPATH\Boot.php(417): CodeIgniter\CodeIgniter->run()
 5 SYSTEMPATH\Boot.php(68): CodeIgniter\Boot::runCodeIgniter(Object(CodeIgniter\CodeIgniter))
 6 FCPATH\index.php(75): CodeIgniter\Boot::bootWeb(Object(Config\Paths))
DEBUG - 2026-04-14 15:05:12 --> Session: Class initialized using 'CodeIgniter\Session\Handlers\FileHandler' driver.
CRITICAL - 2026-04-14 15:05:12 --> Error: Class "App\Controllers\TokenHandler" not found
[Method: GET, Route: app/chat]
in APPPATH\Controllers\Chat.php on line 33.
 1 SYSTEMPATH\CodeIgniter.php(921): App\Controllers\Chat->__construct()
 2 SYSTEMPATH\CodeIgniter.php(488): CodeIgniter\CodeIgniter->createController()
 3 SYSTEMPATH\CodeIgniter.php(340): CodeIgniter\CodeIgniter->handleRequest(null, Object(Config\Cache), false)
 4 SYSTEMPATH\Boot.php(417): CodeIgniter\CodeIgniter->run()
 5 SYSTEMPATH\Boot.php(68): CodeIgniter\Boot::runCodeIgniter(Object(CodeIgniter\CodeIgniter))
 6 FCPATH\index.php(75): CodeIgniter\Boot::bootWeb(Object(Config\Paths))
DEBUG - 2026-04-14 15:06:43 --> Session: Class initialized using 'CodeIgniter\Session\Handlers\FileHandler' driver.
DEBUG - 2026-04-14 15:06:44 --> Total exams not yet taken calculated for school_id 93: 0
DEBUG - 2026-04-14 15:07:00 --> Session: Class initialized using 'CodeIgniter\Session\Handlers\FileHandler' driver.
DEBUG - 2026-04-14 15:07:00 --> Teacher construct - is_teacher: true, school_id: 93, method: GET
DEBUG - 2026-04-14 15:07:00 --> Teacher construct - school_id: 93, is_paid: 1, subscription_end: 1778679749, now: 1776175620
DEBUG - 2026-04-14 15:07:00 --> Teacher construct - subscription_end date: 2026-05-13 14:42:29, now date: 2026-04-14 15:07:00
DEBUG - 2026-04-14 15:07:00 --> Teacher construct - Subscription still valid: subscription_end (2026-05-13 14:42:29) >= now (2026-04-14 15:07:00)
DEBUG - 2026-04-14 15:07:00 --> Teacher construct - Access allowed for method 'GET' (no blocking conditions)
DEBUG - 2026-04-14 15:07:01 --> Total exams not yet taken calculated for school_id 93: 0
ERROR - 2026-04-14 15:07:01 --> Table 'wayo_db.events' doesn't exist
in SYSTEMPATH\Database\MySQLi\Connection.php on line 300.
 1 SYSTEMPATH\Database\MySQLi\Connection.php(300): mysqli->query('SELECT *
FROM `events`
WHERE `school_id` = \'93\'
AND `date` >= \'2026-04-01\'
AND `date` <= \'2026-04-30\'', 0)
 2 SYSTEMPATH\Database\BaseConnection.php(910): CodeIgniter\Database\MySQLi\Connection->execute('SELECT *
FROM `events`
WHERE `school_id` = \'93\'
AND `date` >= \'2026-04-01\'
AND `date` <= \'2026-04-30\'')
 3 SYSTEMPATH\Database\BaseConnection.php(827): CodeIgniter\Database\BaseConnection->simpleQuery('SELECT *
FROM `events`
WHERE `school_id` = \'93\'
AND `date` >= \'2026-04-01\'
AND `date` <= \'2026-04-30\'')
 4 SYSTEMPATH\Database\BaseBuilder.php(1649): CodeIgniter\Database\BaseConnection->query('SELECT *
FROM `events`
WHERE `school_id` = :school_id:
AND `date` >= :date:
AND `date` <= :date.1:', [...], false)
 5 APPPATH\Models\Crud_model.php(431): CodeIgniter\Database\BaseBuilder->get()
 6 APPPATH\Views\backend\teacher\dashboard\index.php(592): App\Models\Crud_model->get_current_month_events()
 7 APPPATH\Views\backend\index.php(147): include('C:\\xampp\\htdocs\\Wayo\\app\\Views\\backend\\teacher\\dashboard\\index.php')
 8 SYSTEMPATH\View\View.php(240): include('C:\\xampp\\htdocs\\Wayo\\app\\Views\\backend\\index.php')
 9 SYSTEMPATH\View\View.php(243): CodeIgniter\View\View->CodeIgniter\View\{closure}()
10 APPPATH\View\View.php(357): CodeIgniter\View\View->render('backend/index', [], true)
11 SYSTEMPATH\Common.php(1250): App\View\View->render('backend/index', [], true)
12 APPPATH\Controllers\Teacher.php(164): view('backend/index', [...])
13 APPPATH\Config\Routes.php(341): App\Controllers\Teacher->dashboard()
14 SYSTEMPATH\CodeIgniter.php(872): CodeIgniter\Router\RouteCollection::{closure}()
15 SYSTEMPATH\CodeIgniter.php(480): CodeIgniter\CodeIgniter->startController()
16 SYSTEMPATH\CodeIgniter.php(340): CodeIgniter\CodeIgniter->handleRequest(null, Object(Config\Cache), false)
17 SYSTEMPATH\Boot.php(417): CodeIgniter\CodeIgniter->run()
18 SYSTEMPATH\Boot.php(68): CodeIgniter\Boot::runCodeIgniter(Object(CodeIgniter\CodeIgniter))
19 FCPATH\index.php(75): CodeIgniter\Boot::bootWeb(Object(Config\Paths))
DEBUG - 2026-04-14 15:07:16 --> Session: Class initialized using 'CodeIgniter\Session\Handlers\FileHandler' driver.
DEBUG - 2026-04-14 15:07:16 --> Total exams not yet taken calculated for school_id 93: 0
DEBUG - 2026-04-14 15:07:24 --> Session: Class initialized using 'CodeIgniter\Session\Handlers\FileHandler' driver.
INFO - 2026-04-14 15:07:25 --> CSRF token verified.
DEBUG - 2026-04-14 15:07:25 --> Session: Class initialized using 'CodeIgniter\Session\Handlers\FileHandler' driver.
DEBUG - 2026-04-14 15:07:25 --> Session: Class initialized using 'CodeIgniter\Session\Handlers\FileHandler' driver.
DEBUG - 2026-04-14 15:07:26 --> Total exams not yet taken calculated for school_id 113: 0
ERROR - 2026-04-14 15:07:26 --> Table 'wayo_db.events' doesn't exist
in SYSTEMPATH\Database\MySQLi\Connection.php on line 300.
 1 SYSTEMPATH\Database\MySQLi\Connection.php(300): mysqli->query('SELECT *
FROM `events`
WHERE `school_id` = \'113\'
AND `date` >= \'2026-04-01\'
AND `date` <= \'2026-04-30\'', 0)
 2 SYSTEMPATH\Database\BaseConnection.php(910): CodeIgniter\Database\MySQLi\Connection->execute('SELECT *
FROM `events`
WHERE `school_id` = \'113\'
AND `date` >= \'2026-04-01\'
AND `date` <= \'2026-04-30\'')
 3 SYSTEMPATH\Database\BaseConnection.php(827): CodeIgniter\Database\BaseConnection->simpleQuery('SELECT *
FROM `events`
WHERE `school_id` = \'113\'
AND `date` >= \'2026-04-01\'
AND `date` <= \'2026-04-30\'')
 4 SYSTEMPATH\Database\BaseBuilder.php(1649): CodeIgniter\Database\BaseConnection->query('SELECT *
FROM `events`
WHERE `school_id` = :school_id:
AND `date` >= :date:
AND `date` <= :date.1:', [...], false)
 5 APPPATH\Models\Crud_model.php(431): CodeIgniter\Database\BaseBuilder->get()
 6 APPPATH\Views\backend\admin\dashboard\index.php(681): App\Models\Crud_model->get_current_month_events()
 7 APPPATH\Views\backend\index.php(147): include('C:\\xampp\\htdocs\\Wayo\\app\\Views\\backend\\admin\\dashboard\\index.php')
 8 SYSTEMPATH\View\View.php(240): include('C:\\xampp\\htdocs\\Wayo\\app\\Views\\backend\\index.php')
 9 SYSTEMPATH\View\View.php(243): CodeIgniter\View\View->CodeIgniter\View\{closure}()
10 APPPATH\View\View.php(357): CodeIgniter\View\View->render('backend/index', [], true)
11 SYSTEMPATH\Common.php(1250): App\View\View->render('backend/index', [], true)
12 APPPATH\Controllers\Admin.php(108): view('backend/index', [...])
13 APPPATH\Config\Routes.php(341): App\Controllers\Admin->dashboard()
14 SYSTEMPATH\CodeIgniter.php(872): CodeIgniter\Router\RouteCollection::{closure}()
15 SYSTEMPATH\CodeIgniter.php(480): CodeIgniter\CodeIgniter->startController()
16 SYSTEMPATH\CodeIgniter.php(340): CodeIgniter\CodeIgniter->handleRequest(null, Object(Config\Cache), false)
17 SYSTEMPATH\Boot.php(417): CodeIgniter\CodeIgniter->run()
18 SYSTEMPATH\Boot.php(68): CodeIgniter\Boot::runCodeIgniter(Object(CodeIgniter\CodeIgniter))
19 FCPATH\index.php(75): CodeIgniter\Boot::bootWeb(Object(Config\Paths))
ERROR - 2026-04-14 15:07:26 --> Table 'wayo_db.events' doesn't exist
in SYSTEMPATH\Database\MySQLi\Connection.php on line 300.
 1 SYSTEMPATH\Database\MySQLi\Connection.php(300): mysqli->query('SELECT *
FROM `events`
WHERE `school_id` = \'113\'
AND `date` >= \'2026-04-01\'
AND `date` <= \'2026-04-30\'', 0)
 2 SYSTEMPATH\Database\BaseConnection.php(910): CodeIgniter\Database\MySQLi\Connection->execute('SELECT *
FROM `events`
WHERE `school_id` = \'113\'
AND `date` >= \'2026-04-01\'
AND `date` <= \'2026-04-30\'')
 3 SYSTEMPATH\Database\BaseConnection.php(827): CodeIgniter\Database\BaseConnection->simpleQuery('SELECT *
FROM `events`
WHERE `school_id` = \'113\'
AND `date` >= \'2026-04-01\'
AND `date` <= \'2026-04-30\'')
 4 SYSTEMPATH\Database\BaseBuilder.php(1649): CodeIgniter\Database\BaseConnection->query('SELECT *
FROM `events`
WHERE `school_id` = :school_id:
AND `date` >= :date:
AND `date` <= :date.1:', [...], false)
 5 APPPATH\Models\Crud_model.php(431): CodeIgniter\Database\BaseBuilder->get()
 6 APPPATH\Views\backend\admin\dashboard\index.php(719): App\Models\Crud_model->get_current_month_events()
 7 APPPATH\Views\backend\index.php(147): include('C:\\xampp\\htdocs\\Wayo\\app\\Views\\backend\\admin\\dashboard\\index.php')
 8 SYSTEMPATH\View\View.php(240): include('C:\\xampp\\htdocs\\Wayo\\app\\Views\\backend\\index.php')
 9 SYSTEMPATH\View\View.php(243): CodeIgniter\View\View->CodeIgniter\View\{closure}()
10 APPPATH\View\View.php(357): CodeIgniter\View\View->render('backend/index', [], true)
11 SYSTEMPATH\Common.php(1250): App\View\View->render('backend/index', [], true)
12 APPPATH\Controllers\Admin.php(108): view('backend/index', [...])
13 APPPATH\Config\Routes.php(341): App\Controllers\Admin->dashboard()
14 SYSTEMPATH\CodeIgniter.php(872): CodeIgniter\Router\RouteCollection::{closure}()
15 SYSTEMPATH\CodeIgniter.php(480): CodeIgniter\CodeIgniter->startController()
16 SYSTEMPATH\CodeIgniter.php(340): CodeIgniter\CodeIgniter->handleRequest(null, Object(Config\Cache), false)
17 SYSTEMPATH\Boot.php(417): CodeIgniter\CodeIgniter->run()
18 SYSTEMPATH\Boot.php(68): CodeIgniter\Boot::runCodeIgniter(Object(CodeIgniter\CodeIgniter))
19 FCPATH\index.php(75): CodeIgniter\Boot::bootWeb(Object(Config\Paths))
ERROR - 2026-04-14 15:07:26 --> User_model: Student details not found for user_id: 188
DEBUG - 2026-04-14 15:07:33 --> Session: Class initialized using 'CodeIgniter\Session\Handlers\FileHandler' driver.
DEBUG - 2026-04-14 15:07:36 --> Session: Class initialized using 'CodeIgniter\Session\Handlers\FileHandler' driver.
DEBUG - 2026-04-14 15:07:36 --> Session: Class initialized using 'CodeIgniter\Session\Handlers\FileHandler' driver.
DEBUG - 2026-04-14 15:07:41 --> Session: Class initialized using 'CodeIgniter\Session\Handlers\FileHandler' driver.
DEBUG - 2026-04-14 15:08:22 --> Session: Class initialized using 'CodeIgniter\Session\Handlers\FileHandler' driver.
DEBUG - 2026-04-14 15:08:51 --> Session: Class initialized using 'CodeIgniter\Session\Handlers\FileHandler' driver.
DEBUG - 2026-04-14 15:08:58 --> Session: Class initialized using 'CodeIgniter\Session\Handlers\FileHandler' driver.
DEBUG - 2026-04-14 15:09:03 --> Session: Class initialized using 'CodeIgniter\Session\Handlers\FileHandler' driver.
DEBUG - 2026-04-14 15:09:10 --> Session: Class initialized using 'CodeIgniter\Session\Handlers\FileHandler' driver.
DEBUG - 2026-04-14 15:09:11 --> Session: Class initialized using 'CodeIgniter\Session\Handlers\FileHandler' driver.
DEBUG - 2026-04-14 15:09:17 --> Session: Class initialized using 'CodeIgniter\Session\Handlers\FileHandler' driver.
DEBUG - 2026-04-14 15:09:18 --> Session: Class initialized using 'CodeIgniter\Session\Handlers\FileHandler' driver.
DEBUG - 2026-04-14 15:09:23 --> Session: Class initialized using 'CodeIgniter\Session\Handlers\FileHandler' driver.
DEBUG - 2026-04-14 15:09:28 --> Session: Class initialized using 'CodeIgniter\Session\Handlers\FileHandler' driver.
DEBUG - 2026-04-14 15:09:33 --> Session: Class initialized using 'CodeIgniter\Session\Handlers\FileHandler' driver.
DEBUG - 2026-04-14 15:09:34 --> Session: Class initialized using 'CodeIgniter\Session\Handlers\FileHandler' driver.
DEBUG - 2026-04-14 15:09:41 --> Session: Class initialized using 'CodeIgniter\Session\Handlers\FileHandler' driver.
DEBUG - 2026-04-14 15:09:46 --> Session: Class initialized using 'CodeIgniter\Session\Handlers\FileHandler' driver.
DEBUG - 2026-04-14 15:11:21 --> Session: Class initialized using 'CodeIgniter\Session\Handlers\FileHandler' driver.
DEBUG - 2026-04-14 15:11:35 --> Session: Class initialized using 'CodeIgniter\Session\Handlers\FileHandler' driver.
DEBUG - 2026-04-14 15:11:36 --> Session: Class initialized using 'CodeIgniter\Session\Handlers\FileHandler' driver.
DEBUG - 2026-04-14 15:14:48 --> Session: Class initialized using 'CodeIgniter\Session\Handlers\FileHandler' driver.
DEBUG - 2026-04-14 15:16:16 --> Session: Class initialized using 'CodeIgniter\Session\Handlers\FileHandler' driver.
DEBUG - 2026-04-14 15:16:25 --> Session: Class initialized using 'CodeIgniter\Session\Handlers\FileHandler' driver.
DEBUG - 2026-04-14 15:18:35 --> Session: Class initialized using 'CodeIgniter\Session\Handlers\FileHandler' driver.
DEBUG - 2026-04-14 15:19:52 --> Session: Class initialized using 'CodeIgniter\Session\Handlers\FileHandler' driver.
DEBUG - 2026-04-14 15:22:51 --> Session: Class initialized using 'CodeIgniter\Session\Handlers\FileHandler' driver.
DEBUG - 2026-04-14 15:22:57 --> Session: Class initialized using 'CodeIgniter\Session\Handlers\FileHandler' driver.
DEBUG - 2026-04-14 15:23:37 --> Session: Class initialized using 'CodeIgniter\Session\Handlers\FileHandler' driver.
DEBUG - 2026-04-14 15:23:41 --> Session: Class initialized using 'CodeIgniter\Session\Handlers\FileHandler' driver.
DEBUG - 2026-04-14 15:25:47 --> Session: Class initialized using 'CodeIgniter\Session\Handlers\FileHandler' driver.
DEBUG - 2026-04-14 15:26:11 --> Session: Class initialized using 'CodeIgniter\Session\Handlers\FileHandler' driver.
DEBUG - 2026-04-14 15:28:07 --> Session: Class initialized using 'CodeIgniter\Session\Handlers\FileHandler' driver.
DEBUG - 2026-04-14 15:28:07 --> Session: Class initialized using 'CodeIgniter\Session\Handlers\FileHandler' driver.
DEBUG - 2026-04-14 15:28:38 --> Session: Class initialized using 'CodeIgniter\Session\Handlers\FileHandler' driver.
DEBUG - 2026-04-14 15:28:45 --> Session: Class initialized using 'CodeIgniter\Session\Handlers\FileHandler' driver.
DEBUG - 2026-04-14 15:28:51 --> Session: Class initialized using 'CodeIgniter\Session\Handlers\FileHandler' driver.
DEBUG - 2026-04-14 15:28:56 --> Session: Class initialized using 'CodeIgniter\Session\Handlers\FileHandler' driver.
DEBUG - 2026-04-14 15:29:01 --> Session: Class initialized using 'CodeIgniter\Session\Handlers\FileHandler' driver.
DEBUG - 2026-04-14 15:29:10 --> Session: Class initialized using 'CodeIgniter\Session\Handlers\FileHandler' driver.
DEBUG - 2026-04-14 15:29:20 --> Session: Class initialized using 'CodeIgniter\Session\Handlers\FileHandler' driver.
DEBUG - 2026-04-14 15:29:29 --> Session: Class initialized using 'CodeIgniter\Session\Handlers\FileHandler' driver.
DEBUG - 2026-04-14 15:29:40 --> Session: Class initialized using 'CodeIgniter\Session\Handlers\FileHandler' driver.
DEBUG - 2026-04-14 15:30:30 --> Session: Class initialized using 'CodeIgniter\Session\Handlers\FileHandler' driver.
DEBUG - 2026-04-14 15:31:52 --> Session: Class initialized using 'CodeIgniter\Session\Handlers\FileHandler' driver.
DEBUG - 2026-04-14 15:32:27 --> Session: Class initialized using 'CodeIgniter\Session\Handlers\FileHandler' driver.
DEBUG - 2026-04-14 15:32:32 --> Session: Class initialized using 'CodeIgniter\Session\Handlers\FileHandler' driver.
DEBUG - 2026-04-14 15:32:36 --> Session: Class initialized using 'CodeIgniter\Session\Handlers\FileHandler' driver.
DEBUG - 2026-04-14 15:32:42 --> Session: Class initialized using 'CodeIgniter\Session\Handlers\FileHandler' driver.
DEBUG - 2026-04-14 15:32:51 --> Session: Class initialized using 'CodeIgniter\Session\Handlers\FileHandler' driver.
DEBUG - 2026-04-14 15:33:38 --> Session: Class initialized using 'CodeIgniter\Session\Handlers\FileHandler' driver.
DEBUG - 2026-04-14 15:33:40 --> Session: Class initialized using 'CodeIgniter\Session\Handlers\FileHandler' driver.
DEBUG - 2026-04-14 15:33:45 --> Session: Class initialized using 'CodeIgniter\Session\Handlers\FileHandler' driver.
DEBUG - 2026-04-14 15:34:34 --> Session: Class initialized using 'CodeIgniter\Session\Handlers\FileHandler' driver.
DEBUG - 2026-04-14 15:35:16 --> Session: Class initialized using 'CodeIgniter\Session\Handlers\FileHandler' driver.
DEBUG - 2026-04-14 15:36:40 --> Session: Class initialized using 'CodeIgniter\Session\Handlers\FileHandler' driver.
DEBUG - 2026-04-14 15:37:12 --> Session: Class initialized using 'CodeIgniter\Session\Handlers\FileHandler' driver.
DEBUG - 2026-04-14 15:37:22 --> Session: Class initialized using 'CodeIgniter\Session\Handlers\FileHandler' driver.
DEBUG - 2026-04-14 15:42:16 --> Session: Class initialized using 'CodeIgniter\Session\Handlers\FileHandler' driver.
DEBUG - 2026-04-14 15:44:20 --> Session: Class initialized using 'CodeIgniter\Session\Handlers\FileHandler' driver.
DEBUG - 2026-04-14 15:44:25 --> Session: Class initialized using 'CodeIgniter\Session\Handlers\FileHandler' driver.
DEBUG - 2026-04-14 15:44:27 --> Session: Class initialized using 'CodeIgniter\Session\Handlers\FileHandler' driver.
DEBUG - 2026-04-14 15:44:27 --> Session: Class initialized using 'CodeIgniter\Session\Handlers\FileHandler' driver.
DEBUG - 2026-04-14 15:44:46 --> Session: Class initialized using 'CodeIgniter\Session\Handlers\FileHandler' driver.
DEBUG - 2026-04-14 15:46:00 --> Session: Class initialized using 'CodeIgniter\Session\Handlers\FileHandler' driver.
DEBUG - 2026-04-14 15:46:36 --> Session: Class initialized using 'CodeIgniter\Session\Handlers\FileHandler' driver.
DEBUG - 2026-04-14 15:46:52 --> Session: Class initialized using 'CodeIgniter\Session\Handlers\FileHandler' driver.
DEBUG - 2026-04-14 15:47:57 --> Session: Class initialized using 'CodeIgniter\Session\Handlers\FileHandler' driver.
DEBUG - 2026-04-14 15:50:28 --> Session: Class initialized using 'CodeIgniter\Session\Handlers\FileHandler' driver.
DEBUG - 2026-04-14 15:52:12 --> Session: Class initialized using 'CodeIgniter\Session\Handlers\FileHandler' driver.
DEBUG - 2026-04-14 15:52:56 --> Session: Class initialized using 'CodeIgniter\Session\Handlers\FileHandler' driver.
DEBUG - 2026-04-14 16:00:32 --> Session: Class initialized using 'CodeIgniter\Session\Handlers\FileHandler' driver.
DEBUG - 2026-04-14 16:01:06 --> Session: Class initialized using 'CodeIgniter\Session\Handlers\FileHandler' driver.
DEBUG - 2026-04-14 16:01:43 --> Session: Class initialized using 'CodeIgniter\Session\Handlers\FileHandler' driver.
DEBUG - 2026-04-14 16:02:35 --> Session: Class initialized using 'CodeIgniter\Session\Handlers\FileHandler' driver.
DEBUG - 2026-04-14 16:03:03 --> Session: Class initialized using 'CodeIgniter\Session\Handlers\FileHandler' driver.
DEBUG - 2026-04-14 16:04:19 --> Session: Class initialized using 'CodeIgniter\Session\Handlers\FileHandler' driver.
DEBUG - 2026-04-14 16:04:43 --> Session: Class initialized using 'CodeIgniter\Session\Handlers\FileHandler' driver.
DEBUG - 2026-04-14 16:06:08 --> Session: Class initialized using 'CodeIgniter\Session\Handlers\FileHandler' driver.
DEBUG - 2026-04-14 16:06:19 --> Session: Class initialized using 'CodeIgniter\Session\Handlers\FileHandler' driver.
DEBUG - 2026-04-14 16:06:29 --> Session: Class initialized using 'CodeIgniter\Session\Handlers\FileHandler' driver.
DEBUG - 2026-04-14 16:06:53 --> Session: Class initialized using 'CodeIgniter\Session\Handlers\FileHandler' driver.
DEBUG - 2026-04-14 16:07:02 --> Session: Class initialized using 'CodeIgniter\Session\Handlers\FileHandler' driver.
DEBUG - 2026-04-14 16:07:11 --> Session: Class initialized using 'CodeIgniter\Session\Handlers\FileHandler' driver.
DEBUG - 2026-04-14 16:07:16 --> Session: Class initialized using 'CodeIgniter\Session\Handlers\FileHandler' driver.
DEBUG - 2026-04-14 16:07:23 --> Session: Class initialized using 'CodeIgniter\Session\Handlers\FileHandler' driver.
DEBUG - 2026-04-14 16:07:31 --> Session: Class initialized using 'CodeIgniter\Session\Handlers\FileHandler' driver.
DEBUG - 2026-04-14 16:07:35 --> Session: Class initialized using 'CodeIgniter\Session\Handlers\FileHandler' driver.
DEBUG - 2026-04-14 16:08:26 --> Session: Class initialized using 'CodeIgniter\Session\Handlers\FileHandler' driver.
DEBUG - 2026-04-14 16:09:03 --> Session: Class initialized using 'CodeIgniter\Session\Handlers\FileHandler' driver.
DEBUG - 2026-04-14 16:09:20 --> Session: Class initialized using 'CodeIgniter\Session\Handlers\FileHandler' driver.
DEBUG - 2026-04-14 16:11:52 --> Session: Class initialized using 'CodeIgniter\Session\Handlers\FileHandler' driver.
DEBUG - 2026-04-14 16:12:33 --> Session: Class initialized using 'CodeIgniter\Session\Handlers\FileHandler' driver.
DEBUG - 2026-04-14 16:13:01 --> Session: Class initialized using 'CodeIgniter\Session\Handlers\FileHandler' driver.
DEBUG - 2026-04-14 16:13:18 --> Session: Class initialized using 'CodeIgniter\Session\Handlers\FileHandler' driver.
DEBUG - 2026-04-14 16:16:09 --> Session: Class initialized using 'CodeIgniter\Session\Handlers\FileHandler' driver.
DEBUG - 2026-04-14 16:16:11 --> Session: Class initialized using 'CodeIgniter\Session\Handlers\FileHandler' driver.
DEBUG - 2026-04-14 16:16:53 --> Session: Class initialized using 'CodeIgniter\Session\Handlers\FileHandler' driver.
DEBUG - 2026-04-14 16:17:11 --> Session: Class initialized using 'CodeIgniter\Session\Handlers\FileHandler' driver.
DEBUG - 2026-04-14 16:17:18 --> Session: Class initialized using 'CodeIgniter\Session\Handlers\FileHandler' driver.
DEBUG - 2026-04-14 16:17:22 --> Session: Class initialized using 'CodeIgniter\Session\Handlers\FileHandler' driver.
DEBUG - 2026-04-14 16:17:35 --> Session: Class initialized using 'CodeIgniter\Session\Handlers\FileHandler' driver.
DEBUG - 2026-04-14 16:22:20 --> Session: Class initialized using 'CodeIgniter\Session\Handlers\FileHandler' driver.
DEBUG - 2026-04-14 16:26:34 --> Session: Class initialized using 'CodeIgniter\Session\Handlers\FileHandler' driver.
DEBUG - 2026-04-14 16:30:54 --> Session: Class initialized using 'CodeIgniter\Session\Handlers\FileHandler' driver.
DEBUG - 2026-04-14 16:30:55 --> Session: Class initialized using 'CodeIgniter\Session\Handlers\FileHandler' driver.
DEBUG - 2026-04-14 16:30:56 --> Session: Class initialized using 'CodeIgniter\Session\Handlers\FileHandler' driver.
DEBUG - 2026-04-14 16:31:34 --> Session: Class initialized using 'CodeIgniter\Session\Handlers\FileHandler' driver.
DEBUG - 2026-04-14 16:31:35 --> Session: Class initialized using 'CodeIgniter\Session\Handlers\FileHandler' driver.
DEBUG - 2026-04-14 16:31:35 --> Session: Class initialized using 'CodeIgniter\Session\Handlers\FileHandler' driver.
DEBUG - 2026-04-14 16:33:54 --> Session: Class initialized using 'CodeIgniter\Session\Handlers\FileHandler' driver.
CRITICAL - 2026-04-14 16:33:56 --> ErrorException: filemtime(): stat failed for C:\xampp\htdocs\Wayo\assets/frontend/ultimate/js/communities-page.js
[Method: GET, Route: en/communities]
in APPPATH\Views\frontend\ultimate\communities.php on line 77.
 1 [internal function]: CodeIgniter\Debug\Exceptions->errorHandler(2, 'filemtime(): stat failed for C:\\xampp\\htdocs\\Wayo\\assets/frontend/ultimate/js/communities-page.js', 'C:\\xampp\\htdocs\\Wayo\\app\\Views\\frontend\\ultimate\\communities.php', 77)
 2 APPPATH\Views\frontend\ultimate\communities.php(77): filemtime('C:\\xampp\\htdocs\\Wayo\\assets/frontend/ultimate/js/communities-page.js')
 3 APPPATH\Views\frontend\ultimate\index.php(140): include('C:\\xampp\\htdocs\\Wayo\\app\\Views\\frontend\\ultimate\\communities.php')
 4 SYSTEMPATH\View\View.php(240): include('C:\\xampp\\htdocs\\Wayo\\app\\Views\\frontend\\ultimate\\index.php')
 5 SYSTEMPATH\View\View.php(243): CodeIgniter\View\View->CodeIgniter\View\{closure}()
 6 APPPATH\View\View.php(357): CodeIgniter\View\View->render('frontend/ultimate/index', [], true)
 7 SYSTEMPATH\Common.php(1250): App\View\View->render('frontend/ultimate/index', [], true)
 8 APPPATH\Controllers\Home.php(277): view('frontend/ultimate/index', [...])
 9 SYSTEMPATH\CodeIgniter.php(951): App\Controllers\Home->communities()
10 SYSTEMPATH\CodeIgniter.php(497): CodeIgniter\CodeIgniter->runController(Object(App\Controllers\Home))
11 SYSTEMPATH\CodeIgniter.php(340): CodeIgniter\CodeIgniter->handleRequest(null, Object(Config\Cache), false)
12 SYSTEMPATH\Boot.php(417): CodeIgniter\CodeIgniter->run()
13 SYSTEMPATH\Boot.php(68): CodeIgniter\Boot::runCodeIgniter(Object(CodeIgniter\CodeIgniter))
14 FCPATH\index.php(75): CodeIgniter\Boot::bootWeb(Object(Config\Paths))
DEBUG - 2026-04-14 16:36:31 --> Session: Class initialized using 'CodeIgniter\Session\Handlers\FileHandler' driver.
DEBUG - 2026-04-14 16:37:20 --> Session: Class initialized using 'CodeIgniter\Session\Handlers\FileHandler' driver.
DEBUG - 2026-04-14 16:37:26 --> Session: Class initialized using 'CodeIgniter\Session\Handlers\FileHandler' driver.
DEBUG - 2026-04-14 16:37:26 --> Session: Class initialized using 'CodeIgniter\Session\Handlers\FileHandler' driver.
DEBUG - 2026-04-14 16:38:30 --> Session: Class initialized using 'CodeIgniter\Session\Handlers\FileHandler' driver.
DEBUG - 2026-04-14 16:39:04 --> Session: Class initialized using 'CodeIgniter\Session\Handlers\FileHandler' driver.
DEBUG - 2026-04-14 16:39:08 --> Session: Class initialized using 'CodeIgniter\Session\Handlers\FileHandler' driver.
DEBUG - 2026-04-14 16:39:08 --> Session: Class initialized using 'CodeIgniter\Session\Handlers\FileHandler' driver.
DEBUG - 2026-04-14 16:40:50 --> Session: Class initialized using 'CodeIgniter\Session\Handlers\FileHandler' driver.
DEBUG - 2026-04-14 16:41:27 --> Session: Class initialized using 'CodeIgniter\Session\Handlers\FileHandler' driver.
DEBUG - 2026-04-14 16:41:30 --> Session: Class initialized using 'CodeIgniter\Session\Handlers\FileHandler' driver.
DEBUG - 2026-04-14 16:41:30 --> Session: Class initialized using 'CodeIgniter\Session\Handlers\FileHandler' driver.
DEBUG - 2026-04-14 16:47:42 --> Session: Class initialized using 'CodeIgniter\Session\Handlers\FileHandler' driver.
DEBUG - 2026-04-14 16:47:45 --> Session: Class initialized using 'CodeIgniter\Session\Handlers\FileHandler' driver.
DEBUG - 2026-04-14 16:47:45 --> Session: Class initialized using 'CodeIgniter\Session\Handlers\FileHandler' driver.
DEBUG - 2026-04-14 16:48:30 --> Session: Class initialized using 'CodeIgniter\Session\Handlers\FileHandler' driver.
DEBUG - 2026-04-14 17:05:46 --> Session: Class initialized using 'CodeIgniter\Session\Handlers\FileHandler' driver.
DEBUG - 2026-04-14 17:05:47 --> Session: Class initialized using 'CodeIgniter\Session\Handlers\FileHandler' driver.
DEBUG - 2026-04-14 17:05:47 --> Session: Class initialized using 'CodeIgniter\Session\Handlers\FileHandler' driver.
DEBUG - 2026-04-14 17:06:36 --> Session: Class initialized using 'CodeIgniter\Session\Handlers\FileHandler' driver.
DEBUG - 2026-04-14 17:06:39 --> Session: Class initialized using 'CodeIgniter\Session\Handlers\FileHandler' driver.
DEBUG - 2026-04-14 17:06:40 --> Session: Class initialized using 'CodeIgniter\Session\Handlers\FileHandler' driver.
DEBUG - 2026-04-14 17:06:46 --> Session: Class initialized using 'CodeIgniter\Session\Handlers\FileHandler' driver.
DEBUG - 2026-04-14 17:07:08 --> Session: Class initialized using 'CodeIgniter\Session\Handlers\FileHandler' driver.
DEBUG - 2026-04-14 17:11:30 --> Session: Class initialized using 'CodeIgniter\Session\Handlers\FileHandler' driver.
DEBUG - 2026-04-14 17:14:18 --> Session: Class initialized using 'CodeIgniter\Session\Handlers\FileHandler' driver.
DEBUG - 2026-04-14 17:14:31 --> Session: Class initialized using 'CodeIgniter\Session\Handlers\FileHandler' driver.
DEBUG - 2026-04-14 17:14:33 --> Session: Class initialized using 'CodeIgniter\Session\Handlers\FileHandler' driver.
DEBUG - 2026-04-14 17:14:33 --> Session: Class initialized using 'CodeIgniter\Session\Handlers\FileHandler' driver.
DEBUG - 2026-04-14 17:14:37 --> Session: Class initialized using 'CodeIgniter\Session\Handlers\FileHandler' driver.
DEBUG - 2026-04-14 17:14:43 --> Session: Class initialized using 'CodeIgniter\Session\Handlers\FileHandler' driver.
DEBUG - 2026-04-14 17:21:30 --> Session: Class initialized using 'CodeIgniter\Session\Handlers\FileHandler' driver.
CRITICAL - 2026-04-14 17:21:36 --> CodeIgniter\HTTP\Exceptions\BadRequestException: The URI you submitted has disallowed characters: "Sales_&_Marketing"
[Method: GET, Route: en/communities/Sales_&_Marketing]
in SYSTEMPATH\Router\Router.php on line 768.
 1 SYSTEMPATH\Router\Router.php(219): CodeIgniter\Router\Router->checkDisallowedChars('en/communities/Sales_&_Marketing')
 2 SYSTEMPATH\CodeIgniter.php(829): CodeIgniter\Router\Router->handle('en/communities/Sales_&_Marketing')
 3 SYSTEMPATH\CodeIgniter.php(441): CodeIgniter\CodeIgniter->tryToRouteIt(Object(CodeIgniter\Router\RouteCollection))
 4 SYSTEMPATH\CodeIgniter.php(340): CodeIgniter\CodeIgniter->handleRequest(null, Object(Config\Cache), false)
 5 SYSTEMPATH\Boot.php(417): CodeIgniter\CodeIgniter->run()
 6 SYSTEMPATH\Boot.php(68): CodeIgniter\Boot::runCodeIgniter(Object(CodeIgniter\CodeIgniter))
 7 FCPATH\index.php(75): CodeIgniter\Boot::bootWeb(Object(Config\Paths))
DEBUG - 2026-04-14 17:21:39 --> Session: Class initialized using 'CodeIgniter\Session\Handlers\FileHandler' driver.
DEBUG - 2026-04-14 17:21:47 --> Session: Class initialized using 'CodeIgniter\Session\Handlers\FileHandler' driver.
DEBUG - 2026-04-14 17:22:03 --> Session: Class initialized using 'CodeIgniter\Session\Handlers\FileHandler' driver.
DEBUG - 2026-04-14 17:31:27 --> Session: Class initialized using 'CodeIgniter\Session\Handlers\FileHandler' driver.
DEBUG - 2026-04-14 17:31:35 --> Session: Class initialized using 'CodeIgniter\Session\Handlers\FileHandler' driver.
DEBUG - 2026-04-14 17:31:43 --> Session: Class initialized using 'CodeIgniter\Session\Handlers\FileHandler' driver.
DEBUG - 2026-04-14 17:31:45 --> Session: Class initialized using 'CodeIgniter\Session\Handlers\FileHandler' driver.
DEBUG - 2026-04-14 17:31:45 --> Session: Class initialized using 'CodeIgniter\Session\Handlers\FileHandler' driver.
DEBUG - 2026-04-14 17:31:49 --> Session: Class initialized using 'CodeIgniter\Session\Handlers\FileHandler' driver.
DEBUG - 2026-04-14 17:31:54 --> Session: Class initialized using 'CodeIgniter\Session\Handlers\FileHandler' driver.
DEBUG - 2026-04-14 17:32:28 --> Session: Class initialized using 'CodeIgniter\Session\Handlers\FileHandler' driver.
DEBUG - 2026-04-14 17:37:17 --> Session: Class initialized using 'CodeIgniter\Session\Handlers\FileHandler' driver.
DEBUG - 2026-04-14 17:37:53 --> Session: Class initialized using 'CodeIgniter\Session\Handlers\FileHandler' driver.
DEBUG - 2026-04-14 17:39:46 --> Session: Class initialized using 'CodeIgniter\Session\Handlers\FileHandler' driver.
DEBUG - 2026-04-14 17:41:32 --> Session: Class initialized using 'CodeIgniter\Session\Handlers\FileHandler' driver.
DEBUG - 2026-04-14 17:43:12 --> Session: Class initialized using 'CodeIgniter\Session\Handlers\FileHandler' driver.
DEBUG - 2026-04-14 17:49:04 --> Session: Class initialized using 'CodeIgniter\Session\Handlers\FileHandler' driver.
DEBUG - 2026-04-14 17:49:15 --> Session: Class initialized using 'CodeIgniter\Session\Handlers\FileHandler' driver.
DEBUG - 2026-04-14 17:49:18 --> Session: Class initialized using 'CodeIgniter\Session\Handlers\FileHandler' driver.
DEBUG - 2026-04-14 17:53:39 --> Session: Class initialized using 'CodeIgniter\Session\Handlers\FileHandler' driver.
DEBUG - 2026-04-14 17:53:52 --> Session: Class initialized using 'CodeIgniter\Session\Handlers\FileHandler' driver.
DEBUG - 2026-04-14 17:54:09 --> Session: Class initialized using 'CodeIgniter\Session\Handlers\FileHandler' driver.
DEBUG - 2026-04-14 17:57:19 --> Session: Class initialized using 'CodeIgniter\Session\Handlers\FileHandler' driver.
DEBUG - 2026-04-14 17:57:49 --> Session: Class initialized using 'CodeIgniter\Session\Handlers\FileHandler' driver.
DEBUG - 2026-04-14 17:58:48 --> Session: Class initialized using 'CodeIgniter\Session\Handlers\FileHandler' driver.
DEBUG - 2026-04-14 18:10:15 --> Session: Class initialized using 'CodeIgniter\Session\Handlers\FileHandler' driver.
DEBUG - 2026-04-14 18:10:22 --> Session: Class initialized using 'CodeIgniter\Session\Handlers\FileHandler' driver.
DEBUG - 2026-04-14 18:10:25 --> Session: Class initialized using 'CodeIgniter\Session\Handlers\FileHandler' driver.
DEBUG - 2026-04-14 18:10:33 --> Session: Class initialized using 'CodeIgniter\Session\Handlers\FileHandler' driver.
DEBUG - 2026-04-14 18:12:08 --> Session: Class initialized using 'CodeIgniter\Session\Handlers\FileHandler' driver.
DEBUG - 2026-04-14 18:12:41 --> Session: Class initialized using 'CodeIgniter\Session\Handlers\FileHandler' driver.
DEBUG - 2026-04-14 18:14:58 --> Session: Class initialized using 'CodeIgniter\Session\Handlers\FileHandler' driver.
DEBUG - 2026-04-14 18:16:40 --> Session: Class initialized using 'CodeIgniter\Session\Handlers\FileHandler' driver.
DEBUG - 2026-04-14 18:17:10 --> Session: Class initialized using 'CodeIgniter\Session\Handlers\FileHandler' driver.
DEBUG - 2026-04-14 18:17:19 --> Session: Class initialized using 'CodeIgniter\Session\Handlers\FileHandler' driver.
DEBUG - 2026-04-14 18:17:35 --> Session: Class initialized using 'CodeIgniter\Session\Handlers\FileHandler' driver.
DEBUG - 2026-04-14 18:17:36 --> Session: Class initialized using 'CodeIgniter\Session\Handlers\FileHandler' driver.
DEBUG - 2026-04-14 18:17:36 --> Session: Class initialized using 'CodeIgniter\Session\Handlers\FileHandler' driver.
DEBUG - 2026-04-14 18:17:44 --> Session: Class initialized using 'CodeIgniter\Session\Handlers\FileHandler' driver.
DEBUG - 2026-04-14 18:19:27 --> Session: Class initialized using 'CodeIgniter\Session\Handlers\FileHandler' driver.
DEBUG - 2026-04-14 18:20:12 --> Session: Class initialized using 'CodeIgniter\Session\Handlers\FileHandler' driver.
DEBUG - 2026-04-14 18:20:27 --> Session: Class initialized using 'CodeIgniter\Session\Handlers\FileHandler' driver.
DEBUG - 2026-04-14 18:20:42 --> Session: Class initialized using 'CodeIgniter\Session\Handlers\FileHandler' driver.
DEBUG - 2026-04-14 18:20:52 --> Session: Class initialized using 'CodeIgniter\Session\Handlers\FileHandler' driver.
DEBUG - 2026-04-14 18:20:59 --> Session: Class initialized using 'CodeIgniter\Session\Handlers\FileHandler' driver.
DEBUG - 2026-04-14 18:21:06 --> Session: Class initialized using 'CodeIgniter\Session\Handlers\FileHandler' driver.
DEBUG - 2026-04-14 18:49:33 --> Session: Class initialized using 'CodeIgniter\Session\Handlers\FileHandler' driver.
DEBUG - 2026-04-14 18:49:36 --> Session: Class initialized using 'CodeIgniter\Session\Handlers\FileHandler' driver.
DEBUG - 2026-04-14 18:49:37 --> Session: Class initialized using 'CodeIgniter\Session\Handlers\FileHandler' driver.
DEBUG - 2026-04-14 18:49:37 --> Session: Class initialized using 'CodeIgniter\Session\Handlers\FileHandler' driver.
DEBUG - 2026-04-14 18:49:43 --> Session: Class initialized using 'CodeIgniter\Session\Handlers\FileHandler' driver.
CRITICAL - 2026-04-14 18:50:03 --> CodeIgniter\HTTP\Exceptions\BadRequestException: The URI you submitted has disallowed characters: "Health_&_fitness"
[Method: GET, Route: en/communities/Health_&_fitness]
in SYSTEMPATH\Router\Router.php on line 768.
 1 SYSTEMPATH\Router\Router.php(219): CodeIgniter\Router\Router->checkDisallowedChars('en/communities/Health_&_fitness')
 2 SYSTEMPATH\CodeIgniter.php(829): CodeIgniter\Router\Router->handle('en/communities/Health_&_fitness')
 3 SYSTEMPATH\CodeIgniter.php(441): CodeIgniter\CodeIgniter->tryToRouteIt(Object(CodeIgniter\Router\RouteCollection))
 4 SYSTEMPATH\CodeIgniter.php(340): CodeIgniter\CodeIgniter->handleRequest(null, Object(Config\Cache), false)
 5 SYSTEMPATH\Boot.php(417): CodeIgniter\CodeIgniter->run()
 6 SYSTEMPATH\Boot.php(68): CodeIgniter\Boot::runCodeIgniter(Object(CodeIgniter\CodeIgniter))
 7 FCPATH\index.php(75): CodeIgniter\Boot::bootWeb(Object(Config\Paths))
DEBUG - 2026-04-14 18:50:07 --> Session: Class initialized using 'CodeIgniter\Session\Handlers\FileHandler' driver.
DEBUG - 2026-04-14 18:50:09 --> Session: Class initialized using 'CodeIgniter\Session\Handlers\FileHandler' driver.
DEBUG - 2026-04-14 18:50:09 --> Session: Class initialized using 'CodeIgniter\Session\Handlers\FileHandler' driver.
