DEBUG - 2026-04-01 14:35:13 --> Session: Class initialized using 'CodeIgniter\Session\Handlers\FileHandler' driver.
DEBUG - 2026-04-01 14:35:14 --> Session: Class initialized using 'CodeIgniter\Session\Handlers\FileHandler' driver.
DEBUG - 2026-04-01 14:35:15 --> Session: Class initialized using 'CodeIgniter\Session\Handlers\FileHandler' driver.
DEBUG - 2026-04-01 14:35:16 --> Session: Class initialized using 'CodeIgniter\Session\Handlers\FileHandler' driver.
DEBUG - 2026-04-01 14:35:17 --> Session: Class initialized using 'CodeIgniter\Session\Handlers\FileHandler' driver.
DEBUG - 2026-04-01 14:35:17 --> Session: Class initialized using 'CodeIgniter\Session\Handlers\FileHandler' driver.
DEBUG - 2026-04-01 14:35:20 --> Session: Class initialized using 'CodeIgniter\Session\Handlers\FileHandler' driver.
DEBUG - 2026-04-01 14:35:20 --> Session: Class initialized using 'CodeIgniter\Session\Handlers\FileHandler' driver.
DEBUG - 2026-04-01 14:35:24 --> Session: Class initialized using 'CodeIgniter\Session\Handlers\FileHandler' driver.
DEBUG - 2026-04-01 14:35:33 --> Session: Class initialized using 'CodeIgniter\Session\Handlers\FileHandler' driver.
DEBUG - 2026-04-01 14:35:37 --> Session: Class initialized using 'CodeIgniter\Session\Handlers\FileHandler' driver.
DEBUG - 2026-04-01 14:35:40 --> Total exams not yet taken calculated for school_id 110: 0
ERROR - 2026-04-01 14:35:41 --> mysqli_sql_exception: Table 'wayo_db.events' doesn't exist in C:\xampp\htdocs\School-Management-De_migration\vendor\codeigniter4\framework\system\Database\MySQLi\Connection.php:327
Stack trace:
#0 C:\xampp\htdocs\School-Management-De_migration\vendor\codeigniter4\framework\system\Database\MySQLi\Connection.php(327): mysqli->query('SELECT *\nFROM `...', 0)
#1 C:\xampp\htdocs\School-Management-De_migration\vendor\codeigniter4\framework\system\Database\BaseConnection.php(738): CodeIgniter\Database\MySQLi\Connection->execute('SELECT *\nFROM `...')
#2 C:\xampp\htdocs\School-Management-De_migration\vendor\codeigniter4\framework\system\Database\BaseConnection.php(652): CodeIgniter\Database\BaseConnection->simpleQuery('SELECT *\nFROM `...')
#3 C:\xampp\htdocs\School-Management-De_migration\vendor\codeigniter4\framework\system\Database\BaseBuilder.php(1649): CodeIgniter\Database\BaseConnection->query('SELECT *\nFROM `...', Array, false)
#4 C:\xampp\htdocs\School-Management-De_migration\app\Models\Crud_model.php(293): CodeIgniter\Database\BaseBuilder->get()
#5 C:\xampp\htdocs\School-Management-De_migration\app\Views\backend\student\dashboard\index.php(983): App\Models\Crud_model->get_current_month_events()
#6 C:\xampp\htdocs\School-Management-De_migration\app\Views\backend\index.php(147): include('C:\\xampp\\htdocs...')
#7 C:\xampp\htdocs\School-Management-De_migration\vendor\codeigniter4\framework\system\View\View.php(224): include('C:\\xampp\\htdocs...')
#8 C:\xampp\htdocs\School-Management-De_migration\vendor\codeigniter4\framework\system\View\View.php(227): CodeIgniter\View\View->CodeIgniter\View\{closure}()
#9 C:\xampp\htdocs\School-Management-De_migration\app\View\View.php(353): CodeIgniter\View\View->render('backend/index', Array, true)
#10 C:\xampp\htdocs\School-Management-De_migration\vendor\codeigniter4\framework\system\Common.php(1173): App\View\View->render('backend/index', Array, true)
#11 C:\xampp\htdocs\School-Management-De_migration\app\Controllers\Student.php(294): view('backend/index', Array)
#12 C:\xampp\htdocs\School-Management-De_migration\app\Config\Routes.php(288): App\Controllers\Student->dashboard()
#13 C:\xampp\htdocs\School-Management-De_migration\vendor\codeigniter4\framework\system\CodeIgniter.php(875): CodeIgniter\Router\RouteCollection::{closure}()
#14 C:\xampp\htdocs\School-Management-De_migration\vendor\codeigniter4\framework\system\CodeIgniter.php(494): CodeIgniter\CodeIgniter->startController()
#15 C:\xampp\htdocs\School-Management-De_migration\vendor\codeigniter4\framework\system\CodeIgniter.php(354): CodeIgniter\CodeIgniter->handleRequest(NULL, Object(Config\Cache), false)
#16 C:\xampp\htdocs\School-Management-De_migration\vendor\codeigniter4\framework\system\Boot.php(334): CodeIgniter\CodeIgniter->run()
#17 C:\xampp\htdocs\School-Management-De_migration\vendor\codeigniter4\framework\system\Boot.php(67): CodeIgniter\Boot::runCodeIgniter(Object(CodeIgniter\CodeIgniter))
#18 C:\xampp\htdocs\School-Management-De_migration\index.php(75): CodeIgniter\Boot::bootWeb(Object(Config\Paths))
#19 C:\xampp\htdocs\School-Management-De_migration\vendor\codeigniter4\framework\system\rewrite.php(44): require_once('C:\\xampp\\htdocs...')
#20 {main}
DEBUG - 2026-04-01 14:35:49 --> Session: Class initialized using 'CodeIgniter\Session\Handlers\FileHandler' driver.
DEBUG - 2026-04-01 14:35:50 --> Session: Class initialized using 'CodeIgniter\Session\Handlers\FileHandler' driver.
DEBUG - 2026-04-01 14:35:51 --> Session: Class initialized using 'CodeIgniter\Session\Handlers\FileHandler' driver.
DEBUG - 2026-04-01 14:35:52 --> Session: Class initialized using 'CodeIgniter\Session\Handlers\FileHandler' driver.
DEBUG - 2026-04-01 14:35:53 --> Session: Class initialized using 'CodeIgniter\Session\Handlers\FileHandler' driver.
DEBUG - 2026-04-01 14:35:53 --> Session: Class initialized using 'CodeIgniter\Session\Handlers\FileHandler' driver.
DEBUG - 2026-04-01 14:35:55 --> Total exams not yet taken calculated for school_id 110: 0
DEBUG - 2026-04-01 14:35:57 --> Session: Class initialized using 'CodeIgniter\Session\Handlers\FileHandler' driver.
DEBUG - 2026-04-01 14:36:00 --> Session: Class initialized using 'CodeIgniter\Session\Handlers\FileHandler' driver.
DEBUG - 2026-04-01 14:36:00 --> Session: Class initialized using 'CodeIgniter\Session\Handlers\FileHandler' driver.
DEBUG - 2026-04-01 14:36:01 --> Session: Class initialized using 'CodeIgniter\Session\Handlers\FileHandler' driver.
DEBUG - 2026-04-01 14:38:07 --> Session: Class initialized using 'CodeIgniter\Session\Handlers\FileHandler' driver.
DEBUG - 2026-04-01 14:38:18 --> Session: Class initialized using 'CodeIgniter\Session\Handlers\FileHandler' driver.
DEBUG - 2026-04-01 14:56:01 --> Session: Class initialized using 'CodeIgniter\Session\Handlers\FileHandler' driver.
DEBUG - 2026-04-01 14:56:02 --> Session: Class initialized using 'CodeIgniter\Session\Handlers\FileHandler' driver.
DEBUG - 2026-04-01 14:56:02 --> Session: Class initialized using 'CodeIgniter\Session\Handlers\FileHandler' driver.
DEBUG - 2026-04-01 14:57:48 --> Session: Class initialized using 'CodeIgniter\Session\Handlers\FileHandler' driver.
DEBUG - 2026-04-01 14:57:48 --> Session: Class initialized using 'CodeIgniter\Session\Handlers\FileHandler' driver.
DEBUG - 2026-04-01 14:57:48 --> Session: Class initialized using 'CodeIgniter\Session\Handlers\FileHandler' driver.
DEBUG - 2026-04-01 14:57:48 --> Session: Class initialized using 'CodeIgniter\Session\Handlers\FileHandler' driver.
DEBUG - 2026-04-01 14:57:49 --> Total exams not yet taken calculated for school_id 110: 0
DEBUG - 2026-04-01 14:57:49 --> Session: Class initialized using 'CodeIgniter\Session\Handlers\FileHandler' driver.
DEBUG - 2026-04-01 14:57:52 --> Session: Class initialized using 'CodeIgniter\Session\Handlers\FileHandler' driver.
DEBUG - 2026-04-01 14:57:53 --> Session: Class initialized using 'CodeIgniter\Session\Handlers\FileHandler' driver.
DEBUG - 2026-04-01 14:57:54 --> Session: Class initialized using 'CodeIgniter\Session\Handlers\FileHandler' driver.
DEBUG - 2026-04-01 14:58:00 --> Session: Class initialized using 'CodeIgniter\Session\Handlers\FileHandler' driver.
DEBUG - 2026-04-01 14:58:02 --> Session: Class initialized using 'CodeIgniter\Session\Handlers\FileHandler' driver.
DEBUG - 2026-04-01 14:58:03 --> Session: Class initialized using 'CodeIgniter\Session\Handlers\FileHandler' driver.
DEBUG - 2026-04-01 14:58:05 --> Total exams not yet taken calculated for school_id 110: 0
DEBUG - 2026-04-01 14:58:08 --> Session: Class initialized using 'CodeIgniter\Session\Handlers\FileHandler' driver.
DEBUG - 2026-04-01 14:58:14 --> Session: Class initialized using 'CodeIgniter\Session\Handlers\FileHandler' driver.
DEBUG - 2026-04-01 14:58:15 --> Session: Class initialized using 'CodeIgniter\Session\Handlers\FileHandler' driver.
DEBUG - 2026-04-01 14:58:16 --> Session: Class initialized using 'CodeIgniter\Session\Handlers\FileHandler' driver.
DEBUG - 2026-04-01 14:58:52 --> Session: Class initialized using 'CodeIgniter\Session\Handlers\FileHandler' driver.
DEBUG - 2026-04-01 14:58:53 --> Session: Class initialized using 'CodeIgniter\Session\Handlers\FileHandler' driver.
DEBUG - 2026-04-01 14:58:53 --> Session: Class initialized using 'CodeIgniter\Session\Handlers\FileHandler' driver.
DEBUG - 2026-04-01 14:59:13 --> Session: Class initialized using 'CodeIgniter\Session\Handlers\FileHandler' driver.
DEBUG - 2026-04-01 14:59:15 --> Session: Class initialized using 'CodeIgniter\Session\Handlers\FileHandler' driver.
DEBUG - 2026-04-01 14:59:15 --> Total exams not yet taken calculated for school_id 110: 0
ERROR - 2026-04-01 14:59:16 --> mysqli_sql_exception: Table 'wayo_db.events' doesn't exist in C:\xampp\htdocs\School-Management-De_migration\vendor\codeigniter4\framework\system\Database\MySQLi\Connection.php:327
Stack trace:
#0 C:\xampp\htdocs\School-Management-De_migration\vendor\codeigniter4\framework\system\Database\MySQLi\Connection.php(327): mysqli->query('SELECT *\nFROM `...', 0)
#1 C:\xampp\htdocs\School-Management-De_migration\vendor\codeigniter4\framework\system\Database\BaseConnection.php(738): CodeIgniter\Database\MySQLi\Connection->execute('SELECT *\nFROM `...')
#2 C:\xampp\htdocs\School-Management-De_migration\vendor\codeigniter4\framework\system\Database\BaseConnection.php(652): CodeIgniter\Database\BaseConnection->simpleQuery('SELECT *\nFROM `...')
#3 C:\xampp\htdocs\School-Management-De_migration\vendor\codeigniter4\framework\system\Database\BaseBuilder.php(1649): CodeIgniter\Database\BaseConnection->query('SELECT *\nFROM `...', Array, false)
#4 C:\xampp\htdocs\School-Management-De_migration\app\Models\Crud_model.php(293): CodeIgniter\Database\BaseBuilder->get()
#5 C:\xampp\htdocs\School-Management-De_migration\app\Views\backend\student\dashboard\index.php(983): App\Models\Crud_model->get_current_month_events()
#6 C:\xampp\htdocs\School-Management-De_migration\app\Views\backend\index.php(147): include('C:\\xampp\\htdocs...')
#7 C:\xampp\htdocs\School-Management-De_migration\vendor\codeigniter4\framework\system\View\View.php(224): include('C:\\xampp\\htdocs...')
#8 C:\xampp\htdocs\School-Management-De_migration\vendor\codeigniter4\framework\system\View\View.php(227): CodeIgniter\View\View->CodeIgniter\View\{closure}()
#9 C:\xampp\htdocs\School-Management-De_migration\app\View\View.php(353): CodeIgniter\View\View->render('backend/index', Array, true)
#10 C:\xampp\htdocs\School-Management-De_migration\vendor\codeigniter4\framework\system\Common.php(1173): App\View\View->render('backend/index', Array, true)
#11 C:\xampp\htdocs\School-Management-De_migration\app\Controllers\Student.php(294): view('backend/index', Array)
#12 C:\xampp\htdocs\School-Management-De_migration\app\Config\Routes.php(288): App\Controllers\Student->dashboard()
#13 C:\xampp\htdocs\School-Management-De_migration\vendor\codeigniter4\framework\system\CodeIgniter.php(875): CodeIgniter\Router\RouteCollection::{closure}()
#14 C:\xampp\htdocs\School-Management-De_migration\vendor\codeigniter4\framework\system\CodeIgniter.php(494): CodeIgniter\CodeIgniter->startController()
#15 C:\xampp\htdocs\School-Management-De_migration\vendor\codeigniter4\framework\system\CodeIgniter.php(354): CodeIgniter\CodeIgniter->handleRequest(NULL, Object(Config\Cache), false)
#16 C:\xampp\htdocs\School-Management-De_migration\vendor\codeigniter4\framework\system\Boot.php(334): CodeIgniter\CodeIgniter->run()
#17 C:\xampp\htdocs\School-Management-De_migration\vendor\codeigniter4\framework\system\Boot.php(67): CodeIgniter\Boot::runCodeIgniter(Object(CodeIgniter\CodeIgniter))
#18 C:\xampp\htdocs\School-Management-De_migration\index.php(75): CodeIgniter\Boot::bootWeb(Object(Config\Paths))
#19 C:\xampp\htdocs\School-Management-De_migration\vendor\codeigniter4\framework\system\rewrite.php(44): require_once('C:\\xampp\\htdocs...')
#20 {main}
DEBUG - 2026-04-01 14:59:49 --> Session: Class initialized using 'CodeIgniter\Session\Handlers\FileHandler' driver.
DEBUG - 2026-04-01 14:59:49 --> Session: Class initialized using 'CodeIgniter\Session\Handlers\FileHandler' driver.
DEBUG - 2026-04-01 14:59:49 --> Total exams not yet taken calculated for school_id 110: 0
DEBUG - 2026-04-01 15:01:52 --> Session: Class initialized using 'CodeIgniter\Session\Handlers\FileHandler' driver.
DEBUG - 2026-04-01 15:01:53 --> Session: Class initialized using 'CodeIgniter\Session\Handlers\FileHandler' driver.
DEBUG - 2026-04-01 15:01:53 --> Session: Class initialized using 'CodeIgniter\Session\Handlers\FileHandler' driver.
DEBUG - 2026-04-01 15:01:54 --> Session: Class initialized using 'CodeIgniter\Session\Handlers\FileHandler' driver.
DEBUG - 2026-04-01 15:01:55 --> Session: Class initialized using 'CodeIgniter\Session\Handlers\FileHandler' driver.
DEBUG - 2026-04-01 15:02:35 --> Session: Class initialized using 'CodeIgniter\Session\Handlers\FileHandler' driver.
DEBUG - 2026-04-01 15:02:36 --> Session: Class initialized using 'CodeIgniter\Session\Handlers\FileHandler' driver.
DEBUG - 2026-04-01 15:02:37 --> Session: Class initialized using 'CodeIgniter\Session\Handlers\FileHandler' driver.
DEBUG - 2026-04-01 15:02:38 --> Session: Class initialized using 'CodeIgniter\Session\Handlers\FileHandler' driver.
DEBUG - 2026-04-01 15:02:40 --> Total exams not yet taken calculated for school_id 110: 0
DEBUG - 2026-04-01 15:02:59 --> Session: Class initialized using 'CodeIgniter\Session\Handlers\FileHandler' driver.
DEBUG - 2026-04-01 15:03:01 --> Session: Class initialized using 'CodeIgniter\Session\Handlers\FileHandler' driver.
DEBUG - 2026-04-01 15:03:02 --> Total exams not yet taken calculated for school_id 110: 0
DEBUG - 2026-04-01 15:03:13 --> Session: Class initialized using 'CodeIgniter\Session\Handlers\FileHandler' driver.
DEBUG - 2026-04-01 15:03:13 --> Session: Class initialized using 'CodeIgniter\Session\Handlers\FileHandler' driver.
DEBUG - 2026-04-01 15:03:16 --> Total exams not yet taken calculated for school_id 110: 0
DEBUG - 2026-04-01 15:03:19 --> Session: Class initialized using 'CodeIgniter\Session\Handlers\FileHandler' driver.
DEBUG - 2026-04-01 15:03:20 --> Session: Class initialized using 'CodeIgniter\Session\Handlers\FileHandler' driver.
DEBUG - 2026-04-01 15:03:22 --> Total exams not yet taken calculated for school_id 110: 0
DEBUG - 2026-04-01 15:03:32 --> Session: Class initialized using 'CodeIgniter\Session\Handlers\FileHandler' driver.
DEBUG - 2026-04-01 15:03:34 --> Session: Class initialized using 'CodeIgniter\Session\Handlers\FileHandler' driver.
DEBUG - 2026-04-01 15:03:36 --> Total exams not yet taken calculated for school_id 110: 0
DEBUG - 2026-04-01 15:03:45 --> Session: Class initialized using 'CodeIgniter\Session\Handlers\FileHandler' driver.
DEBUG - 2026-04-01 15:03:46 --> Session: Class initialized using 'CodeIgniter\Session\Handlers\FileHandler' driver.
DEBUG - 2026-04-01 15:03:47 --> Total exams not yet taken calculated for school_id 110: 0
DEBUG - 2026-04-01 15:03:49 --> Session: Class initialized using 'CodeIgniter\Session\Handlers\FileHandler' driver.
DEBUG - 2026-04-01 15:03:50 --> Session: Class initialized using 'CodeIgniter\Session\Handlers\FileHandler' driver.
DEBUG - 2026-04-01 15:03:50 --> Session: Class initialized using 'CodeIgniter\Session\Handlers\FileHandler' driver.
DEBUG - 2026-04-01 15:03:51 --> Session: Class initialized using 'CodeIgniter\Session\Handlers\FileHandler' driver.
DEBUG - 2026-04-01 15:03:51 --> Total exams not yet taken calculated for school_id 110: 0
DEBUG - 2026-04-01 15:03:58 --> Session: Class initialized using 'CodeIgniter\Session\Handlers\FileHandler' driver.
DEBUG - 2026-04-01 15:03:59 --> Session: Class initialized using 'CodeIgniter\Session\Handlers\FileHandler' driver.
DEBUG - 2026-04-01 15:03:59 --> Session: Class initialized using 'CodeIgniter\Session\Handlers\FileHandler' driver.
DEBUG - 2026-04-01 15:04:01 --> Total exams not yet taken calculated for school_id 110: 0
DEBUG - 2026-04-01 15:04:10 --> Session: Class initialized using 'CodeIgniter\Session\Handlers\FileHandler' driver.
DEBUG - 2026-04-01 15:04:11 --> Session: Class initialized using 'CodeIgniter\Session\Handlers\FileHandler' driver.
DEBUG - 2026-04-01 15:04:12 --> Session: Class initialized using 'CodeIgniter\Session\Handlers\FileHandler' driver.
DEBUG - 2026-04-01 15:04:13 --> Total exams not yet taken calculated for school_id 110: 0
DEBUG - 2026-04-01 15:06:15 --> Session: Class initialized using 'CodeIgniter\Session\Handlers\FileHandler' driver.
DEBUG - 2026-04-01 15:06:16 --> Session: Class initialized using 'CodeIgniter\Session\Handlers\FileHandler' driver.
DEBUG - 2026-04-01 15:06:18 --> Session: Class initialized using 'CodeIgniter\Session\Handlers\FileHandler' driver.
DEBUG - 2026-04-01 15:06:19 --> Session: Class initialized using 'CodeIgniter\Session\Handlers\FileHandler' driver.
DEBUG - 2026-04-01 15:06:19 --> Session: Class initialized using 'CodeIgniter\Session\Handlers\FileHandler' driver.
DEBUG - 2026-04-01 15:06:26 --> Session: Class initialized using 'CodeIgniter\Session\Handlers\FileHandler' driver.
DEBUG - 2026-04-01 15:06:26 --> Session: Class initialized using 'CodeIgniter\Session\Handlers\FileHandler' driver.
DEBUG - 2026-04-01 15:06:28 --> Total exams not yet taken calculated for school_id 110: 0
DEBUG - 2026-04-01 15:06:33 --> Session: Class initialized using 'CodeIgniter\Session\Handlers\FileHandler' driver.
DEBUG - 2026-04-01 15:06:34 --> Total exams not yet taken calculated for school_id 110: 0
DEBUG - 2026-04-01 15:06:39 --> Session: Class initialized using 'CodeIgniter\Session\Handlers\FileHandler' driver.
DEBUG - 2026-04-01 15:06:41 --> Session: Class initialized using 'CodeIgniter\Session\Handlers\FileHandler' driver.
DEBUG - 2026-04-01 15:06:49 --> Session: Class initialized using 'CodeIgniter\Session\Handlers\FileHandler' driver.
DEBUG - 2026-04-01 15:06:51 --> Total exams not yet taken calculated for school_id 110: 0
DEBUG - 2026-04-01 15:06:59 --> Session: Class initialized using 'CodeIgniter\Session\Handlers\FileHandler' driver.
DEBUG - 2026-04-01 15:07:02 --> Session: Class initialized using 'CodeIgniter\Session\Handlers\FileHandler' driver.
DEBUG - 2026-04-01 15:08:11 --> Session: Class initialized using 'CodeIgniter\Session\Handlers\FileHandler' driver.
DEBUG - 2026-04-01 15:08:12 --> Session: Class initialized using 'CodeIgniter\Session\Handlers\FileHandler' driver.
DEBUG - 2026-04-01 15:08:12 --> Session: Class initialized using 'CodeIgniter\Session\Handlers\FileHandler' driver.
DEBUG - 2026-04-01 15:08:13 --> Session: Class initialized using 'CodeIgniter\Session\Handlers\FileHandler' driver.
DEBUG - 2026-04-01 15:08:34 --> Session: Class initialized using 'CodeIgniter\Session\Handlers\FileHandler' driver.
DEBUG - 2026-04-01 15:08:36 --> Session: Class initialized using 'CodeIgniter\Session\Handlers\FileHandler' driver.
DEBUG - 2026-04-01 15:08:37 --> Total exams not yet taken calculated for school_id 110: 0
DEBUG - 2026-04-01 15:08:39 --> Session: Class initialized using 'CodeIgniter\Session\Handlers\FileHandler' driver.
DEBUG - 2026-04-01 15:08:43 --> Session: Class initialized using 'CodeIgniter\Session\Handlers\FileHandler' driver.
DEBUG - 2026-04-01 15:08:44 --> Total exams not yet taken calculated for school_id 110: 0
DEBUG - 2026-04-01 15:08:50 --> Session: Class initialized using 'CodeIgniter\Session\Handlers\FileHandler' driver.
DEBUG - 2026-04-01 15:08:56 --> Session: Class initialized using 'CodeIgniter\Session\Handlers\FileHandler' driver.
DEBUG - 2026-04-01 15:09:33 --> Session: Class initialized using 'CodeIgniter\Session\Handlers\FileHandler' driver.
DEBUG - 2026-04-01 15:09:33 --> Session: Class initialized using 'CodeIgniter\Session\Handlers\FileHandler' driver.
DEBUG - 2026-04-01 15:09:34 --> Total exams not yet taken calculated for school_id 110: 0
DEBUG - 2026-04-01 15:09:34 --> Session: Class initialized using 'CodeIgniter\Session\Handlers\FileHandler' driver.
DEBUG - 2026-04-01 15:09:36 --> Session: Class initialized using 'CodeIgniter\Session\Handlers\FileHandler' driver.
DEBUG - 2026-04-01 15:09:36 --> Session: Class initialized using 'CodeIgniter\Session\Handlers\FileHandler' driver.
DEBUG - 2026-04-01 15:09:37 --> Session: Class initialized using 'CodeIgniter\Session\Handlers\FileHandler' driver.
DEBUG - 2026-04-01 15:09:58 --> Session: Class initialized using 'CodeIgniter\Session\Handlers\FileHandler' driver.
DEBUG - 2026-04-01 15:10:11 --> Session: Class initialized using 'CodeIgniter\Session\Handlers\FileHandler' driver.
DEBUG - 2026-04-01 15:10:11 --> Total exams not yet taken calculated for school_id 110: 0
DEBUG - 2026-04-01 15:10:11 --> Session: Class initialized using 'CodeIgniter\Session\Handlers\FileHandler' driver.
DEBUG - 2026-04-01 15:10:14 --> Session: Class initialized using 'CodeIgniter\Session\Handlers\FileHandler' driver.
DEBUG - 2026-04-01 15:10:14 --> Session: Class initialized using 'CodeIgniter\Session\Handlers\FileHandler' driver.
DEBUG - 2026-04-01 15:10:16 --> Session: Class initialized using 'CodeIgniter\Session\Handlers\FileHandler' driver.
DEBUG - 2026-04-01 15:10:27 --> Session: Class initialized using 'CodeIgniter\Session\Handlers\FileHandler' driver.
DEBUG - 2026-04-01 15:10:36 --> Session: Class initialized using 'CodeIgniter\Session\Handlers\FileHandler' driver.
DEBUG - 2026-04-01 15:10:36 --> Session: Class initialized using 'CodeIgniter\Session\Handlers\FileHandler' driver.
DEBUG - 2026-04-01 15:19:15 --> Session: Class initialized using 'CodeIgniter\Session\Handlers\FileHandler' driver.
DEBUG - 2026-04-01 15:19:26 --> Session: Class initialized using 'CodeIgniter\Session\Handlers\FileHandler' driver.
DEBUG - 2026-04-01 15:19:29 --> Session: Class initialized using 'CodeIgniter\Session\Handlers\FileHandler' driver.
DEBUG - 2026-04-01 15:19:39 --> Session: Class initialized using 'CodeIgniter\Session\Handlers\FileHandler' driver.
DEBUG - 2026-04-01 15:19:39 --> Total exams not yet taken calculated for school_id 110: 0
DEBUG - 2026-04-01 15:19:42 --> Session: Class initialized using 'CodeIgniter\Session\Handlers\FileHandler' driver.
DEBUG - 2026-04-01 15:19:44 --> Session: Class initialized using 'CodeIgniter\Session\Handlers\FileHandler' driver.
DEBUG - 2026-04-01 15:19:46 --> Total exams not yet taken calculated for school_id 110: 0
DEBUG - 2026-04-01 15:19:49 --> Session: Class initialized using 'CodeIgniter\Session\Handlers\FileHandler' driver.
DEBUG - 2026-04-01 15:19:49 --> Session: Class initialized using 'CodeIgniter\Session\Handlers\FileHandler' driver.
DEBUG - 2026-04-01 15:19:50 --> Session: Class initialized using 'CodeIgniter\Session\Handlers\FileHandler' driver.
DEBUG - 2026-04-01 15:21:23 --> Session: Class initialized using 'CodeIgniter\Session\Handlers\FileHandler' driver.
DEBUG - 2026-04-01 15:21:24 --> Session: Class initialized using 'CodeIgniter\Session\Handlers\FileHandler' driver.
DEBUG - 2026-04-01 15:21:24 --> Session: Class initialized using 'CodeIgniter\Session\Handlers\FileHandler' driver.
DEBUG - 2026-04-01 15:21:24 --> Session: Class initialized using 'CodeIgniter\Session\Handlers\FileHandler' driver.
DEBUG - 2026-04-01 15:21:25 --> Session: Class initialized using 'CodeIgniter\Session\Handlers\FileHandler' driver.
DEBUG - 2026-04-01 15:21:25 --> Session: Class initialized using 'CodeIgniter\Session\Handlers\FileHandler' driver.
DEBUG - 2026-04-01 15:21:46 --> Session: Class initialized using 'CodeIgniter\Session\Handlers\FileHandler' driver.
DEBUG - 2026-04-01 15:21:47 --> Total exams not yet taken calculated for school_id 110: 0
DEBUG - 2026-04-01 15:21:57 --> Session: Class initialized using 'CodeIgniter\Session\Handlers\FileHandler' driver.
CRITICAL - 2026-04-01 15:22:00 --> Error: Cannot use object of type CodeIgniter\HTTP\Files\UploadedFile as array
[Method: POST, Route: app/profile/update_profile]
in APPPATH\Models\User_model.php on line 1595.
 1 APPPATH\Controllers\Student.php(2455): App\Models\User_model->update_profile()
 2 APPPATH\Config\Routes.php(409): App\Controllers\Student->profile('update_profile')
 3 APPPATH\Config\Routes.php(418): CodeIgniter\Router\RouteCollection::{closure}('profile/update_profile')
 4 SYSTEMPATH\CodeIgniter.php(875): CodeIgniter\Router\RouteCollection::{closure}('profile/update_profile')
 5 SYSTEMPATH\CodeIgniter.php(494): CodeIgniter\CodeIgniter->startController()
 6 SYSTEMPATH\CodeIgniter.php(354): CodeIgniter\CodeIgniter->handleRequest(null, Object(Config\Cache), false)
 7 SYSTEMPATH\Boot.php(334): CodeIgniter\CodeIgniter->run()
 8 SYSTEMPATH\Boot.php(67): CodeIgniter\Boot::runCodeIgniter(Object(CodeIgniter\CodeIgniter))
 9 FCPATH\index.php(75): CodeIgniter\Boot::bootWeb(Object(Config\Paths))
10 SYSTEMPATH\rewrite.php(44): require_once('C:\\xampp\\htdocs\\School-Management-De_migration\\index.php')
DEBUG - 2026-04-01 15:22:21 --> Session: Class initialized using 'CodeIgniter\Session\Handlers\FileHandler' driver.
DEBUG - 2026-04-01 15:22:22 --> Total exams not yet taken calculated for school_id 110: 0
DEBUG - 2026-04-01 15:22:24 --> Session: Class initialized using 'CodeIgniter\Session\Handlers\FileHandler' driver.
DEBUG - 2026-04-01 15:22:28 --> Session: Class initialized using 'CodeIgniter\Session\Handlers\FileHandler' driver.
DEBUG - 2026-04-01 15:22:28 --> Session: Class initialized using 'CodeIgniter\Session\Handlers\FileHandler' driver.
DEBUG - 2026-04-01 15:22:30 --> Session: Class initialized using 'CodeIgniter\Session\Handlers\FileHandler' driver.
DEBUG - 2026-04-01 15:22:30 --> Session: Class initialized using 'CodeIgniter\Session\Handlers\FileHandler' driver.
DEBUG - 2026-04-01 15:22:31 --> Session: Class initialized using 'CodeIgniter\Session\Handlers\FileHandler' driver.
DEBUG - 2026-04-01 15:22:32 --> Session: Class initialized using 'CodeIgniter\Session\Handlers\FileHandler' driver.
DEBUG - 2026-04-01 15:23:10 --> Session: Class initialized using 'CodeIgniter\Session\Handlers\FileHandler' driver.
DEBUG - 2026-04-01 15:23:10 --> Total exams not yet taken calculated for school_id 110: 0
DEBUG - 2026-04-01 15:23:10 --> Session: Class initialized using 'CodeIgniter\Session\Handlers\FileHandler' driver.
DEBUG - 2026-04-01 15:23:11 --> Session: Class initialized using 'CodeIgniter\Session\Handlers\FileHandler' driver.
DEBUG - 2026-04-01 15:23:11 --> Session: Class initialized using 'CodeIgniter\Session\Handlers\FileHandler' driver.
DEBUG - 2026-04-01 15:23:12 --> Session: Class initialized using 'CodeIgniter\Session\Handlers\FileHandler' driver.
DEBUG - 2026-04-01 15:23:12 --> Session: Class initialized using 'CodeIgniter\Session\Handlers\FileHandler' driver.
DEBUG - 2026-04-01 15:23:15 --> Session: Class initialized using 'CodeIgniter\Session\Handlers\FileHandler' driver.
DEBUG - 2026-04-01 15:23:24 --> Session: Class initialized using 'CodeIgniter\Session\Handlers\FileHandler' driver.
ERROR - 2026-04-01 15:23:24 --> recording - No valid school_id found for user_id: 266
CRITICAL - 2026-04-01 15:23:24 --> Error: Call to undefined function App\Controllers\show_error()
[Method: GET, Route: app/Recording]
in APPPATH\Controllers\Student.php on line 451.
 1 APPPATH\Config\Routes.php(409): App\Controllers\Student->recording()
 2 APPPATH\Config\Routes.php(415): CodeIgniter\Router\RouteCollection::{closure}('Recording')
 3 SYSTEMPATH\CodeIgniter.php(875): CodeIgniter\Router\RouteCollection::{closure}('Recording')
 4 SYSTEMPATH\CodeIgniter.php(494): CodeIgniter\CodeIgniter->startController()
 5 SYSTEMPATH\CodeIgniter.php(354): CodeIgniter\CodeIgniter->handleRequest(null, Object(Config\Cache), false)
 6 SYSTEMPATH\Boot.php(334): CodeIgniter\CodeIgniter->run()
 7 SYSTEMPATH\Boot.php(67): CodeIgniter\Boot::runCodeIgniter(Object(CodeIgniter\CodeIgniter))
 8 FCPATH\index.php(75): CodeIgniter\Boot::bootWeb(Object(Config\Paths))
 9 SYSTEMPATH\rewrite.php(44): require_once('C:\\xampp\\htdocs\\School-Management-De_migration\\index.php')
DEBUG - 2026-04-01 15:23:24 --> Session: Class initialized using 'CodeIgniter\Session\Handlers\FileHandler' driver.
DEBUG - 2026-04-01 15:23:27 --> Session: Class initialized using 'CodeIgniter\Session\Handlers\FileHandler' driver.
DEBUG - 2026-04-01 15:23:28 --> Total exams not yet taken calculated for school_id 110: 0
DEBUG - 2026-04-01 15:23:29 --> Session: Class initialized using 'CodeIgniter\Session\Handlers\FileHandler' driver.
DEBUG - 2026-04-01 15:23:30 --> Session: Class initialized using 'CodeIgniter\Session\Handlers\FileHandler' driver.
DEBUG - 2026-04-01 15:23:31 --> Session: Class initialized using 'CodeIgniter\Session\Handlers\FileHandler' driver.
DEBUG - 2026-04-01 15:23:32 --> Session: Class initialized using 'CodeIgniter\Session\Handlers\FileHandler' driver.
DEBUG - 2026-04-01 15:23:33 --> Session: Class initialized using 'CodeIgniter\Session\Handlers\FileHandler' driver.
DEBUG - 2026-04-01 15:23:34 --> Session: Class initialized using 'CodeIgniter\Session\Handlers\FileHandler' driver.
DEBUG - 2026-04-01 15:23:35 --> Total exams not yet taken calculated for school_id 110: 0
DEBUG - 2026-04-01 15:23:37 --> Session: Class initialized using 'CodeIgniter\Session\Handlers\FileHandler' driver.
DEBUG - 2026-04-01 15:23:40 --> Session: Class initialized using 'CodeIgniter\Session\Handlers\FileHandler' driver.
DEBUG - 2026-04-01 15:23:41 --> Session: Class initialized using 'CodeIgniter\Session\Handlers\FileHandler' driver.
DEBUG - 2026-04-01 15:23:42 --> Session: Class initialized using 'CodeIgniter\Session\Handlers\FileHandler' driver.
DEBUG - 2026-04-01 15:23:44 --> Session: Class initialized using 'CodeIgniter\Session\Handlers\FileHandler' driver.
DEBUG - 2026-04-01 15:23:46 --> Session: Class initialized using 'CodeIgniter\Session\Handlers\FileHandler' driver.
DEBUG - 2026-04-01 15:23:47 --> Session: Class initialized using 'CodeIgniter\Session\Handlers\FileHandler' driver.
DEBUG - 2026-04-01 15:24:30 --> Session: Class initialized using 'CodeIgniter\Session\Handlers\FileHandler' driver.
CRITICAL - 2026-04-01 15:24:30 --> Error: Call to undefined function App\Controllers\show_404()
[Method: GET, Route: app/courses]
in APPPATH\Controllers\Student.php on line 361.
 1 APPPATH\Config\Routes.php(409): App\Controllers\Student->courses()
 2 APPPATH\Config\Routes.php(415): CodeIgniter\Router\RouteCollection::{closure}('courses')
 3 SYSTEMPATH\CodeIgniter.php(875): CodeIgniter\Router\RouteCollection::{closure}('courses')
 4 SYSTEMPATH\CodeIgniter.php(494): CodeIgniter\CodeIgniter->startController()
 5 SYSTEMPATH\CodeIgniter.php(354): CodeIgniter\CodeIgniter->handleRequest(null, Object(Config\Cache), false)
 6 SYSTEMPATH\Boot.php(334): CodeIgniter\CodeIgniter->run()
 7 SYSTEMPATH\Boot.php(67): CodeIgniter\Boot::runCodeIgniter(Object(CodeIgniter\CodeIgniter))
 8 FCPATH\index.php(75): CodeIgniter\Boot::bootWeb(Object(Config\Paths))
 9 SYSTEMPATH\rewrite.php(44): require_once('C:\\xampp\\htdocs\\School-Management-De_migration\\index.php')
DEBUG - 2026-04-01 15:24:30 --> Session: Class initialized using 'CodeIgniter\Session\Handlers\FileHandler' driver.
DEBUG - 2026-04-01 15:25:25 --> Session: Class initialized using 'CodeIgniter\Session\Handlers\FileHandler' driver.
CRITICAL - 2026-04-01 15:25:25 --> Error: Call to undefined function App\Controllers\show_404()
[Method: GET, Route: app/courses]
in APPPATH\Controllers\Student.php on line 361.
 1 APPPATH\Config\Routes.php(409): App\Controllers\Student->courses()
 2 APPPATH\Config\Routes.php(415): CodeIgniter\Router\RouteCollection::{closure}('courses')
 3 SYSTEMPATH\CodeIgniter.php(875): CodeIgniter\Router\RouteCollection::{closure}('courses')
 4 SYSTEMPATH\CodeIgniter.php(494): CodeIgniter\CodeIgniter->startController()
 5 SYSTEMPATH\CodeIgniter.php(354): CodeIgniter\CodeIgniter->handleRequest(null, Object(Config\Cache), false)
 6 SYSTEMPATH\Boot.php(334): CodeIgniter\CodeIgniter->run()
 7 SYSTEMPATH\Boot.php(67): CodeIgniter\Boot::runCodeIgniter(Object(CodeIgniter\CodeIgniter))
 8 FCPATH\index.php(75): CodeIgniter\Boot::bootWeb(Object(Config\Paths))
 9 SYSTEMPATH\rewrite.php(44): require_once('C:\\xampp\\htdocs\\School-Management-De_migration\\index.php')
DEBUG - 2026-04-01 15:25:51 --> Session: Class initialized using 'CodeIgniter\Session\Handlers\FileHandler' driver.
ERROR - 2026-04-01 15:25:52 --> 404 Page Not Found: /app/courses
DEBUG - 2026-04-01 15:25:59 --> Session: Class initialized using 'CodeIgniter\Session\Handlers\FileHandler' driver.
ERROR - 2026-04-01 15:25:59 --> 404 Page Not Found: /app/courses
DEBUG - 2026-04-01 15:26:01 --> Session: Class initialized using 'CodeIgniter\Session\Handlers\FileHandler' driver.
ERROR - 2026-04-01 15:26:01 --> 404 Page Not Found: /app/courses
DEBUG - 2026-04-01 15:26:01 --> Session: Class initialized using 'CodeIgniter\Session\Handlers\FileHandler' driver.
DEBUG - 2026-04-01 15:27:17 --> Session: Class initialized using 'CodeIgniter\Session\Handlers\FileHandler' driver.
DEBUG - 2026-04-01 15:27:18 --> Total exams not yet taken calculated for school_id 110: 0
DEBUG - 2026-04-01 15:27:29 --> Session: Class initialized using 'CodeIgniter\Session\Handlers\FileHandler' driver.
DEBUG - 2026-04-01 15:27:33 --> Total exams not yet taken calculated for school_id 1: 0
DEBUG - 2026-04-01 15:27:37 --> Session: Class initialized using 'CodeIgniter\Session\Handlers\FileHandler' driver.
DEBUG - 2026-04-01 15:27:39 --> Session: Class initialized using 'CodeIgniter\Session\Handlers\FileHandler' driver.
DEBUG - 2026-04-01 15:27:40 --> Session: Class initialized using 'CodeIgniter\Session\Handlers\FileHandler' driver.
DEBUG - 2026-04-01 15:28:05 --> Session: Class initialized using 'CodeIgniter\Session\Handlers\FileHandler' driver.
DEBUG - 2026-04-01 15:28:05 --> Total exams not yet taken calculated for school_id 110: 0
DEBUG - 2026-04-01 15:28:11 --> Session: Class initialized using 'CodeIgniter\Session\Handlers\FileHandler' driver.
DEBUG - 2026-04-01 15:28:17 --> Session: Class initialized using 'CodeIgniter\Session\Handlers\FileHandler' driver.
DEBUG - 2026-04-01 15:28:22 --> Session: Class initialized using 'CodeIgniter\Session\Handlers\FileHandler' driver.
DEBUG - 2026-04-01 15:28:27 --> Session: Class initialized using 'CodeIgniter\Session\Handlers\FileHandler' driver.
DEBUG - 2026-04-01 15:28:39 --> Session: Class initialized using 'CodeIgniter\Session\Handlers\FileHandler' driver.
DEBUG - 2026-04-01 15:28:40 --> Session: Class initialized using 'CodeIgniter\Session\Handlers\FileHandler' driver.
DEBUG - 2026-04-01 15:28:42 --> Session: Class initialized using 'CodeIgniter\Session\Handlers\FileHandler' driver.
DEBUG - 2026-04-01 15:28:42 --> Session: Class initialized using 'CodeIgniter\Session\Handlers\FileHandler' driver.
DEBUG - 2026-04-01 15:28:43 --> Session: Class initialized using 'CodeIgniter\Session\Handlers\FileHandler' driver.
DEBUG - 2026-04-01 15:28:44 --> Total exams not yet taken calculated for school_id 93: 0
ERROR - 2026-04-01 15:28:45 --> mysqli_sql_exception: Table 'wayo_db.attendance' doesn't exist in C:\xampp\htdocs\School-Management-De_migration\vendor\codeigniter4\framework\system\Database\MySQLi\Connection.php:327
Stack trace:
#0 C:\xampp\htdocs\School-Management-De_migration\vendor\codeigniter4\framework\system\Database\MySQLi\Connection.php(327): mysqli->query('SELECT COUNT(*)...', 0)
#1 C:\xampp\htdocs\School-Management-De_migration\vendor\codeigniter4\framework\system\Database\BaseConnection.php(738): CodeIgniter\Database\MySQLi\Connection->execute('SELECT COUNT(*)...')
#2 C:\xampp\htdocs\School-Management-De_migration\vendor\codeigniter4\framework\system\Database\BaseConnection.php(652): CodeIgniter\Database\BaseConnection->simpleQuery('SELECT COUNT(*)...')
#3 C:\xampp\htdocs\School-Management-De_migration\vendor\codeigniter4\framework\system\Database\BaseBuilder.php(1733): CodeIgniter\Database\BaseConnection->query('SELECT COUNT(*)...', Array, false)
#4 C:\xampp\htdocs\School-Management-De_migration\app\Models\Crud_model.php(310): CodeIgniter\Database\BaseBuilder->countAllResults()
#5 C:\xampp\htdocs\School-Management-De_migration\app\Views\backend\admin\dashboard\index.php(666): App\Models\Crud_model->get_todays_attendance()
#6 C:\xampp\htdocs\School-Management-De_migration\app\Views\backend\index.php(147): include('C:\\xampp\\htdocs...')
#7 C:\xampp\htdocs\School-Management-De_migration\vendor\codeigniter4\framework\system\View\View.php(224): include('C:\\xampp\\htdocs...')
#8 C:\xampp\htdocs\School-Management-De_migration\vendor\codeigniter4\framework\system\View\View.php(227): CodeIgniter\View\View->CodeIgniter\View\{closure}()
#9 C:\xampp\htdocs\School-Management-De_migration\app\View\View.php(353): CodeIgniter\View\View->render('backend/index', Array, true)
#10 C:\xampp\htdocs\School-Management-De_migration\vendor\codeigniter4\framework\system\Common.php(1173): App\View\View->render('backend/index', Array, true)
#11 C:\xampp\htdocs\School-Management-De_migration\app\Controllers\Admin.php(108): view('backend/index', Array)
#12 C:\xampp\htdocs\School-Management-De_migration\app\Config\Routes.php(283): App\Controllers\Admin->dashboard()
#13 C:\xampp\htdocs\School-Management-De_migration\vendor\codeigniter4\framework\system\CodeIgniter.php(875): CodeIgniter\Router\RouteCollection::{closure}()
#14 C:\xampp\htdocs\School-Management-De_migration\vendor\codeigniter4\framework\system\CodeIgniter.php(494): CodeIgniter\CodeIgniter->startController()
#15 C:\xampp\htdocs\School-Management-De_migration\vendor\codeigniter4\framework\system\CodeIgniter.php(354): CodeIgniter\CodeIgniter->handleRequest(NULL, Object(Config\Cache), false)
#16 C:\xampp\htdocs\School-Management-De_migration\vendor\codeigniter4\framework\system\Boot.php(334): CodeIgniter\CodeIgniter->run()
#17 C:\xampp\htdocs\School-Management-De_migration\vendor\codeigniter4\framework\system\Boot.php(67): CodeIgniter\Boot::runCodeIgniter(Object(CodeIgniter\CodeIgniter))
#18 C:\xampp\htdocs\School-Management-De_migration\index.php(75): CodeIgniter\Boot::bootWeb(Object(Config\Paths))
#19 C:\xampp\htdocs\School-Management-De_migration\vendor\codeigniter4\framework\system\rewrite.php(44): require_once('C:\\xampp\\htdocs...')
#20 {main}
ERROR - 2026-04-01 15:28:45 --> mysqli_sql_exception: Table 'wayo_db.attendance' doesn't exist in C:\xampp\htdocs\School-Management-De_migration\vendor\codeigniter4\framework\system\Database\MySQLi\Connection.php:327
Stack trace:
#0 C:\xampp\htdocs\School-Management-De_migration\vendor\codeigniter4\framework\system\Database\MySQLi\Connection.php(327): mysqli->query('SELECT COUNT(*)...', 0)
#1 C:\xampp\htdocs\School-Management-De_migration\vendor\codeigniter4\framework\system\Database\BaseConnection.php(738): CodeIgniter\Database\MySQLi\Connection->execute('SELECT COUNT(*)...')
#2 C:\xampp\htdocs\School-Management-De_migration\vendor\codeigniter4\framework\system\Database\BaseConnection.php(652): CodeIgniter\Database\BaseConnection->simpleQuery('SELECT COUNT(*)...')
#3 C:\xampp\htdocs\School-Management-De_migration\vendor\codeigniter4\framework\system\Database\BaseBuilder.php(1733): CodeIgniter\Database\BaseConnection->query('SELECT COUNT(*)...', Array, false)
#4 C:\xampp\htdocs\School-Management-De_migration\app\Models\Crud_model.php(310): CodeIgniter\Database\BaseBuilder->countAllResults()
#5 C:\xampp\htdocs\School-Management-De_migration\app\Views\backend\admin\dashboard\index.php(667): App\Models\Crud_model->get_todays_attendance()
#6 C:\xampp\htdocs\School-Management-De_migration\app\Views\backend\index.php(147): include('C:\\xampp\\htdocs...')
#7 C:\xampp\htdocs\School-Management-De_migration\vendor\codeigniter4\framework\system\View\View.php(224): include('C:\\xampp\\htdocs...')
#8 C:\xampp\htdocs\School-Management-De_migration\vendor\codeigniter4\framework\system\View\View.php(227): CodeIgniter\View\View->CodeIgniter\View\{closure}()
#9 C:\xampp\htdocs\School-Management-De_migration\app\View\View.php(353): CodeIgniter\View\View->render('backend/index', Array, true)
#10 C:\xampp\htdocs\School-Management-De_migration\vendor\codeigniter4\framework\system\Common.php(1173): App\View\View->render('backend/index', Array, true)
#11 C:\xampp\htdocs\School-Management-De_migration\app\Controllers\Admin.php(108): view('backend/index', Array)
#12 C:\xampp\htdocs\School-Management-De_migration\app\Config\Routes.php(283): App\Controllers\Admin->dashboard()
#13 C:\xampp\htdocs\School-Management-De_migration\vendor\codeigniter4\framework\system\CodeIgniter.php(875): CodeIgniter\Router\RouteCollection::{closure}()
#14 C:\xampp\htdocs\School-Management-De_migration\vendor\codeigniter4\framework\system\CodeIgniter.php(494): CodeIgniter\CodeIgniter->startController()
#15 C:\xampp\htdocs\School-Management-De_migration\vendor\codeigniter4\framework\system\CodeIgniter.php(354): CodeIgniter\CodeIgniter->handleRequest(NULL, Object(Config\Cache), false)
#16 C:\xampp\htdocs\School-Management-De_migration\vendor\codeigniter4\framework\system\Boot.php(334): CodeIgniter\CodeIgniter->run()
#17 C:\xampp\htdocs\School-Management-De_migration\vendor\codeigniter4\framework\system\Boot.php(67): CodeIgniter\Boot::runCodeIgniter(Object(CodeIgniter\CodeIgniter))
#18 C:\xampp\htdocs\School-Management-De_migration\index.php(75): CodeIgniter\Boot::bootWeb(Object(Config\Paths))
#19 C:\xampp\htdocs\School-Management-De_migration\vendor\codeigniter4\framework\system\rewrite.php(44): require_once('C:\\xampp\\htdocs...')
#20 {main}
ERROR - 2026-04-01 15:28:45 --> mysqli_sql_exception: Table 'wayo_db.events' doesn't exist in C:\xampp\htdocs\School-Management-De_migration\vendor\codeigniter4\framework\system\Database\MySQLi\Connection.php:327
Stack trace:
#0 C:\xampp\htdocs\School-Management-De_migration\vendor\codeigniter4\framework\system\Database\MySQLi\Connection.php(327): mysqli->query('SELECT *\nFROM `...', 0)
#1 C:\xampp\htdocs\School-Management-De_migration\vendor\codeigniter4\framework\system\Database\BaseConnection.php(738): CodeIgniter\Database\MySQLi\Connection->execute('SELECT *\nFROM `...')
#2 C:\xampp\htdocs\School-Management-De_migration\vendor\codeigniter4\framework\system\Database\BaseConnection.php(652): CodeIgniter\Database\BaseConnection->simpleQuery('SELECT *\nFROM `...')
#3 C:\xampp\htdocs\School-Management-De_migration\vendor\codeigniter4\framework\system\Database\BaseBuilder.php(1649): CodeIgniter\Database\BaseConnection->query('SELECT *\nFROM `...', Array, false)
#4 C:\xampp\htdocs\School-Management-De_migration\app\Models\Crud_model.php(293): CodeIgniter\Database\BaseBuilder->get()
#5 C:\xampp\htdocs\School-Management-De_migration\app\Views\backend\admin\dashboard\index.php(681): App\Models\Crud_model->get_current_month_events()
#6 C:\xampp\htdocs\School-Management-De_migration\app\Views\backend\index.php(147): include('C:\\xampp\\htdocs...')
#7 C:\xampp\htdocs\School-Management-De_migration\vendor\codeigniter4\framework\system\View\View.php(224): include('C:\\xampp\\htdocs...')
#8 C:\xampp\htdocs\School-Management-De_migration\vendor\codeigniter4\framework\system\View\View.php(227): CodeIgniter\View\View->CodeIgniter\View\{closure}()
#9 C:\xampp\htdocs\School-Management-De_migration\app\View\View.php(353): CodeIgniter\View\View->render('backend/index', Array, true)
#10 C:\xampp\htdocs\School-Management-De_migration\vendor\codeigniter4\framework\system\Common.php(1173): App\View\View->render('backend/index', Array, true)
#11 C:\xampp\htdocs\School-Management-De_migration\app\Controllers\Admin.php(108): view('backend/index', Array)
#12 C:\xampp\htdocs\School-Management-De_migration\app\Config\Routes.php(283): App\Controllers\Admin->dashboard()
#13 C:\xampp\htdocs\School-Management-De_migration\vendor\codeigniter4\framework\system\CodeIgniter.php(875): CodeIgniter\Router\RouteCollection::{closure}()
#14 C:\xampp\htdocs\School-Management-De_migration\vendor\codeigniter4\framework\system\CodeIgniter.php(494): CodeIgniter\CodeIgniter->startController()
#15 C:\xampp\htdocs\School-Management-De_migration\vendor\codeigniter4\framework\system\CodeIgniter.php(354): CodeIgniter\CodeIgniter->handleRequest(NULL, Object(Config\Cache), false)
#16 C:\xampp\htdocs\School-Management-De_migration\vendor\codeigniter4\framework\system\Boot.php(334): CodeIgniter\CodeIgniter->run()
#17 C:\xampp\htdocs\School-Management-De_migration\vendor\codeigniter4\framework\system\Boot.php(67): CodeIgniter\Boot::runCodeIgniter(Object(CodeIgniter\CodeIgniter))
#18 C:\xampp\htdocs\School-Management-De_migration\index.php(75): CodeIgniter\Boot::bootWeb(Object(Config\Paths))
#19 C:\xampp\htdocs\School-Management-De_migration\vendor\codeigniter4\framework\system\rewrite.php(44): require_once('C:\\xampp\\htdocs...')
#20 {main}
ERROR - 2026-04-01 15:28:45 --> mysqli_sql_exception: Table 'wayo_db.attendance' doesn't exist in C:\xampp\htdocs\School-Management-De_migration\vendor\codeigniter4\framework\system\Database\MySQLi\Connection.php:327
Stack trace:
#0 C:\xampp\htdocs\School-Management-De_migration\vendor\codeigniter4\framework\system\Database\MySQLi\Connection.php(327): mysqli->query('SELECT COUNT(*)...', 0)
#1 C:\xampp\htdocs\School-Management-De_migration\vendor\codeigniter4\framework\system\Database\BaseConnection.php(738): CodeIgniter\Database\MySQLi\Connection->execute('SELECT COUNT(*)...')
#2 C:\xampp\htdocs\School-Management-De_migration\vendor\codeigniter4\framework\system\Database\BaseConnection.php(652): CodeIgniter\Database\BaseConnection->simpleQuery('SELECT COUNT(*)...')
#3 C:\xampp\htdocs\School-Management-De_migration\vendor\codeigniter4\framework\system\Database\BaseBuilder.php(1733): CodeIgniter\Database\BaseConnection->query('SELECT COUNT(*)...', Array, false)
#4 C:\xampp\htdocs\School-Management-De_migration\app\Models\Crud_model.php(310): CodeIgniter\Database\BaseBuilder->countAllResults()
#5 C:\xampp\htdocs\School-Management-De_migration\app\Views\backend\admin\dashboard\index.php(696): App\Models\Crud_model->get_todays_attendance()
#6 C:\xampp\htdocs\School-Management-De_migration\app\Views\backend\index.php(147): include('C:\\xampp\\htdocs...')
#7 C:\xampp\htdocs\School-Management-De_migration\vendor\codeigniter4\framework\system\View\View.php(224): include('C:\\xampp\\htdocs...')
#8 C:\xampp\htdocs\School-Management-De_migration\vendor\codeigniter4\framework\system\View\View.php(227): CodeIgniter\View\View->CodeIgniter\View\{closure}()
#9 C:\xampp\htdocs\School-Management-De_migration\app\View\View.php(353): CodeIgniter\View\View->render('backend/index', Array, true)
#10 C:\xampp\htdocs\School-Management-De_migration\vendor\codeigniter4\framework\system\Common.php(1173): App\View\View->render('backend/index', Array, true)
#11 C:\xampp\htdocs\School-Management-De_migration\app\Controllers\Admin.php(108): view('backend/index', Array)
#12 C:\xampp\htdocs\School-Management-De_migration\app\Config\Routes.php(283): App\Controllers\Admin->dashboard()
#13 C:\xampp\htdocs\School-Management-De_migration\vendor\codeigniter4\framework\system\CodeIgniter.php(875): CodeIgniter\Router\RouteCollection::{closure}()
#14 C:\xampp\htdocs\School-Management-De_migration\vendor\codeigniter4\framework\system\CodeIgniter.php(494): CodeIgniter\CodeIgniter->startController()
#15 C:\xampp\htdocs\School-Management-De_migration\vendor\codeigniter4\framework\system\CodeIgniter.php(354): CodeIgniter\CodeIgniter->handleRequest(NULL, Object(Config\Cache), false)
#16 C:\xampp\htdocs\School-Management-De_migration\vendor\codeigniter4\framework\system\Boot.php(334): CodeIgniter\CodeIgniter->run()
#17 C:\xampp\htdocs\School-Management-De_migration\vendor\codeigniter4\framework\system\Boot.php(67): CodeIgniter\Boot::runCodeIgniter(Object(CodeIgniter\CodeIgniter))
#18 C:\xampp\htdocs\School-Management-De_migration\index.php(75): CodeIgniter\Boot::bootWeb(Object(Config\Paths))
#19 C:\xampp\htdocs\School-Management-De_migration\vendor\codeigniter4\framework\system\rewrite.php(44): require_once('C:\\xampp\\htdocs...')
#20 {main}
ERROR - 2026-04-01 15:28:45 --> mysqli_sql_exception: Table 'wayo_db.events' doesn't exist in C:\xampp\htdocs\School-Management-De_migration\vendor\codeigniter4\framework\system\Database\MySQLi\Connection.php:327
Stack trace:
#0 C:\xampp\htdocs\School-Management-De_migration\vendor\codeigniter4\framework\system\Database\MySQLi\Connection.php(327): mysqli->query('SELECT *\nFROM `...', 0)
#1 C:\xampp\htdocs\School-Management-De_migration\vendor\codeigniter4\framework\system\Database\BaseConnection.php(738): CodeIgniter\Database\MySQLi\Connection->execute('SELECT *\nFROM `...')
#2 C:\xampp\htdocs\School-Management-De_migration\vendor\codeigniter4\framework\system\Database\BaseConnection.php(652): CodeIgniter\Database\BaseConnection->simpleQuery('SELECT *\nFROM `...')
#3 C:\xampp\htdocs\School-Management-De_migration\vendor\codeigniter4\framework\system\Database\BaseBuilder.php(1649): CodeIgniter\Database\BaseConnection->query('SELECT *\nFROM `...', Array, false)
#4 C:\xampp\htdocs\School-Management-De_migration\app\Models\Crud_model.php(293): CodeIgniter\Database\BaseBuilder->get()
#5 C:\xampp\htdocs\School-Management-De_migration\app\Views\backend\admin\dashboard\index.php(719): App\Models\Crud_model->get_current_month_events()
#6 C:\xampp\htdocs\School-Management-De_migration\app\Views\backend\index.php(147): include('C:\\xampp\\htdocs...')
#7 C:\xampp\htdocs\School-Management-De_migration\vendor\codeigniter4\framework\system\View\View.php(224): include('C:\\xampp\\htdocs...')
#8 C:\xampp\htdocs\School-Management-De_migration\vendor\codeigniter4\framework\system\View\View.php(227): CodeIgniter\View\View->CodeIgniter\View\{closure}()
#9 C:\xampp\htdocs\School-Management-De_migration\app\View\View.php(353): CodeIgniter\View\View->render('backend/index', Array, true)
#10 C:\xampp\htdocs\School-Management-De_migration\vendor\codeigniter4\framework\system\Common.php(1173): App\View\View->render('backend/index', Array, true)
#11 C:\xampp\htdocs\School-Management-De_migration\app\Controllers\Admin.php(108): view('backend/index', Array)
#12 C:\xampp\htdocs\School-Management-De_migration\app\Config\Routes.php(283): App\Controllers\Admin->dashboard()
#13 C:\xampp\htdocs\School-Management-De_migration\vendor\codeigniter4\framework\system\CodeIgniter.php(875): CodeIgniter\Router\RouteCollection::{closure}()
#14 C:\xampp\htdocs\School-Management-De_migration\vendor\codeigniter4\framework\system\CodeIgniter.php(494): CodeIgniter\CodeIgniter->startController()
#15 C:\xampp\htdocs\School-Management-De_migration\vendor\codeigniter4\framework\system\CodeIgniter.php(354): CodeIgniter\CodeIgniter->handleRequest(NULL, Object(Config\Cache), false)
#16 C:\xampp\htdocs\School-Management-De_migration\vendor\codeigniter4\framework\system\Boot.php(334): CodeIgniter\CodeIgniter->run()
#17 C:\xampp\htdocs\School-Management-De_migration\vendor\codeigniter4\framework\system\Boot.php(67): CodeIgniter\Boot::runCodeIgniter(Object(CodeIgniter\CodeIgniter))
#18 C:\xampp\htdocs\School-Management-De_migration\index.php(75): CodeIgniter\Boot::bootWeb(Object(Config\Paths))
#19 C:\xampp\htdocs\School-Management-De_migration\vendor\codeigniter4\framework\system\rewrite.php(44): require_once('C:\\xampp\\htdocs...')
#20 {main}
DEBUG - 2026-04-01 15:28:48 --> Session: Class initialized using 'CodeIgniter\Session\Handlers\FileHandler' driver.
DEBUG - 2026-04-01 15:28:54 --> Session: Class initialized using 'CodeIgniter\Session\Handlers\FileHandler' driver.
DEBUG - 2026-04-01 15:29:01 --> Session: Class initialized using 'CodeIgniter\Session\Handlers\FileHandler' driver.
DEBUG - 2026-04-01 15:29:02 --> Total exams not yet taken calculated for school_id 93: 0
DEBUG - 2026-04-01 15:29:13 --> Session: Class initialized using 'CodeIgniter\Session\Handlers\FileHandler' driver.
DEBUG - 2026-04-01 15:29:18 --> Session: Class initialized using 'CodeIgniter\Session\Handlers\FileHandler' driver.
DEBUG - 2026-04-01 15:29:19 --> Total exams not yet taken calculated for school_id 93: 0
DEBUG - 2026-04-01 15:29:26 --> Session: Class initialized using 'CodeIgniter\Session\Handlers\FileHandler' driver.
CRITICAL - 2026-04-01 15:29:26 --> CodeIgniter\View\Exceptions\ViewException: Invalid file: "backend/admin/app/create.php"
[Method: GET, Route: modal/popup/app/create]
in SYSTEMPATH\Exceptions\FrameworkException.php on line 39.
 1 SYSTEMPATH\View\View.php(212): CodeIgniter\Exceptions\FrameworkException::forInvalidFile('backend/admin/app/create.php')
 2 APPPATH\View\View.php(353): CodeIgniter\View\View->render('backend/admin/app/create.php', [], true)
 3 SYSTEMPATH\Common.php(1173): App\View\View->render('backend/admin/app/create.php', [], true)
 4 APPPATH\Controllers\Modal.php(272): view('backend/admin/app/create.php', [...])
 5 SYSTEMPATH\CodeIgniter.php(933): App\Controllers\Modal->popup('app', 'create')
 6 SYSTEMPATH\CodeIgniter.php(507): CodeIgniter\CodeIgniter->runController(Object(App\Controllers\Modal))
 7 SYSTEMPATH\CodeIgniter.php(354): CodeIgniter\CodeIgniter->handleRequest(null, Object(Config\Cache), false)
 8 SYSTEMPATH\Boot.php(334): CodeIgniter\CodeIgniter->run()
 9 SYSTEMPATH\Boot.php(67): CodeIgniter\Boot::runCodeIgniter(Object(CodeIgniter\CodeIgniter))
10 FCPATH\index.php(75): CodeIgniter\Boot::bootWeb(Object(Config\Paths))
11 SYSTEMPATH\rewrite.php(44): require_once('C:\\xampp\\htdocs\\School-Management-De_migration\\index.php')
DEBUG - 2026-04-01 15:29:37 --> Session: Class initialized using 'CodeIgniter\Session\Handlers\FileHandler' driver.
DEBUG - 2026-04-01 15:29:38 --> Total exams not yet taken calculated for school_id 110: 0
DEBUG - 2026-04-01 15:29:38 --> Session: Class initialized using 'CodeIgniter\Session\Handlers\FileHandler' driver.
DEBUG - 2026-04-01 15:29:42 --> Session: Class initialized using 'CodeIgniter\Session\Handlers\FileHandler' driver.
DEBUG - 2026-04-01 15:29:43 --> Session: Class initialized using 'CodeIgniter\Session\Handlers\FileHandler' driver.
DEBUG - 2026-04-01 15:29:45 --> Session: Class initialized using 'CodeIgniter\Session\Handlers\FileHandler' driver.
DEBUG - 2026-04-01 15:29:49 --> Session: Class initialized using 'CodeIgniter\Session\Handlers\FileHandler' driver.
DEBUG - 2026-04-01 15:29:51 --> Session: Class initialized using 'CodeIgniter\Session\Handlers\FileHandler' driver.
DEBUG - 2026-04-01 15:29:57 --> Session: Class initialized using 'CodeIgniter\Session\Handlers\FileHandler' driver.
DEBUG - 2026-04-01 15:30:00 --> Session: Class initialized using 'CodeIgniter\Session\Handlers\FileHandler' driver.
DEBUG - 2026-04-01 15:30:02 --> Session: Class initialized using 'CodeIgniter\Session\Handlers\FileHandler' driver.
DEBUG - 2026-04-01 15:30:02 --> Session: Class initialized using 'CodeIgniter\Session\Handlers\FileHandler' driver.
DEBUG - 2026-04-01 15:30:07 --> Session: Class initialized using 'CodeIgniter\Session\Handlers\FileHandler' driver.
DEBUG - 2026-04-01 15:30:08 --> Session: Class initialized using 'CodeIgniter\Session\Handlers\FileHandler' driver.
DEBUG - 2026-04-01 15:30:08 --> Session: Class initialized using 'CodeIgniter\Session\Handlers\FileHandler' driver.
DEBUG - 2026-04-01 15:30:09 --> Session: Class initialized using 'CodeIgniter\Session\Handlers\FileHandler' driver.
DEBUG - 2026-04-01 15:30:10 --> Total exams not yet taken calculated for school_id 93: 0
ERROR - 2026-04-01 15:30:11 --> mysqli_sql_exception: Table 'wayo_db.attendance' doesn't exist in C:\xampp\htdocs\School-Management-De_migration\vendor\codeigniter4\framework\system\Database\MySQLi\Connection.php:327
Stack trace:
#0 C:\xampp\htdocs\School-Management-De_migration\vendor\codeigniter4\framework\system\Database\MySQLi\Connection.php(327): mysqli->query('SELECT COUNT(*)...', 0)
#1 C:\xampp\htdocs\School-Management-De_migration\vendor\codeigniter4\framework\system\Database\BaseConnection.php(738): CodeIgniter\Database\MySQLi\Connection->execute('SELECT COUNT(*)...')
#2 C:\xampp\htdocs\School-Management-De_migration\vendor\codeigniter4\framework\system\Database\BaseConnection.php(652): CodeIgniter\Database\BaseConnection->simpleQuery('SELECT COUNT(*)...')
#3 C:\xampp\htdocs\School-Management-De_migration\vendor\codeigniter4\framework\system\Database\BaseBuilder.php(1733): CodeIgniter\Database\BaseConnection->query('SELECT COUNT(*)...', Array, false)
#4 C:\xampp\htdocs\School-Management-De_migration\app\Models\Crud_model.php(310): CodeIgniter\Database\BaseBuilder->countAllResults()
#5 C:\xampp\htdocs\School-Management-De_migration\app\Views\backend\admin\dashboard\index.php(666): App\Models\Crud_model->get_todays_attendance()
#6 C:\xampp\htdocs\School-Management-De_migration\app\Views\backend\index.php(147): include('C:\\xampp\\htdocs...')
#7 C:\xampp\htdocs\School-Management-De_migration\vendor\codeigniter4\framework\system\View\View.php(224): include('C:\\xampp\\htdocs...')
#8 C:\xampp\htdocs\School-Management-De_migration\vendor\codeigniter4\framework\system\View\View.php(227): CodeIgniter\View\View->CodeIgniter\View\{closure}()
#9 C:\xampp\htdocs\School-Management-De_migration\app\View\View.php(353): CodeIgniter\View\View->render('backend/index', Array, true)
#10 C:\xampp\htdocs\School-Management-De_migration\vendor\codeigniter4\framework\system\Common.php(1173): App\View\View->render('backend/index', Array, true)
#11 C:\xampp\htdocs\School-Management-De_migration\app\Controllers\Admin.php(108): view('backend/index', Array)
#12 C:\xampp\htdocs\School-Management-De_migration\app\Config\Routes.php(283): App\Controllers\Admin->dashboard()
#13 C:\xampp\htdocs\School-Management-De_migration\vendor\codeigniter4\framework\system\CodeIgniter.php(875): CodeIgniter\Router\RouteCollection::{closure}()
#14 C:\xampp\htdocs\School-Management-De_migration\vendor\codeigniter4\framework\system\CodeIgniter.php(494): CodeIgniter\CodeIgniter->startController()
#15 C:\xampp\htdocs\School-Management-De_migration\vendor\codeigniter4\framework\system\CodeIgniter.php(354): CodeIgniter\CodeIgniter->handleRequest(NULL, Object(Config\Cache), false)
#16 C:\xampp\htdocs\School-Management-De_migration\vendor\codeigniter4\framework\system\Boot.php(334): CodeIgniter\CodeIgniter->run()
#17 C:\xampp\htdocs\School-Management-De_migration\vendor\codeigniter4\framework\system\Boot.php(67): CodeIgniter\Boot::runCodeIgniter(Object(CodeIgniter\CodeIgniter))
#18 C:\xampp\htdocs\School-Management-De_migration\index.php(75): CodeIgniter\Boot::bootWeb(Object(Config\Paths))
#19 C:\xampp\htdocs\School-Management-De_migration\vendor\codeigniter4\framework\system\rewrite.php(44): require_once('C:\\xampp\\htdocs...')
#20 {main}
ERROR - 2026-04-01 15:30:11 --> mysqli_sql_exception: Table 'wayo_db.attendance' doesn't exist in C:\xampp\htdocs\School-Management-De_migration\vendor\codeigniter4\framework\system\Database\MySQLi\Connection.php:327
Stack trace:
#0 C:\xampp\htdocs\School-Management-De_migration\vendor\codeigniter4\framework\system\Database\MySQLi\Connection.php(327): mysqli->query('SELECT COUNT(*)...', 0)
#1 C:\xampp\htdocs\School-Management-De_migration\vendor\codeigniter4\framework\system\Database\BaseConnection.php(738): CodeIgniter\Database\MySQLi\Connection->execute('SELECT COUNT(*)...')
#2 C:\xampp\htdocs\School-Management-De_migration\vendor\codeigniter4\framework\system\Database\BaseConnection.php(652): CodeIgniter\Database\BaseConnection->simpleQuery('SELECT COUNT(*)...')
#3 C:\xampp\htdocs\School-Management-De_migration\vendor\codeigniter4\framework\system\Database\BaseBuilder.php(1733): CodeIgniter\Database\BaseConnection->query('SELECT COUNT(*)...', Array, false)
#4 C:\xampp\htdocs\School-Management-De_migration\app\Models\Crud_model.php(310): CodeIgniter\Database\BaseBuilder->countAllResults()
#5 C:\xampp\htdocs\School-Management-De_migration\app\Views\backend\admin\dashboard\index.php(667): App\Models\Crud_model->get_todays_attendance()
#6 C:\xampp\htdocs\School-Management-De_migration\app\Views\backend\index.php(147): include('C:\\xampp\\htdocs...')
#7 C:\xampp\htdocs\School-Management-De_migration\vendor\codeigniter4\framework\system\View\View.php(224): include('C:\\xampp\\htdocs...')
#8 C:\xampp\htdocs\School-Management-De_migration\vendor\codeigniter4\framework\system\View\View.php(227): CodeIgniter\View\View->CodeIgniter\View\{closure}()
#9 C:\xampp\htdocs\School-Management-De_migration\app\View\View.php(353): CodeIgniter\View\View->render('backend/index', Array, true)
#10 C:\xampp\htdocs\School-Management-De_migration\vendor\codeigniter4\framework\system\Common.php(1173): App\View\View->render('backend/index', Array, true)
#11 C:\xampp\htdocs\School-Management-De_migration\app\Controllers\Admin.php(108): view('backend/index', Array)
#12 C:\xampp\htdocs\School-Management-De_migration\app\Config\Routes.php(283): App\Controllers\Admin->dashboard()
#13 C:\xampp\htdocs\School-Management-De_migration\vendor\codeigniter4\framework\system\CodeIgniter.php(875): CodeIgniter\Router\RouteCollection::{closure}()
#14 C:\xampp\htdocs\School-Management-De_migration\vendor\codeigniter4\framework\system\CodeIgniter.php(494): CodeIgniter\CodeIgniter->startController()
#15 C:\xampp\htdocs\School-Management-De_migration\vendor\codeigniter4\framework\system\CodeIgniter.php(354): CodeIgniter\CodeIgniter->handleRequest(NULL, Object(Config\Cache), false)
#16 C:\xampp\htdocs\School-Management-De_migration\vendor\codeigniter4\framework\system\Boot.php(334): CodeIgniter\CodeIgniter->run()
#17 C:\xampp\htdocs\School-Management-De_migration\vendor\codeigniter4\framework\system\Boot.php(67): CodeIgniter\Boot::runCodeIgniter(Object(CodeIgniter\CodeIgniter))
#18 C:\xampp\htdocs\School-Management-De_migration\index.php(75): CodeIgniter\Boot::bootWeb(Object(Config\Paths))
#19 C:\xampp\htdocs\School-Management-De_migration\vendor\codeigniter4\framework\system\rewrite.php(44): require_once('C:\\xampp\\htdocs...')
#20 {main}
ERROR - 2026-04-01 15:30:11 --> mysqli_sql_exception: Table 'wayo_db.events' doesn't exist in C:\xampp\htdocs\School-Management-De_migration\vendor\codeigniter4\framework\system\Database\MySQLi\Connection.php:327
Stack trace:
#0 C:\xampp\htdocs\School-Management-De_migration\vendor\codeigniter4\framework\system\Database\MySQLi\Connection.php(327): mysqli->query('SELECT *\nFROM `...', 0)
#1 C:\xampp\htdocs\School-Management-De_migration\vendor\codeigniter4\framework\system\Database\BaseConnection.php(738): CodeIgniter\Database\MySQLi\Connection->execute('SELECT *\nFROM `...')
#2 C:\xampp\htdocs\School-Management-De_migration\vendor\codeigniter4\framework\system\Database\BaseConnection.php(652): CodeIgniter\Database\BaseConnection->simpleQuery('SELECT *\nFROM `...')
#3 C:\xampp\htdocs\School-Management-De_migration\vendor\codeigniter4\framework\system\Database\BaseBuilder.php(1649): CodeIgniter\Database\BaseConnection->query('SELECT *\nFROM `...', Array, false)
#4 C:\xampp\htdocs\School-Management-De_migration\app\Models\Crud_model.php(293): CodeIgniter\Database\BaseBuilder->get()
#5 C:\xampp\htdocs\School-Management-De_migration\app\Views\backend\admin\dashboard\index.php(681): App\Models\Crud_model->get_current_month_events()
#6 C:\xampp\htdocs\School-Management-De_migration\app\Views\backend\index.php(147): include('C:\\xampp\\htdocs...')
#7 C:\xampp\htdocs\School-Management-De_migration\vendor\codeigniter4\framework\system\View\View.php(224): include('C:\\xampp\\htdocs...')
#8 C:\xampp\htdocs\School-Management-De_migration\vendor\codeigniter4\framework\system\View\View.php(227): CodeIgniter\View\View->CodeIgniter\View\{closure}()
#9 C:\xampp\htdocs\School-Management-De_migration\app\View\View.php(353): CodeIgniter\View\View->render('backend/index', Array, true)
#10 C:\xampp\htdocs\School-Management-De_migration\vendor\codeigniter4\framework\system\Common.php(1173): App\View\View->render('backend/index', Array, true)
#11 C:\xampp\htdocs\School-Management-De_migration\app\Controllers\Admin.php(108): view('backend/index', Array)
#12 C:\xampp\htdocs\School-Management-De_migration\app\Config\Routes.php(283): App\Controllers\Admin->dashboard()
#13 C:\xampp\htdocs\School-Management-De_migration\vendor\codeigniter4\framework\system\CodeIgniter.php(875): CodeIgniter\Router\RouteCollection::{closure}()
#14 C:\xampp\htdocs\School-Management-De_migration\vendor\codeigniter4\framework\system\CodeIgniter.php(494): CodeIgniter\CodeIgniter->startController()
#15 C:\xampp\htdocs\School-Management-De_migration\vendor\codeigniter4\framework\system\CodeIgniter.php(354): CodeIgniter\CodeIgniter->handleRequest(NULL, Object(Config\Cache), false)
#16 C:\xampp\htdocs\School-Management-De_migration\vendor\codeigniter4\framework\system\Boot.php(334): CodeIgniter\CodeIgniter->run()
#17 C:\xampp\htdocs\School-Management-De_migration\vendor\codeigniter4\framework\system\Boot.php(67): CodeIgniter\Boot::runCodeIgniter(Object(CodeIgniter\CodeIgniter))
#18 C:\xampp\htdocs\School-Management-De_migration\index.php(75): CodeIgniter\Boot::bootWeb(Object(Config\Paths))
#19 C:\xampp\htdocs\School-Management-De_migration\vendor\codeigniter4\framework\system\rewrite.php(44): require_once('C:\\xampp\\htdocs...')
#20 {main}
ERROR - 2026-04-01 15:30:11 --> mysqli_sql_exception: Table 'wayo_db.attendance' doesn't exist in C:\xampp\htdocs\School-Management-De_migration\vendor\codeigniter4\framework\system\Database\MySQLi\Connection.php:327
Stack trace:
#0 C:\xampp\htdocs\School-Management-De_migration\vendor\codeigniter4\framework\system\Database\MySQLi\Connection.php(327): mysqli->query('SELECT COUNT(*)...', 0)
#1 C:\xampp\htdocs\School-Management-De_migration\vendor\codeigniter4\framework\system\Database\BaseConnection.php(738): CodeIgniter\Database\MySQLi\Connection->execute('SELECT COUNT(*)...')
#2 C:\xampp\htdocs\School-Management-De_migration\vendor\codeigniter4\framework\system\Database\BaseConnection.php(652): CodeIgniter\Database\BaseConnection->simpleQuery('SELECT COUNT(*)...')
#3 C:\xampp\htdocs\School-Management-De_migration\vendor\codeigniter4\framework\system\Database\BaseBuilder.php(1733): CodeIgniter\Database\BaseConnection->query('SELECT COUNT(*)...', Array, false)
#4 C:\xampp\htdocs\School-Management-De_migration\app\Models\Crud_model.php(310): CodeIgniter\Database\BaseBuilder->countAllResults()
#5 C:\xampp\htdocs\School-Management-De_migration\app\Views\backend\admin\dashboard\index.php(696): App\Models\Crud_model->get_todays_attendance()
#6 C:\xampp\htdocs\School-Management-De_migration\app\Views\backend\index.php(147): include('C:\\xampp\\htdocs...')
#7 C:\xampp\htdocs\School-Management-De_migration\vendor\codeigniter4\framework\system\View\View.php(224): include('C:\\xampp\\htdocs...')
#8 C:\xampp\htdocs\School-Management-De_migration\vendor\codeigniter4\framework\system\View\View.php(227): CodeIgniter\View\View->CodeIgniter\View\{closure}()
#9 C:\xampp\htdocs\School-Management-De_migration\app\View\View.php(353): CodeIgniter\View\View->render('backend/index', Array, true)
#10 C:\xampp\htdocs\School-Management-De_migration\vendor\codeigniter4\framework\system\Common.php(1173): App\View\View->render('backend/index', Array, true)
#11 C:\xampp\htdocs\School-Management-De_migration\app\Controllers\Admin.php(108): view('backend/index', Array)
#12 C:\xampp\htdocs\School-Management-De_migration\app\Config\Routes.php(283): App\Controllers\Admin->dashboard()
#13 C:\xampp\htdocs\School-Management-De_migration\vendor\codeigniter4\framework\system\CodeIgniter.php(875): CodeIgniter\Router\RouteCollection::{closure}()
#14 C:\xampp\htdocs\School-Management-De_migration\vendor\codeigniter4\framework\system\CodeIgniter.php(494): CodeIgniter\CodeIgniter->startController()
#15 C:\xampp\htdocs\School-Management-De_migration\vendor\codeigniter4\framework\system\CodeIgniter.php(354): CodeIgniter\CodeIgniter->handleRequest(NULL, Object(Config\Cache), false)
#16 C:\xampp\htdocs\School-Management-De_migration\vendor\codeigniter4\framework\system\Boot.php(334): CodeIgniter\CodeIgniter->run()
#17 C:\xampp\htdocs\School-Management-De_migration\vendor\codeigniter4\framework\system\Boot.php(67): CodeIgniter\Boot::runCodeIgniter(Object(CodeIgniter\CodeIgniter))
#18 C:\xampp\htdocs\School-Management-De_migration\index.php(75): CodeIgniter\Boot::bootWeb(Object(Config\Paths))
#19 C:\xampp\htdocs\School-Management-De_migration\vendor\codeigniter4\framework\system\rewrite.php(44): require_once('C:\\xampp\\htdocs...')
#20 {main}
ERROR - 2026-04-01 15:30:11 --> mysqli_sql_exception: Table 'wayo_db.events' doesn't exist in C:\xampp\htdocs\School-Management-De_migration\vendor\codeigniter4\framework\system\Database\MySQLi\Connection.php:327
Stack trace:
#0 C:\xampp\htdocs\School-Management-De_migration\vendor\codeigniter4\framework\system\Database\MySQLi\Connection.php(327): mysqli->query('SELECT *\nFROM `...', 0)
#1 C:\xampp\htdocs\School-Management-De_migration\vendor\codeigniter4\framework\system\Database\BaseConnection.php(738): CodeIgniter\Database\MySQLi\Connection->execute('SELECT *\nFROM `...')
#2 C:\xampp\htdocs\School-Management-De_migration\vendor\codeigniter4\framework\system\Database\BaseConnection.php(652): CodeIgniter\Database\BaseConnection->simpleQuery('SELECT *\nFROM `...')
#3 C:\xampp\htdocs\School-Management-De_migration\vendor\codeigniter4\framework\system\Database\BaseBuilder.php(1649): CodeIgniter\Database\BaseConnection->query('SELECT *\nFROM `...', Array, false)
#4 C:\xampp\htdocs\School-Management-De_migration\app\Models\Crud_model.php(293): CodeIgniter\Database\BaseBuilder->get()
#5 C:\xampp\htdocs\School-Management-De_migration\app\Views\backend\admin\dashboard\index.php(719): App\Models\Crud_model->get_current_month_events()
#6 C:\xampp\htdocs\School-Management-De_migration\app\Views\backend\index.php(147): include('C:\\xampp\\htdocs...')
#7 C:\xampp\htdocs\School-Management-De_migration\vendor\codeigniter4\framework\system\View\View.php(224): include('C:\\xampp\\htdocs...')
#8 C:\xampp\htdocs\School-Management-De_migration\vendor\codeigniter4\framework\system\View\View.php(227): CodeIgniter\View\View->CodeIgniter\View\{closure}()
#9 C:\xampp\htdocs\School-Management-De_migration\app\View\View.php(353): CodeIgniter\View\View->render('backend/index', Array, true)
#10 C:\xampp\htdocs\School-Management-De_migration\vendor\codeigniter4\framework\system\Common.php(1173): App\View\View->render('backend/index', Array, true)
#11 C:\xampp\htdocs\School-Management-De_migration\app\Controllers\Admin.php(108): view('backend/index', Array)
#12 C:\xampp\htdocs\School-Management-De_migration\app\Config\Routes.php(283): App\Controllers\Admin->dashboard()
#13 C:\xampp\htdocs\School-Management-De_migration\vendor\codeigniter4\framework\system\CodeIgniter.php(875): CodeIgniter\Router\RouteCollection::{closure}()
#14 C:\xampp\htdocs\School-Management-De_migration\vendor\codeigniter4\framework\system\CodeIgniter.php(494): CodeIgniter\CodeIgniter->startController()
#15 C:\xampp\htdocs\School-Management-De_migration\vendor\codeigniter4\framework\system\CodeIgniter.php(354): CodeIgniter\CodeIgniter->handleRequest(NULL, Object(Config\Cache), false)
#16 C:\xampp\htdocs\School-Management-De_migration\vendor\codeigniter4\framework\system\Boot.php(334): CodeIgniter\CodeIgniter->run()
#17 C:\xampp\htdocs\School-Management-De_migration\vendor\codeigniter4\framework\system\Boot.php(67): CodeIgniter\Boot::runCodeIgniter(Object(CodeIgniter\CodeIgniter))
#18 C:\xampp\htdocs\School-Management-De_migration\index.php(75): CodeIgniter\Boot::bootWeb(Object(Config\Paths))
#19 C:\xampp\htdocs\School-Management-De_migration\vendor\codeigniter4\framework\system\rewrite.php(44): require_once('C:\\xampp\\htdocs...')
#20 {main}
DEBUG - 2026-04-01 15:30:12 --> Session: Class initialized using 'CodeIgniter\Session\Handlers\FileHandler' driver.
DEBUG - 2026-04-01 15:30:15 --> Session: Class initialized using 'CodeIgniter\Session\Handlers\FileHandler' driver.
DEBUG - 2026-04-01 15:30:17 --> Session: Class initialized using 'CodeIgniter\Session\Handlers\FileHandler' driver.
DEBUG - 2026-04-01 15:30:21 --> Session: Class initialized using 'CodeIgniter\Session\Handlers\FileHandler' driver.
DEBUG - 2026-04-01 15:30:29 --> Session: Class initialized using 'CodeIgniter\Session\Handlers\FileHandler' driver.
DEBUG - 2026-04-01 15:30:35 --> Total exams not yet taken calculated for school_id 93: 0
DEBUG - 2026-04-01 15:30:42 --> Session: Class initialized using 'CodeIgniter\Session\Handlers\FileHandler' driver.
DEBUG - 2026-04-01 15:30:47 --> Session: Class initialized using 'CodeIgniter\Session\Handlers\FileHandler' driver.
DEBUG - 2026-04-01 15:30:47 --> Session: Class initialized using 'CodeIgniter\Session\Handlers\FileHandler' driver.
DEBUG - 2026-04-01 15:30:48 --> Session: Class initialized using 'CodeIgniter\Session\Handlers\FileHandler' driver.
DEBUG - 2026-04-01 15:31:02 --> Session: Class initialized using 'CodeIgniter\Session\Handlers\FileHandler' driver.
CRITICAL - 2026-04-01 15:31:02 --> ErrorException: Undefined array key 1
[Method: GET, Route: app/invoice/list]
in APPPATH\Controllers\Admin.php on line 2344.
 1 APPPATH\Controllers\Admin.php(2344): CodeIgniter\Debug\Exceptions->errorHandler(2, 'Undefined array key 1', 'C:\\xampp\\htdocs\\School-Management-De_migration\\app\\Controllers\\Admin.php', 2344)
 2 APPPATH\Config\Routes.php(420): App\Controllers\Admin->invoice('list')
 3 APPPATH\Config\Routes.php(426): CodeIgniter\Router\RouteCollection::{closure}('invoice/list')
 4 SYSTEMPATH\CodeIgniter.php(875): CodeIgniter\Router\RouteCollection::{closure}('invoice/list')
 5 SYSTEMPATH\CodeIgniter.php(494): CodeIgniter\CodeIgniter->startController()
 6 SYSTEMPATH\CodeIgniter.php(354): CodeIgniter\CodeIgniter->handleRequest(null, Object(Config\Cache), false)
 7 SYSTEMPATH\Boot.php(334): CodeIgniter\CodeIgniter->run()
 8 SYSTEMPATH\Boot.php(67): CodeIgniter\Boot::runCodeIgniter(Object(CodeIgniter\CodeIgniter))
 9 FCPATH\index.php(75): CodeIgniter\Boot::bootWeb(Object(Config\Paths))
10 SYSTEMPATH\rewrite.php(44): require_once('C:\\xampp\\htdocs\\School-Management-De_migration\\index.php')
DEBUG - 2026-04-01 15:31:21 --> Session: Class initialized using 'CodeIgniter\Session\Handlers\FileHandler' driver.
DEBUG - 2026-04-01 15:31:22 --> Total exams not yet taken calculated for school_id 93: 0
DEBUG - 2026-04-01 15:31:27 --> Session: Class initialized using 'CodeIgniter\Session\Handlers\FileHandler' driver.
DEBUG - 2026-04-01 15:31:32 --> Session: Class initialized using 'CodeIgniter\Session\Handlers\FileHandler' driver.
DEBUG - 2026-04-01 15:31:33 --> Session: Class initialized using 'CodeIgniter\Session\Handlers\FileHandler' driver.
DEBUG - 2026-04-01 15:31:34 --> Session: Class initialized using 'CodeIgniter\Session\Handlers\FileHandler' driver.
DEBUG - 2026-04-01 15:31:38 --> Session: Class initialized using 'CodeIgniter\Session\Handlers\FileHandler' driver.
CRITICAL - 2026-04-01 15:31:39 --> ErrorException: Undefined array key 1
[Method: GET, Route: app/invoice/list]
in APPPATH\Controllers\Admin.php on line 2344.
 1 APPPATH\Controllers\Admin.php(2344): CodeIgniter\Debug\Exceptions->errorHandler(2, 'Undefined array key 1', 'C:\\xampp\\htdocs\\School-Management-De_migration\\app\\Controllers\\Admin.php', 2344)
 2 APPPATH\Config\Routes.php(420): App\Controllers\Admin->invoice('list')
 3 APPPATH\Config\Routes.php(426): CodeIgniter\Router\RouteCollection::{closure}('invoice/list')
 4 SYSTEMPATH\CodeIgniter.php(875): CodeIgniter\Router\RouteCollection::{closure}('invoice/list')
 5 SYSTEMPATH\CodeIgniter.php(494): CodeIgniter\CodeIgniter->startController()
 6 SYSTEMPATH\CodeIgniter.php(354): CodeIgniter\CodeIgniter->handleRequest(null, Object(Config\Cache), false)
 7 SYSTEMPATH\Boot.php(334): CodeIgniter\CodeIgniter->run()
 8 SYSTEMPATH\Boot.php(67): CodeIgniter\Boot::runCodeIgniter(Object(CodeIgniter\CodeIgniter))
 9 FCPATH\index.php(75): CodeIgniter\Boot::bootWeb(Object(Config\Paths))
10 SYSTEMPATH\rewrite.php(44): require_once('C:\\xampp\\htdocs\\School-Management-De_migration\\index.php')
DEBUG - 2026-04-01 15:32:19 --> Session: Class initialized using 'CodeIgniter\Session\Handlers\FileHandler' driver.
DEBUG - 2026-04-01 15:32:20 --> Total exams not yet taken calculated for school_id 93: 0
DEBUG - 2026-04-01 15:32:30 --> Session: Class initialized using 'CodeIgniter\Session\Handlers\FileHandler' driver.
CRITICAL - 2026-04-01 15:32:30 --> Error: Cannot use object of type CodeIgniter\HTTP\Files\UploadedFile as array
[Method: POST, Route: app/profile/update_profile]
in APPPATH\Models\User_model.php on line 1595.
 1 APPPATH\Controllers\Admin.php(4190): App\Models\User_model->update_profile()
 2 APPPATH\Config\Routes.php(420): App\Controllers\Admin->profile('update_profile')
 3 APPPATH\Config\Routes.php(429): CodeIgniter\Router\RouteCollection::{closure}('profile/update_profile')
 4 SYSTEMPATH\CodeIgniter.php(875): CodeIgniter\Router\RouteCollection::{closure}('profile/update_profile')
 5 SYSTEMPATH\CodeIgniter.php(494): CodeIgniter\CodeIgniter->startController()
 6 SYSTEMPATH\CodeIgniter.php(354): CodeIgniter\CodeIgniter->handleRequest(null, Object(Config\Cache), false)
 7 SYSTEMPATH\Boot.php(334): CodeIgniter\CodeIgniter->run()
 8 SYSTEMPATH\Boot.php(67): CodeIgniter\Boot::runCodeIgniter(Object(CodeIgniter\CodeIgniter))
 9 FCPATH\index.php(75): CodeIgniter\Boot::bootWeb(Object(Config\Paths))
10 SYSTEMPATH\rewrite.php(44): require_once('C:\\xampp\\htdocs\\School-Management-De_migration\\index.php')
DEBUG - 2026-04-01 15:32:36 --> Session: Class initialized using 'CodeIgniter\Session\Handlers\FileHandler' driver.
DEBUG - 2026-04-01 15:32:38 --> Total exams not yet taken calculated for school_id 93: 0
DEBUG - 2026-04-01 15:32:41 --> Session: Class initialized using 'CodeIgniter\Session\Handlers\FileHandler' driver.
DEBUG - 2026-04-01 15:32:44 --> Session: Class initialized using 'CodeIgniter\Session\Handlers\FileHandler' driver.
DEBUG - 2026-04-01 15:32:45 --> Session: Class initialized using 'CodeIgniter\Session\Handlers\FileHandler' driver.
DEBUG - 2026-04-01 15:32:46 --> Session: Class initialized using 'CodeIgniter\Session\Handlers\FileHandler' driver.
DEBUG - 2026-04-01 15:32:49 --> Session: Class initialized using 'CodeIgniter\Session\Handlers\FileHandler' driver.
CRITICAL - 2026-04-01 15:32:50 --> Error: Cannot use object of type CodeIgniter\HTTP\Files\UploadedFile as array
[Method: POST, Route: app/profile/update_profile]
in APPPATH\Models\User_model.php on line 1595.
 1 APPPATH\Controllers\Admin.php(4190): App\Models\User_model->update_profile()
 2 APPPATH\Config\Routes.php(420): App\Controllers\Admin->profile('update_profile')
 3 APPPATH\Config\Routes.php(429): CodeIgniter\Router\RouteCollection::{closure}('profile/update_profile')
 4 SYSTEMPATH\CodeIgniter.php(875): CodeIgniter\Router\RouteCollection::{closure}('profile/update_profile')
 5 SYSTEMPATH\CodeIgniter.php(494): CodeIgniter\CodeIgniter->startController()
 6 SYSTEMPATH\CodeIgniter.php(354): CodeIgniter\CodeIgniter->handleRequest(null, Object(Config\Cache), false)
 7 SYSTEMPATH\Boot.php(334): CodeIgniter\CodeIgniter->run()
 8 SYSTEMPATH\Boot.php(67): CodeIgniter\Boot::runCodeIgniter(Object(CodeIgniter\CodeIgniter))
 9 FCPATH\index.php(75): CodeIgniter\Boot::bootWeb(Object(Config\Paths))
10 SYSTEMPATH\rewrite.php(44): require_once('C:\\xampp\\htdocs\\School-Management-De_migration\\index.php')
DEBUG - 2026-04-01 15:33:14 --> Session: Class initialized using 'CodeIgniter\Session\Handlers\FileHandler' driver.
DEBUG - 2026-04-01 15:33:15 --> Session: Class initialized using 'CodeIgniter\Session\Handlers\FileHandler' driver.
DEBUG - 2026-04-01 15:33:17 --> Session: Class initialized using 'CodeIgniter\Session\Handlers\FileHandler' driver.
DEBUG - 2026-04-01 15:33:20 --> Session: Class initialized using 'CodeIgniter\Session\Handlers\FileHandler' driver.
DEBUG - 2026-04-01 15:33:21 --> Session: Class initialized using 'CodeIgniter\Session\Handlers\FileHandler' driver.
DEBUG - 2026-04-01 15:33:23 --> Session: Class initialized using 'CodeIgniter\Session\Handlers\FileHandler' driver.
DEBUG - 2026-04-01 15:33:24 --> Session: Class initialized using 'CodeIgniter\Session\Handlers\FileHandler' driver.
DEBUG - 2026-04-01 15:33:27 --> Session: Class initialized using 'CodeIgniter\Session\Handlers\FileHandler' driver.
DEBUG - 2026-04-01 15:33:30 --> Total exams not yet taken calculated for school_id 1: 0
DEBUG - 2026-04-01 15:39:53 --> Session: Class initialized using 'CodeIgniter\Session\Handlers\FileHandler' driver.
CRITICAL - 2026-04-01 15:39:53 --> Error: Cannot use object of type CodeIgniter\HTTP\Files\UploadedFile as array
[Method: POST, Route: app/profile/update_profile]
in APPPATH\Models\User_model.php on line 1595.
 1 APPPATH\Controllers\Admin.php(4190): App\Models\User_model->update_profile()
 2 APPPATH\Config\Routes.php(420): App\Controllers\Admin->profile('update_profile')
 3 APPPATH\Config\Routes.php(429): CodeIgniter\Router\RouteCollection::{closure}('profile/update_profile')
 4 SYSTEMPATH\CodeIgniter.php(875): CodeIgniter\Router\RouteCollection::{closure}('profile/update_profile')
 5 SYSTEMPATH\CodeIgniter.php(494): CodeIgniter\CodeIgniter->startController()
 6 SYSTEMPATH\CodeIgniter.php(354): CodeIgniter\CodeIgniter->handleRequest(null, Object(Config\Cache), false)
 7 SYSTEMPATH\Boot.php(334): CodeIgniter\CodeIgniter->run()
 8 SYSTEMPATH\Boot.php(67): CodeIgniter\Boot::runCodeIgniter(Object(CodeIgniter\CodeIgniter))
 9 FCPATH\index.php(75): CodeIgniter\Boot::bootWeb(Object(Config\Paths))
10 SYSTEMPATH\rewrite.php(44): require_once('C:\\xampp\\htdocs\\School-Management-De_migration\\index.php')
DEBUG - 2026-04-01 15:40:01 --> Session: Class initialized using 'CodeIgniter\Session\Handlers\FileHandler' driver.
DEBUG - 2026-04-01 15:40:01 --> Total exams not yet taken calculated for school_id 93: 0
DEBUG - 2026-04-01 15:40:06 --> Session: Class initialized using 'CodeIgniter\Session\Handlers\FileHandler' driver.
DEBUG - 2026-04-01 15:40:10 --> Session: Class initialized using 'CodeIgniter\Session\Handlers\FileHandler' driver.
DEBUG - 2026-04-01 15:40:14 --> Session: Class initialized using 'CodeIgniter\Session\Handlers\FileHandler' driver.
DEBUG - 2026-04-01 15:40:16 --> Session: Class initialized using 'CodeIgniter\Session\Handlers\FileHandler' driver.
DEBUG - 2026-04-01 15:40:17 --> Total exams not yet taken calculated for school_id 93: 0
DEBUG - 2026-04-01 15:40:53 --> Session: Class initialized using 'CodeIgniter\Session\Handlers\FileHandler' driver.
DEBUG - 2026-04-01 15:40:53 --> Total exams not yet taken calculated for school_id 93: 0
DEBUG - 2026-04-01 15:41:00 --> Session: Class initialized using 'CodeIgniter\Session\Handlers\FileHandler' driver.
CRITICAL - 2026-04-01 15:41:00 --> ErrorException: Undefined array key 1
[Method: GET, Route: app/invoice/list]
in APPPATH\Controllers\Admin.php on line 2344.
 1 APPPATH\Controllers\Admin.php(2344): CodeIgniter\Debug\Exceptions->errorHandler(2, 'Undefined array key 1', 'C:\\xampp\\htdocs\\School-Management-De_migration\\app\\Controllers\\Admin.php', 2344)
 2 APPPATH\Config\Routes.php(420): App\Controllers\Admin->invoice('list')
 3 APPPATH\Config\Routes.php(426): CodeIgniter\Router\RouteCollection::{closure}('invoice/list')
 4 SYSTEMPATH\CodeIgniter.php(875): CodeIgniter\Router\RouteCollection::{closure}('invoice/list')
 5 SYSTEMPATH\CodeIgniter.php(494): CodeIgniter\CodeIgniter->startController()
 6 SYSTEMPATH\CodeIgniter.php(354): CodeIgniter\CodeIgniter->handleRequest(null, Object(Config\Cache), false)
 7 SYSTEMPATH\Boot.php(334): CodeIgniter\CodeIgniter->run()
 8 SYSTEMPATH\Boot.php(67): CodeIgniter\Boot::runCodeIgniter(Object(CodeIgniter\CodeIgniter))
 9 FCPATH\index.php(75): CodeIgniter\Boot::bootWeb(Object(Config\Paths))
10 SYSTEMPATH\rewrite.php(44): require_once('C:\\xampp\\htdocs\\School-Management-De_migration\\index.php')
DEBUG - 2026-04-01 15:41:02 --> Session: Class initialized using 'CodeIgniter\Session\Handlers\FileHandler' driver.
CRITICAL - 2026-04-01 15:41:02 --> ErrorException: Undefined array key 1
[Method: GET, Route: app/invoice/list]
in APPPATH\Controllers\Admin.php on line 2344.
 1 APPPATH\Controllers\Admin.php(2344): CodeIgniter\Debug\Exceptions->errorHandler(2, 'Undefined array key 1', 'C:\\xampp\\htdocs\\School-Management-De_migration\\app\\Controllers\\Admin.php', 2344)
 2 APPPATH\Config\Routes.php(420): App\Controllers\Admin->invoice('list')
 3 APPPATH\Config\Routes.php(426): CodeIgniter\Router\RouteCollection::{closure}('invoice/list')
 4 SYSTEMPATH\CodeIgniter.php(875): CodeIgniter\Router\RouteCollection::{closure}('invoice/list')
 5 SYSTEMPATH\CodeIgniter.php(494): CodeIgniter\CodeIgniter->startController()
 6 SYSTEMPATH\CodeIgniter.php(354): CodeIgniter\CodeIgniter->handleRequest(null, Object(Config\Cache), false)
 7 SYSTEMPATH\Boot.php(334): CodeIgniter\CodeIgniter->run()
 8 SYSTEMPATH\Boot.php(67): CodeIgniter\Boot::runCodeIgniter(Object(CodeIgniter\CodeIgniter))
 9 FCPATH\index.php(75): CodeIgniter\Boot::bootWeb(Object(Config\Paths))
10 SYSTEMPATH\rewrite.php(44): require_once('C:\\xampp\\htdocs\\School-Management-De_migration\\index.php')
DEBUG - 2026-04-01 15:41:07 --> Session: Class initialized using 'CodeIgniter\Session\Handlers\FileHandler' driver.
DEBUG - 2026-04-01 15:41:07 --> Total exams not yet taken calculated for school_id 93: 0
DEBUG - 2026-04-01 15:41:14 --> Session: Class initialized using 'CodeIgniter\Session\Handlers\FileHandler' driver.
DEBUG - 2026-04-01 15:41:17 --> Session: Class initialized using 'CodeIgniter\Session\Handlers\FileHandler' driver.
DEBUG - 2026-04-01 15:41:17 --> Total exams not yet taken calculated for school_id 93: 0
DEBUG - 2026-04-01 15:41:28 --> Session: Class initialized using 'CodeIgniter\Session\Handlers\FileHandler' driver.
DEBUG - 2026-04-01 15:41:28 --> Total exams not yet taken calculated for school_id 93: 0
DEBUG - 2026-04-01 15:41:37 --> Session: Class initialized using 'CodeIgniter\Session\Handlers\FileHandler' driver.
DEBUG - 2026-04-01 15:41:41 --> Session: Class initialized using 'CodeIgniter\Session\Handlers\FileHandler' driver.
DEBUG - 2026-04-01 15:41:42 --> Total exams not yet taken calculated for school_id 93: 0
DEBUG - 2026-04-01 15:41:48 --> Session: Class initialized using 'CodeIgniter\Session\Handlers\FileHandler' driver.
DEBUG - 2026-04-01 15:41:48 --> Total exams not yet taken calculated for school_id 93: 0
DEBUG - 2026-04-01 15:41:55 --> Session: Class initialized using 'CodeIgniter\Session\Handlers\FileHandler' driver.
CRITICAL - 2026-04-01 15:41:55 --> Error: Cannot use object of type CodeIgniter\HTTP\Files\UploadedFile as array
[Method: POST, Route: app/profile/update_profile]
in APPPATH\Models\User_model.php on line 1595.
 1 APPPATH\Controllers\Admin.php(4190): App\Models\User_model->update_profile()
 2 APPPATH\Config\Routes.php(420): App\Controllers\Admin->profile('update_profile')
 3 APPPATH\Config\Routes.php(429): CodeIgniter\Router\RouteCollection::{closure}('profile/update_profile')
 4 SYSTEMPATH\CodeIgniter.php(875): CodeIgniter\Router\RouteCollection::{closure}('profile/update_profile')
 5 SYSTEMPATH\CodeIgniter.php(494): CodeIgniter\CodeIgniter->startController()
 6 SYSTEMPATH\CodeIgniter.php(354): CodeIgniter\CodeIgniter->handleRequest(null, Object(Config\Cache), false)
 7 SYSTEMPATH\Boot.php(334): CodeIgniter\CodeIgniter->run()
 8 SYSTEMPATH\Boot.php(67): CodeIgniter\Boot::runCodeIgniter(Object(CodeIgniter\CodeIgniter))
 9 FCPATH\index.php(75): CodeIgniter\Boot::bootWeb(Object(Config\Paths))
10 SYSTEMPATH\rewrite.php(44): require_once('C:\\xampp\\htdocs\\School-Management-De_migration\\index.php')
DEBUG - 2026-04-01 15:41:58 --> Session: Class initialized using 'CodeIgniter\Session\Handlers\FileHandler' driver.
DEBUG - 2026-04-01 15:41:58 --> Session: Class initialized using 'CodeIgniter\Session\Handlers\FileHandler' driver.
DEBUG - 2026-04-01 15:41:59 --> Session: Class initialized using 'CodeIgniter\Session\Handlers\FileHandler' driver.
DEBUG - 2026-04-01 15:42:01 --> Total exams not yet taken calculated for school_id 93: 0
ERROR - 2026-04-01 15:42:01 --> mysqli_sql_exception: Table 'wayo_db.attendance' doesn't exist in C:\xampp\htdocs\School-Management-De_migration\vendor\codeigniter4\framework\system\Database\MySQLi\Connection.php:327
Stack trace:
#0 C:\xampp\htdocs\School-Management-De_migration\vendor\codeigniter4\framework\system\Database\MySQLi\Connection.php(327): mysqli->query('SELECT COUNT(*)...', 0)
#1 C:\xampp\htdocs\School-Management-De_migration\vendor\codeigniter4\framework\system\Database\BaseConnection.php(738): CodeIgniter\Database\MySQLi\Connection->execute('SELECT COUNT(*)...')
#2 C:\xampp\htdocs\School-Management-De_migration\vendor\codeigniter4\framework\system\Database\BaseConnection.php(652): CodeIgniter\Database\BaseConnection->simpleQuery('SELECT COUNT(*)...')
#3 C:\xampp\htdocs\School-Management-De_migration\vendor\codeigniter4\framework\system\Database\BaseBuilder.php(1733): CodeIgniter\Database\BaseConnection->query('SELECT COUNT(*)...', Array, false)
#4 C:\xampp\htdocs\School-Management-De_migration\app\Models\Crud_model.php(310): CodeIgniter\Database\BaseBuilder->countAllResults()
#5 C:\xampp\htdocs\School-Management-De_migration\app\Views\backend\admin\dashboard\index.php(666): App\Models\Crud_model->get_todays_attendance()
#6 C:\xampp\htdocs\School-Management-De_migration\app\Views\backend\index.php(147): include('C:\\xampp\\htdocs...')
#7 C:\xampp\htdocs\School-Management-De_migration\vendor\codeigniter4\framework\system\View\View.php(224): include('C:\\xampp\\htdocs...')
#8 C:\xampp\htdocs\School-Management-De_migration\vendor\codeigniter4\framework\system\View\View.php(227): CodeIgniter\View\View->CodeIgniter\View\{closure}()
#9 C:\xampp\htdocs\School-Management-De_migration\app\View\View.php(353): CodeIgniter\View\View->render('backend/index', Array, true)
#10 C:\xampp\htdocs\School-Management-De_migration\vendor\codeigniter4\framework\system\Common.php(1173): App\View\View->render('backend/index', Array, true)
#11 C:\xampp\htdocs\School-Management-De_migration\app\Controllers\Admin.php(108): view('backend/index', Array)
#12 C:\xampp\htdocs\School-Management-De_migration\app\Config\Routes.php(283): App\Controllers\Admin->dashboard()
#13 C:\xampp\htdocs\School-Management-De_migration\vendor\codeigniter4\framework\system\CodeIgniter.php(875): CodeIgniter\Router\RouteCollection::{closure}()
#14 C:\xampp\htdocs\School-Management-De_migration\vendor\codeigniter4\framework\system\CodeIgniter.php(494): CodeIgniter\CodeIgniter->startController()
#15 C:\xampp\htdocs\School-Management-De_migration\vendor\codeigniter4\framework\system\CodeIgniter.php(354): CodeIgniter\CodeIgniter->handleRequest(NULL, Object(Config\Cache), false)
#16 C:\xampp\htdocs\School-Management-De_migration\vendor\codeigniter4\framework\system\Boot.php(334): CodeIgniter\CodeIgniter->run()
#17 C:\xampp\htdocs\School-Management-De_migration\vendor\codeigniter4\framework\system\Boot.php(67): CodeIgniter\Boot::runCodeIgniter(Object(CodeIgniter\CodeIgniter))
#18 C:\xampp\htdocs\School-Management-De_migration\index.php(75): CodeIgniter\Boot::bootWeb(Object(Config\Paths))
#19 C:\xampp\htdocs\School-Management-De_migration\vendor\codeigniter4\framework\system\rewrite.php(44): require_once('C:\\xampp\\htdocs...')
#20 {main}
ERROR - 2026-04-01 15:42:01 --> mysqli_sql_exception: Table 'wayo_db.attendance' doesn't exist in C:\xampp\htdocs\School-Management-De_migration\vendor\codeigniter4\framework\system\Database\MySQLi\Connection.php:327
Stack trace:
#0 C:\xampp\htdocs\School-Management-De_migration\vendor\codeigniter4\framework\system\Database\MySQLi\Connection.php(327): mysqli->query('SELECT COUNT(*)...', 0)
#1 C:\xampp\htdocs\School-Management-De_migration\vendor\codeigniter4\framework\system\Database\BaseConnection.php(738): CodeIgniter\Database\MySQLi\Connection->execute('SELECT COUNT(*)...')
#2 C:\xampp\htdocs\School-Management-De_migration\vendor\codeigniter4\framework\system\Database\BaseConnection.php(652): CodeIgniter\Database\BaseConnection->simpleQuery('SELECT COUNT(*)...')
#3 C:\xampp\htdocs\School-Management-De_migration\vendor\codeigniter4\framework\system\Database\BaseBuilder.php(1733): CodeIgniter\Database\BaseConnection->query('SELECT COUNT(*)...', Array, false)
#4 C:\xampp\htdocs\School-Management-De_migration\app\Models\Crud_model.php(310): CodeIgniter\Database\BaseBuilder->countAllResults()
#5 C:\xampp\htdocs\School-Management-De_migration\app\Views\backend\admin\dashboard\index.php(667): App\Models\Crud_model->get_todays_attendance()
#6 C:\xampp\htdocs\School-Management-De_migration\app\Views\backend\index.php(147): include('C:\\xampp\\htdocs...')
#7 C:\xampp\htdocs\School-Management-De_migration\vendor\codeigniter4\framework\system\View\View.php(224): include('C:\\xampp\\htdocs...')
#8 C:\xampp\htdocs\School-Management-De_migration\vendor\codeigniter4\framework\system\View\View.php(227): CodeIgniter\View\View->CodeIgniter\View\{closure}()
#9 C:\xampp\htdocs\School-Management-De_migration\app\View\View.php(353): CodeIgniter\View\View->render('backend/index', Array, true)
#10 C:\xampp\htdocs\School-Management-De_migration\vendor\codeigniter4\framework\system\Common.php(1173): App\View\View->render('backend/index', Array, true)
#11 C:\xampp\htdocs\School-Management-De_migration\app\Controllers\Admin.php(108): view('backend/index', Array)
#12 C:\xampp\htdocs\School-Management-De_migration\app\Config\Routes.php(283): App\Controllers\Admin->dashboard()
#13 C:\xampp\htdocs\School-Management-De_migration\vendor\codeigniter4\framework\system\CodeIgniter.php(875): CodeIgniter\Router\RouteCollection::{closure}()
#14 C:\xampp\htdocs\School-Management-De_migration\vendor\codeigniter4\framework\system\CodeIgniter.php(494): CodeIgniter\CodeIgniter->startController()
#15 C:\xampp\htdocs\School-Management-De_migration\vendor\codeigniter4\framework\system\CodeIgniter.php(354): CodeIgniter\CodeIgniter->handleRequest(NULL, Object(Config\Cache), false)
#16 C:\xampp\htdocs\School-Management-De_migration\vendor\codeigniter4\framework\system\Boot.php(334): CodeIgniter\CodeIgniter->run()
#17 C:\xampp\htdocs\School-Management-De_migration\vendor\codeigniter4\framework\system\Boot.php(67): CodeIgniter\Boot::runCodeIgniter(Object(CodeIgniter\CodeIgniter))
#18 C:\xampp\htdocs\School-Management-De_migration\index.php(75): CodeIgniter\Boot::bootWeb(Object(Config\Paths))
#19 C:\xampp\htdocs\School-Management-De_migration\vendor\codeigniter4\framework\system\rewrite.php(44): require_once('C:\\xampp\\htdocs...')
#20 {main}
ERROR - 2026-04-01 15:42:01 --> mysqli_sql_exception: Table 'wayo_db.events' doesn't exist in C:\xampp\htdocs\School-Management-De_migration\vendor\codeigniter4\framework\system\Database\MySQLi\Connection.php:327
Stack trace:
#0 C:\xampp\htdocs\School-Management-De_migration\vendor\codeigniter4\framework\system\Database\MySQLi\Connection.php(327): mysqli->query('SELECT *\nFROM `...', 0)
#1 C:\xampp\htdocs\School-Management-De_migration\vendor\codeigniter4\framework\system\Database\BaseConnection.php(738): CodeIgniter\Database\MySQLi\Connection->execute('SELECT *\nFROM `...')
#2 C:\xampp\htdocs\School-Management-De_migration\vendor\codeigniter4\framework\system\Database\BaseConnection.php(652): CodeIgniter\Database\BaseConnection->simpleQuery('SELECT *\nFROM `...')
#3 C:\xampp\htdocs\School-Management-De_migration\vendor\codeigniter4\framework\system\Database\BaseBuilder.php(1649): CodeIgniter\Database\BaseConnection->query('SELECT *\nFROM `...', Array, false)
#4 C:\xampp\htdocs\School-Management-De_migration\app\Models\Crud_model.php(293): CodeIgniter\Database\BaseBuilder->get()
#5 C:\xampp\htdocs\School-Management-De_migration\app\Views\backend\admin\dashboard\index.php(681): App\Models\Crud_model->get_current_month_events()
#6 C:\xampp\htdocs\School-Management-De_migration\app\Views\backend\index.php(147): include('C:\\xampp\\htdocs...')
#7 C:\xampp\htdocs\School-Management-De_migration\vendor\codeigniter4\framework\system\View\View.php(224): include('C:\\xampp\\htdocs...')
#8 C:\xampp\htdocs\School-Management-De_migration\vendor\codeigniter4\framework\system\View\View.php(227): CodeIgniter\View\View->CodeIgniter\View\{closure}()
#9 C:\xampp\htdocs\School-Management-De_migration\app\View\View.php(353): CodeIgniter\View\View->render('backend/index', Array, true)
#10 C:\xampp\htdocs\School-Management-De_migration\vendor\codeigniter4\framework\system\Common.php(1173): App\View\View->render('backend/index', Array, true)
#11 C:\xampp\htdocs\School-Management-De_migration\app\Controllers\Admin.php(108): view('backend/index', Array)
#12 C:\xampp\htdocs\School-Management-De_migration\app\Config\Routes.php(283): App\Controllers\Admin->dashboard()
#13 C:\xampp\htdocs\School-Management-De_migration\vendor\codeigniter4\framework\system\CodeIgniter.php(875): CodeIgniter\Router\RouteCollection::{closure}()
#14 C:\xampp\htdocs\School-Management-De_migration\vendor\codeigniter4\framework\system\CodeIgniter.php(494): CodeIgniter\CodeIgniter->startController()
#15 C:\xampp\htdocs\School-Management-De_migration\vendor\codeigniter4\framework\system\CodeIgniter.php(354): CodeIgniter\CodeIgniter->handleRequest(NULL, Object(Config\Cache), false)
#16 C:\xampp\htdocs\School-Management-De_migration\vendor\codeigniter4\framework\system\Boot.php(334): CodeIgniter\CodeIgniter->run()
#17 C:\xampp\htdocs\School-Management-De_migration\vendor\codeigniter4\framework\system\Boot.php(67): CodeIgniter\Boot::runCodeIgniter(Object(CodeIgniter\CodeIgniter))
#18 C:\xampp\htdocs\School-Management-De_migration\index.php(75): CodeIgniter\Boot::bootWeb(Object(Config\Paths))
#19 C:\xampp\htdocs\School-Management-De_migration\vendor\codeigniter4\framework\system\rewrite.php(44): require_once('C:\\xampp\\htdocs...')
#20 {main}
ERROR - 2026-04-01 15:42:01 --> mysqli_sql_exception: Table 'wayo_db.attendance' doesn't exist in C:\xampp\htdocs\School-Management-De_migration\vendor\codeigniter4\framework\system\Database\MySQLi\Connection.php:327
Stack trace:
#0 C:\xampp\htdocs\School-Management-De_migration\vendor\codeigniter4\framework\system\Database\MySQLi\Connection.php(327): mysqli->query('SELECT COUNT(*)...', 0)
#1 C:\xampp\htdocs\School-Management-De_migration\vendor\codeigniter4\framework\system\Database\BaseConnection.php(738): CodeIgniter\Database\MySQLi\Connection->execute('SELECT COUNT(*)...')
#2 C:\xampp\htdocs\School-Management-De_migration\vendor\codeigniter4\framework\system\Database\BaseConnection.php(652): CodeIgniter\Database\BaseConnection->simpleQuery('SELECT COUNT(*)...')
#3 C:\xampp\htdocs\School-Management-De_migration\vendor\codeigniter4\framework\system\Database\BaseBuilder.php(1733): CodeIgniter\Database\BaseConnection->query('SELECT COUNT(*)...', Array, false)
#4 C:\xampp\htdocs\School-Management-De_migration\app\Models\Crud_model.php(310): CodeIgniter\Database\BaseBuilder->countAllResults()
#5 C:\xampp\htdocs\School-Management-De_migration\app\Views\backend\admin\dashboard\index.php(696): App\Models\Crud_model->get_todays_attendance()
#6 C:\xampp\htdocs\School-Management-De_migration\app\Views\backend\index.php(147): include('C:\\xampp\\htdocs...')
#7 C:\xampp\htdocs\School-Management-De_migration\vendor\codeigniter4\framework\system\View\View.php(224): include('C:\\xampp\\htdocs...')
#8 C:\xampp\htdocs\School-Management-De_migration\vendor\codeigniter4\framework\system\View\View.php(227): CodeIgniter\View\View->CodeIgniter\View\{closure}()
#9 C:\xampp\htdocs\School-Management-De_migration\app\View\View.php(353): CodeIgniter\View\View->render('backend/index', Array, true)
#10 C:\xampp\htdocs\School-Management-De_migration\vendor\codeigniter4\framework\system\Common.php(1173): App\View\View->render('backend/index', Array, true)
#11 C:\xampp\htdocs\School-Management-De_migration\app\Controllers\Admin.php(108): view('backend/index', Array)
#12 C:\xampp\htdocs\School-Management-De_migration\app\Config\Routes.php(283): App\Controllers\Admin->dashboard()
#13 C:\xampp\htdocs\School-Management-De_migration\vendor\codeigniter4\framework\system\CodeIgniter.php(875): CodeIgniter\Router\RouteCollection::{closure}()
#14 C:\xampp\htdocs\School-Management-De_migration\vendor\codeigniter4\framework\system\CodeIgniter.php(494): CodeIgniter\CodeIgniter->startController()
#15 C:\xampp\htdocs\School-Management-De_migration\vendor\codeigniter4\framework\system\CodeIgniter.php(354): CodeIgniter\CodeIgniter->handleRequest(NULL, Object(Config\Cache), false)
#16 C:\xampp\htdocs\School-Management-De_migration\vendor\codeigniter4\framework\system\Boot.php(334): CodeIgniter\CodeIgniter->run()
#17 C:\xampp\htdocs\School-Management-De_migration\vendor\codeigniter4\framework\system\Boot.php(67): CodeIgniter\Boot::runCodeIgniter(Object(CodeIgniter\CodeIgniter))
#18 C:\xampp\htdocs\School-Management-De_migration\index.php(75): CodeIgniter\Boot::bootWeb(Object(Config\Paths))
#19 C:\xampp\htdocs\School-Management-De_migration\vendor\codeigniter4\framework\system\rewrite.php(44): require_once('C:\\xampp\\htdocs...')
#20 {main}
ERROR - 2026-04-01 15:42:01 --> mysqli_sql_exception: Table 'wayo_db.events' doesn't exist in C:\xampp\htdocs\School-Management-De_migration\vendor\codeigniter4\framework\system\Database\MySQLi\Connection.php:327
Stack trace:
#0 C:\xampp\htdocs\School-Management-De_migration\vendor\codeigniter4\framework\system\Database\MySQLi\Connection.php(327): mysqli->query('SELECT *\nFROM `...', 0)
#1 C:\xampp\htdocs\School-Management-De_migration\vendor\codeigniter4\framework\system\Database\BaseConnection.php(738): CodeIgniter\Database\MySQLi\Connection->execute('SELECT *\nFROM `...')
#2 C:\xampp\htdocs\School-Management-De_migration\vendor\codeigniter4\framework\system\Database\BaseConnection.php(652): CodeIgniter\Database\BaseConnection->simpleQuery('SELECT *\nFROM `...')
#3 C:\xampp\htdocs\School-Management-De_migration\vendor\codeigniter4\framework\system\Database\BaseBuilder.php(1649): CodeIgniter\Database\BaseConnection->query('SELECT *\nFROM `...', Array, false)
#4 C:\xampp\htdocs\School-Management-De_migration\app\Models\Crud_model.php(293): CodeIgniter\Database\BaseBuilder->get()
#5 C:\xampp\htdocs\School-Management-De_migration\app\Views\backend\admin\dashboard\index.php(719): App\Models\Crud_model->get_current_month_events()
#6 C:\xampp\htdocs\School-Management-De_migration\app\Views\backend\index.php(147): include('C:\\xampp\\htdocs...')
#7 C:\xampp\htdocs\School-Management-De_migration\vendor\codeigniter4\framework\system\View\View.php(224): include('C:\\xampp\\htdocs...')
#8 C:\xampp\htdocs\School-Management-De_migration\vendor\codeigniter4\framework\system\View\View.php(227): CodeIgniter\View\View->CodeIgniter\View\{closure}()
#9 C:\xampp\htdocs\School-Management-De_migration\app\View\View.php(353): CodeIgniter\View\View->render('backend/index', Array, true)
#10 C:\xampp\htdocs\School-Management-De_migration\vendor\codeigniter4\framework\system\Common.php(1173): App\View\View->render('backend/index', Array, true)
#11 C:\xampp\htdocs\School-Management-De_migration\app\Controllers\Admin.php(108): view('backend/index', Array)
#12 C:\xampp\htdocs\School-Management-De_migration\app\Config\Routes.php(283): App\Controllers\Admin->dashboard()
#13 C:\xampp\htdocs\School-Management-De_migration\vendor\codeigniter4\framework\system\CodeIgniter.php(875): CodeIgniter\Router\RouteCollection::{closure}()
#14 C:\xampp\htdocs\School-Management-De_migration\vendor\codeigniter4\framework\system\CodeIgniter.php(494): CodeIgniter\CodeIgniter->startController()
#15 C:\xampp\htdocs\School-Management-De_migration\vendor\codeigniter4\framework\system\CodeIgniter.php(354): CodeIgniter\CodeIgniter->handleRequest(NULL, Object(Config\Cache), false)
#16 C:\xampp\htdocs\School-Management-De_migration\vendor\codeigniter4\framework\system\Boot.php(334): CodeIgniter\CodeIgniter->run()
#17 C:\xampp\htdocs\School-Management-De_migration\vendor\codeigniter4\framework\system\Boot.php(67): CodeIgniter\Boot::runCodeIgniter(Object(CodeIgniter\CodeIgniter))
#18 C:\xampp\htdocs\School-Management-De_migration\index.php(75): CodeIgniter\Boot::bootWeb(Object(Config\Paths))
#19 C:\xampp\htdocs\School-Management-De_migration\vendor\codeigniter4\framework\system\rewrite.php(44): require_once('C:\\xampp\\htdocs...')
#20 {main}
DEBUG - 2026-04-01 15:42:07 --> Session: Class initialized using 'CodeIgniter\Session\Handlers\FileHandler' driver.
DEBUG - 2026-04-01 15:42:08 --> Session: Class initialized using 'CodeIgniter\Session\Handlers\FileHandler' driver.
DEBUG - 2026-04-01 15:42:09 --> Session: Class initialized using 'CodeIgniter\Session\Handlers\FileHandler' driver.
DEBUG - 2026-04-01 15:42:10 --> Total exams not yet taken calculated for school_id 93: 0
ERROR - 2026-04-01 15:42:10 --> mysqli_sql_exception: Table 'wayo_db.attendance' doesn't exist in C:\xampp\htdocs\School-Management-De_migration\vendor\codeigniter4\framework\system\Database\MySQLi\Connection.php:327
Stack trace:
#0 C:\xampp\htdocs\School-Management-De_migration\vendor\codeigniter4\framework\system\Database\MySQLi\Connection.php(327): mysqli->query('SELECT COUNT(*)...', 0)
#1 C:\xampp\htdocs\School-Management-De_migration\vendor\codeigniter4\framework\system\Database\BaseConnection.php(738): CodeIgniter\Database\MySQLi\Connection->execute('SELECT COUNT(*)...')
#2 C:\xampp\htdocs\School-Management-De_migration\vendor\codeigniter4\framework\system\Database\BaseConnection.php(652): CodeIgniter\Database\BaseConnection->simpleQuery('SELECT COUNT(*)...')
#3 C:\xampp\htdocs\School-Management-De_migration\vendor\codeigniter4\framework\system\Database\BaseBuilder.php(1733): CodeIgniter\Database\BaseConnection->query('SELECT COUNT(*)...', Array, false)
#4 C:\xampp\htdocs\School-Management-De_migration\app\Models\Crud_model.php(310): CodeIgniter\Database\BaseBuilder->countAllResults()
#5 C:\xampp\htdocs\School-Management-De_migration\app\Views\backend\admin\dashboard\index.php(666): App\Models\Crud_model->get_todays_attendance()
#6 C:\xampp\htdocs\School-Management-De_migration\app\Views\backend\index.php(147): include('C:\\xampp\\htdocs...')
#7 C:\xampp\htdocs\School-Management-De_migration\vendor\codeigniter4\framework\system\View\View.php(224): include('C:\\xampp\\htdocs...')
#8 C:\xampp\htdocs\School-Management-De_migration\vendor\codeigniter4\framework\system\View\View.php(227): CodeIgniter\View\View->CodeIgniter\View\{closure}()
#9 C:\xampp\htdocs\School-Management-De_migration\app\View\View.php(353): CodeIgniter\View\View->render('backend/index', Array, true)
#10 C:\xampp\htdocs\School-Management-De_migration\vendor\codeigniter4\framework\system\Common.php(1173): App\View\View->render('backend/index', Array, true)
#11 C:\xampp\htdocs\School-Management-De_migration\app\Controllers\Admin.php(108): view('backend/index', Array)
#12 C:\xampp\htdocs\School-Management-De_migration\app\Config\Routes.php(283): App\Controllers\Admin->dashboard()
#13 C:\xampp\htdocs\School-Management-De_migration\vendor\codeigniter4\framework\system\CodeIgniter.php(875): CodeIgniter\Router\RouteCollection::{closure}()
#14 C:\xampp\htdocs\School-Management-De_migration\vendor\codeigniter4\framework\system\CodeIgniter.php(494): CodeIgniter\CodeIgniter->startController()
#15 C:\xampp\htdocs\School-Management-De_migration\vendor\codeigniter4\framework\system\CodeIgniter.php(354): CodeIgniter\CodeIgniter->handleRequest(NULL, Object(Config\Cache), false)
#16 C:\xampp\htdocs\School-Management-De_migration\vendor\codeigniter4\framework\system\Boot.php(334): CodeIgniter\CodeIgniter->run()
#17 C:\xampp\htdocs\School-Management-De_migration\vendor\codeigniter4\framework\system\Boot.php(67): CodeIgniter\Boot::runCodeIgniter(Object(CodeIgniter\CodeIgniter))
#18 C:\xampp\htdocs\School-Management-De_migration\index.php(75): CodeIgniter\Boot::bootWeb(Object(Config\Paths))
#19 C:\xampp\htdocs\School-Management-De_migration\vendor\codeigniter4\framework\system\rewrite.php(44): require_once('C:\\xampp\\htdocs...')
#20 {main}
ERROR - 2026-04-01 15:42:10 --> mysqli_sql_exception: Table 'wayo_db.attendance' doesn't exist in C:\xampp\htdocs\School-Management-De_migration\vendor\codeigniter4\framework\system\Database\MySQLi\Connection.php:327
Stack trace:
#0 C:\xampp\htdocs\School-Management-De_migration\vendor\codeigniter4\framework\system\Database\MySQLi\Connection.php(327): mysqli->query('SELECT COUNT(*)...', 0)
#1 C:\xampp\htdocs\School-Management-De_migration\vendor\codeigniter4\framework\system\Database\BaseConnection.php(738): CodeIgniter\Database\MySQLi\Connection->execute('SELECT COUNT(*)...')
#2 C:\xampp\htdocs\School-Management-De_migration\vendor\codeigniter4\framework\system\Database\BaseConnection.php(652): CodeIgniter\Database\BaseConnection->simpleQuery('SELECT COUNT(*)...')
#3 C:\xampp\htdocs\School-Management-De_migration\vendor\codeigniter4\framework\system\Database\BaseBuilder.php(1733): CodeIgniter\Database\BaseConnection->query('SELECT COUNT(*)...', Array, false)
#4 C:\xampp\htdocs\School-Management-De_migration\app\Models\Crud_model.php(310): CodeIgniter\Database\BaseBuilder->countAllResults()
#5 C:\xampp\htdocs\School-Management-De_migration\app\Views\backend\admin\dashboard\index.php(667): App\Models\Crud_model->get_todays_attendance()
#6 C:\xampp\htdocs\School-Management-De_migration\app\Views\backend\index.php(147): include('C:\\xampp\\htdocs...')
#7 C:\xampp\htdocs\School-Management-De_migration\vendor\codeigniter4\framework\system\View\View.php(224): include('C:\\xampp\\htdocs...')
#8 C:\xampp\htdocs\School-Management-De_migration\vendor\codeigniter4\framework\system\View\View.php(227): CodeIgniter\View\View->CodeIgniter\View\{closure}()
#9 C:\xampp\htdocs\School-Management-De_migration\app\View\View.php(353): CodeIgniter\View\View->render('backend/index', Array, true)
#10 C:\xampp\htdocs\School-Management-De_migration\vendor\codeigniter4\framework\system\Common.php(1173): App\View\View->render('backend/index', Array, true)
#11 C:\xampp\htdocs\School-Management-De_migration\app\Controllers\Admin.php(108): view('backend/index', Array)
#12 C:\xampp\htdocs\School-Management-De_migration\app\Config\Routes.php(283): App\Controllers\Admin->dashboard()
#13 C:\xampp\htdocs\School-Management-De_migration\vendor\codeigniter4\framework\system\CodeIgniter.php(875): CodeIgniter\Router\RouteCollection::{closure}()
#14 C:\xampp\htdocs\School-Management-De_migration\vendor\codeigniter4\framework\system\CodeIgniter.php(494): CodeIgniter\CodeIgniter->startController()
#15 C:\xampp\htdocs\School-Management-De_migration\vendor\codeigniter4\framework\system\CodeIgniter.php(354): CodeIgniter\CodeIgniter->handleRequest(NULL, Object(Config\Cache), false)
#16 C:\xampp\htdocs\School-Management-De_migration\vendor\codeigniter4\framework\system\Boot.php(334): CodeIgniter\CodeIgniter->run()
#17 C:\xampp\htdocs\School-Management-De_migration\vendor\codeigniter4\framework\system\Boot.php(67): CodeIgniter\Boot::runCodeIgniter(Object(CodeIgniter\CodeIgniter))
#18 C:\xampp\htdocs\School-Management-De_migration\index.php(75): CodeIgniter\Boot::bootWeb(Object(Config\Paths))
#19 C:\xampp\htdocs\School-Management-De_migration\vendor\codeigniter4\framework\system\rewrite.php(44): require_once('C:\\xampp\\htdocs...')
#20 {main}
ERROR - 2026-04-01 15:42:10 --> mysqli_sql_exception: Table 'wayo_db.events' doesn't exist in C:\xampp\htdocs\School-Management-De_migration\vendor\codeigniter4\framework\system\Database\MySQLi\Connection.php:327
Stack trace:
#0 C:\xampp\htdocs\School-Management-De_migration\vendor\codeigniter4\framework\system\Database\MySQLi\Connection.php(327): mysqli->query('SELECT *\nFROM `...', 0)
#1 C:\xampp\htdocs\School-Management-De_migration\vendor\codeigniter4\framework\system\Database\BaseConnection.php(738): CodeIgniter\Database\MySQLi\Connection->execute('SELECT *\nFROM `...')
#2 C:\xampp\htdocs\School-Management-De_migration\vendor\codeigniter4\framework\system\Database\BaseConnection.php(652): CodeIgniter\Database\BaseConnection->simpleQuery('SELECT *\nFROM `...')
#3 C:\xampp\htdocs\School-Management-De_migration\vendor\codeigniter4\framework\system\Database\BaseBuilder.php(1649): CodeIgniter\Database\BaseConnection->query('SELECT *\nFROM `...', Array, false)
#4 C:\xampp\htdocs\School-Management-De_migration\app\Models\Crud_model.php(293): CodeIgniter\Database\BaseBuilder->get()
#5 C:\xampp\htdocs\School-Management-De_migration\app\Views\backend\admin\dashboard\index.php(681): App\Models\Crud_model->get_current_month_events()
#6 C:\xampp\htdocs\School-Management-De_migration\app\Views\backend\index.php(147): include('C:\\xampp\\htdocs...')
#7 C:\xampp\htdocs\School-Management-De_migration\vendor\codeigniter4\framework\system\View\View.php(224): include('C:\\xampp\\htdocs...')
#8 C:\xampp\htdocs\School-Management-De_migration\vendor\codeigniter4\framework\system\View\View.php(227): CodeIgniter\View\View->CodeIgniter\View\{closure}()
#9 C:\xampp\htdocs\School-Management-De_migration\app\View\View.php(353): CodeIgniter\View\View->render('backend/index', Array, true)
#10 C:\xampp\htdocs\School-Management-De_migration\vendor\codeigniter4\framework\system\Common.php(1173): App\View\View->render('backend/index', Array, true)
#11 C:\xampp\htdocs\School-Management-De_migration\app\Controllers\Admin.php(108): view('backend/index', Array)
#12 C:\xampp\htdocs\School-Management-De_migration\app\Config\Routes.php(283): App\Controllers\Admin->dashboard()
#13 C:\xampp\htdocs\School-Management-De_migration\vendor\codeigniter4\framework\system\CodeIgniter.php(875): CodeIgniter\Router\RouteCollection::{closure}()
#14 C:\xampp\htdocs\School-Management-De_migration\vendor\codeigniter4\framework\system\CodeIgniter.php(494): CodeIgniter\CodeIgniter->startController()
#15 C:\xampp\htdocs\School-Management-De_migration\vendor\codeigniter4\framework\system\CodeIgniter.php(354): CodeIgniter\CodeIgniter->handleRequest(NULL, Object(Config\Cache), false)
#16 C:\xampp\htdocs\School-Management-De_migration\vendor\codeigniter4\framework\system\Boot.php(334): CodeIgniter\CodeIgniter->run()
#17 C:\xampp\htdocs\School-Management-De_migration\vendor\codeigniter4\framework\system\Boot.php(67): CodeIgniter\Boot::runCodeIgniter(Object(CodeIgniter\CodeIgniter))
#18 C:\xampp\htdocs\School-Management-De_migration\index.php(75): CodeIgniter\Boot::bootWeb(Object(Config\Paths))
#19 C:\xampp\htdocs\School-Management-De_migration\vendor\codeigniter4\framework\system\rewrite.php(44): require_once('C:\\xampp\\htdocs...')
#20 {main}
ERROR - 2026-04-01 15:42:10 --> mysqli_sql_exception: Table 'wayo_db.attendance' doesn't exist in C:\xampp\htdocs\School-Management-De_migration\vendor\codeigniter4\framework\system\Database\MySQLi\Connection.php:327
Stack trace:
#0 C:\xampp\htdocs\School-Management-De_migration\vendor\codeigniter4\framework\system\Database\MySQLi\Connection.php(327): mysqli->query('SELECT COUNT(*)...', 0)
#1 C:\xampp\htdocs\School-Management-De_migration\vendor\codeigniter4\framework\system\Database\BaseConnection.php(738): CodeIgniter\Database\MySQLi\Connection->execute('SELECT COUNT(*)...')
#2 C:\xampp\htdocs\School-Management-De_migration\vendor\codeigniter4\framework\system\Database\BaseConnection.php(652): CodeIgniter\Database\BaseConnection->simpleQuery('SELECT COUNT(*)...')
#3 C:\xampp\htdocs\School-Management-De_migration\vendor\codeigniter4\framework\system\Database\BaseBuilder.php(1733): CodeIgniter\Database\BaseConnection->query('SELECT COUNT(*)...', Array, false)
#4 C:\xampp\htdocs\School-Management-De_migration\app\Models\Crud_model.php(310): CodeIgniter\Database\BaseBuilder->countAllResults()
#5 C:\xampp\htdocs\School-Management-De_migration\app\Views\backend\admin\dashboard\index.php(696): App\Models\Crud_model->get_todays_attendance()
#6 C:\xampp\htdocs\School-Management-De_migration\app\Views\backend\index.php(147): include('C:\\xampp\\htdocs...')
#7 C:\xampp\htdocs\School-Management-De_migration\vendor\codeigniter4\framework\system\View\View.php(224): include('C:\\xampp\\htdocs...')
#8 C:\xampp\htdocs\School-Management-De_migration\vendor\codeigniter4\framework\system\View\View.php(227): CodeIgniter\View\View->CodeIgniter\View\{closure}()
#9 C:\xampp\htdocs\School-Management-De_migration\app\View\View.php(353): CodeIgniter\View\View->render('backend/index', Array, true)
#10 C:\xampp\htdocs\School-Management-De_migration\vendor\codeigniter4\framework\system\Common.php(1173): App\View\View->render('backend/index', Array, true)
#11 C:\xampp\htdocs\School-Management-De_migration\app\Controllers\Admin.php(108): view('backend/index', Array)
#12 C:\xampp\htdocs\School-Management-De_migration\app\Config\Routes.php(283): App\Controllers\Admin->dashboard()
#13 C:\xampp\htdocs\School-Management-De_migration\vendor\codeigniter4\framework\system\CodeIgniter.php(875): CodeIgniter\Router\RouteCollection::{closure}()
#14 C:\xampp\htdocs\School-Management-De_migration\vendor\codeigniter4\framework\system\CodeIgniter.php(494): CodeIgniter\CodeIgniter->startController()
#15 C:\xampp\htdocs\School-Management-De_migration\vendor\codeigniter4\framework\system\CodeIgniter.php(354): CodeIgniter\CodeIgniter->handleRequest(NULL, Object(Config\Cache), false)
#16 C:\xampp\htdocs\School-Management-De_migration\vendor\codeigniter4\framework\system\Boot.php(334): CodeIgniter\CodeIgniter->run()
#17 C:\xampp\htdocs\School-Management-De_migration\vendor\codeigniter4\framework\system\Boot.php(67): CodeIgniter\Boot::runCodeIgniter(Object(CodeIgniter\CodeIgniter))
#18 C:\xampp\htdocs\School-Management-De_migration\index.php(75): CodeIgniter\Boot::bootWeb(Object(Config\Paths))
#19 C:\xampp\htdocs\School-Management-De_migration\vendor\codeigniter4\framework\system\rewrite.php(44): require_once('C:\\xampp\\htdocs...')
#20 {main}
ERROR - 2026-04-01 15:42:10 --> mysqli_sql_exception: Table 'wayo_db.events' doesn't exist in C:\xampp\htdocs\School-Management-De_migration\vendor\codeigniter4\framework\system\Database\MySQLi\Connection.php:327
Stack trace:
#0 C:\xampp\htdocs\School-Management-De_migration\vendor\codeigniter4\framework\system\Database\MySQLi\Connection.php(327): mysqli->query('SELECT *\nFROM `...', 0)
#1 C:\xampp\htdocs\School-Management-De_migration\vendor\codeigniter4\framework\system\Database\BaseConnection.php(738): CodeIgniter\Database\MySQLi\Connection->execute('SELECT *\nFROM `...')
#2 C:\xampp\htdocs\School-Management-De_migration\vendor\codeigniter4\framework\system\Database\BaseConnection.php(652): CodeIgniter\Database\BaseConnection->simpleQuery('SELECT *\nFROM `...')
#3 C:\xampp\htdocs\School-Management-De_migration\vendor\codeigniter4\framework\system\Database\BaseBuilder.php(1649): CodeIgniter\Database\BaseConnection->query('SELECT *\nFROM `...', Array, false)
#4 C:\xampp\htdocs\School-Management-De_migration\app\Models\Crud_model.php(293): CodeIgniter\Database\BaseBuilder->get()
#5 C:\xampp\htdocs\School-Management-De_migration\app\Views\backend\admin\dashboard\index.php(719): App\Models\Crud_model->get_current_month_events()
#6 C:\xampp\htdocs\School-Management-De_migration\app\Views\backend\index.php(147): include('C:\\xampp\\htdocs...')
#7 C:\xampp\htdocs\School-Management-De_migration\vendor\codeigniter4\framework\system\View\View.php(224): include('C:\\xampp\\htdocs...')
#8 C:\xampp\htdocs\School-Management-De_migration\vendor\codeigniter4\framework\system\View\View.php(227): CodeIgniter\View\View->CodeIgniter\View\{closure}()
#9 C:\xampp\htdocs\School-Management-De_migration\app\View\View.php(353): CodeIgniter\View\View->render('backend/index', Array, true)
#10 C:\xampp\htdocs\School-Management-De_migration\vendor\codeigniter4\framework\system\Common.php(1173): App\View\View->render('backend/index', Array, true)
#11 C:\xampp\htdocs\School-Management-De_migration\app\Controllers\Admin.php(108): view('backend/index', Array)
#12 C:\xampp\htdocs\School-Management-De_migration\app\Config\Routes.php(283): App\Controllers\Admin->dashboard()
#13 C:\xampp\htdocs\School-Management-De_migration\vendor\codeigniter4\framework\system\CodeIgniter.php(875): CodeIgniter\Router\RouteCollection::{closure}()
#14 C:\xampp\htdocs\School-Management-De_migration\vendor\codeigniter4\framework\system\CodeIgniter.php(494): CodeIgniter\CodeIgniter->startController()
#15 C:\xampp\htdocs\School-Management-De_migration\vendor\codeigniter4\framework\system\CodeIgniter.php(354): CodeIgniter\CodeIgniter->handleRequest(NULL, Object(Config\Cache), false)
#16 C:\xampp\htdocs\School-Management-De_migration\vendor\codeigniter4\framework\system\Boot.php(334): CodeIgniter\CodeIgniter->run()
#17 C:\xampp\htdocs\School-Management-De_migration\vendor\codeigniter4\framework\system\Boot.php(67): CodeIgniter\Boot::runCodeIgniter(Object(CodeIgniter\CodeIgniter))
#18 C:\xampp\htdocs\School-Management-De_migration\index.php(75): CodeIgniter\Boot::bootWeb(Object(Config\Paths))
#19 C:\xampp\htdocs\School-Management-De_migration\vendor\codeigniter4\framework\system\rewrite.php(44): require_once('C:\\xampp\\htdocs...')
#20 {main}
DEBUG - 2026-04-01 15:42:16 --> Session: Class initialized using 'CodeIgniter\Session\Handlers\FileHandler' driver.
DEBUG - 2026-04-01 15:42:17 --> Session: Class initialized using 'CodeIgniter\Session\Handlers\FileHandler' driver.
DEBUG - 2026-04-01 15:42:18 --> Session: Class initialized using 'CodeIgniter\Session\Handlers\FileHandler' driver.
DEBUG - 2026-04-01 15:42:20 --> Total exams not yet taken calculated for school_id 93: 0
ERROR - 2026-04-01 15:42:20 --> mysqli_sql_exception: Table 'wayo_db.attendance' doesn't exist in C:\xampp\htdocs\School-Management-De_migration\vendor\codeigniter4\framework\system\Database\MySQLi\Connection.php:327
Stack trace:
#0 C:\xampp\htdocs\School-Management-De_migration\vendor\codeigniter4\framework\system\Database\MySQLi\Connection.php(327): mysqli->query('SELECT COUNT(*)...', 0)
#1 C:\xampp\htdocs\School-Management-De_migration\vendor\codeigniter4\framework\system\Database\BaseConnection.php(738): CodeIgniter\Database\MySQLi\Connection->execute('SELECT COUNT(*)...')
#2 C:\xampp\htdocs\School-Management-De_migration\vendor\codeigniter4\framework\system\Database\BaseConnection.php(652): CodeIgniter\Database\BaseConnection->simpleQuery('SELECT COUNT(*)...')
#3 C:\xampp\htdocs\School-Management-De_migration\vendor\codeigniter4\framework\system\Database\BaseBuilder.php(1733): CodeIgniter\Database\BaseConnection->query('SELECT COUNT(*)...', Array, false)
#4 C:\xampp\htdocs\School-Management-De_migration\app\Models\Crud_model.php(310): CodeIgniter\Database\BaseBuilder->countAllResults()
#5 C:\xampp\htdocs\School-Management-De_migration\app\Views\backend\admin\dashboard\index.php(666): App\Models\Crud_model->get_todays_attendance()
#6 C:\xampp\htdocs\School-Management-De_migration\app\Views\backend\index.php(147): include('C:\\xampp\\htdocs...')
#7 C:\xampp\htdocs\School-Management-De_migration\vendor\codeigniter4\framework\system\View\View.php(224): include('C:\\xampp\\htdocs...')
#8 C:\xampp\htdocs\School-Management-De_migration\vendor\codeigniter4\framework\system\View\View.php(227): CodeIgniter\View\View->CodeIgniter\View\{closure}()
#9 C:\xampp\htdocs\School-Management-De_migration\app\View\View.php(353): CodeIgniter\View\View->render('backend/index', Array, true)
#10 C:\xampp\htdocs\School-Management-De_migration\vendor\codeigniter4\framework\system\Common.php(1173): App\View\View->render('backend/index', Array, true)
#11 C:\xampp\htdocs\School-Management-De_migration\app\Controllers\Admin.php(108): view('backend/index', Array)
#12 C:\xampp\htdocs\School-Management-De_migration\app\Config\Routes.php(283): App\Controllers\Admin->dashboard()
#13 C:\xampp\htdocs\School-Management-De_migration\vendor\codeigniter4\framework\system\CodeIgniter.php(875): CodeIgniter\Router\RouteCollection::{closure}()
#14 C:\xampp\htdocs\School-Management-De_migration\vendor\codeigniter4\framework\system\CodeIgniter.php(494): CodeIgniter\CodeIgniter->startController()
#15 C:\xampp\htdocs\School-Management-De_migration\vendor\codeigniter4\framework\system\CodeIgniter.php(354): CodeIgniter\CodeIgniter->handleRequest(NULL, Object(Config\Cache), false)
#16 C:\xampp\htdocs\School-Management-De_migration\vendor\codeigniter4\framework\system\Boot.php(334): CodeIgniter\CodeIgniter->run()
#17 C:\xampp\htdocs\School-Management-De_migration\vendor\codeigniter4\framework\system\Boot.php(67): CodeIgniter\Boot::runCodeIgniter(Object(CodeIgniter\CodeIgniter))
#18 C:\xampp\htdocs\School-Management-De_migration\index.php(75): CodeIgniter\Boot::bootWeb(Object(Config\Paths))
#19 C:\xampp\htdocs\School-Management-De_migration\vendor\codeigniter4\framework\system\rewrite.php(44): require_once('C:\\xampp\\htdocs...')
#20 {main}
ERROR - 2026-04-01 15:42:20 --> mysqli_sql_exception: Table 'wayo_db.attendance' doesn't exist in C:\xampp\htdocs\School-Management-De_migration\vendor\codeigniter4\framework\system\Database\MySQLi\Connection.php:327
Stack trace:
#0 C:\xampp\htdocs\School-Management-De_migration\vendor\codeigniter4\framework\system\Database\MySQLi\Connection.php(327): mysqli->query('SELECT COUNT(*)...', 0)
#1 C:\xampp\htdocs\School-Management-De_migration\vendor\codeigniter4\framework\system\Database\BaseConnection.php(738): CodeIgniter\Database\MySQLi\Connection->execute('SELECT COUNT(*)...')
#2 C:\xampp\htdocs\School-Management-De_migration\vendor\codeigniter4\framework\system\Database\BaseConnection.php(652): CodeIgniter\Database\BaseConnection->simpleQuery('SELECT COUNT(*)...')
#3 C:\xampp\htdocs\School-Management-De_migration\vendor\codeigniter4\framework\system\Database\BaseBuilder.php(1733): CodeIgniter\Database\BaseConnection->query('SELECT COUNT(*)...', Array, false)
#4 C:\xampp\htdocs\School-Management-De_migration\app\Models\Crud_model.php(310): CodeIgniter\Database\BaseBuilder->countAllResults()
#5 C:\xampp\htdocs\School-Management-De_migration\app\Views\backend\admin\dashboard\index.php(667): App\Models\Crud_model->get_todays_attendance()
#6 C:\xampp\htdocs\School-Management-De_migration\app\Views\backend\index.php(147): include('C:\\xampp\\htdocs...')
#7 C:\xampp\htdocs\School-Management-De_migration\vendor\codeigniter4\framework\system\View\View.php(224): include('C:\\xampp\\htdocs...')
#8 C:\xampp\htdocs\School-Management-De_migration\vendor\codeigniter4\framework\system\View\View.php(227): CodeIgniter\View\View->CodeIgniter\View\{closure}()
#9 C:\xampp\htdocs\School-Management-De_migration\app\View\View.php(353): CodeIgniter\View\View->render('backend/index', Array, true)
#10 C:\xampp\htdocs\School-Management-De_migration\vendor\codeigniter4\framework\system\Common.php(1173): App\View\View->render('backend/index', Array, true)
#11 C:\xampp\htdocs\School-Management-De_migration\app\Controllers\Admin.php(108): view('backend/index', Array)
#12 C:\xampp\htdocs\School-Management-De_migration\app\Config\Routes.php(283): App\Controllers\Admin->dashboard()
#13 C:\xampp\htdocs\School-Management-De_migration\vendor\codeigniter4\framework\system\CodeIgniter.php(875): CodeIgniter\Router\RouteCollection::{closure}()
#14 C:\xampp\htdocs\School-Management-De_migration\vendor\codeigniter4\framework\system\CodeIgniter.php(494): CodeIgniter\CodeIgniter->startController()
#15 C:\xampp\htdocs\School-Management-De_migration\vendor\codeigniter4\framework\system\CodeIgniter.php(354): CodeIgniter\CodeIgniter->handleRequest(NULL, Object(Config\Cache), false)
#16 C:\xampp\htdocs\School-Management-De_migration\vendor\codeigniter4\framework\system\Boot.php(334): CodeIgniter\CodeIgniter->run()
#17 C:\xampp\htdocs\School-Management-De_migration\vendor\codeigniter4\framework\system\Boot.php(67): CodeIgniter\Boot::runCodeIgniter(Object(CodeIgniter\CodeIgniter))
#18 C:\xampp\htdocs\School-Management-De_migration\index.php(75): CodeIgniter\Boot::bootWeb(Object(Config\Paths))
#19 C:\xampp\htdocs\School-Management-De_migration\vendor\codeigniter4\framework\system\rewrite.php(44): require_once('C:\\xampp\\htdocs...')
#20 {main}
ERROR - 2026-04-01 15:42:20 --> mysqli_sql_exception: Table 'wayo_db.events' doesn't exist in C:\xampp\htdocs\School-Management-De_migration\vendor\codeigniter4\framework\system\Database\MySQLi\Connection.php:327
Stack trace:
#0 C:\xampp\htdocs\School-Management-De_migration\vendor\codeigniter4\framework\system\Database\MySQLi\Connection.php(327): mysqli->query('SELECT *\nFROM `...', 0)
#1 C:\xampp\htdocs\School-Management-De_migration\vendor\codeigniter4\framework\system\Database\BaseConnection.php(738): CodeIgniter\Database\MySQLi\Connection->execute('SELECT *\nFROM `...')
#2 C:\xampp\htdocs\School-Management-De_migration\vendor\codeigniter4\framework\system\Database\BaseConnection.php(652): CodeIgniter\Database\BaseConnection->simpleQuery('SELECT *\nFROM `...')
#3 C:\xampp\htdocs\School-Management-De_migration\vendor\codeigniter4\framework\system\Database\BaseBuilder.php(1649): CodeIgniter\Database\BaseConnection->query('SELECT *\nFROM `...', Array, false)
#4 C:\xampp\htdocs\School-Management-De_migration\app\Models\Crud_model.php(293): CodeIgniter\Database\BaseBuilder->get()
#5 C:\xampp\htdocs\School-Management-De_migration\app\Views\backend\admin\dashboard\index.php(681): App\Models\Crud_model->get_current_month_events()
#6 C:\xampp\htdocs\School-Management-De_migration\app\Views\backend\index.php(147): include('C:\\xampp\\htdocs...')
#7 C:\xampp\htdocs\School-Management-De_migration\vendor\codeigniter4\framework\system\View\View.php(224): include('C:\\xampp\\htdocs...')
#8 C:\xampp\htdocs\School-Management-De_migration\vendor\codeigniter4\framework\system\View\View.php(227): CodeIgniter\View\View->CodeIgniter\View\{closure}()
#9 C:\xampp\htdocs\School-Management-De_migration\app\View\View.php(353): CodeIgniter\View\View->render('backend/index', Array, true)
#10 C:\xampp\htdocs\School-Management-De_migration\vendor\codeigniter4\framework\system\Common.php(1173): App\View\View->render('backend/index', Array, true)
#11 C:\xampp\htdocs\School-Management-De_migration\app\Controllers\Admin.php(108): view('backend/index', Array)
#12 C:\xampp\htdocs\School-Management-De_migration\app\Config\Routes.php(283): App\Controllers\Admin->dashboard()
#13 C:\xampp\htdocs\School-Management-De_migration\vendor\codeigniter4\framework\system\CodeIgniter.php(875): CodeIgniter\Router\RouteCollection::{closure}()
#14 C:\xampp\htdocs\School-Management-De_migration\vendor\codeigniter4\framework\system\CodeIgniter.php(494): CodeIgniter\CodeIgniter->startController()
#15 C:\xampp\htdocs\School-Management-De_migration\vendor\codeigniter4\framework\system\CodeIgniter.php(354): CodeIgniter\CodeIgniter->handleRequest(NULL, Object(Config\Cache), false)
#16 C:\xampp\htdocs\School-Management-De_migration\vendor\codeigniter4\framework\system\Boot.php(334): CodeIgniter\CodeIgniter->run()
#17 C:\xampp\htdocs\School-Management-De_migration\vendor\codeigniter4\framework\system\Boot.php(67): CodeIgniter\Boot::runCodeIgniter(Object(CodeIgniter\CodeIgniter))
#18 C:\xampp\htdocs\School-Management-De_migration\index.php(75): CodeIgniter\Boot::bootWeb(Object(Config\Paths))
#19 C:\xampp\htdocs\School-Management-De_migration\vendor\codeigniter4\framework\system\rewrite.php(44): require_once('C:\\xampp\\htdocs...')
#20 {main}
ERROR - 2026-04-01 15:42:20 --> mysqli_sql_exception: Table 'wayo_db.attendance' doesn't exist in C:\xampp\htdocs\School-Management-De_migration\vendor\codeigniter4\framework\system\Database\MySQLi\Connection.php:327
Stack trace:
#0 C:\xampp\htdocs\School-Management-De_migration\vendor\codeigniter4\framework\system\Database\MySQLi\Connection.php(327): mysqli->query('SELECT COUNT(*)...', 0)
#1 C:\xampp\htdocs\School-Management-De_migration\vendor\codeigniter4\framework\system\Database\BaseConnection.php(738): CodeIgniter\Database\MySQLi\Connection->execute('SELECT COUNT(*)...')
#2 C:\xampp\htdocs\School-Management-De_migration\vendor\codeigniter4\framework\system\Database\BaseConnection.php(652): CodeIgniter\Database\BaseConnection->simpleQuery('SELECT COUNT(*)...')
#3 C:\xampp\htdocs\School-Management-De_migration\vendor\codeigniter4\framework\system\Database\BaseBuilder.php(1733): CodeIgniter\Database\BaseConnection->query('SELECT COUNT(*)...', Array, false)
#4 C:\xampp\htdocs\School-Management-De_migration\app\Models\Crud_model.php(310): CodeIgniter\Database\BaseBuilder->countAllResults()
#5 C:\xampp\htdocs\School-Management-De_migration\app\Views\backend\admin\dashboard\index.php(696): App\Models\Crud_model->get_todays_attendance()
#6 C:\xampp\htdocs\School-Management-De_migration\app\Views\backend\index.php(147): include('C:\\xampp\\htdocs...')
#7 C:\xampp\htdocs\School-Management-De_migration\vendor\codeigniter4\framework\system\View\View.php(224): include('C:\\xampp\\htdocs...')
#8 C:\xampp\htdocs\School-Management-De_migration\vendor\codeigniter4\framework\system\View\View.php(227): CodeIgniter\View\View->CodeIgniter\View\{closure}()
#9 C:\xampp\htdocs\School-Management-De_migration\app\View\View.php(353): CodeIgniter\View\View->render('backend/index', Array, true)
#10 C:\xampp\htdocs\School-Management-De_migration\vendor\codeigniter4\framework\system\Common.php(1173): App\View\View->render('backend/index', Array, true)
#11 C:\xampp\htdocs\School-Management-De_migration\app\Controllers\Admin.php(108): view('backend/index', Array)
#12 C:\xampp\htdocs\School-Management-De_migration\app\Config\Routes.php(283): App\Controllers\Admin->dashboard()
#13 C:\xampp\htdocs\School-Management-De_migration\vendor\codeigniter4\framework\system\CodeIgniter.php(875): CodeIgniter\Router\RouteCollection::{closure}()
#14 C:\xampp\htdocs\School-Management-De_migration\vendor\codeigniter4\framework\system\CodeIgniter.php(494): CodeIgniter\CodeIgniter->startController()
#15 C:\xampp\htdocs\School-Management-De_migration\vendor\codeigniter4\framework\system\CodeIgniter.php(354): CodeIgniter\CodeIgniter->handleRequest(NULL, Object(Config\Cache), false)
#16 C:\xampp\htdocs\School-Management-De_migration\vendor\codeigniter4\framework\system\Boot.php(334): CodeIgniter\CodeIgniter->run()
#17 C:\xampp\htdocs\School-Management-De_migration\vendor\codeigniter4\framework\system\Boot.php(67): CodeIgniter\Boot::runCodeIgniter(Object(CodeIgniter\CodeIgniter))
#18 C:\xampp\htdocs\School-Management-De_migration\index.php(75): CodeIgniter\Boot::bootWeb(Object(Config\Paths))
#19 C:\xampp\htdocs\School-Management-De_migration\vendor\codeigniter4\framework\system\rewrite.php(44): require_once('C:\\xampp\\htdocs...')
#20 {main}
ERROR - 2026-04-01 15:42:20 --> mysqli_sql_exception: Table 'wayo_db.events' doesn't exist in C:\xampp\htdocs\School-Management-De_migration\vendor\codeigniter4\framework\system\Database\MySQLi\Connection.php:327
Stack trace:
#0 C:\xampp\htdocs\School-Management-De_migration\vendor\codeigniter4\framework\system\Database\MySQLi\Connection.php(327): mysqli->query('SELECT *\nFROM `...', 0)
#1 C:\xampp\htdocs\School-Management-De_migration\vendor\codeigniter4\framework\system\Database\BaseConnection.php(738): CodeIgniter\Database\MySQLi\Connection->execute('SELECT *\nFROM `...')
#2 C:\xampp\htdocs\School-Management-De_migration\vendor\codeigniter4\framework\system\Database\BaseConnection.php(652): CodeIgniter\Database\BaseConnection->simpleQuery('SELECT *\nFROM `...')
#3 C:\xampp\htdocs\School-Management-De_migration\vendor\codeigniter4\framework\system\Database\BaseBuilder.php(1649): CodeIgniter\Database\BaseConnection->query('SELECT *\nFROM `...', Array, false)
#4 C:\xampp\htdocs\School-Management-De_migration\app\Models\Crud_model.php(293): CodeIgniter\Database\BaseBuilder->get()
#5 C:\xampp\htdocs\School-Management-De_migration\app\Views\backend\admin\dashboard\index.php(719): App\Models\Crud_model->get_current_month_events()
#6 C:\xampp\htdocs\School-Management-De_migration\app\Views\backend\index.php(147): include('C:\\xampp\\htdocs...')
#7 C:\xampp\htdocs\School-Management-De_migration\vendor\codeigniter4\framework\system\View\View.php(224): include('C:\\xampp\\htdocs...')
#8 C:\xampp\htdocs\School-Management-De_migration\vendor\codeigniter4\framework\system\View\View.php(227): CodeIgniter\View\View->CodeIgniter\View\{closure}()
#9 C:\xampp\htdocs\School-Management-De_migration\app\View\View.php(353): CodeIgniter\View\View->render('backend/index', Array, true)
#10 C:\xampp\htdocs\School-Management-De_migration\vendor\codeigniter4\framework\system\Common.php(1173): App\View\View->render('backend/index', Array, true)
#11 C:\xampp\htdocs\School-Management-De_migration\app\Controllers\Admin.php(108): view('backend/index', Array)
#12 C:\xampp\htdocs\School-Management-De_migration\app\Config\Routes.php(283): App\Controllers\Admin->dashboard()
#13 C:\xampp\htdocs\School-Management-De_migration\vendor\codeigniter4\framework\system\CodeIgniter.php(875): CodeIgniter\Router\RouteCollection::{closure}()
#14 C:\xampp\htdocs\School-Management-De_migration\vendor\codeigniter4\framework\system\CodeIgniter.php(494): CodeIgniter\CodeIgniter->startController()
#15 C:\xampp\htdocs\School-Management-De_migration\vendor\codeigniter4\framework\system\CodeIgniter.php(354): CodeIgniter\CodeIgniter->handleRequest(NULL, Object(Config\Cache), false)
#16 C:\xampp\htdocs\School-Management-De_migration\vendor\codeigniter4\framework\system\Boot.php(334): CodeIgniter\CodeIgniter->run()
#17 C:\xampp\htdocs\School-Management-De_migration\vendor\codeigniter4\framework\system\Boot.php(67): CodeIgniter\Boot::runCodeIgniter(Object(CodeIgniter\CodeIgniter))
#18 C:\xampp\htdocs\School-Management-De_migration\index.php(75): CodeIgniter\Boot::bootWeb(Object(Config\Paths))
#19 C:\xampp\htdocs\School-Management-De_migration\vendor\codeigniter4\framework\system\rewrite.php(44): require_once('C:\\xampp\\htdocs...')
#20 {main}
DEBUG - 2026-04-01 15:42:29 --> Session: Class initialized using 'CodeIgniter\Session\Handlers\FileHandler' driver.
DEBUG - 2026-04-01 15:42:29 --> Total exams not yet taken calculated for school_id 93: 0
DEBUG - 2026-04-01 15:42:35 --> Session: Class initialized using 'CodeIgniter\Session\Handlers\FileHandler' driver.
DEBUG - 2026-04-01 15:42:36 --> Total exams not yet taken calculated for school_id 93: 0
DEBUG - 2026-04-01 15:42:41 --> Session: Class initialized using 'CodeIgniter\Session\Handlers\FileHandler' driver.
DEBUG - 2026-04-01 15:42:42 --> Session: Class initialized using 'CodeIgniter\Session\Handlers\FileHandler' driver.
DEBUG - 2026-04-01 15:42:48 --> Session: Class initialized using 'CodeIgniter\Session\Handlers\FileHandler' driver.
DEBUG - 2026-04-01 15:42:48 --> Session: Class initialized using 'CodeIgniter\Session\Handlers\FileHandler' driver.
DEBUG - 2026-04-01 15:42:57 --> Session: Class initialized using 'CodeIgniter\Session\Handlers\FileHandler' driver.
DEBUG - 2026-04-01 15:43:07 --> Session: Class initialized using 'CodeIgniter\Session\Handlers\FileHandler' driver.
DEBUG - 2026-04-01 15:43:10 --> Session: Class initialized using 'CodeIgniter\Session\Handlers\FileHandler' driver.
DEBUG - 2026-04-01 15:43:22 --> Session: Class initialized using 'CodeIgniter\Session\Handlers\FileHandler' driver.
DEBUG - 2026-04-01 15:43:22 --> Session: Class initialized using 'CodeIgniter\Session\Handlers\FileHandler' driver.
DEBUG - 2026-04-01 15:43:22 --> Session: Class initialized using 'CodeIgniter\Session\Handlers\FileHandler' driver.
DEBUG - 2026-04-01 15:43:23 --> Total exams not yet taken calculated for school_id 93: 0
ERROR - 2026-04-01 15:43:23 --> mysqli_sql_exception: Table 'wayo_db.attendance' doesn't exist in C:\xampp\htdocs\School-Management-De_migration\vendor\codeigniter4\framework\system\Database\MySQLi\Connection.php:327
Stack trace:
#0 C:\xampp\htdocs\School-Management-De_migration\vendor\codeigniter4\framework\system\Database\MySQLi\Connection.php(327): mysqli->query('SELECT COUNT(*)...', 0)
#1 C:\xampp\htdocs\School-Management-De_migration\vendor\codeigniter4\framework\system\Database\BaseConnection.php(738): CodeIgniter\Database\MySQLi\Connection->execute('SELECT COUNT(*)...')
#2 C:\xampp\htdocs\School-Management-De_migration\vendor\codeigniter4\framework\system\Database\BaseConnection.php(652): CodeIgniter\Database\BaseConnection->simpleQuery('SELECT COUNT(*)...')
#3 C:\xampp\htdocs\School-Management-De_migration\vendor\codeigniter4\framework\system\Database\BaseBuilder.php(1733): CodeIgniter\Database\BaseConnection->query('SELECT COUNT(*)...', Array, false)
#4 C:\xampp\htdocs\School-Management-De_migration\app\Models\Crud_model.php(310): CodeIgniter\Database\BaseBuilder->countAllResults()
#5 C:\xampp\htdocs\School-Management-De_migration\app\Views\backend\admin\dashboard\index.php(666): App\Models\Crud_model->get_todays_attendance()
#6 C:\xampp\htdocs\School-Management-De_migration\app\Views\backend\index.php(147): include('C:\\xampp\\htdocs...')
#7 C:\xampp\htdocs\School-Management-De_migration\vendor\codeigniter4\framework\system\View\View.php(224): include('C:\\xampp\\htdocs...')
#8 C:\xampp\htdocs\School-Management-De_migration\vendor\codeigniter4\framework\system\View\View.php(227): CodeIgniter\View\View->CodeIgniter\View\{closure}()
#9 C:\xampp\htdocs\School-Management-De_migration\app\View\View.php(353): CodeIgniter\View\View->render('backend/index', Array, true)
#10 C:\xampp\htdocs\School-Management-De_migration\vendor\codeigniter4\framework\system\Common.php(1173): App\View\View->render('backend/index', Array, true)
#11 C:\xampp\htdocs\School-Management-De_migration\app\Controllers\Admin.php(108): view('backend/index', Array)
#12 C:\xampp\htdocs\School-Management-De_migration\app\Config\Routes.php(283): App\Controllers\Admin->dashboard()
#13 C:\xampp\htdocs\School-Management-De_migration\vendor\codeigniter4\framework\system\CodeIgniter.php(875): CodeIgniter\Router\RouteCollection::{closure}()
#14 C:\xampp\htdocs\School-Management-De_migration\vendor\codeigniter4\framework\system\CodeIgniter.php(494): CodeIgniter\CodeIgniter->startController()
#15 C:\xampp\htdocs\School-Management-De_migration\vendor\codeigniter4\framework\system\CodeIgniter.php(354): CodeIgniter\CodeIgniter->handleRequest(NULL, Object(Config\Cache), false)
#16 C:\xampp\htdocs\School-Management-De_migration\vendor\codeigniter4\framework\system\Boot.php(334): CodeIgniter\CodeIgniter->run()
#17 C:\xampp\htdocs\School-Management-De_migration\vendor\codeigniter4\framework\system\Boot.php(67): CodeIgniter\Boot::runCodeIgniter(Object(CodeIgniter\CodeIgniter))
#18 C:\xampp\htdocs\School-Management-De_migration\index.php(75): CodeIgniter\Boot::bootWeb(Object(Config\Paths))
#19 C:\xampp\htdocs\School-Management-De_migration\vendor\codeigniter4\framework\system\rewrite.php(44): require_once('C:\\xampp\\htdocs...')
#20 {main}
ERROR - 2026-04-01 15:43:23 --> mysqli_sql_exception: Table 'wayo_db.attendance' doesn't exist in C:\xampp\htdocs\School-Management-De_migration\vendor\codeigniter4\framework\system\Database\MySQLi\Connection.php:327
Stack trace:
#0 C:\xampp\htdocs\School-Management-De_migration\vendor\codeigniter4\framework\system\Database\MySQLi\Connection.php(327): mysqli->query('SELECT COUNT(*)...', 0)
#1 C:\xampp\htdocs\School-Management-De_migration\vendor\codeigniter4\framework\system\Database\BaseConnection.php(738): CodeIgniter\Database\MySQLi\Connection->execute('SELECT COUNT(*)...')
#2 C:\xampp\htdocs\School-Management-De_migration\vendor\codeigniter4\framework\system\Database\BaseConnection.php(652): CodeIgniter\Database\BaseConnection->simpleQuery('SELECT COUNT(*)...')
#3 C:\xampp\htdocs\School-Management-De_migration\vendor\codeigniter4\framework\system\Database\BaseBuilder.php(1733): CodeIgniter\Database\BaseConnection->query('SELECT COUNT(*)...', Array, false)
#4 C:\xampp\htdocs\School-Management-De_migration\app\Models\Crud_model.php(310): CodeIgniter\Database\BaseBuilder->countAllResults()
#5 C:\xampp\htdocs\School-Management-De_migration\app\Views\backend\admin\dashboard\index.php(667): App\Models\Crud_model->get_todays_attendance()
#6 C:\xampp\htdocs\School-Management-De_migration\app\Views\backend\index.php(147): include('C:\\xampp\\htdocs...')
#7 C:\xampp\htdocs\School-Management-De_migration\vendor\codeigniter4\framework\system\View\View.php(224): include('C:\\xampp\\htdocs...')
#8 C:\xampp\htdocs\School-Management-De_migration\vendor\codeigniter4\framework\system\View\View.php(227): CodeIgniter\View\View->CodeIgniter\View\{closure}()
#9 C:\xampp\htdocs\School-Management-De_migration\app\View\View.php(353): CodeIgniter\View\View->render('backend/index', Array, true)
#10 C:\xampp\htdocs\School-Management-De_migration\vendor\codeigniter4\framework\system\Common.php(1173): App\View\View->render('backend/index', Array, true)
#11 C:\xampp\htdocs\School-Management-De_migration\app\Controllers\Admin.php(108): view('backend/index', Array)
#12 C:\xampp\htdocs\School-Management-De_migration\app\Config\Routes.php(283): App\Controllers\Admin->dashboard()
#13 C:\xampp\htdocs\School-Management-De_migration\vendor\codeigniter4\framework\system\CodeIgniter.php(875): CodeIgniter\Router\RouteCollection::{closure}()
#14 C:\xampp\htdocs\School-Management-De_migration\vendor\codeigniter4\framework\system\CodeIgniter.php(494): CodeIgniter\CodeIgniter->startController()
#15 C:\xampp\htdocs\School-Management-De_migration\vendor\codeigniter4\framework\system\CodeIgniter.php(354): CodeIgniter\CodeIgniter->handleRequest(NULL, Object(Config\Cache), false)
#16 C:\xampp\htdocs\School-Management-De_migration\vendor\codeigniter4\framework\system\Boot.php(334): CodeIgniter\CodeIgniter->run()
#17 C:\xampp\htdocs\School-Management-De_migration\vendor\codeigniter4\framework\system\Boot.php(67): CodeIgniter\Boot::runCodeIgniter(Object(CodeIgniter\CodeIgniter))
#18 C:\xampp\htdocs\School-Management-De_migration\index.php(75): CodeIgniter\Boot::bootWeb(Object(Config\Paths))
#19 C:\xampp\htdocs\School-Management-De_migration\vendor\codeigniter4\framework\system\rewrite.php(44): require_once('C:\\xampp\\htdocs...')
#20 {main}
ERROR - 2026-04-01 15:43:23 --> mysqli_sql_exception: Table 'wayo_db.events' doesn't exist in C:\xampp\htdocs\School-Management-De_migration\vendor\codeigniter4\framework\system\Database\MySQLi\Connection.php:327
Stack trace:
#0 C:\xampp\htdocs\School-Management-De_migration\vendor\codeigniter4\framework\system\Database\MySQLi\Connection.php(327): mysqli->query('SELECT *\nFROM `...', 0)
#1 C:\xampp\htdocs\School-Management-De_migration\vendor\codeigniter4\framework\system\Database\BaseConnection.php(738): CodeIgniter\Database\MySQLi\Connection->execute('SELECT *\nFROM `...')
#2 C:\xampp\htdocs\School-Management-De_migration\vendor\codeigniter4\framework\system\Database\BaseConnection.php(652): CodeIgniter\Database\BaseConnection->simpleQuery('SELECT *\nFROM `...')
#3 C:\xampp\htdocs\School-Management-De_migration\vendor\codeigniter4\framework\system\Database\BaseBuilder.php(1649): CodeIgniter\Database\BaseConnection->query('SELECT *\nFROM `...', Array, false)
#4 C:\xampp\htdocs\School-Management-De_migration\app\Models\Crud_model.php(293): CodeIgniter\Database\BaseBuilder->get()
#5 C:\xampp\htdocs\School-Management-De_migration\app\Views\backend\admin\dashboard\index.php(681): App\Models\Crud_model->get_current_month_events()
#6 C:\xampp\htdocs\School-Management-De_migration\app\Views\backend\index.php(147): include('C:\\xampp\\htdocs...')
#7 C:\xampp\htdocs\School-Management-De_migration\vendor\codeigniter4\framework\system\View\View.php(224): include('C:\\xampp\\htdocs...')
#8 C:\xampp\htdocs\School-Management-De_migration\vendor\codeigniter4\framework\system\View\View.php(227): CodeIgniter\View\View->CodeIgniter\View\{closure}()
#9 C:\xampp\htdocs\School-Management-De_migration\app\View\View.php(353): CodeIgniter\View\View->render('backend/index', Array, true)
#10 C:\xampp\htdocs\School-Management-De_migration\vendor\codeigniter4\framework\system\Common.php(1173): App\View\View->render('backend/index', Array, true)
#11 C:\xampp\htdocs\School-Management-De_migration\app\Controllers\Admin.php(108): view('backend/index', Array)
#12 C:\xampp\htdocs\School-Management-De_migration\app\Config\Routes.php(283): App\Controllers\Admin->dashboard()
#13 C:\xampp\htdocs\School-Management-De_migration\vendor\codeigniter4\framework\system\CodeIgniter.php(875): CodeIgniter\Router\RouteCollection::{closure}()
#14 C:\xampp\htdocs\School-Management-De_migration\vendor\codeigniter4\framework\system\CodeIgniter.php(494): CodeIgniter\CodeIgniter->startController()
#15 C:\xampp\htdocs\School-Management-De_migration\vendor\codeigniter4\framework\system\CodeIgniter.php(354): CodeIgniter\CodeIgniter->handleRequest(NULL, Object(Config\Cache), false)
#16 C:\xampp\htdocs\School-Management-De_migration\vendor\codeigniter4\framework\system\Boot.php(334): CodeIgniter\CodeIgniter->run()
#17 C:\xampp\htdocs\School-Management-De_migration\vendor\codeigniter4\framework\system\Boot.php(67): CodeIgniter\Boot::runCodeIgniter(Object(CodeIgniter\CodeIgniter))
#18 C:\xampp\htdocs\School-Management-De_migration\index.php(75): CodeIgniter\Boot::bootWeb(Object(Config\Paths))
#19 C:\xampp\htdocs\School-Management-De_migration\vendor\codeigniter4\framework\system\rewrite.php(44): require_once('C:\\xampp\\htdocs...')
#20 {main}
ERROR - 2026-04-01 15:43:23 --> mysqli_sql_exception: Table 'wayo_db.attendance' doesn't exist in C:\xampp\htdocs\School-Management-De_migration\vendor\codeigniter4\framework\system\Database\MySQLi\Connection.php:327
Stack trace:
#0 C:\xampp\htdocs\School-Management-De_migration\vendor\codeigniter4\framework\system\Database\MySQLi\Connection.php(327): mysqli->query('SELECT COUNT(*)...', 0)
#1 C:\xampp\htdocs\School-Management-De_migration\vendor\codeigniter4\framework\system\Database\BaseConnection.php(738): CodeIgniter\Database\MySQLi\Connection->execute('SELECT COUNT(*)...')
#2 C:\xampp\htdocs\School-Management-De_migration\vendor\codeigniter4\framework\system\Database\BaseConnection.php(652): CodeIgniter\Database\BaseConnection->simpleQuery('SELECT COUNT(*)...')
#3 C:\xampp\htdocs\School-Management-De_migration\vendor\codeigniter4\framework\system\Database\BaseBuilder.php(1733): CodeIgniter\Database\BaseConnection->query('SELECT COUNT(*)...', Array, false)
#4 C:\xampp\htdocs\School-Management-De_migration\app\Models\Crud_model.php(310): CodeIgniter\Database\BaseBuilder->countAllResults()
#5 C:\xampp\htdocs\School-Management-De_migration\app\Views\backend\admin\dashboard\index.php(696): App\Models\Crud_model->get_todays_attendance()
#6 C:\xampp\htdocs\School-Management-De_migration\app\Views\backend\index.php(147): include('C:\\xampp\\htdocs...')
#7 C:\xampp\htdocs\School-Management-De_migration\vendor\codeigniter4\framework\system\View\View.php(224): include('C:\\xampp\\htdocs...')
#8 C:\xampp\htdocs\School-Management-De_migration\vendor\codeigniter4\framework\system\View\View.php(227): CodeIgniter\View\View->CodeIgniter\View\{closure}()
#9 C:\xampp\htdocs\School-Management-De_migration\app\View\View.php(353): CodeIgniter\View\View->render('backend/index', Array, true)
#10 C:\xampp\htdocs\School-Management-De_migration\vendor\codeigniter4\framework\system\Common.php(1173): App\View\View->render('backend/index', Array, true)
#11 C:\xampp\htdocs\School-Management-De_migration\app\Controllers\Admin.php(108): view('backend/index', Array)
#12 C:\xampp\htdocs\School-Management-De_migration\app\Config\Routes.php(283): App\Controllers\Admin->dashboard()
#13 C:\xampp\htdocs\School-Management-De_migration\vendor\codeigniter4\framework\system\CodeIgniter.php(875): CodeIgniter\Router\RouteCollection::{closure}()
#14 C:\xampp\htdocs\School-Management-De_migration\vendor\codeigniter4\framework\system\CodeIgniter.php(494): CodeIgniter\CodeIgniter->startController()
#15 C:\xampp\htdocs\School-Management-De_migration\vendor\codeigniter4\framework\system\CodeIgniter.php(354): CodeIgniter\CodeIgniter->handleRequest(NULL, Object(Config\Cache), false)
#16 C:\xampp\htdocs\School-Management-De_migration\vendor\codeigniter4\framework\system\Boot.php(334): CodeIgniter\CodeIgniter->run()
#17 C:\xampp\htdocs\School-Management-De_migration\vendor\codeigniter4\framework\system\Boot.php(67): CodeIgniter\Boot::runCodeIgniter(Object(CodeIgniter\CodeIgniter))
#18 C:\xampp\htdocs\School-Management-De_migration\index.php(75): CodeIgniter\Boot::bootWeb(Object(Config\Paths))
#19 C:\xampp\htdocs\School-Management-De_migration\vendor\codeigniter4\framework\system\rewrite.php(44): require_once('C:\\xampp\\htdocs...')
#20 {main}
ERROR - 2026-04-01 15:43:23 --> mysqli_sql_exception: Table 'wayo_db.events' doesn't exist in C:\xampp\htdocs\School-Management-De_migration\vendor\codeigniter4\framework\system\Database\MySQLi\Connection.php:327
Stack trace:
#0 C:\xampp\htdocs\School-Management-De_migration\vendor\codeigniter4\framework\system\Database\MySQLi\Connection.php(327): mysqli->query('SELECT *\nFROM `...', 0)
#1 C:\xampp\htdocs\School-Management-De_migration\vendor\codeigniter4\framework\system\Database\BaseConnection.php(738): CodeIgniter\Database\MySQLi\Connection->execute('SELECT *\nFROM `...')
#2 C:\xampp\htdocs\School-Management-De_migration\vendor\codeigniter4\framework\system\Database\BaseConnection.php(652): CodeIgniter\Database\BaseConnection->simpleQuery('SELECT *\nFROM `...')
#3 C:\xampp\htdocs\School-Management-De_migration\vendor\codeigniter4\framework\system\Database\BaseBuilder.php(1649): CodeIgniter\Database\BaseConnection->query('SELECT *\nFROM `...', Array, false)
#4 C:\xampp\htdocs\School-Management-De_migration\app\Models\Crud_model.php(293): CodeIgniter\Database\BaseBuilder->get()
#5 C:\xampp\htdocs\School-Management-De_migration\app\Views\backend\admin\dashboard\index.php(719): App\Models\Crud_model->get_current_month_events()
#6 C:\xampp\htdocs\School-Management-De_migration\app\Views\backend\index.php(147): include('C:\\xampp\\htdocs...')
#7 C:\xampp\htdocs\School-Management-De_migration\vendor\codeigniter4\framework\system\View\View.php(224): include('C:\\xampp\\htdocs...')
#8 C:\xampp\htdocs\School-Management-De_migration\vendor\codeigniter4\framework\system\View\View.php(227): CodeIgniter\View\View->CodeIgniter\View\{closure}()
#9 C:\xampp\htdocs\School-Management-De_migration\app\View\View.php(353): CodeIgniter\View\View->render('backend/index', Array, true)
#10 C:\xampp\htdocs\School-Management-De_migration\vendor\codeigniter4\framework\system\Common.php(1173): App\View\View->render('backend/index', Array, true)
#11 C:\xampp\htdocs\School-Management-De_migration\app\Controllers\Admin.php(108): view('backend/index', Array)
#12 C:\xampp\htdocs\School-Management-De_migration\app\Config\Routes.php(283): App\Controllers\Admin->dashboard()
#13 C:\xampp\htdocs\School-Management-De_migration\vendor\codeigniter4\framework\system\CodeIgniter.php(875): CodeIgniter\Router\RouteCollection::{closure}()
#14 C:\xampp\htdocs\School-Management-De_migration\vendor\codeigniter4\framework\system\CodeIgniter.php(494): CodeIgniter\CodeIgniter->startController()
#15 C:\xampp\htdocs\School-Management-De_migration\vendor\codeigniter4\framework\system\CodeIgniter.php(354): CodeIgniter\CodeIgniter->handleRequest(NULL, Object(Config\Cache), false)
#16 C:\xampp\htdocs\School-Management-De_migration\vendor\codeigniter4\framework\system\Boot.php(334): CodeIgniter\CodeIgniter->run()
#17 C:\xampp\htdocs\School-Management-De_migration\vendor\codeigniter4\framework\system\Boot.php(67): CodeIgniter\Boot::runCodeIgniter(Object(CodeIgniter\CodeIgniter))
#18 C:\xampp\htdocs\School-Management-De_migration\index.php(75): CodeIgniter\Boot::bootWeb(Object(Config\Paths))
#19 C:\xampp\htdocs\School-Management-De_migration\vendor\codeigniter4\framework\system\rewrite.php(44): require_once('C:\\xampp\\htdocs...')
#20 {main}
DEBUG - 2026-04-01 15:43:30 --> Session: Class initialized using 'CodeIgniter\Session\Handlers\FileHandler' driver.
DEBUG - 2026-04-01 15:43:30 --> Total exams not yet taken calculated for school_id 93: 0
ERROR - 2026-04-01 15:43:30 --> mysqli_sql_exception: Unknown column 'school_id' in 'where clause' in C:\xampp\htdocs\School-Management-De_migration\vendor\codeigniter4\framework\system\Database\MySQLi\Connection.php:327
Stack trace:
#0 C:\xampp\htdocs\School-Management-De_migration\vendor\codeigniter4\framework\system\Database\MySQLi\Connection.php(327): mysqli->query('SELECT *\nFROM `...', 0)
#1 C:\xampp\htdocs\School-Management-De_migration\vendor\codeigniter4\framework\system\Database\BaseConnection.php(738): CodeIgniter\Database\MySQLi\Connection->execute('SELECT *\nFROM `...')
#2 C:\xampp\htdocs\School-Management-De_migration\vendor\codeigniter4\framework\system\Database\BaseConnection.php(652): CodeIgniter\Database\BaseConnection->simpleQuery('SELECT *\nFROM `...')
#3 C:\xampp\htdocs\School-Management-De_migration\vendor\codeigniter4\framework\system\Database\BaseBuilder.php(1649): CodeIgniter\Database\BaseConnection->query('SELECT *\nFROM `...', Array, false)
#4 C:\xampp\htdocs\School-Management-De_migration\app\Models\Crud_model.php(1114): CodeIgniter\Database\BaseBuilder->get()
#5 C:\xampp\htdocs\School-Management-De_migration\app\Views\backend\admin\promotion\index.php(71): App\Models\Crud_model->get_session()
#6 C:\xampp\htdocs\School-Management-De_migration\app\Views\backend\index.php(147): include('C:\\xampp\\htdocs...')
#7 C:\xampp\htdocs\School-Management-De_migration\vendor\codeigniter4\framework\system\View\View.php(224): include('C:\\xampp\\htdocs...')
#8 C:\xampp\htdocs\School-Management-De_migration\vendor\codeigniter4\framework\system\View\View.php(227): CodeIgniter\View\View->CodeIgniter\View\{closure}()
#9 C:\xampp\htdocs\School-Management-De_migration\app\View\View.php(353): CodeIgniter\View\View->render('backend/index', Array, true)
#10 C:\xampp\htdocs\School-Management-De_migration\vendor\codeigniter4\framework\system\Common.php(1173): App\View\View->render('backend/index', Array, true)
#11 C:\xampp\htdocs\School-Management-De_migration\app\Controllers\Admin.php(2253): view('backend/index', Array)
#12 C:\xampp\htdocs\School-Management-De_migration\app\Config\Routes.php(420): App\Controllers\Admin->promotion()
#13 C:\xampp\htdocs\School-Management-De_migration\app\Config\Routes.php(426): CodeIgniter\Router\RouteCollection::{closure}('promotion')
#14 C:\xampp\htdocs\School-Management-De_migration\vendor\codeigniter4\framework\system\CodeIgniter.php(875): CodeIgniter\Router\RouteCollection::{closure}('promotion')
#15 C:\xampp\htdocs\School-Management-De_migration\vendor\codeigniter4\framework\system\CodeIgniter.php(494): CodeIgniter\CodeIgniter->startController()
#16 C:\xampp\htdocs\School-Management-De_migration\vendor\codeigniter4\framework\system\CodeIgniter.php(354): CodeIgniter\CodeIgniter->handleRequest(NULL, Object(Config\Cache), false)
#17 C:\xampp\htdocs\School-Management-De_migration\vendor\codeigniter4\framework\system\Boot.php(334): CodeIgniter\CodeIgniter->run()
#18 C:\xampp\htdocs\School-Management-De_migration\vendor\codeigniter4\framework\system\Boot.php(67): CodeIgniter\Boot::runCodeIgniter(Object(CodeIgniter\CodeIgniter))
#19 C:\xampp\htdocs\School-Management-De_migration\index.php(75): CodeIgniter\Boot::bootWeb(Object(Config\Paths))
#20 C:\xampp\htdocs\School-Management-De_migration\vendor\codeigniter4\framework\system\rewrite.php(44): require_once('C:\\xampp\\htdocs...')
#21 {main}
DEBUG - 2026-04-01 15:43:40 --> Session: Class initialized using 'CodeIgniter\Session\Handlers\FileHandler' driver.
DEBUG - 2026-04-01 15:43:41 --> Total exams not yet taken calculated for school_id 93: 0
DEBUG - 2026-04-01 15:43:50 --> Session: Class initialized using 'CodeIgniter\Session\Handlers\FileHandler' driver.
DEBUG - 2026-04-01 15:43:52 --> Total exams not yet taken calculated for school_id 93: 0
DEBUG - 2026-04-01 15:44:01 --> Session: Class initialized using 'CodeIgniter\Session\Handlers\FileHandler' driver.
DEBUG - 2026-04-01 15:44:02 --> Total exams not yet taken calculated for school_id 93: 0
DEBUG - 2026-04-01 15:44:08 --> Session: Class initialized using 'CodeIgniter\Session\Handlers\FileHandler' driver.
DEBUG - 2026-04-01 15:44:15 --> Session: Class initialized using 'CodeIgniter\Session\Handlers\FileHandler' driver.
DEBUG - 2026-04-01 15:44:20 --> Session: Class initialized using 'CodeIgniter\Session\Handlers\FileHandler' driver.
DEBUG - 2026-04-01 15:44:21 --> Total exams not yet taken calculated for school_id 93: 0
DEBUG - 2026-04-01 15:44:34 --> Session: Class initialized using 'CodeIgniter\Session\Handlers\FileHandler' driver.
DEBUG - 2026-04-01 15:44:36 --> Total exams not yet taken calculated for school_id 93: 0
DEBUG - 2026-04-01 15:44:44 --> Session: Class initialized using 'CodeIgniter\Session\Handlers\FileHandler' driver.
DEBUG - 2026-04-01 15:44:46 --> Total exams not yet taken calculated for school_id 93: 0
DEBUG - 2026-04-01 15:45:01 --> Session: Class initialized using 'CodeIgniter\Session\Handlers\FileHandler' driver.
DEBUG - 2026-04-01 15:45:06 --> Session: Class initialized using 'CodeIgniter\Session\Handlers\FileHandler' driver.
DEBUG - 2026-04-01 15:45:09 --> Session: Class initialized using 'CodeIgniter\Session\Handlers\FileHandler' driver.
DEBUG - 2026-04-01 15:45:13 --> Total exams not yet taken calculated for school_id 93: 0
DEBUG - 2026-04-01 15:45:27 --> Session: Class initialized using 'CodeIgniter\Session\Handlers\FileHandler' driver.
DEBUG - 2026-04-01 15:45:27 --> Total exams not yet taken calculated for school_id 93: 0
DEBUG - 2026-04-01 15:45:35 --> Session: Class initialized using 'CodeIgniter\Session\Handlers\FileHandler' driver.
DEBUG - 2026-04-01 15:45:35 --> Total exams not yet taken calculated for school_id 93: 0
DEBUG - 2026-04-01 15:45:38 --> Session: Class initialized using 'CodeIgniter\Session\Handlers\FileHandler' driver.
DEBUG - 2026-04-01 15:48:01 --> Session: Class initialized using 'CodeIgniter\Session\Handlers\FileHandler' driver.
DEBUG - 2026-04-01 15:49:18 --> Session: Class initialized using 'CodeIgniter\Session\Handlers\FileHandler' driver.
DEBUG - 2026-04-01 15:49:18 --> Session: Class initialized using 'CodeIgniter\Session\Handlers\FileHandler' driver.
DEBUG - 2026-04-01 15:49:18 --> Session: Class initialized using 'CodeIgniter\Session\Handlers\FileHandler' driver.
DEBUG - 2026-04-01 15:49:18 --> Session: Class initialized using 'CodeIgniter\Session\Handlers\FileHandler' driver.
DEBUG - 2026-04-01 15:49:19 --> Session: Class initialized using 'CodeIgniter\Session\Handlers\FileHandler' driver.
DEBUG - 2026-04-01 15:49:19 --> Session: Class initialized using 'CodeIgniter\Session\Handlers\FileHandler' driver.
DEBUG - 2026-04-01 15:49:19 --> Session: Class initialized using 'CodeIgniter\Session\Handlers\FileHandler' driver.
DEBUG - 2026-04-01 15:49:20 --> Session: Class initialized using 'CodeIgniter\Session\Handlers\FileHandler' driver.
DEBUG - 2026-04-01 15:49:20 --> Session: Class initialized using 'CodeIgniter\Session\Handlers\FileHandler' driver.
DEBUG - 2026-04-01 15:49:20 --> Session: Class initialized using 'CodeIgniter\Session\Handlers\FileHandler' driver.
DEBUG - 2026-04-01 15:49:20 --> Session: Class initialized using 'CodeIgniter\Session\Handlers\FileHandler' driver.
DEBUG - 2026-04-01 15:49:21 --> Session: Class initialized using 'CodeIgniter\Session\Handlers\FileHandler' driver.
DEBUG - 2026-04-01 15:49:21 --> Session: Class initialized using 'CodeIgniter\Session\Handlers\FileHandler' driver.
DEBUG - 2026-04-01 15:49:21 --> Session: Class initialized using 'CodeIgniter\Session\Handlers\FileHandler' driver.
DEBUG - 2026-04-01 15:49:22 --> Session: Class initialized using 'CodeIgniter\Session\Handlers\FileHandler' driver.
DEBUG - 2026-04-01 15:49:22 --> Session: Class initialized using 'CodeIgniter\Session\Handlers\FileHandler' driver.
DEBUG - 2026-04-01 15:49:23 --> Total exams not yet taken calculated for school_id 1: 0
DEBUG - 2026-04-01 15:49:23 --> Session: Class initialized using 'CodeIgniter\Session\Handlers\FileHandler' driver.
DEBUG - 2026-04-01 15:49:24 --> Session: Class initialized using 'CodeIgniter\Session\Handlers\FileHandler' driver.
DEBUG - 2026-04-01 15:52:24 --> Session: Class initialized using 'CodeIgniter\Session\Handlers\FileHandler' driver.
DEBUG - 2026-04-01 15:52:25 --> Total exams not yet taken calculated for school_id 93: 0
DEBUG - 2026-04-01 15:52:28 --> Session: Class initialized using 'CodeIgniter\Session\Handlers\FileHandler' driver.
DEBUG - 2026-04-01 15:52:36 --> Session: Class initialized using 'CodeIgniter\Session\Handlers\FileHandler' driver.
DEBUG - 2026-04-01 15:52:36 --> calendar() called - admin_login: true, user_type: 'admin', session_id: '130dc595a252688632109637f09d9d01', all_session: array (
  '__ci_last_regenerate' => 1775055144,
  '_ci_previous_url' => 'http://127.0.0.1:8080/app/syllabus',
  'user' => 
  (object) array(
     'id' => '266',
     'name' => 'ds55uuuuuuu5qdf55sf sdfsf',
     'email' => 'fattahallam1949@gmail.com',
     'humhub_id' => NULL,
     'password' => 'f7c3bc1d808e04732adf679965ccc34ca7ae3441',
     'role' => 'student',
     'address' => 'sdfsfffffffffffffffffffff00',
     'Rue' => 'sqdsqdqd',
     'Numero' => '454545',
     'Ville' => 'casablanca',
     'Codepostal' => '20600',
     'num_vat' => '56555656',
     'phone' => '06058855663',
     'remember_token' => NULL,
     'birthday' => '2024-10-31',
     'gender' => 'Male',
     'school_id' => '110',
     'authentication_key' => NULL,
     'watch_history' => '[{"lesson_id":"113","progress":"1"},{"lesson_id":"110","progress":"1"},{"lesson_id":"111","progress":"1"},{"lesson_id":"112","progress":"1"},{"lesson_id":"114","progress":"1"},{"lesson_id":"116","progress":"1"},{"lesson_id":"115","progress":"1"},{"lesson_id":"71","progress":"1"},{"lesson_id":"159","progress":"1"}]',
     'status' => '1',
     'reset_token' => NULL,
     'reset_expires_at' => NULL,
     'created_date' => '2025-05-15 14:27:15',
     'updated_date' => '2026-03-30 18:29:57',
     'language' => 'english',
     'kb_account_id_perso' => NULL,
     'kb_external_key_perso' => NULL,
  ),
  'password' => '123456789',
  'user_login_type' => true,
  'student_login' => false,
  'user_id' => '266',
  'school_id' => '93',
  'user_name' => 'ds55uuuuuuu5qdf55sf sdfsf',
  'user_type' => 'admin',
  'role' => 'admin',
  'active_school_id' => '93',
  'language' => 'english',
  'student_has_no_school' => false,
  'lang_code' => 'en',
  'admin_login' => true,
  'teacher_login' => false,
)
DEBUG - 2026-04-01 15:52:37 --> Total exams not yet taken calculated for school_id 93: 0
DEBUG - 2026-04-01 15:52:45 --> Session: Class initialized using 'CodeIgniter\Session\Handlers\FileHandler' driver.
DEBUG - 2026-04-01 15:52:46 --> get_events() called - admin_login: true
DEBUG - 2026-04-01 15:52:47 --> Session: Class initialized using 'CodeIgniter\Session\Handlers\FileHandler' driver.
DEBUG - 2026-04-01 15:52:48 --> get_events() called - admin_login: true
DEBUG - 2026-04-01 15:52:49 --> Session: Class initialized using 'CodeIgniter\Session\Handlers\FileHandler' driver.
DEBUG - 2026-04-01 15:52:50 --> Session: Class initialized using 'CodeIgniter\Session\Handlers\FileHandler' driver.
DEBUG - 2026-04-01 15:52:52 --> Session: Class initialized using 'CodeIgniter\Session\Handlers\FileHandler' driver.
DEBUG - 2026-04-01 15:52:52 --> get_events() called - admin_login: true
DEBUG - 2026-04-01 15:52:52 --> Session: Class initialized using 'CodeIgniter\Session\Handlers\FileHandler' driver.
DEBUG - 2026-04-01 15:53:50 --> Session: Class initialized using 'CodeIgniter\Session\Handlers\FileHandler' driver.
DEBUG - 2026-04-01 15:53:51 --> Session: Class initialized using 'CodeIgniter\Session\Handlers\FileHandler' driver.
DEBUG - 2026-04-01 15:53:51 --> Session: Class initialized using 'CodeIgniter\Session\Handlers\FileHandler' driver.
DEBUG - 2026-04-01 15:53:52 --> Session: Class initialized using 'CodeIgniter\Session\Handlers\FileHandler' driver.
DEBUG - 2026-04-01 15:53:52 --> Session: Class initialized using 'CodeIgniter\Session\Handlers\FileHandler' driver.
DEBUG - 2026-04-01 15:53:52 --> Session: Class initialized using 'CodeIgniter\Session\Handlers\FileHandler' driver.
DEBUG - 2026-04-01 15:53:53 --> Session: Class initialized using 'CodeIgniter\Session\Handlers\FileHandler' driver.
DEBUG - 2026-04-01 15:53:53 --> Session: Class initialized using 'CodeIgniter\Session\Handlers\FileHandler' driver.
DEBUG - 2026-04-01 15:53:54 --> Session: Class initialized using 'CodeIgniter\Session\Handlers\FileHandler' driver.
DEBUG - 2026-04-01 15:53:54 --> Session: Class initialized using 'CodeIgniter\Session\Handlers\FileHandler' driver.
DEBUG - 2026-04-01 15:53:54 --> Session: Class initialized using 'CodeIgniter\Session\Handlers\FileHandler' driver.
DEBUG - 2026-04-01 15:53:55 --> Session: Class initialized using 'CodeIgniter\Session\Handlers\FileHandler' driver.
DEBUG - 2026-04-01 15:53:56 --> Total exams not yet taken calculated for school_id 1: 0
DEBUG - 2026-04-01 15:54:00 --> Session: Class initialized using 'CodeIgniter\Session\Handlers\FileHandler' driver.
DEBUG - 2026-04-01 15:54:04 --> Session: Class initialized using 'CodeIgniter\Session\Handlers\FileHandler' driver.
CRITICAL - 2026-04-01 15:54:04 --> Error: Cannot call constructor
[Method: GET, Route: app/chat]
in APPPATH\Controllers\Chat.php on line 13.
 1 SYSTEMPATH\CodeIgniter.php(903): App\Controllers\Chat->__construct()
 2 SYSTEMPATH\CodeIgniter.php(498): CodeIgniter\CodeIgniter->createController()
 3 SYSTEMPATH\CodeIgniter.php(354): CodeIgniter\CodeIgniter->handleRequest(null, Object(Config\Cache), false)
 4 SYSTEMPATH\Boot.php(334): CodeIgniter\CodeIgniter->run()
 5 SYSTEMPATH\Boot.php(67): CodeIgniter\Boot::runCodeIgniter(Object(CodeIgniter\CodeIgniter))
 6 FCPATH\index.php(75): CodeIgniter\Boot::bootWeb(Object(Config\Paths))
 7 SYSTEMPATH\rewrite.php(44): require_once('C:\\xampp\\htdocs\\School-Management-De_migration\\index.php')
DEBUG - 2026-04-01 15:54:07 --> Session: Class initialized using 'CodeIgniter\Session\Handlers\FileHandler' driver.
DEBUG - 2026-04-01 16:01:14 --> Session: Class initialized using 'CodeIgniter\Session\Handlers\FileHandler' driver.
DEBUG - 2026-04-01 16:01:14 --> Session: Class initialized using 'CodeIgniter\Session\Handlers\FileHandler' driver.
DEBUG - 2026-04-01 16:01:32 --> Session: Class initialized using 'CodeIgniter\Session\Handlers\FileHandler' driver.
CRITICAL - 2026-04-01 16:01:32 --> Error: Cannot call constructor
[Method: GET, Route: app/chat]
in APPPATH\Controllers\Chat.php on line 13.
 1 SYSTEMPATH\CodeIgniter.php(903): App\Controllers\Chat->__construct()
 2 SYSTEMPATH\CodeIgniter.php(498): CodeIgniter\CodeIgniter->createController()
 3 SYSTEMPATH\CodeIgniter.php(354): CodeIgniter\CodeIgniter->handleRequest(null, Object(Config\Cache), false)
 4 SYSTEMPATH\Boot.php(334): CodeIgniter\CodeIgniter->run()
 5 SYSTEMPATH\Boot.php(67): CodeIgniter\Boot::runCodeIgniter(Object(CodeIgniter\CodeIgniter))
 6 FCPATH\index.php(75): CodeIgniter\Boot::bootWeb(Object(Config\Paths))
 7 SYSTEMPATH\rewrite.php(44): require_once('C:\\xampp\\htdocs\\School-Management-De_migration\\index.php')
DEBUG - 2026-04-01 16:01:39 --> Session: Class initialized using 'CodeIgniter\Session\Handlers\FileHandler' driver.
DEBUG - 2026-04-01 16:01:41 --> Session: Class initialized using 'CodeIgniter\Session\Handlers\FileHandler' driver.
DEBUG - 2026-04-01 16:01:44 --> get_events() called - admin_login: true
DEBUG - 2026-04-01 16:01:55 --> Session: Class initialized using 'CodeIgniter\Session\Handlers\FileHandler' driver.
DEBUG - 2026-04-01 16:01:57 --> Total exams not yet taken calculated for school_id 93: 0
DEBUG - 2026-04-01 16:02:18 --> Session: Class initialized using 'CodeIgniter\Session\Handlers\FileHandler' driver.
CRITICAL - 2026-04-01 16:02:18 --> Error: Cannot call constructor
[Method: GET, Route: app/chat]
in APPPATH\Controllers\Chat.php on line 13.
 1 SYSTEMPATH\CodeIgniter.php(903): App\Controllers\Chat->__construct()
 2 SYSTEMPATH\CodeIgniter.php(498): CodeIgniter\CodeIgniter->createController()
 3 SYSTEMPATH\CodeIgniter.php(354): CodeIgniter\CodeIgniter->handleRequest(null, Object(Config\Cache), false)
 4 SYSTEMPATH\Boot.php(334): CodeIgniter\CodeIgniter->run()
 5 SYSTEMPATH\Boot.php(67): CodeIgniter\Boot::runCodeIgniter(Object(CodeIgniter\CodeIgniter))
 6 FCPATH\index.php(75): CodeIgniter\Boot::bootWeb(Object(Config\Paths))
 7 SYSTEMPATH\rewrite.php(44): require_once('C:\\xampp\\htdocs\\School-Management-De_migration\\index.php')
DEBUG - 2026-04-01 16:02:19 --> Session: Class initialized using 'CodeIgniter\Session\Handlers\FileHandler' driver.
WARNING - 2026-04-01 16:02:20 --> [DEPRECATED] htmlspecialchars(): Passing null to parameter #1 ($string) of type string is deprecated in APPPATH\Controllers\Admin.php on line 1439.
 1 APPPATH\Controllers\Admin.php(1439): htmlspecialchars(null)
 2 APPPATH\Config\Routes.php(420): App\Controllers\Admin->attendance('filter')
 3 APPPATH\Config\Routes.php(429): CodeIgniter\Router\RouteCollection::{closure}('attendance/filter')
 4 SYSTEMPATH\CodeIgniter.php(875): CodeIgniter\Router\RouteCollection::{closure}('attendance/filter')
 5 SYSTEMPATH\CodeIgniter.php(494): CodeIgniter\CodeIgniter->startController()
 6 SYSTEMPATH\CodeIgniter.php(354): CodeIgniter\CodeIgniter->handleRequest(null, Object(Config\Cache), false)
 7 SYSTEMPATH\Boot.php(334): CodeIgniter\CodeIgniter->run()
 8 SYSTEMPATH\Boot.php(67): CodeIgniter\Boot::runCodeIgniter(Object(CodeIgniter\CodeIgniter))
 9 FCPATH\index.php(75): CodeIgniter\Boot::bootWeb(Object(Config\Paths))
10 SYSTEMPATH\rewrite.php(44): require_once('C:\\xampp\\htdocs\\School-Management-De_migration\\index.php')
DEBUG - 2026-04-01 16:02:27 --> Session: Class initialized using 'CodeIgniter\Session\Handlers\FileHandler' driver.
DEBUG - 2026-04-01 16:02:36 --> Session: Class initialized using 'CodeIgniter\Session\Handlers\FileHandler' driver.
DEBUG - 2026-04-01 16:02:41 --> Session: Class initialized using 'CodeIgniter\Session\Handlers\FileHandler' driver.
DEBUG - 2026-04-01 16:02:42 --> Session: Class initialized using 'CodeIgniter\Session\Handlers\FileHandler' driver.
DEBUG - 2026-04-01 16:02:46 --> Session: Class initialized using 'CodeIgniter\Session\Handlers\FileHandler' driver.
DEBUG - 2026-04-01 16:02:49 --> Session: Class initialized using 'CodeIgniter\Session\Handlers\FileHandler' driver.
DEBUG - 2026-04-01 16:02:52 --> Session: Class initialized using 'CodeIgniter\Session\Handlers\FileHandler' driver.
DEBUG - 2026-04-01 16:02:53 --> Session: Class initialized using 'CodeIgniter\Session\Handlers\FileHandler' driver.
DEBUG - 2026-04-01 16:02:53 --> Teacher construct - is_teacher: true, school_id: 112, method: GET
DEBUG - 2026-04-01 16:02:53 --> Teacher construct - school_id: 112, is_paid: 0, subscription_end: 0, now: 1775055773
DEBUG - 2026-04-01 16:02:53 --> Teacher construct - Access allowed for method 'GET' (no blocking conditions)
DEBUG - 2026-04-01 16:02:55 --> Total exams not yet taken calculated for school_id 112: 2
ERROR - 2026-04-01 16:02:55 --> mysqli_sql_exception: Table 'wayo_db.attendance' doesn't exist in C:\xampp\htdocs\School-Management-De_migration\vendor\codeigniter4\framework\system\Database\MySQLi\Connection.php:327
Stack trace:
#0 C:\xampp\htdocs\School-Management-De_migration\vendor\codeigniter4\framework\system\Database\MySQLi\Connection.php(327): mysqli->query('SELECT COUNT(*)...', 0)
#1 C:\xampp\htdocs\School-Management-De_migration\vendor\codeigniter4\framework\system\Database\BaseConnection.php(738): CodeIgniter\Database\MySQLi\Connection->execute('SELECT COUNT(*)...')
#2 C:\xampp\htdocs\School-Management-De_migration\vendor\codeigniter4\framework\system\Database\BaseConnection.php(652): CodeIgniter\Database\BaseConnection->simpleQuery('SELECT COUNT(*)...')
#3 C:\xampp\htdocs\School-Management-De_migration\vendor\codeigniter4\framework\system\Database\BaseBuilder.php(1733): CodeIgniter\Database\BaseConnection->query('SELECT COUNT(*)...', Array, false)
#4 C:\xampp\htdocs\School-Management-De_migration\app\Models\Crud_model.php(310): CodeIgniter\Database\BaseBuilder->countAllResults()
#5 C:\xampp\htdocs\School-Management-De_migration\app\Views\backend\teacher\dashboard\index.php(568): App\Models\Crud_model->get_todays_attendance()
#6 C:\xampp\htdocs\School-Management-De_migration\app\Views\backend\index.php(147): include('C:\\xampp\\htdocs...')
#7 C:\xampp\htdocs\School-Management-De_migration\vendor\codeigniter4\framework\system\View\View.php(224): include('C:\\xampp\\htdocs...')
#8 C:\xampp\htdocs\School-Management-De_migration\vendor\codeigniter4\framework\system\View\View.php(227): CodeIgniter\View\View->CodeIgniter\View\{closure}()
#9 C:\xampp\htdocs\School-Management-De_migration\app\View\View.php(353): CodeIgniter\View\View->render('backend/index', Array, true)
#10 C:\xampp\htdocs\School-Management-De_migration\vendor\codeigniter4\framework\system\Common.php(1173): App\View\View->render('backend/index', Array, true)
#11 C:\xampp\htdocs\School-Management-De_migration\app\Controllers\Teacher.php(164): view('backend/index', Array)
#12 C:\xampp\htdocs\School-Management-De_migration\app\Config\Routes.php(283): App\Controllers\Teacher->dashboard()
#13 C:\xampp\htdocs\School-Management-De_migration\vendor\codeigniter4\framework\system\CodeIgniter.php(875): CodeIgniter\Router\RouteCollection::{closure}()
#14 C:\xampp\htdocs\School-Management-De_migration\vendor\codeigniter4\framework\system\CodeIgniter.php(494): CodeIgniter\CodeIgniter->startController()
#15 C:\xampp\htdocs\School-Management-De_migration\vendor\codeigniter4\framework\system\CodeIgniter.php(354): CodeIgniter\CodeIgniter->handleRequest(NULL, Object(Config\Cache), false)
#16 C:\xampp\htdocs\School-Management-De_migration\vendor\codeigniter4\framework\system\Boot.php(334): CodeIgniter\CodeIgniter->run()
#17 C:\xampp\htdocs\School-Management-De_migration\vendor\codeigniter4\framework\system\Boot.php(67): CodeIgniter\Boot::runCodeIgniter(Object(CodeIgniter\CodeIgniter))
#18 C:\xampp\htdocs\School-Management-De_migration\index.php(75): CodeIgniter\Boot::bootWeb(Object(Config\Paths))
#19 C:\xampp\htdocs\School-Management-De_migration\vendor\codeigniter4\framework\system\rewrite.php(44): require_once('C:\\xampp\\htdocs...')
#20 {main}
ERROR - 2026-04-01 16:02:55 --> mysqli_sql_exception: Table 'wayo_db.events' doesn't exist in C:\xampp\htdocs\School-Management-De_migration\vendor\codeigniter4\framework\system\Database\MySQLi\Connection.php:327
Stack trace:
#0 C:\xampp\htdocs\School-Management-De_migration\vendor\codeigniter4\framework\system\Database\MySQLi\Connection.php(327): mysqli->query('SELECT *\nFROM `...', 0)
#1 C:\xampp\htdocs\School-Management-De_migration\vendor\codeigniter4\framework\system\Database\BaseConnection.php(738): CodeIgniter\Database\MySQLi\Connection->execute('SELECT *\nFROM `...')
#2 C:\xampp\htdocs\School-Management-De_migration\vendor\codeigniter4\framework\system\Database\BaseConnection.php(652): CodeIgniter\Database\BaseConnection->simpleQuery('SELECT *\nFROM `...')
#3 C:\xampp\htdocs\School-Management-De_migration\vendor\codeigniter4\framework\system\Database\BaseBuilder.php(1649): CodeIgniter\Database\BaseConnection->query('SELECT *\nFROM `...', Array, false)
#4 C:\xampp\htdocs\School-Management-De_migration\app\Models\Crud_model.php(293): CodeIgniter\Database\BaseBuilder->get()
#5 C:\xampp\htdocs\School-Management-De_migration\app\Views\backend\teacher\dashboard\index.php(592): App\Models\Crud_model->get_current_month_events()
#6 C:\xampp\htdocs\School-Management-De_migration\app\Views\backend\index.php(147): include('C:\\xampp\\htdocs...')
#7 C:\xampp\htdocs\School-Management-De_migration\vendor\codeigniter4\framework\system\View\View.php(224): include('C:\\xampp\\htdocs...')
#8 C:\xampp\htdocs\School-Management-De_migration\vendor\codeigniter4\framework\system\View\View.php(227): CodeIgniter\View\View->CodeIgniter\View\{closure}()
#9 C:\xampp\htdocs\School-Management-De_migration\app\View\View.php(353): CodeIgniter\View\View->render('backend/index', Array, true)
#10 C:\xampp\htdocs\School-Management-De_migration\vendor\codeigniter4\framework\system\Common.php(1173): App\View\View->render('backend/index', Array, true)
#11 C:\xampp\htdocs\School-Management-De_migration\app\Controllers\Teacher.php(164): view('backend/index', Array)
#12 C:\xampp\htdocs\School-Management-De_migration\app\Config\Routes.php(283): App\Controllers\Teacher->dashboard()
#13 C:\xampp\htdocs\School-Management-De_migration\vendor\codeigniter4\framework\system\CodeIgniter.php(875): CodeIgniter\Router\RouteCollection::{closure}()
#14 C:\xampp\htdocs\School-Management-De_migration\vendor\codeigniter4\framework\system\CodeIgniter.php(494): CodeIgniter\CodeIgniter->startController()
#15 C:\xampp\htdocs\School-Management-De_migration\vendor\codeigniter4\framework\system\CodeIgniter.php(354): CodeIgniter\CodeIgniter->handleRequest(NULL, Object(Config\Cache), false)
#16 C:\xampp\htdocs\School-Management-De_migration\vendor\codeigniter4\framework\system\Boot.php(334): CodeIgniter\CodeIgniter->run()
#17 C:\xampp\htdocs\School-Management-De_migration\vendor\codeigniter4\framework\system\Boot.php(67): CodeIgniter\Boot::runCodeIgniter(Object(CodeIgniter\CodeIgniter))
#18 C:\xampp\htdocs\School-Management-De_migration\index.php(75): CodeIgniter\Boot::bootWeb(Object(Config\Paths))
#19 C:\xampp\htdocs\School-Management-De_migration\vendor\codeigniter4\framework\system\rewrite.php(44): require_once('C:\\xampp\\htdocs...')
#20 {main}
DEBUG - 2026-04-01 16:02:57 --> Session: Class initialized using 'CodeIgniter\Session\Handlers\FileHandler' driver.
DEBUG - 2026-04-01 16:03:02 --> Session: Class initialized using 'CodeIgniter\Session\Handlers\FileHandler' driver.
DEBUG - 2026-04-01 16:04:20 --> Session: Class initialized using 'CodeIgniter\Session\Handlers\FileHandler' driver.
CRITICAL - 2026-04-01 16:04:20 --> Error: Class "App\Controllers\TokenHandler" not found
[Method: GET, Route: app/chat]
in APPPATH\Controllers\Chat.php on line 30.
 1 SYSTEMPATH\CodeIgniter.php(903): App\Controllers\Chat->__construct()
 2 SYSTEMPATH\CodeIgniter.php(498): CodeIgniter\CodeIgniter->createController()
 3 SYSTEMPATH\CodeIgniter.php(354): CodeIgniter\CodeIgniter->handleRequest(null, Object(Config\Cache), false)
 4 SYSTEMPATH\Boot.php(334): CodeIgniter\CodeIgniter->run()
 5 SYSTEMPATH\Boot.php(67): CodeIgniter\Boot::runCodeIgniter(Object(CodeIgniter\CodeIgniter))
 6 FCPATH\index.php(75): CodeIgniter\Boot::bootWeb(Object(Config\Paths))
 7 SYSTEMPATH\rewrite.php(44): require_once('C:\\xampp\\htdocs\\School-Management-De_migration\\index.php')
DEBUG - 2026-04-01 16:05:26 --> Session: Class initialized using 'CodeIgniter\Session\Handlers\FileHandler' driver.
CRITICAL - 2026-04-01 16:05:26 --> Error: Class "App\Controllers\TokenHandler" not found
[Method: GET, Route: app/chat]
in APPPATH\Controllers\Chat.php on line 30.
 1 SYSTEMPATH\CodeIgniter.php(903): App\Controllers\Chat->__construct()
 2 SYSTEMPATH\CodeIgniter.php(498): CodeIgniter\CodeIgniter->createController()
 3 SYSTEMPATH\CodeIgniter.php(354): CodeIgniter\CodeIgniter->handleRequest(null, Object(Config\Cache), false)
 4 SYSTEMPATH\Boot.php(334): CodeIgniter\CodeIgniter->run()
 5 SYSTEMPATH\Boot.php(67): CodeIgniter\Boot::runCodeIgniter(Object(CodeIgniter\CodeIgniter))
 6 FCPATH\index.php(75): CodeIgniter\Boot::bootWeb(Object(Config\Paths))
 7 SYSTEMPATH\rewrite.php(44): require_once('C:\\xampp\\htdocs\\School-Management-De_migration\\index.php')
DEBUG - 2026-04-01 16:10:44 --> Session: Class initialized using 'CodeIgniter\Session\Handlers\FileHandler' driver.
DEBUG - 2026-04-01 16:10:44 --> Session: Class initialized using 'CodeIgniter\Session\Handlers\FileHandler' driver.
DEBUG - 2026-04-01 16:10:44 --> Session: Class initialized using 'CodeIgniter\Session\Handlers\FileHandler' driver.
CRITICAL - 2026-04-01 16:10:44 --> Error: Cannot call constructor
[Method: GET, Route: app/chat]
in APPPATH\Controllers\Chat.php on line 13.
 1 SYSTEMPATH\CodeIgniter.php(903): App\Controllers\Chat->__construct()
 2 SYSTEMPATH\CodeIgniter.php(498): CodeIgniter\CodeIgniter->createController()
 3 SYSTEMPATH\CodeIgniter.php(354): CodeIgniter\CodeIgniter->handleRequest(null, Object(Config\Cache), false)
 4 SYSTEMPATH\Boot.php(334): CodeIgniter\CodeIgniter->run()
 5 SYSTEMPATH\Boot.php(67): CodeIgniter\Boot::runCodeIgniter(Object(CodeIgniter\CodeIgniter))
 6 FCPATH\index.php(75): CodeIgniter\Boot::bootWeb(Object(Config\Paths))
 7 SYSTEMPATH\rewrite.php(44): require_once('C:\\xampp\\htdocs\\School-Management-De_migration\\index.php')
DEBUG - 2026-04-01 16:10:45 --> Session: Class initialized using 'CodeIgniter\Session\Handlers\FileHandler' driver.
DEBUG - 2026-04-01 16:10:45 --> Session: Class initialized using 'CodeIgniter\Session\Handlers\FileHandler' driver.
DEBUG - 2026-04-01 16:14:58 --> Session: Class initialized using 'CodeIgniter\Session\Handlers\FileHandler' driver.
DEBUG - 2026-04-01 16:14:59 --> Teacher construct - is_teacher: true, school_id: 112, method: GET
DEBUG - 2026-04-01 16:14:59 --> Teacher construct - school_id: 112, is_paid: 0, subscription_end: 0, now: 1775056499
DEBUG - 2026-04-01 16:14:59 --> Teacher construct - Access allowed for method 'GET' (no blocking conditions)
DEBUG - 2026-04-01 16:15:03 --> Total exams not yet taken calculated for school_id 112: 2
ERROR - 2026-04-01 16:15:04 --> mysqli_sql_exception: Table 'wayo_db.attendance' doesn't exist in C:\xampp\htdocs\School-Management-De_migration\vendor\codeigniter4\framework\system\Database\MySQLi\Connection.php:327
Stack trace:
#0 C:\xampp\htdocs\School-Management-De_migration\vendor\codeigniter4\framework\system\Database\MySQLi\Connection.php(327): mysqli->query('SELECT COUNT(*)...', 0)
#1 C:\xampp\htdocs\School-Management-De_migration\vendor\codeigniter4\framework\system\Database\BaseConnection.php(738): CodeIgniter\Database\MySQLi\Connection->execute('SELECT COUNT(*)...')
#2 C:\xampp\htdocs\School-Management-De_migration\vendor\codeigniter4\framework\system\Database\BaseConnection.php(652): CodeIgniter\Database\BaseConnection->simpleQuery('SELECT COUNT(*)...')
#3 C:\xampp\htdocs\School-Management-De_migration\vendor\codeigniter4\framework\system\Database\BaseBuilder.php(1733): CodeIgniter\Database\BaseConnection->query('SELECT COUNT(*)...', Array, false)
#4 C:\xampp\htdocs\School-Management-De_migration\app\Models\Crud_model.php(310): CodeIgniter\Database\BaseBuilder->countAllResults()
#5 C:\xampp\htdocs\School-Management-De_migration\app\Views\backend\teacher\dashboard\index.php(568): App\Models\Crud_model->get_todays_attendance()
#6 C:\xampp\htdocs\School-Management-De_migration\app\Views\backend\index.php(147): include('C:\\xampp\\htdocs...')
#7 C:\xampp\htdocs\School-Management-De_migration\vendor\codeigniter4\framework\system\View\View.php(224): include('C:\\xampp\\htdocs...')
#8 C:\xampp\htdocs\School-Management-De_migration\vendor\codeigniter4\framework\system\View\View.php(227): CodeIgniter\View\View->CodeIgniter\View\{closure}()
#9 C:\xampp\htdocs\School-Management-De_migration\app\View\View.php(353): CodeIgniter\View\View->render('backend/index', Array, true)
#10 C:\xampp\htdocs\School-Management-De_migration\vendor\codeigniter4\framework\system\Common.php(1173): App\View\View->render('backend/index', Array, true)
#11 C:\xampp\htdocs\School-Management-De_migration\app\Controllers\Teacher.php(164): view('backend/index', Array)
#12 C:\xampp\htdocs\School-Management-De_migration\app\Config\Routes.php(283): App\Controllers\Teacher->dashboard()
#13 C:\xampp\htdocs\School-Management-De_migration\vendor\codeigniter4\framework\system\CodeIgniter.php(875): CodeIgniter\Router\RouteCollection::{closure}()
#14 C:\xampp\htdocs\School-Management-De_migration\vendor\codeigniter4\framework\system\CodeIgniter.php(494): CodeIgniter\CodeIgniter->startController()
#15 C:\xampp\htdocs\School-Management-De_migration\vendor\codeigniter4\framework\system\CodeIgniter.php(354): CodeIgniter\CodeIgniter->handleRequest(NULL, Object(Config\Cache), false)
#16 C:\xampp\htdocs\School-Management-De_migration\vendor\codeigniter4\framework\system\Boot.php(334): CodeIgniter\CodeIgniter->run()
#17 C:\xampp\htdocs\School-Management-De_migration\vendor\codeigniter4\framework\system\Boot.php(67): CodeIgniter\Boot::runCodeIgniter(Object(CodeIgniter\CodeIgniter))
#18 C:\xampp\htdocs\School-Management-De_migration\index.php(75): CodeIgniter\Boot::bootWeb(Object(Config\Paths))
#19 C:\xampp\htdocs\School-Management-De_migration\vendor\codeigniter4\framework\system\rewrite.php(44): require_once('C:\\xampp\\htdocs...')
#20 {main}
ERROR - 2026-04-01 16:15:04 --> mysqli_sql_exception: Table 'wayo_db.events' doesn't exist in C:\xampp\htdocs\School-Management-De_migration\vendor\codeigniter4\framework\system\Database\MySQLi\Connection.php:327
Stack trace:
#0 C:\xampp\htdocs\School-Management-De_migration\vendor\codeigniter4\framework\system\Database\MySQLi\Connection.php(327): mysqli->query('SELECT *\nFROM `...', 0)
#1 C:\xampp\htdocs\School-Management-De_migration\vendor\codeigniter4\framework\system\Database\BaseConnection.php(738): CodeIgniter\Database\MySQLi\Connection->execute('SELECT *\nFROM `...')
#2 C:\xampp\htdocs\School-Management-De_migration\vendor\codeigniter4\framework\system\Database\BaseConnection.php(652): CodeIgniter\Database\BaseConnection->simpleQuery('SELECT *\nFROM `...')
#3 C:\xampp\htdocs\School-Management-De_migration\vendor\codeigniter4\framework\system\Database\BaseBuilder.php(1649): CodeIgniter\Database\BaseConnection->query('SELECT *\nFROM `...', Array, false)
#4 C:\xampp\htdocs\School-Management-De_migration\app\Models\Crud_model.php(293): CodeIgniter\Database\BaseBuilder->get()
#5 C:\xampp\htdocs\School-Management-De_migration\app\Views\backend\teacher\dashboard\index.php(592): App\Models\Crud_model->get_current_month_events()
#6 C:\xampp\htdocs\School-Management-De_migration\app\Views\backend\index.php(147): include('C:\\xampp\\htdocs...')
#7 C:\xampp\htdocs\School-Management-De_migration\vendor\codeigniter4\framework\system\View\View.php(224): include('C:\\xampp\\htdocs...')
#8 C:\xampp\htdocs\School-Management-De_migration\vendor\codeigniter4\framework\system\View\View.php(227): CodeIgniter\View\View->CodeIgniter\View\{closure}()
#9 C:\xampp\htdocs\School-Management-De_migration\app\View\View.php(353): CodeIgniter\View\View->render('backend/index', Array, true)
#10 C:\xampp\htdocs\School-Management-De_migration\vendor\codeigniter4\framework\system\Common.php(1173): App\View\View->render('backend/index', Array, true)
#11 C:\xampp\htdocs\School-Management-De_migration\app\Controllers\Teacher.php(164): view('backend/index', Array)
#12 C:\xampp\htdocs\School-Management-De_migration\app\Config\Routes.php(283): App\Controllers\Teacher->dashboard()
#13 C:\xampp\htdocs\School-Management-De_migration\vendor\codeigniter4\framework\system\CodeIgniter.php(875): CodeIgniter\Router\RouteCollection::{closure}()
#14 C:\xampp\htdocs\School-Management-De_migration\vendor\codeigniter4\framework\system\CodeIgniter.php(494): CodeIgniter\CodeIgniter->startController()
#15 C:\xampp\htdocs\School-Management-De_migration\vendor\codeigniter4\framework\system\CodeIgniter.php(354): CodeIgniter\CodeIgniter->handleRequest(NULL, Object(Config\Cache), false)
#16 C:\xampp\htdocs\School-Management-De_migration\vendor\codeigniter4\framework\system\Boot.php(334): CodeIgniter\CodeIgniter->run()
#17 C:\xampp\htdocs\School-Management-De_migration\vendor\codeigniter4\framework\system\Boot.php(67): CodeIgniter\Boot::runCodeIgniter(Object(CodeIgniter\CodeIgniter))
#18 C:\xampp\htdocs\School-Management-De_migration\index.php(75): CodeIgniter\Boot::bootWeb(Object(Config\Paths))
#19 C:\xampp\htdocs\School-Management-De_migration\vendor\codeigniter4\framework\system\rewrite.php(44): require_once('C:\\xampp\\htdocs...')
#20 {main}
DEBUG - 2026-04-01 16:25:21 --> Session: Class initialized using 'CodeIgniter\Session\Handlers\FileHandler' driver.
DEBUG - 2026-04-01 16:25:21 --> Teacher construct - is_teacher: true, school_id: 112, method: GET
DEBUG - 2026-04-01 16:25:21 --> Teacher construct - school_id: 112, is_paid: 0, subscription_end: 0, now: 1775057121
DEBUG - 2026-04-01 16:25:21 --> Teacher construct - Access allowed for method 'GET' (no blocking conditions)
DEBUG - 2026-04-01 16:25:23 --> Total exams not yet taken calculated for school_id 112: 2
ERROR - 2026-04-01 16:25:24 --> mysqli_sql_exception: Table 'wayo_db.attendance' doesn't exist in C:\xampp\htdocs\School-Management-De_migration\vendor\codeigniter4\framework\system\Database\MySQLi\Connection.php:327
Stack trace:
#0 C:\xampp\htdocs\School-Management-De_migration\vendor\codeigniter4\framework\system\Database\MySQLi\Connection.php(327): mysqli->query('SELECT COUNT(*)...', 0)
#1 C:\xampp\htdocs\School-Management-De_migration\vendor\codeigniter4\framework\system\Database\BaseConnection.php(738): CodeIgniter\Database\MySQLi\Connection->execute('SELECT COUNT(*)...')
#2 C:\xampp\htdocs\School-Management-De_migration\vendor\codeigniter4\framework\system\Database\BaseConnection.php(652): CodeIgniter\Database\BaseConnection->simpleQuery('SELECT COUNT(*)...')
#3 C:\xampp\htdocs\School-Management-De_migration\vendor\codeigniter4\framework\system\Database\BaseBuilder.php(1733): CodeIgniter\Database\BaseConnection->query('SELECT COUNT(*)...', Array, false)
#4 C:\xampp\htdocs\School-Management-De_migration\app\Models\Crud_model.php(310): CodeIgniter\Database\BaseBuilder->countAllResults()
#5 C:\xampp\htdocs\School-Management-De_migration\app\Views\backend\teacher\dashboard\index.php(568): App\Models\Crud_model->get_todays_attendance()
#6 C:\xampp\htdocs\School-Management-De_migration\app\Views\backend\index.php(147): include('C:\\xampp\\htdocs...')
#7 C:\xampp\htdocs\School-Management-De_migration\vendor\codeigniter4\framework\system\View\View.php(224): include('C:\\xampp\\htdocs...')
#8 C:\xampp\htdocs\School-Management-De_migration\vendor\codeigniter4\framework\system\View\View.php(227): CodeIgniter\View\View->CodeIgniter\View\{closure}()
#9 C:\xampp\htdocs\School-Management-De_migration\app\View\View.php(353): CodeIgniter\View\View->render('backend/index', Array, true)
#10 C:\xampp\htdocs\School-Management-De_migration\vendor\codeigniter4\framework\system\Common.php(1173): App\View\View->render('backend/index', Array, true)
#11 C:\xampp\htdocs\School-Management-De_migration\app\Controllers\Teacher.php(164): view('backend/index', Array)
#12 C:\xampp\htdocs\School-Management-De_migration\app\Config\Routes.php(283): App\Controllers\Teacher->dashboard()
#13 C:\xampp\htdocs\School-Management-De_migration\vendor\codeigniter4\framework\system\CodeIgniter.php(875): CodeIgniter\Router\RouteCollection::{closure}()
#14 C:\xampp\htdocs\School-Management-De_migration\vendor\codeigniter4\framework\system\CodeIgniter.php(494): CodeIgniter\CodeIgniter->startController()
#15 C:\xampp\htdocs\School-Management-De_migration\vendor\codeigniter4\framework\system\CodeIgniter.php(354): CodeIgniter\CodeIgniter->handleRequest(NULL, Object(Config\Cache), false)
#16 C:\xampp\htdocs\School-Management-De_migration\vendor\codeigniter4\framework\system\Boot.php(334): CodeIgniter\CodeIgniter->run()
#17 C:\xampp\htdocs\School-Management-De_migration\vendor\codeigniter4\framework\system\Boot.php(67): CodeIgniter\Boot::runCodeIgniter(Object(CodeIgniter\CodeIgniter))
#18 C:\xampp\htdocs\School-Management-De_migration\index.php(75): CodeIgniter\Boot::bootWeb(Object(Config\Paths))
#19 C:\xampp\htdocs\School-Management-De_migration\vendor\codeigniter4\framework\system\rewrite.php(44): require_once('C:\\xampp\\htdocs...')
#20 {main}
ERROR - 2026-04-01 16:25:24 --> mysqli_sql_exception: Table 'wayo_db.events' doesn't exist in C:\xampp\htdocs\School-Management-De_migration\vendor\codeigniter4\framework\system\Database\MySQLi\Connection.php:327
Stack trace:
#0 C:\xampp\htdocs\School-Management-De_migration\vendor\codeigniter4\framework\system\Database\MySQLi\Connection.php(327): mysqli->query('SELECT *\nFROM `...', 0)
#1 C:\xampp\htdocs\School-Management-De_migration\vendor\codeigniter4\framework\system\Database\BaseConnection.php(738): CodeIgniter\Database\MySQLi\Connection->execute('SELECT *\nFROM `...')
#2 C:\xampp\htdocs\School-Management-De_migration\vendor\codeigniter4\framework\system\Database\BaseConnection.php(652): CodeIgniter\Database\BaseConnection->simpleQuery('SELECT *\nFROM `...')
#3 C:\xampp\htdocs\School-Management-De_migration\vendor\codeigniter4\framework\system\Database\BaseBuilder.php(1649): CodeIgniter\Database\BaseConnection->query('SELECT *\nFROM `...', Array, false)
#4 C:\xampp\htdocs\School-Management-De_migration\app\Models\Crud_model.php(293): CodeIgniter\Database\BaseBuilder->get()
#5 C:\xampp\htdocs\School-Management-De_migration\app\Views\backend\teacher\dashboard\index.php(592): App\Models\Crud_model->get_current_month_events()
#6 C:\xampp\htdocs\School-Management-De_migration\app\Views\backend\index.php(147): include('C:\\xampp\\htdocs...')
#7 C:\xampp\htdocs\School-Management-De_migration\vendor\codeigniter4\framework\system\View\View.php(224): include('C:\\xampp\\htdocs...')
#8 C:\xampp\htdocs\School-Management-De_migration\vendor\codeigniter4\framework\system\View\View.php(227): CodeIgniter\View\View->CodeIgniter\View\{closure}()
#9 C:\xampp\htdocs\School-Management-De_migration\app\View\View.php(353): CodeIgniter\View\View->render('backend/index', Array, true)
#10 C:\xampp\htdocs\School-Management-De_migration\vendor\codeigniter4\framework\system\Common.php(1173): App\View\View->render('backend/index', Array, true)
#11 C:\xampp\htdocs\School-Management-De_migration\app\Controllers\Teacher.php(164): view('backend/index', Array)
#12 C:\xampp\htdocs\School-Management-De_migration\app\Config\Routes.php(283): App\Controllers\Teacher->dashboard()
#13 C:\xampp\htdocs\School-Management-De_migration\vendor\codeigniter4\framework\system\CodeIgniter.php(875): CodeIgniter\Router\RouteCollection::{closure}()
#14 C:\xampp\htdocs\School-Management-De_migration\vendor\codeigniter4\framework\system\CodeIgniter.php(494): CodeIgniter\CodeIgniter->startController()
#15 C:\xampp\htdocs\School-Management-De_migration\vendor\codeigniter4\framework\system\CodeIgniter.php(354): CodeIgniter\CodeIgniter->handleRequest(NULL, Object(Config\Cache), false)
#16 C:\xampp\htdocs\School-Management-De_migration\vendor\codeigniter4\framework\system\Boot.php(334): CodeIgniter\CodeIgniter->run()
#17 C:\xampp\htdocs\School-Management-De_migration\vendor\codeigniter4\framework\system\Boot.php(67): CodeIgniter\Boot::runCodeIgniter(Object(CodeIgniter\CodeIgniter))
#18 C:\xampp\htdocs\School-Management-De_migration\index.php(75): CodeIgniter\Boot::bootWeb(Object(Config\Paths))
#19 C:\xampp\htdocs\School-Management-De_migration\vendor\codeigniter4\framework\system\rewrite.php(44): require_once('C:\\xampp\\htdocs...')
#20 {main}
DEBUG - 2026-04-01 16:25:38 --> Session: Class initialized using 'CodeIgniter\Session\Handlers\FileHandler' driver.
DEBUG - 2026-04-01 16:30:36 --> Session: Class initialized using 'CodeIgniter\Session\Handlers\FileHandler' driver.
DEBUG - 2026-04-01 16:30:37 --> Session: Class initialized using 'CodeIgniter\Session\Handlers\FileHandler' driver.
DEBUG - 2026-04-01 16:32:23 --> Session: Class initialized using 'CodeIgniter\Session\Handlers\FileHandler' driver.
DEBUG - 2026-04-01 16:32:56 --> Session: Class initialized using 'CodeIgniter\Session\Handlers\FileHandler' driver.
DEBUG - 2026-04-01 16:32:57 --> Session: Class initialized using 'CodeIgniter\Session\Handlers\FileHandler' driver.
DEBUG - 2026-04-01 16:34:46 --> Session: Class initialized using 'CodeIgniter\Session\Handlers\FileHandler' driver.
DEBUG - 2026-04-01 16:36:32 --> Session: Class initialized using 'CodeIgniter\Session\Handlers\FileHandler' driver.
DEBUG - 2026-04-01 16:36:32 --> Teacher construct - is_teacher: true, school_id: 112, method: GET
DEBUG - 2026-04-01 16:36:32 --> Teacher construct - school_id: 112, is_paid: 0, subscription_end: 0, now: 1775057792
DEBUG - 2026-04-01 16:36:32 --> Teacher construct - Access allowed for method 'GET' (no blocking conditions)
DEBUG - 2026-04-01 16:36:33 --> Total exams not yet taken calculated for school_id 112: 2
ERROR - 2026-04-01 16:36:33 --> mysqli_sql_exception: Table 'wayo_db.attendance' doesn't exist in C:\xampp\htdocs\School-Management-De_migration\vendor\codeigniter4\framework\system\Database\MySQLi\Connection.php:327
Stack trace:
#0 C:\xampp\htdocs\School-Management-De_migration\vendor\codeigniter4\framework\system\Database\MySQLi\Connection.php(327): mysqli->query('SELECT COUNT(*)...', 0)
#1 C:\xampp\htdocs\School-Management-De_migration\vendor\codeigniter4\framework\system\Database\BaseConnection.php(738): CodeIgniter\Database\MySQLi\Connection->execute('SELECT COUNT(*)...')
#2 C:\xampp\htdocs\School-Management-De_migration\vendor\codeigniter4\framework\system\Database\BaseConnection.php(652): CodeIgniter\Database\BaseConnection->simpleQuery('SELECT COUNT(*)...')
#3 C:\xampp\htdocs\School-Management-De_migration\vendor\codeigniter4\framework\system\Database\BaseBuilder.php(1733): CodeIgniter\Database\BaseConnection->query('SELECT COUNT(*)...', Array, false)
#4 C:\xampp\htdocs\School-Management-De_migration\app\Models\Crud_model.php(310): CodeIgniter\Database\BaseBuilder->countAllResults()
#5 C:\xampp\htdocs\School-Management-De_migration\app\Views\backend\teacher\dashboard\index.php(568): App\Models\Crud_model->get_todays_attendance()
#6 C:\xampp\htdocs\School-Management-De_migration\app\Views\backend\index.php(147): include('C:\\xampp\\htdocs...')
#7 C:\xampp\htdocs\School-Management-De_migration\vendor\codeigniter4\framework\system\View\View.php(224): include('C:\\xampp\\htdocs...')
#8 C:\xampp\htdocs\School-Management-De_migration\vendor\codeigniter4\framework\system\View\View.php(227): CodeIgniter\View\View->CodeIgniter\View\{closure}()
#9 C:\xampp\htdocs\School-Management-De_migration\app\View\View.php(353): CodeIgniter\View\View->render('backend/index', Array, true)
#10 C:\xampp\htdocs\School-Management-De_migration\vendor\codeigniter4\framework\system\Common.php(1173): App\View\View->render('backend/index', Array, true)
#11 C:\xampp\htdocs\School-Management-De_migration\app\Controllers\Teacher.php(164): view('backend/index', Array)
#12 C:\xampp\htdocs\School-Management-De_migration\app\Config\Routes.php(283): App\Controllers\Teacher->dashboard()
#13 C:\xampp\htdocs\School-Management-De_migration\vendor\codeigniter4\framework\system\CodeIgniter.php(875): CodeIgniter\Router\RouteCollection::{closure}()
#14 C:\xampp\htdocs\School-Management-De_migration\vendor\codeigniter4\framework\system\CodeIgniter.php(494): CodeIgniter\CodeIgniter->startController()
#15 C:\xampp\htdocs\School-Management-De_migration\vendor\codeigniter4\framework\system\CodeIgniter.php(354): CodeIgniter\CodeIgniter->handleRequest(NULL, Object(Config\Cache), false)
#16 C:\xampp\htdocs\School-Management-De_migration\vendor\codeigniter4\framework\system\Boot.php(334): CodeIgniter\CodeIgniter->run()
#17 C:\xampp\htdocs\School-Management-De_migration\vendor\codeigniter4\framework\system\Boot.php(67): CodeIgniter\Boot::runCodeIgniter(Object(CodeIgniter\CodeIgniter))
#18 C:\xampp\htdocs\School-Management-De_migration\index.php(75): CodeIgniter\Boot::bootWeb(Object(Config\Paths))
#19 C:\xampp\htdocs\School-Management-De_migration\vendor\codeigniter4\framework\system\rewrite.php(44): require_once('C:\\xampp\\htdocs...')
#20 {main}
ERROR - 2026-04-01 16:36:33 --> mysqli_sql_exception: Table 'wayo_db.events' doesn't exist in C:\xampp\htdocs\School-Management-De_migration\vendor\codeigniter4\framework\system\Database\MySQLi\Connection.php:327
Stack trace:
#0 C:\xampp\htdocs\School-Management-De_migration\vendor\codeigniter4\framework\system\Database\MySQLi\Connection.php(327): mysqli->query('SELECT *\nFROM `...', 0)
#1 C:\xampp\htdocs\School-Management-De_migration\vendor\codeigniter4\framework\system\Database\BaseConnection.php(738): CodeIgniter\Database\MySQLi\Connection->execute('SELECT *\nFROM `...')
#2 C:\xampp\htdocs\School-Management-De_migration\vendor\codeigniter4\framework\system\Database\BaseConnection.php(652): CodeIgniter\Database\BaseConnection->simpleQuery('SELECT *\nFROM `...')
#3 C:\xampp\htdocs\School-Management-De_migration\vendor\codeigniter4\framework\system\Database\BaseBuilder.php(1649): CodeIgniter\Database\BaseConnection->query('SELECT *\nFROM `...', Array, false)
#4 C:\xampp\htdocs\School-Management-De_migration\app\Models\Crud_model.php(293): CodeIgniter\Database\BaseBuilder->get()
#5 C:\xampp\htdocs\School-Management-De_migration\app\Views\backend\teacher\dashboard\index.php(592): App\Models\Crud_model->get_current_month_events()
#6 C:\xampp\htdocs\School-Management-De_migration\app\Views\backend\index.php(147): include('C:\\xampp\\htdocs...')
#7 C:\xampp\htdocs\School-Management-De_migration\vendor\codeigniter4\framework\system\View\View.php(224): include('C:\\xampp\\htdocs...')
#8 C:\xampp\htdocs\School-Management-De_migration\vendor\codeigniter4\framework\system\View\View.php(227): CodeIgniter\View\View->CodeIgniter\View\{closure}()
#9 C:\xampp\htdocs\School-Management-De_migration\app\View\View.php(353): CodeIgniter\View\View->render('backend/index', Array, true)
#10 C:\xampp\htdocs\School-Management-De_migration\vendor\codeigniter4\framework\system\Common.php(1173): App\View\View->render('backend/index', Array, true)
#11 C:\xampp\htdocs\School-Management-De_migration\app\Controllers\Teacher.php(164): view('backend/index', Array)
#12 C:\xampp\htdocs\School-Management-De_migration\app\Config\Routes.php(283): App\Controllers\Teacher->dashboard()
#13 C:\xampp\htdocs\School-Management-De_migration\vendor\codeigniter4\framework\system\CodeIgniter.php(875): CodeIgniter\Router\RouteCollection::{closure}()
#14 C:\xampp\htdocs\School-Management-De_migration\vendor\codeigniter4\framework\system\CodeIgniter.php(494): CodeIgniter\CodeIgniter->startController()
#15 C:\xampp\htdocs\School-Management-De_migration\vendor\codeigniter4\framework\system\CodeIgniter.php(354): CodeIgniter\CodeIgniter->handleRequest(NULL, Object(Config\Cache), false)
#16 C:\xampp\htdocs\School-Management-De_migration\vendor\codeigniter4\framework\system\Boot.php(334): CodeIgniter\CodeIgniter->run()
#17 C:\xampp\htdocs\School-Management-De_migration\vendor\codeigniter4\framework\system\Boot.php(67): CodeIgniter\Boot::runCodeIgniter(Object(CodeIgniter\CodeIgniter))
#18 C:\xampp\htdocs\School-Management-De_migration\index.php(75): CodeIgniter\Boot::bootWeb(Object(Config\Paths))
#19 C:\xampp\htdocs\School-Management-De_migration\vendor\codeigniter4\framework\system\rewrite.php(44): require_once('C:\\xampp\\htdocs...')
#20 {main}
DEBUG - 2026-04-01 16:36:37 --> Session: Class initialized using 'CodeIgniter\Session\Handlers\FileHandler' driver.
DEBUG - 2026-04-01 16:36:59 --> Session: Class initialized using 'CodeIgniter\Session\Handlers\FileHandler' driver.
DEBUG - 2026-04-01 16:37:00 --> Teacher construct - is_teacher: true, school_id: 112, method: GET
DEBUG - 2026-04-01 16:37:00 --> Teacher construct - school_id: 112, is_paid: 0, subscription_end: 0, now: 1775057820
DEBUG - 2026-04-01 16:37:00 --> Teacher construct - Access allowed for method 'GET' (no blocking conditions)
DEBUG - 2026-04-01 16:37:01 --> Total exams not yet taken calculated for school_id 112: 2
DEBUG - 2026-04-01 16:37:11 --> Session: Class initialized using 'CodeIgniter\Session\Handlers\FileHandler' driver.
CRITICAL - 2026-04-01 16:37:11 --> CodeIgniter\View\Exceptions\ViewException: Invalid file: "backend/teacher/app/profile.php"
[Method: GET, Route: modal/popup/app/profile/182]
in SYSTEMPATH\Exceptions\FrameworkException.php on line 39.
 1 SYSTEMPATH\View\View.php(212): CodeIgniter\Exceptions\FrameworkException::forInvalidFile('backend/teacher/app/profile.php')
 2 APPPATH\View\View.php(353): CodeIgniter\View\View->render('backend/teacher/app/profile.php', [], true)
 3 SYSTEMPATH\Common.php(1173): App\View\View->render('backend/teacher/app/profile.php', [], true)
 4 APPPATH\Controllers\Modal.php(272): view('backend/teacher/app/profile.php', [...])
 5 SYSTEMPATH\CodeIgniter.php(933): App\Controllers\Modal->popup('app', 'profile', '182')
 6 SYSTEMPATH\CodeIgniter.php(507): CodeIgniter\CodeIgniter->runController(Object(App\Controllers\Modal))
 7 SYSTEMPATH\CodeIgniter.php(354): CodeIgniter\CodeIgniter->handleRequest(null, Object(Config\Cache), false)
 8 SYSTEMPATH\Boot.php(334): CodeIgniter\CodeIgniter->run()
 9 SYSTEMPATH\Boot.php(67): CodeIgniter\Boot::runCodeIgniter(Object(CodeIgniter\CodeIgniter))
10 FCPATH\index.php(75): CodeIgniter\Boot::bootWeb(Object(Config\Paths))
11 SYSTEMPATH\rewrite.php(44): require_once('C:\\xampp\\htdocs\\School-Management-De_migration\\index.php')
DEBUG - 2026-04-01 16:59:47 --> Session: Class initialized using 'CodeIgniter\Session\Handlers\FileHandler' driver.
DEBUG - 2026-04-01 17:01:56 --> Session: Class initialized using 'CodeIgniter\Session\Handlers\FileHandler' driver.
DEBUG - 2026-04-01 17:02:03 --> Session: Class initialized using 'CodeIgniter\Session\Handlers\FileHandler' driver.
DEBUG - 2026-04-01 17:02:03 --> Teacher construct - is_teacher: true, school_id: 112, method: GET
DEBUG - 2026-04-01 17:02:03 --> Teacher construct - school_id: 112, is_paid: 0, subscription_end: 0, now: 1775059323
DEBUG - 2026-04-01 17:02:03 --> Teacher construct - Access allowed for method 'GET' (no blocking conditions)
DEBUG - 2026-04-01 17:02:05 --> Total exams not yet taken calculated for school_id 112: 2
DEBUG - 2026-04-01 17:02:12 --> Session: Class initialized using 'CodeIgniter\Session\Handlers\FileHandler' driver.
DEBUG - 2026-04-01 17:05:18 --> Session: Class initialized using 'CodeIgniter\Session\Handlers\FileHandler' driver.
DEBUG - 2026-04-01 17:05:19 --> Teacher construct - is_teacher: true, school_id: 112, method: GET
DEBUG - 2026-04-01 17:05:19 --> Teacher construct - school_id: 112, is_paid: 0, subscription_end: 0, now: 1775059519
DEBUG - 2026-04-01 17:05:19 --> Teacher construct - Access allowed for method 'GET' (no blocking conditions)
DEBUG - 2026-04-01 17:05:24 --> Total exams not yet taken calculated for school_id 112: 2
DEBUG - 2026-04-01 17:05:33 --> Session: Class initialized using 'CodeIgniter\Session\Handlers\FileHandler' driver.
DEBUG - 2026-04-01 17:12:22 --> Session: Class initialized using 'CodeIgniter\Session\Handlers\FileHandler' driver.
DEBUG - 2026-04-01 17:12:22 --> Teacher construct - is_teacher: true, school_id: 112, method: GET
DEBUG - 2026-04-01 17:12:22 --> Teacher construct - school_id: 112, is_paid: 0, subscription_end: 0, now: 1775059942
DEBUG - 2026-04-01 17:12:22 --> Teacher construct - Access allowed for method 'GET' (no blocking conditions)
DEBUG - 2026-04-01 17:12:23 --> Total exams not yet taken calculated for school_id 112: 2
DEBUG - 2026-04-01 17:12:31 --> Session: Class initialized using 'CodeIgniter\Session\Handlers\FileHandler' driver.
DEBUG - 2026-04-01 17:18:54 --> Session: Class initialized using 'CodeIgniter\Session\Handlers\FileHandler' driver.
DEBUG - 2026-04-01 17:18:54 --> Teacher construct - is_teacher: true, school_id: 112, method: GET
DEBUG - 2026-04-01 17:18:54 --> Teacher construct - school_id: 112, is_paid: 0, subscription_end: 0, now: 1775060334
DEBUG - 2026-04-01 17:18:54 --> Teacher construct - Access allowed for method 'GET' (no blocking conditions)
DEBUG - 2026-04-01 17:18:55 --> Total exams not yet taken calculated for school_id 112: 2
DEBUG - 2026-04-01 17:18:59 --> Session: Class initialized using 'CodeIgniter\Session\Handlers\FileHandler' driver.
DEBUG - 2026-04-01 17:19:24 --> Session: Class initialized using 'CodeIgniter\Session\Handlers\FileHandler' driver.
DEBUG - 2026-04-01 17:19:29 --> Total exams not yet taken calculated for school_id 93: 0
DEBUG - 2026-04-01 17:19:33 --> Session: Class initialized using 'CodeIgniter\Session\Handlers\FileHandler' driver.
DEBUG - 2026-04-01 17:19:37 --> Session: Class initialized using 'CodeIgniter\Session\Handlers\FileHandler' driver.
DEBUG - 2026-04-01 17:19:40 --> Session: Class initialized using 'CodeIgniter\Session\Handlers\FileHandler' driver.
DEBUG - 2026-04-01 17:19:43 --> Session: Class initialized using 'CodeIgniter\Session\Handlers\FileHandler' driver.
DEBUG - 2026-04-01 17:19:57 --> Session: Class initialized using 'CodeIgniter\Session\Handlers\FileHandler' driver.
