DEBUG - 2026-03-31 09:26:33 --> Session: Class initialized using 'CodeIgniter\Session\Handlers\FileHandler' driver.
DEBUG - 2026-03-31 09:26:36 --> Total exams not yet taken calculated for school_id 1: 0
DEBUG - 2026-03-31 09:26:47 --> Session: Class initialized using 'CodeIgniter\Session\Handlers\FileHandler' driver.
DEBUG - 2026-03-31 09:26:48 --> Session: Class initialized using 'CodeIgniter\Session\Handlers\FileHandler' driver.
DEBUG - 2026-03-31 09:27:26 --> Session: Class initialized using 'CodeIgniter\Session\Handlers\FileHandler' driver.
DEBUG - 2026-03-31 09:27:27 --> Session: Class initialized using 'CodeIgniter\Session\Handlers\FileHandler' driver.
DEBUG - 2026-03-31 09:27:27 --> Session: Class initialized using 'CodeIgniter\Session\Handlers\FileHandler' driver.
DEBUG - 2026-03-31 09:27:27 --> Session: Class initialized using 'CodeIgniter\Session\Handlers\FileHandler' driver.
DEBUG - 2026-03-31 09:27:27 --> Session: Class initialized using 'CodeIgniter\Session\Handlers\FileHandler' driver.
DEBUG - 2026-03-31 09:27:28 --> Session: Class initialized using 'CodeIgniter\Session\Handlers\FileHandler' driver.
DEBUG - 2026-03-31 09:27:28 --> Session: Class initialized using 'CodeIgniter\Session\Handlers\FileHandler' driver.
DEBUG - 2026-03-31 09:27:28 --> Total exams not yet taken calculated for school_id 1: 0
DEBUG - 2026-03-31 15:29:26 --> Session: Class initialized using 'CodeIgniter\Session\Handlers\FileHandler' driver.
DEBUG - 2026-03-31 15:30:02 --> Session: Class initialized using 'CodeIgniter\Session\Handlers\FileHandler' driver.
DEBUG - 2026-03-31 15:30:16 --> Session: Class initialized using 'CodeIgniter\Session\Handlers\FileHandler' driver.
DEBUG - 2026-03-31 15:30:16 --> Session: Class initialized using 'CodeIgniter\Session\Handlers\FileHandler' driver.
DEBUG - 2026-03-31 15:30:17 --> Session: Class initialized using 'CodeIgniter\Session\Handlers\FileHandler' driver.
DEBUG - 2026-03-31 15:30:17 --> Session: Class initialized using 'CodeIgniter\Session\Handlers\FileHandler' driver.
DEBUG - 2026-03-31 15:30:20 --> Session: Class initialized using 'CodeIgniter\Session\Handlers\FileHandler' driver.
DEBUG - 2026-03-31 15:30:26 --> Session: Class initialized using 'CodeIgniter\Session\Handlers\FileHandler' driver.
DEBUG - 2026-03-31 15:30:29 --> Session: Class initialized using 'CodeIgniter\Session\Handlers\FileHandler' driver.
DEBUG - 2026-03-31 15:30:38 --> Total exams not yet taken calculated for school_id 110: 0
ERROR - 2026-03-31 15:30:39 --> mysqli_sql_exception: Table 'wayo_db.events' doesn't exist in C:\xampp\htdocs\School-Management-De_migration\vendor\codeigniter4\framework\system\Database\MySQLi\Connection.php:327
Stack trace:
#0 C:\xampp\htdocs\School-Management-De_migration\vendor\codeigniter4\framework\system\Database\MySQLi\Connection.php(327): mysqli->query('SELECT *\nFROM `...', 0)
#1 C:\xampp\htdocs\School-Management-De_migration\vendor\codeigniter4\framework\system\Database\BaseConnection.php(738): CodeIgniter\Database\MySQLi\Connection->execute('SELECT *\nFROM `...')
#2 C:\xampp\htdocs\School-Management-De_migration\vendor\codeigniter4\framework\system\Database\BaseConnection.php(652): CodeIgniter\Database\BaseConnection->simpleQuery('SELECT *\nFROM `...')
#3 C:\xampp\htdocs\School-Management-De_migration\vendor\codeigniter4\framework\system\Database\BaseBuilder.php(1649): CodeIgniter\Database\BaseConnection->query('SELECT *\nFROM `...', Array, false)
#4 C:\xampp\htdocs\School-Management-De_migration\app\Models\Crud_model.php(293): CodeIgniter\Database\BaseBuilder->get()
#5 C:\xampp\htdocs\School-Management-De_migration\app\Views\backend\student\dashboard\index.php(983): App\Models\Crud_model->get_current_month_events()
#6 C:\xampp\htdocs\School-Management-De_migration\app\Views\backend\index.php(145): include('C:\\xampp\\htdocs...')
#7 C:\xampp\htdocs\School-Management-De_migration\vendor\codeigniter4\framework\system\View\View.php(224): include('C:\\xampp\\htdocs...')
#8 C:\xampp\htdocs\School-Management-De_migration\vendor\codeigniter4\framework\system\View\View.php(227): CodeIgniter\View\View->CodeIgniter\View\{closure}()
#9 C:\xampp\htdocs\School-Management-De_migration\app\View\View.php(353): CodeIgniter\View\View->render('backend/index', Array, true)
#10 C:\xampp\htdocs\School-Management-De_migration\vendor\codeigniter4\framework\system\Common.php(1173): App\View\View->render('backend/index', Array, true)
#11 C:\xampp\htdocs\School-Management-De_migration\app\Controllers\Student.php(294): view('backend/index', Array)
#12 C:\xampp\htdocs\School-Management-De_migration\vendor\codeigniter4\framework\system\CodeIgniter.php(933): App\Controllers\Student->dashboard()
#13 C:\xampp\htdocs\School-Management-De_migration\vendor\codeigniter4\framework\system\CodeIgniter.php(507): CodeIgniter\CodeIgniter->runController(Object(App\Controllers\Student))
#14 C:\xampp\htdocs\School-Management-De_migration\vendor\codeigniter4\framework\system\CodeIgniter.php(354): CodeIgniter\CodeIgniter->handleRequest(NULL, Object(Config\Cache), false)
#15 C:\xampp\htdocs\School-Management-De_migration\vendor\codeigniter4\framework\system\Boot.php(334): CodeIgniter\CodeIgniter->run()
#16 C:\xampp\htdocs\School-Management-De_migration\vendor\codeigniter4\framework\system\Boot.php(67): CodeIgniter\Boot::runCodeIgniter(Object(CodeIgniter\CodeIgniter))
#17 C:\xampp\htdocs\School-Management-De_migration\index.php(75): CodeIgniter\Boot::bootWeb(Object(Config\Paths))
#18 C:\xampp\htdocs\School-Management-De_migration\vendor\codeigniter4\framework\system\rewrite.php(44): require_once('C:\\xampp\\htdocs...')
#19 {main}
DEBUG - 2026-03-31 15:41:33 --> Session: Class initialized using 'CodeIgniter\Session\Handlers\FileHandler' driver.
DEBUG - 2026-03-31 16:00:55 --> Session: Class initialized using 'CodeIgniter\Session\Handlers\FileHandler' driver.
DEBUG - 2026-03-31 16:02:42 --> Session: Class initialized using 'CodeIgniter\Session\Handlers\FileHandler' driver.
DEBUG - 2026-03-31 16:02:42 --> Session: Class initialized using 'CodeIgniter\Session\Handlers\FileHandler' driver.
DEBUG - 2026-03-31 16:02:43 --> Session: Class initialized using 'CodeIgniter\Session\Handlers\FileHandler' driver.
DEBUG - 2026-03-31 16:02:43 --> Session: Class initialized using 'CodeIgniter\Session\Handlers\FileHandler' driver.
DEBUG - 2026-03-31 16:02:44 --> Session: Class initialized using 'CodeIgniter\Session\Handlers\FileHandler' driver.
DEBUG - 2026-03-31 16:07:23 --> Session: Class initialized using 'CodeIgniter\Session\Handlers\FileHandler' driver.
DEBUG - 2026-03-31 16:07:24 --> Session: Class initialized using 'CodeIgniter\Session\Handlers\FileHandler' driver.
DEBUG - 2026-03-31 16:07:31 --> Session: Class initialized using 'CodeIgniter\Session\Handlers\FileHandler' driver.
DEBUG - 2026-03-31 16:07:36 --> Session: Class initialized using 'CodeIgniter\Session\Handlers\FileHandler' driver.
DEBUG - 2026-03-31 16:07:38 --> Session: Class initialized using 'CodeIgniter\Session\Handlers\FileHandler' driver.
DEBUG - 2026-03-31 16:07:39 --> Session: Class initialized using 'CodeIgniter\Session\Handlers\FileHandler' driver.
DEBUG - 2026-03-31 16:07:41 --> Session: Class initialized using 'CodeIgniter\Session\Handlers\FileHandler' driver.
DEBUG - 2026-03-31 16:07:42 --> Session: Class initialized using 'CodeIgniter\Session\Handlers\FileHandler' driver.
DEBUG - 2026-03-31 16:07:44 --> Session: Class initialized using 'CodeIgniter\Session\Handlers\FileHandler' driver.
DEBUG - 2026-03-31 16:07:45 --> Session: Class initialized using 'CodeIgniter\Session\Handlers\FileHandler' driver.
DEBUG - 2026-03-31 16:07:46 --> Session: Class initialized using 'CodeIgniter\Session\Handlers\FileHandler' driver.
DEBUG - 2026-03-31 16:07:47 --> Session: Class initialized using 'CodeIgniter\Session\Handlers\FileHandler' driver.
DEBUG - 2026-03-31 16:07:48 --> Session: Class initialized using 'CodeIgniter\Session\Handlers\FileHandler' driver.
DEBUG - 2026-03-31 16:07:50 --> Session: Class initialized using 'CodeIgniter\Session\Handlers\FileHandler' driver.
DEBUG - 2026-03-31 16:07:51 --> Session: Class initialized using 'CodeIgniter\Session\Handlers\FileHandler' driver.
DEBUG - 2026-03-31 16:07:51 --> Session: Class initialized using 'CodeIgniter\Session\Handlers\FileHandler' driver.
DEBUG - 2026-03-31 16:07:52 --> Session: Class initialized using 'CodeIgniter\Session\Handlers\FileHandler' driver.
DEBUG - 2026-03-31 16:07:53 --> Session: Class initialized using 'CodeIgniter\Session\Handlers\FileHandler' driver.
DEBUG - 2026-03-31 16:07:53 --> Session: Class initialized using 'CodeIgniter\Session\Handlers\FileHandler' driver.
DEBUG - 2026-03-31 16:07:54 --> Session: Class initialized using 'CodeIgniter\Session\Handlers\FileHandler' driver.
DEBUG - 2026-03-31 16:07:54 --> Session: Class initialized using 'CodeIgniter\Session\Handlers\FileHandler' driver.
DEBUG - 2026-03-31 16:07:55 --> Session: Class initialized using 'CodeIgniter\Session\Handlers\FileHandler' driver.
DEBUG - 2026-03-31 16:07:56 --> Session: Class initialized using 'CodeIgniter\Session\Handlers\FileHandler' driver.
DEBUG - 2026-03-31 16:07:57 --> Session: Class initialized using 'CodeIgniter\Session\Handlers\FileHandler' driver.
DEBUG - 2026-03-31 16:07:58 --> Session: Class initialized using 'CodeIgniter\Session\Handlers\FileHandler' driver.
DEBUG - 2026-03-31 16:07:58 --> Session: Class initialized using 'CodeIgniter\Session\Handlers\FileHandler' driver.
DEBUG - 2026-03-31 16:07:59 --> Session: Class initialized using 'CodeIgniter\Session\Handlers\FileHandler' driver.
DEBUG - 2026-03-31 16:08:00 --> Session: Class initialized using 'CodeIgniter\Session\Handlers\FileHandler' driver.
DEBUG - 2026-03-31 16:08:00 --> Session: Class initialized using 'CodeIgniter\Session\Handlers\FileHandler' driver.
DEBUG - 2026-03-31 16:08:01 --> Session: Class initialized using 'CodeIgniter\Session\Handlers\FileHandler' driver.
DEBUG - 2026-03-31 16:08:02 --> Session: Class initialized using 'CodeIgniter\Session\Handlers\FileHandler' driver.
DEBUG - 2026-03-31 16:08:02 --> Session: Class initialized using 'CodeIgniter\Session\Handlers\FileHandler' driver.
DEBUG - 2026-03-31 16:08:03 --> Session: Class initialized using 'CodeIgniter\Session\Handlers\FileHandler' driver.
DEBUG - 2026-03-31 16:08:05 --> Session: Class initialized using 'CodeIgniter\Session\Handlers\FileHandler' driver.
DEBUG - 2026-03-31 16:08:06 --> Session: Class initialized using 'CodeIgniter\Session\Handlers\FileHandler' driver.
DEBUG - 2026-03-31 16:08:06 --> Session: Class initialized using 'CodeIgniter\Session\Handlers\FileHandler' driver.
DEBUG - 2026-03-31 16:08:07 --> Session: Class initialized using 'CodeIgniter\Session\Handlers\FileHandler' driver.
DEBUG - 2026-03-31 16:08:08 --> Session: Class initialized using 'CodeIgniter\Session\Handlers\FileHandler' driver.
DEBUG - 2026-03-31 16:08:09 --> Session: Class initialized using 'CodeIgniter\Session\Handlers\FileHandler' driver.
DEBUG - 2026-03-31 16:08:09 --> Session: Class initialized using 'CodeIgniter\Session\Handlers\FileHandler' driver.
DEBUG - 2026-03-31 16:08:10 --> Session: Class initialized using 'CodeIgniter\Session\Handlers\FileHandler' driver.
DEBUG - 2026-03-31 16:08:11 --> Session: Class initialized using 'CodeIgniter\Session\Handlers\FileHandler' driver.
DEBUG - 2026-03-31 16:08:12 --> Session: Class initialized using 'CodeIgniter\Session\Handlers\FileHandler' driver.
DEBUG - 2026-03-31 16:08:17 --> Session: Class initialized using 'CodeIgniter\Session\Handlers\FileHandler' driver.
DEBUG - 2026-03-31 16:11:36 --> Session: Class initialized using 'CodeIgniter\Session\Handlers\FileHandler' driver.
DEBUG - 2026-03-31 16:11:37 --> Session: Class initialized using 'CodeIgniter\Session\Handlers\FileHandler' driver.
DEBUG - 2026-03-31 16:11:37 --> Session: Class initialized using 'CodeIgniter\Session\Handlers\FileHandler' driver.
DEBUG - 2026-03-31 16:11:38 --> Session: Class initialized using 'CodeIgniter\Session\Handlers\FileHandler' driver.
DEBUG - 2026-03-31 16:11:39 --> Session: Class initialized using 'CodeIgniter\Session\Handlers\FileHandler' driver.
DEBUG - 2026-03-31 16:11:40 --> Session: Class initialized using 'CodeIgniter\Session\Handlers\FileHandler' driver.
DEBUG - 2026-03-31 16:11:40 --> Session: Class initialized using 'CodeIgniter\Session\Handlers\FileHandler' driver.
DEBUG - 2026-03-31 16:11:41 --> Session: Class initialized using 'CodeIgniter\Session\Handlers\FileHandler' driver.
DEBUG - 2026-03-31 16:11:41 --> Session: Class initialized using 'CodeIgniter\Session\Handlers\FileHandler' driver.
DEBUG - 2026-03-31 16:11:42 --> Session: Class initialized using 'CodeIgniter\Session\Handlers\FileHandler' driver.
DEBUG - 2026-03-31 16:11:44 --> Session: Class initialized using 'CodeIgniter\Session\Handlers\FileHandler' driver.
DEBUG - 2026-03-31 16:11:45 --> Session: Class initialized using 'CodeIgniter\Session\Handlers\FileHandler' driver.
DEBUG - 2026-03-31 16:11:45 --> Session: Class initialized using 'CodeIgniter\Session\Handlers\FileHandler' driver.
DEBUG - 2026-03-31 16:11:46 --> Session: Class initialized using 'CodeIgniter\Session\Handlers\FileHandler' driver.
DEBUG - 2026-03-31 16:11:46 --> Session: Class initialized using 'CodeIgniter\Session\Handlers\FileHandler' driver.
DEBUG - 2026-03-31 16:11:47 --> Session: Class initialized using 'CodeIgniter\Session\Handlers\FileHandler' driver.
DEBUG - 2026-03-31 16:11:48 --> Session: Class initialized using 'CodeIgniter\Session\Handlers\FileHandler' driver.
DEBUG - 2026-03-31 16:11:48 --> Session: Class initialized using 'CodeIgniter\Session\Handlers\FileHandler' driver.
DEBUG - 2026-03-31 16:11:49 --> Session: Class initialized using 'CodeIgniter\Session\Handlers\FileHandler' driver.
DEBUG - 2026-03-31 16:11:49 --> Session: Class initialized using 'CodeIgniter\Session\Handlers\FileHandler' driver.
DEBUG - 2026-03-31 16:12:59 --> Session: Class initialized using 'CodeIgniter\Session\Handlers\FileHandler' driver.
DEBUG - 2026-03-31 16:13:00 --> Session: Class initialized using 'CodeIgniter\Session\Handlers\FileHandler' driver.
DEBUG - 2026-03-31 16:13:00 --> Session: Class initialized using 'CodeIgniter\Session\Handlers\FileHandler' driver.
DEBUG - 2026-03-31 16:13:01 --> Session: Class initialized using 'CodeIgniter\Session\Handlers\FileHandler' driver.
DEBUG - 2026-03-31 16:13:01 --> Session: Class initialized using 'CodeIgniter\Session\Handlers\FileHandler' driver.
DEBUG - 2026-03-31 16:13:02 --> Session: Class initialized using 'CodeIgniter\Session\Handlers\FileHandler' driver.
DEBUG - 2026-03-31 16:13:03 --> Session: Class initialized using 'CodeIgniter\Session\Handlers\FileHandler' driver.
DEBUG - 2026-03-31 16:13:04 --> Session: Class initialized using 'CodeIgniter\Session\Handlers\FileHandler' driver.
DEBUG - 2026-03-31 16:13:04 --> Session: Class initialized using 'CodeIgniter\Session\Handlers\FileHandler' driver.
DEBUG - 2026-03-31 16:13:05 --> Session: Class initialized using 'CodeIgniter\Session\Handlers\FileHandler' driver.
DEBUG - 2026-03-31 16:16:32 --> Session: Class initialized using 'CodeIgniter\Session\Handlers\FileHandler' driver.
DEBUG - 2026-03-31 16:16:33 --> Session: Class initialized using 'CodeIgniter\Session\Handlers\FileHandler' driver.
DEBUG - 2026-03-31 16:16:33 --> Session: Class initialized using 'CodeIgniter\Session\Handlers\FileHandler' driver.
DEBUG - 2026-03-31 16:16:34 --> Session: Class initialized using 'CodeIgniter\Session\Handlers\FileHandler' driver.
DEBUG - 2026-03-31 16:16:35 --> Session: Class initialized using 'CodeIgniter\Session\Handlers\FileHandler' driver.
DEBUG - 2026-03-31 16:16:35 --> Session: Class initialized using 'CodeIgniter\Session\Handlers\FileHandler' driver.
DEBUG - 2026-03-31 16:16:36 --> Session: Class initialized using 'CodeIgniter\Session\Handlers\FileHandler' driver.
DEBUG - 2026-03-31 16:16:40 --> Session: Class initialized using 'CodeIgniter\Session\Handlers\FileHandler' driver.
DEBUG - 2026-03-31 16:16:41 --> Session: Class initialized using 'CodeIgniter\Session\Handlers\FileHandler' driver.
DEBUG - 2026-03-31 16:16:43 --> Session: Class initialized using 'CodeIgniter\Session\Handlers\FileHandler' driver.
DEBUG - 2026-03-31 16:16:44 --> Session: Class initialized using 'CodeIgniter\Session\Handlers\FileHandler' driver.
DEBUG - 2026-03-31 16:16:45 --> Session: Class initialized using 'CodeIgniter\Session\Handlers\FileHandler' driver.
DEBUG - 2026-03-31 16:16:45 --> Session: Class initialized using 'CodeIgniter\Session\Handlers\FileHandler' driver.
DEBUG - 2026-03-31 16:16:46 --> Session: Class initialized using 'CodeIgniter\Session\Handlers\FileHandler' driver.
DEBUG - 2026-03-31 16:16:47 --> Session: Class initialized using 'CodeIgniter\Session\Handlers\FileHandler' driver.
DEBUG - 2026-03-31 16:16:48 --> Session: Class initialized using 'CodeIgniter\Session\Handlers\FileHandler' driver.
DEBUG - 2026-03-31 16:16:50 --> Session: Class initialized using 'CodeIgniter\Session\Handlers\FileHandler' driver.
DEBUG - 2026-03-31 16:16:50 --> Session: Class initialized using 'CodeIgniter\Session\Handlers\FileHandler' driver.
DEBUG - 2026-03-31 16:16:51 --> Session: Class initialized using 'CodeIgniter\Session\Handlers\FileHandler' driver.
DEBUG - 2026-03-31 16:16:52 --> Session: Class initialized using 'CodeIgniter\Session\Handlers\FileHandler' driver.
DEBUG - 2026-03-31 16:16:53 --> Session: Class initialized using 'CodeIgniter\Session\Handlers\FileHandler' driver.
DEBUG - 2026-03-31 16:16:53 --> Session: Class initialized using 'CodeIgniter\Session\Handlers\FileHandler' driver.
DEBUG - 2026-03-31 16:16:54 --> Session: Class initialized using 'CodeIgniter\Session\Handlers\FileHandler' driver.
DEBUG - 2026-03-31 16:16:54 --> Session: Class initialized using 'CodeIgniter\Session\Handlers\FileHandler' driver.
DEBUG - 2026-03-31 16:16:55 --> Session: Class initialized using 'CodeIgniter\Session\Handlers\FileHandler' driver.
DEBUG - 2026-03-31 16:16:55 --> Session: Class initialized using 'CodeIgniter\Session\Handlers\FileHandler' driver.
DEBUG - 2026-03-31 16:16:56 --> Session: Class initialized using 'CodeIgniter\Session\Handlers\FileHandler' driver.
DEBUG - 2026-03-31 16:16:56 --> Session: Class initialized using 'CodeIgniter\Session\Handlers\FileHandler' driver.
DEBUG - 2026-03-31 16:16:57 --> Session: Class initialized using 'CodeIgniter\Session\Handlers\FileHandler' driver.
DEBUG - 2026-03-31 16:17:22 --> Session: Class initialized using 'CodeIgniter\Session\Handlers\FileHandler' driver.
DEBUG - 2026-03-31 16:17:22 --> Session: Class initialized using 'CodeIgniter\Session\Handlers\FileHandler' driver.
DEBUG - 2026-03-31 16:17:46 --> Session: Class initialized using 'CodeIgniter\Session\Handlers\FileHandler' driver.
DEBUG - 2026-03-31 16:17:48 --> Session: Class initialized using 'CodeIgniter\Session\Handlers\FileHandler' driver.
DEBUG - 2026-03-31 16:17:49 --> Session: Class initialized using 'CodeIgniter\Session\Handlers\FileHandler' driver.
DEBUG - 2026-03-31 16:17:50 --> Session: Class initialized using 'CodeIgniter\Session\Handlers\FileHandler' driver.
DEBUG - 2026-03-31 16:17:51 --> Session: Class initialized using 'CodeIgniter\Session\Handlers\FileHandler' driver.
DEBUG - 2026-03-31 16:17:52 --> Session: Class initialized using 'CodeIgniter\Session\Handlers\FileHandler' driver.
DEBUG - 2026-03-31 16:17:53 --> Session: Class initialized using 'CodeIgniter\Session\Handlers\FileHandler' driver.
DEBUG - 2026-03-31 16:17:54 --> Session: Class initialized using 'CodeIgniter\Session\Handlers\FileHandler' driver.
DEBUG - 2026-03-31 16:17:55 --> Session: Class initialized using 'CodeIgniter\Session\Handlers\FileHandler' driver.
DEBUG - 2026-03-31 16:17:56 --> Session: Class initialized using 'CodeIgniter\Session\Handlers\FileHandler' driver.
DEBUG - 2026-03-31 16:17:56 --> Session: Class initialized using 'CodeIgniter\Session\Handlers\FileHandler' driver.
DEBUG - 2026-03-31 16:18:09 --> Session: Class initialized using 'CodeIgniter\Session\Handlers\FileHandler' driver.
DEBUG - 2026-03-31 16:18:09 --> Session: Class initialized using 'CodeIgniter\Session\Handlers\FileHandler' driver.
DEBUG - 2026-03-31 16:21:29 --> Session: Class initialized using 'CodeIgniter\Session\Handlers\FileHandler' driver.
DEBUG - 2026-03-31 16:21:30 --> Session: Class initialized using 'CodeIgniter\Session\Handlers\FileHandler' driver.
DEBUG - 2026-03-31 16:21:52 --> Session: Class initialized using 'CodeIgniter\Session\Handlers\FileHandler' driver.
DEBUG - 2026-03-31 16:21:53 --> Total exams not yet taken calculated for school_id 1: 0
WARNING - 2026-03-31 16:21:53 --> [DEPRECATED] strtolower(): Passing null to parameter #1 ($string) of type string is deprecated in APPPATH\Views\backend\shared\trial_expired_modal.php on line 3.
 1 APPPATH\Views\backend\shared\trial_expired_modal.php(3): strtolower(null)
 2 APPPATH\Views\backend\admin\dashboard\index.php(2): include('C:\\xampp\\htdocs\\School-Management-De_migration\\app\\Views\\backend\\shared\\trial_expired_modal.php')
 3 APPPATH\Views\backend\index.php(145): include('C:\\xampp\\htdocs\\School-Management-De_migration\\app\\Views\\backend\\admin\\dashboard\\index.php')
 4 SYSTEMPATH\View\View.php(224): include('C:\\xampp\\htdocs\\School-Management-De_migration\\app\\Views\\backend\\index.php')
 5 SYSTEMPATH\View\View.php(227): CodeIgniter\View\View->CodeIgniter\View\{closure}()
 6 APPPATH\View\View.php(353): CodeIgniter\View\View->render('backend/index', [], true)
 7 SYSTEMPATH\Common.php(1173): App\View\View->render('backend/index', [], true)
 8 APPPATH\Controllers\Student.php(294): view('backend/index', [...])
 9 SYSTEMPATH\CodeIgniter.php(933): App\Controllers\Student->dashboard()
10 SYSTEMPATH\CodeIgniter.php(507): CodeIgniter\CodeIgniter->runController(Object(App\Controllers\Student))
11 SYSTEMPATH\CodeIgniter.php(354): CodeIgniter\CodeIgniter->handleRequest(null, Object(Config\Cache), false)
12 SYSTEMPATH\Boot.php(334): CodeIgniter\CodeIgniter->run()
13 SYSTEMPATH\Boot.php(67): CodeIgniter\Boot::runCodeIgniter(Object(CodeIgniter\CodeIgniter))
14 FCPATH\index.php(75): CodeIgniter\Boot::bootWeb(Object(Config\Paths))
15 SYSTEMPATH\rewrite.php(44): require_once('C:\\xampp\\htdocs\\School-Management-De_migration\\index.php')
WARNING - 2026-03-31 16:21:53 --> [DEPRECATED] strtolower(): Passing null to parameter #1 ($string) of type string is deprecated in APPPATH\Views\backend\shared\trial_expired_modal.php on line 4.
 1 APPPATH\Views\backend\shared\trial_expired_modal.php(4): strtolower(null)
 2 APPPATH\Views\backend\admin\dashboard\index.php(2): include('C:\\xampp\\htdocs\\School-Management-De_migration\\app\\Views\\backend\\shared\\trial_expired_modal.php')
 3 APPPATH\Views\backend\index.php(145): include('C:\\xampp\\htdocs\\School-Management-De_migration\\app\\Views\\backend\\admin\\dashboard\\index.php')
 4 SYSTEMPATH\View\View.php(224): include('C:\\xampp\\htdocs\\School-Management-De_migration\\app\\Views\\backend\\index.php')
 5 SYSTEMPATH\View\View.php(227): CodeIgniter\View\View->CodeIgniter\View\{closure}()
 6 APPPATH\View\View.php(353): CodeIgniter\View\View->render('backend/index', [], true)
 7 SYSTEMPATH\Common.php(1173): App\View\View->render('backend/index', [], true)
 8 APPPATH\Controllers\Student.php(294): view('backend/index', [...])
 9 SYSTEMPATH\CodeIgniter.php(933): App\Controllers\Student->dashboard()
10 SYSTEMPATH\CodeIgniter.php(507): CodeIgniter\CodeIgniter->runController(Object(App\Controllers\Student))
11 SYSTEMPATH\CodeIgniter.php(354): CodeIgniter\CodeIgniter->handleRequest(null, Object(Config\Cache), false)
12 SYSTEMPATH\Boot.php(334): CodeIgniter\CodeIgniter->run()
13 SYSTEMPATH\Boot.php(67): CodeIgniter\Boot::runCodeIgniter(Object(CodeIgniter\CodeIgniter))
14 FCPATH\index.php(75): CodeIgniter\Boot::bootWeb(Object(Config\Paths))
15 SYSTEMPATH\rewrite.php(44): require_once('C:\\xampp\\htdocs\\School-Management-De_migration\\index.php')
ERROR - 2026-03-31 16:21:53 --> mysqli_sql_exception: Table 'wayo_db.attendance' doesn't exist in C:\xampp\htdocs\School-Management-De_migration\vendor\codeigniter4\framework\system\Database\MySQLi\Connection.php:327
Stack trace:
#0 C:\xampp\htdocs\School-Management-De_migration\vendor\codeigniter4\framework\system\Database\MySQLi\Connection.php(327): mysqli->query('SELECT COUNT(*)...', 0)
#1 C:\xampp\htdocs\School-Management-De_migration\vendor\codeigniter4\framework\system\Database\BaseConnection.php(738): CodeIgniter\Database\MySQLi\Connection->execute('SELECT COUNT(*)...')
#2 C:\xampp\htdocs\School-Management-De_migration\vendor\codeigniter4\framework\system\Database\BaseConnection.php(652): CodeIgniter\Database\BaseConnection->simpleQuery('SELECT COUNT(*)...')
#3 C:\xampp\htdocs\School-Management-De_migration\vendor\codeigniter4\framework\system\Database\BaseBuilder.php(1733): CodeIgniter\Database\BaseConnection->query('SELECT COUNT(*)...', Array, false)
#4 C:\xampp\htdocs\School-Management-De_migration\app\Models\Crud_model.php(310): CodeIgniter\Database\BaseBuilder->countAllResults()
#5 C:\xampp\htdocs\School-Management-De_migration\app\Views\backend\admin\dashboard\index.php(666): App\Models\Crud_model->get_todays_attendance()
#6 C:\xampp\htdocs\School-Management-De_migration\app\Views\backend\index.php(145): include('C:\\xampp\\htdocs...')
#7 C:\xampp\htdocs\School-Management-De_migration\vendor\codeigniter4\framework\system\View\View.php(224): include('C:\\xampp\\htdocs...')
#8 C:\xampp\htdocs\School-Management-De_migration\vendor\codeigniter4\framework\system\View\View.php(227): CodeIgniter\View\View->CodeIgniter\View\{closure}()
#9 C:\xampp\htdocs\School-Management-De_migration\app\View\View.php(353): CodeIgniter\View\View->render('backend/index', Array, true)
#10 C:\xampp\htdocs\School-Management-De_migration\vendor\codeigniter4\framework\system\Common.php(1173): App\View\View->render('backend/index', Array, true)
#11 C:\xampp\htdocs\School-Management-De_migration\app\Controllers\Student.php(294): view('backend/index', Array)
#12 C:\xampp\htdocs\School-Management-De_migration\vendor\codeigniter4\framework\system\CodeIgniter.php(933): App\Controllers\Student->dashboard()
#13 C:\xampp\htdocs\School-Management-De_migration\vendor\codeigniter4\framework\system\CodeIgniter.php(507): CodeIgniter\CodeIgniter->runController(Object(App\Controllers\Student))
#14 C:\xampp\htdocs\School-Management-De_migration\vendor\codeigniter4\framework\system\CodeIgniter.php(354): CodeIgniter\CodeIgniter->handleRequest(NULL, Object(Config\Cache), false)
#15 C:\xampp\htdocs\School-Management-De_migration\vendor\codeigniter4\framework\system\Boot.php(334): CodeIgniter\CodeIgniter->run()
#16 C:\xampp\htdocs\School-Management-De_migration\vendor\codeigniter4\framework\system\Boot.php(67): CodeIgniter\Boot::runCodeIgniter(Object(CodeIgniter\CodeIgniter))
#17 C:\xampp\htdocs\School-Management-De_migration\index.php(75): CodeIgniter\Boot::bootWeb(Object(Config\Paths))
#18 C:\xampp\htdocs\School-Management-De_migration\vendor\codeigniter4\framework\system\rewrite.php(44): require_once('C:\\xampp\\htdocs...')
#19 {main}
ERROR - 2026-03-31 16:21:53 --> mysqli_sql_exception: Table 'wayo_db.attendance' doesn't exist in C:\xampp\htdocs\School-Management-De_migration\vendor\codeigniter4\framework\system\Database\MySQLi\Connection.php:327
Stack trace:
#0 C:\xampp\htdocs\School-Management-De_migration\vendor\codeigniter4\framework\system\Database\MySQLi\Connection.php(327): mysqli->query('SELECT COUNT(*)...', 0)
#1 C:\xampp\htdocs\School-Management-De_migration\vendor\codeigniter4\framework\system\Database\BaseConnection.php(738): CodeIgniter\Database\MySQLi\Connection->execute('SELECT COUNT(*)...')
#2 C:\xampp\htdocs\School-Management-De_migration\vendor\codeigniter4\framework\system\Database\BaseConnection.php(652): CodeIgniter\Database\BaseConnection->simpleQuery('SELECT COUNT(*)...')
#3 C:\xampp\htdocs\School-Management-De_migration\vendor\codeigniter4\framework\system\Database\BaseBuilder.php(1733): CodeIgniter\Database\BaseConnection->query('SELECT COUNT(*)...', Array, false)
#4 C:\xampp\htdocs\School-Management-De_migration\app\Models\Crud_model.php(310): CodeIgniter\Database\BaseBuilder->countAllResults()
#5 C:\xampp\htdocs\School-Management-De_migration\app\Views\backend\admin\dashboard\index.php(667): App\Models\Crud_model->get_todays_attendance()
#6 C:\xampp\htdocs\School-Management-De_migration\app\Views\backend\index.php(145): include('C:\\xampp\\htdocs...')
#7 C:\xampp\htdocs\School-Management-De_migration\vendor\codeigniter4\framework\system\View\View.php(224): include('C:\\xampp\\htdocs...')
#8 C:\xampp\htdocs\School-Management-De_migration\vendor\codeigniter4\framework\system\View\View.php(227): CodeIgniter\View\View->CodeIgniter\View\{closure}()
#9 C:\xampp\htdocs\School-Management-De_migration\app\View\View.php(353): CodeIgniter\View\View->render('backend/index', Array, true)
#10 C:\xampp\htdocs\School-Management-De_migration\vendor\codeigniter4\framework\system\Common.php(1173): App\View\View->render('backend/index', Array, true)
#11 C:\xampp\htdocs\School-Management-De_migration\app\Controllers\Student.php(294): view('backend/index', Array)
#12 C:\xampp\htdocs\School-Management-De_migration\vendor\codeigniter4\framework\system\CodeIgniter.php(933): App\Controllers\Student->dashboard()
#13 C:\xampp\htdocs\School-Management-De_migration\vendor\codeigniter4\framework\system\CodeIgniter.php(507): CodeIgniter\CodeIgniter->runController(Object(App\Controllers\Student))
#14 C:\xampp\htdocs\School-Management-De_migration\vendor\codeigniter4\framework\system\CodeIgniter.php(354): CodeIgniter\CodeIgniter->handleRequest(NULL, Object(Config\Cache), false)
#15 C:\xampp\htdocs\School-Management-De_migration\vendor\codeigniter4\framework\system\Boot.php(334): CodeIgniter\CodeIgniter->run()
#16 C:\xampp\htdocs\School-Management-De_migration\vendor\codeigniter4\framework\system\Boot.php(67): CodeIgniter\Boot::runCodeIgniter(Object(CodeIgniter\CodeIgniter))
#17 C:\xampp\htdocs\School-Management-De_migration\index.php(75): CodeIgniter\Boot::bootWeb(Object(Config\Paths))
#18 C:\xampp\htdocs\School-Management-De_migration\vendor\codeigniter4\framework\system\rewrite.php(44): require_once('C:\\xampp\\htdocs...')
#19 {main}
ERROR - 2026-03-31 16:21:53 --> mysqli_sql_exception: Table 'wayo_db.events' doesn't exist in C:\xampp\htdocs\School-Management-De_migration\vendor\codeigniter4\framework\system\Database\MySQLi\Connection.php:327
Stack trace:
#0 C:\xampp\htdocs\School-Management-De_migration\vendor\codeigniter4\framework\system\Database\MySQLi\Connection.php(327): mysqli->query('SELECT *\nFROM `...', 0)
#1 C:\xampp\htdocs\School-Management-De_migration\vendor\codeigniter4\framework\system\Database\BaseConnection.php(738): CodeIgniter\Database\MySQLi\Connection->execute('SELECT *\nFROM `...')
#2 C:\xampp\htdocs\School-Management-De_migration\vendor\codeigniter4\framework\system\Database\BaseConnection.php(652): CodeIgniter\Database\BaseConnection->simpleQuery('SELECT *\nFROM `...')
#3 C:\xampp\htdocs\School-Management-De_migration\vendor\codeigniter4\framework\system\Database\BaseBuilder.php(1649): CodeIgniter\Database\BaseConnection->query('SELECT *\nFROM `...', Array, false)
#4 C:\xampp\htdocs\School-Management-De_migration\app\Models\Crud_model.php(293): CodeIgniter\Database\BaseBuilder->get()
#5 C:\xampp\htdocs\School-Management-De_migration\app\Views\backend\admin\dashboard\index.php(681): App\Models\Crud_model->get_current_month_events()
#6 C:\xampp\htdocs\School-Management-De_migration\app\Views\backend\index.php(145): include('C:\\xampp\\htdocs...')
#7 C:\xampp\htdocs\School-Management-De_migration\vendor\codeigniter4\framework\system\View\View.php(224): include('C:\\xampp\\htdocs...')
#8 C:\xampp\htdocs\School-Management-De_migration\vendor\codeigniter4\framework\system\View\View.php(227): CodeIgniter\View\View->CodeIgniter\View\{closure}()
#9 C:\xampp\htdocs\School-Management-De_migration\app\View\View.php(353): CodeIgniter\View\View->render('backend/index', Array, true)
#10 C:\xampp\htdocs\School-Management-De_migration\vendor\codeigniter4\framework\system\Common.php(1173): App\View\View->render('backend/index', Array, true)
#11 C:\xampp\htdocs\School-Management-De_migration\app\Controllers\Student.php(294): view('backend/index', Array)
#12 C:\xampp\htdocs\School-Management-De_migration\vendor\codeigniter4\framework\system\CodeIgniter.php(933): App\Controllers\Student->dashboard()
#13 C:\xampp\htdocs\School-Management-De_migration\vendor\codeigniter4\framework\system\CodeIgniter.php(507): CodeIgniter\CodeIgniter->runController(Object(App\Controllers\Student))
#14 C:\xampp\htdocs\School-Management-De_migration\vendor\codeigniter4\framework\system\CodeIgniter.php(354): CodeIgniter\CodeIgniter->handleRequest(NULL, Object(Config\Cache), false)
#15 C:\xampp\htdocs\School-Management-De_migration\vendor\codeigniter4\framework\system\Boot.php(334): CodeIgniter\CodeIgniter->run()
#16 C:\xampp\htdocs\School-Management-De_migration\vendor\codeigniter4\framework\system\Boot.php(67): CodeIgniter\Boot::runCodeIgniter(Object(CodeIgniter\CodeIgniter))
#17 C:\xampp\htdocs\School-Management-De_migration\index.php(75): CodeIgniter\Boot::bootWeb(Object(Config\Paths))
#18 C:\xampp\htdocs\School-Management-De_migration\vendor\codeigniter4\framework\system\rewrite.php(44): require_once('C:\\xampp\\htdocs...')
#19 {main}
ERROR - 2026-03-31 16:21:53 --> mysqli_sql_exception: Table 'wayo_db.attendance' doesn't exist in C:\xampp\htdocs\School-Management-De_migration\vendor\codeigniter4\framework\system\Database\MySQLi\Connection.php:327
Stack trace:
#0 C:\xampp\htdocs\School-Management-De_migration\vendor\codeigniter4\framework\system\Database\MySQLi\Connection.php(327): mysqli->query('SELECT COUNT(*)...', 0)
#1 C:\xampp\htdocs\School-Management-De_migration\vendor\codeigniter4\framework\system\Database\BaseConnection.php(738): CodeIgniter\Database\MySQLi\Connection->execute('SELECT COUNT(*)...')
#2 C:\xampp\htdocs\School-Management-De_migration\vendor\codeigniter4\framework\system\Database\BaseConnection.php(652): CodeIgniter\Database\BaseConnection->simpleQuery('SELECT COUNT(*)...')
#3 C:\xampp\htdocs\School-Management-De_migration\vendor\codeigniter4\framework\system\Database\BaseBuilder.php(1733): CodeIgniter\Database\BaseConnection->query('SELECT COUNT(*)...', Array, false)
#4 C:\xampp\htdocs\School-Management-De_migration\app\Models\Crud_model.php(310): CodeIgniter\Database\BaseBuilder->countAllResults()
#5 C:\xampp\htdocs\School-Management-De_migration\app\Views\backend\admin\dashboard\index.php(696): App\Models\Crud_model->get_todays_attendance()
#6 C:\xampp\htdocs\School-Management-De_migration\app\Views\backend\index.php(145): include('C:\\xampp\\htdocs...')
#7 C:\xampp\htdocs\School-Management-De_migration\vendor\codeigniter4\framework\system\View\View.php(224): include('C:\\xampp\\htdocs...')
#8 C:\xampp\htdocs\School-Management-De_migration\vendor\codeigniter4\framework\system\View\View.php(227): CodeIgniter\View\View->CodeIgniter\View\{closure}()
#9 C:\xampp\htdocs\School-Management-De_migration\app\View\View.php(353): CodeIgniter\View\View->render('backend/index', Array, true)
#10 C:\xampp\htdocs\School-Management-De_migration\vendor\codeigniter4\framework\system\Common.php(1173): App\View\View->render('backend/index', Array, true)
#11 C:\xampp\htdocs\School-Management-De_migration\app\Controllers\Student.php(294): view('backend/index', Array)
#12 C:\xampp\htdocs\School-Management-De_migration\vendor\codeigniter4\framework\system\CodeIgniter.php(933): App\Controllers\Student->dashboard()
#13 C:\xampp\htdocs\School-Management-De_migration\vendor\codeigniter4\framework\system\CodeIgniter.php(507): CodeIgniter\CodeIgniter->runController(Object(App\Controllers\Student))
#14 C:\xampp\htdocs\School-Management-De_migration\vendor\codeigniter4\framework\system\CodeIgniter.php(354): CodeIgniter\CodeIgniter->handleRequest(NULL, Object(Config\Cache), false)
#15 C:\xampp\htdocs\School-Management-De_migration\vendor\codeigniter4\framework\system\Boot.php(334): CodeIgniter\CodeIgniter->run()
#16 C:\xampp\htdocs\School-Management-De_migration\vendor\codeigniter4\framework\system\Boot.php(67): CodeIgniter\Boot::runCodeIgniter(Object(CodeIgniter\CodeIgniter))
#17 C:\xampp\htdocs\School-Management-De_migration\index.php(75): CodeIgniter\Boot::bootWeb(Object(Config\Paths))
#18 C:\xampp\htdocs\School-Management-De_migration\vendor\codeigniter4\framework\system\rewrite.php(44): require_once('C:\\xampp\\htdocs...')
#19 {main}
ERROR - 2026-03-31 16:21:53 --> mysqli_sql_exception: Table 'wayo_db.events' doesn't exist in C:\xampp\htdocs\School-Management-De_migration\vendor\codeigniter4\framework\system\Database\MySQLi\Connection.php:327
Stack trace:
#0 C:\xampp\htdocs\School-Management-De_migration\vendor\codeigniter4\framework\system\Database\MySQLi\Connection.php(327): mysqli->query('SELECT *\nFROM `...', 0)
#1 C:\xampp\htdocs\School-Management-De_migration\vendor\codeigniter4\framework\system\Database\BaseConnection.php(738): CodeIgniter\Database\MySQLi\Connection->execute('SELECT *\nFROM `...')
#2 C:\xampp\htdocs\School-Management-De_migration\vendor\codeigniter4\framework\system\Database\BaseConnection.php(652): CodeIgniter\Database\BaseConnection->simpleQuery('SELECT *\nFROM `...')
#3 C:\xampp\htdocs\School-Management-De_migration\vendor\codeigniter4\framework\system\Database\BaseBuilder.php(1649): CodeIgniter\Database\BaseConnection->query('SELECT *\nFROM `...', Array, false)
#4 C:\xampp\htdocs\School-Management-De_migration\app\Models\Crud_model.php(293): CodeIgniter\Database\BaseBuilder->get()
#5 C:\xampp\htdocs\School-Management-De_migration\app\Views\backend\admin\dashboard\index.php(719): App\Models\Crud_model->get_current_month_events()
#6 C:\xampp\htdocs\School-Management-De_migration\app\Views\backend\index.php(145): include('C:\\xampp\\htdocs...')
#7 C:\xampp\htdocs\School-Management-De_migration\vendor\codeigniter4\framework\system\View\View.php(224): include('C:\\xampp\\htdocs...')
#8 C:\xampp\htdocs\School-Management-De_migration\vendor\codeigniter4\framework\system\View\View.php(227): CodeIgniter\View\View->CodeIgniter\View\{closure}()
#9 C:\xampp\htdocs\School-Management-De_migration\app\View\View.php(353): CodeIgniter\View\View->render('backend/index', Array, true)
#10 C:\xampp\htdocs\School-Management-De_migration\vendor\codeigniter4\framework\system\Common.php(1173): App\View\View->render('backend/index', Array, true)
#11 C:\xampp\htdocs\School-Management-De_migration\app\Controllers\Student.php(294): view('backend/index', Array)
#12 C:\xampp\htdocs\School-Management-De_migration\vendor\codeigniter4\framework\system\CodeIgniter.php(933): App\Controllers\Student->dashboard()
#13 C:\xampp\htdocs\School-Management-De_migration\vendor\codeigniter4\framework\system\CodeIgniter.php(507): CodeIgniter\CodeIgniter->runController(Object(App\Controllers\Student))
#14 C:\xampp\htdocs\School-Management-De_migration\vendor\codeigniter4\framework\system\CodeIgniter.php(354): CodeIgniter\CodeIgniter->handleRequest(NULL, Object(Config\Cache), false)
#15 C:\xampp\htdocs\School-Management-De_migration\vendor\codeigniter4\framework\system\Boot.php(334): CodeIgniter\CodeIgniter->run()
#16 C:\xampp\htdocs\School-Management-De_migration\vendor\codeigniter4\framework\system\Boot.php(67): CodeIgniter\Boot::runCodeIgniter(Object(CodeIgniter\CodeIgniter))
#17 C:\xampp\htdocs\School-Management-De_migration\index.php(75): CodeIgniter\Boot::bootWeb(Object(Config\Paths))
#18 C:\xampp\htdocs\School-Management-De_migration\vendor\codeigniter4\framework\system\rewrite.php(44): require_once('C:\\xampp\\htdocs...')
#19 {main}
DEBUG - 2026-03-31 16:22:05 --> Session: Class initialized using 'CodeIgniter\Session\Handlers\FileHandler' driver.
DEBUG - 2026-03-31 16:22:06 --> Session: Class initialized using 'CodeIgniter\Session\Handlers\FileHandler' driver.
DEBUG - 2026-03-31 16:22:07 --> Session: Class initialized using 'CodeIgniter\Session\Handlers\FileHandler' driver.
DEBUG - 2026-03-31 16:22:07 --> Session: Class initialized using 'CodeIgniter\Session\Handlers\FileHandler' driver.
DEBUG - 2026-03-31 16:22:08 --> Session: Class initialized using 'CodeIgniter\Session\Handlers\FileHandler' driver.
DEBUG - 2026-03-31 16:22:08 --> Session: Class initialized using 'CodeIgniter\Session\Handlers\FileHandler' driver.
DEBUG - 2026-03-31 16:22:09 --> Session: Class initialized using 'CodeIgniter\Session\Handlers\FileHandler' driver.
DEBUG - 2026-03-31 16:22:11 --> Session: Class initialized using 'CodeIgniter\Session\Handlers\FileHandler' driver.
DEBUG - 2026-03-31 16:22:11 --> Session: Class initialized using 'CodeIgniter\Session\Handlers\FileHandler' driver.
DEBUG - 2026-03-31 16:22:12 --> Session: Class initialized using 'CodeIgniter\Session\Handlers\FileHandler' driver.
DEBUG - 2026-03-31 16:22:22 --> Session: Class initialized using 'CodeIgniter\Session\Handlers\FileHandler' driver.
DEBUG - 2026-03-31 16:22:23 --> Session: Class initialized using 'CodeIgniter\Session\Handlers\FileHandler' driver.
DEBUG - 2026-03-31 16:22:24 --> Session: Class initialized using 'CodeIgniter\Session\Handlers\FileHandler' driver.
DEBUG - 2026-03-31 16:22:24 --> Session: Class initialized using 'CodeIgniter\Session\Handlers\FileHandler' driver.
DEBUG - 2026-03-31 16:22:25 --> Session: Class initialized using 'CodeIgniter\Session\Handlers\FileHandler' driver.
DEBUG - 2026-03-31 16:22:26 --> Session: Class initialized using 'CodeIgniter\Session\Handlers\FileHandler' driver.
DEBUG - 2026-03-31 16:22:26 --> Session: Class initialized using 'CodeIgniter\Session\Handlers\FileHandler' driver.
DEBUG - 2026-03-31 16:22:27 --> Session: Class initialized using 'CodeIgniter\Session\Handlers\FileHandler' driver.
DEBUG - 2026-03-31 16:22:28 --> Session: Class initialized using 'CodeIgniter\Session\Handlers\FileHandler' driver.
DEBUG - 2026-03-31 16:22:29 --> Session: Class initialized using 'CodeIgniter\Session\Handlers\FileHandler' driver.
DEBUG - 2026-03-31 16:22:44 --> Session: Class initialized using 'CodeIgniter\Session\Handlers\FileHandler' driver.
DEBUG - 2026-03-31 16:22:45 --> Session: Class initialized using 'CodeIgniter\Session\Handlers\FileHandler' driver.
DEBUG - 2026-03-31 16:22:46 --> Session: Class initialized using 'CodeIgniter\Session\Handlers\FileHandler' driver.
DEBUG - 2026-03-31 16:22:47 --> Session: Class initialized using 'CodeIgniter\Session\Handlers\FileHandler' driver.
DEBUG - 2026-03-31 16:22:48 --> Session: Class initialized using 'CodeIgniter\Session\Handlers\FileHandler' driver.
DEBUG - 2026-03-31 16:22:49 --> Session: Class initialized using 'CodeIgniter\Session\Handlers\FileHandler' driver.
DEBUG - 2026-03-31 16:22:50 --> Session: Class initialized using 'CodeIgniter\Session\Handlers\FileHandler' driver.
DEBUG - 2026-03-31 16:22:51 --> Session: Class initialized using 'CodeIgniter\Session\Handlers\FileHandler' driver.
DEBUG - 2026-03-31 16:22:52 --> Session: Class initialized using 'CodeIgniter\Session\Handlers\FileHandler' driver.
DEBUG - 2026-03-31 16:22:53 --> Session: Class initialized using 'CodeIgniter\Session\Handlers\FileHandler' driver.
DEBUG - 2026-03-31 16:22:58 --> Session: Class initialized using 'CodeIgniter\Session\Handlers\FileHandler' driver.
DEBUG - 2026-03-31 16:22:58 --> Session: Class initialized using 'CodeIgniter\Session\Handlers\FileHandler' driver.
DEBUG - 2026-03-31 16:22:59 --> Session: Class initialized using 'CodeIgniter\Session\Handlers\FileHandler' driver.
DEBUG - 2026-03-31 16:22:59 --> Session: Class initialized using 'CodeIgniter\Session\Handlers\FileHandler' driver.
DEBUG - 2026-03-31 16:23:00 --> Session: Class initialized using 'CodeIgniter\Session\Handlers\FileHandler' driver.
DEBUG - 2026-03-31 16:23:00 --> Session: Class initialized using 'CodeIgniter\Session\Handlers\FileHandler' driver.
DEBUG - 2026-03-31 16:23:01 --> Session: Class initialized using 'CodeIgniter\Session\Handlers\FileHandler' driver.
DEBUG - 2026-03-31 16:23:01 --> Session: Class initialized using 'CodeIgniter\Session\Handlers\FileHandler' driver.
DEBUG - 2026-03-31 16:23:02 --> Session: Class initialized using 'CodeIgniter\Session\Handlers\FileHandler' driver.
DEBUG - 2026-03-31 16:23:02 --> Session: Class initialized using 'CodeIgniter\Session\Handlers\FileHandler' driver.
DEBUG - 2026-03-31 16:23:04 --> Session: Class initialized using 'CodeIgniter\Session\Handlers\FileHandler' driver.
DEBUG - 2026-03-31 16:23:04 --> Session: Class initialized using 'CodeIgniter\Session\Handlers\FileHandler' driver.
DEBUG - 2026-03-31 16:23:05 --> Session: Class initialized using 'CodeIgniter\Session\Handlers\FileHandler' driver.
DEBUG - 2026-03-31 16:23:05 --> Session: Class initialized using 'CodeIgniter\Session\Handlers\FileHandler' driver.
DEBUG - 2026-03-31 16:23:06 --> Session: Class initialized using 'CodeIgniter\Session\Handlers\FileHandler' driver.
DEBUG - 2026-03-31 16:23:06 --> Session: Class initialized using 'CodeIgniter\Session\Handlers\FileHandler' driver.
DEBUG - 2026-03-31 16:23:07 --> Session: Class initialized using 'CodeIgniter\Session\Handlers\FileHandler' driver.
DEBUG - 2026-03-31 16:23:07 --> Session: Class initialized using 'CodeIgniter\Session\Handlers\FileHandler' driver.
DEBUG - 2026-03-31 16:23:08 --> Session: Class initialized using 'CodeIgniter\Session\Handlers\FileHandler' driver.
DEBUG - 2026-03-31 16:23:08 --> Session: Class initialized using 'CodeIgniter\Session\Handlers\FileHandler' driver.
DEBUG - 2026-03-31 16:23:14 --> Session: Class initialized using 'CodeIgniter\Session\Handlers\FileHandler' driver.
DEBUG - 2026-03-31 16:23:14 --> Session: Class initialized using 'CodeIgniter\Session\Handlers\FileHandler' driver.
DEBUG - 2026-03-31 16:23:15 --> Session: Class initialized using 'CodeIgniter\Session\Handlers\FileHandler' driver.
DEBUG - 2026-03-31 16:23:15 --> Session: Class initialized using 'CodeIgniter\Session\Handlers\FileHandler' driver.
DEBUG - 2026-03-31 16:23:16 --> Session: Class initialized using 'CodeIgniter\Session\Handlers\FileHandler' driver.
DEBUG - 2026-03-31 16:23:16 --> Session: Class initialized using 'CodeIgniter\Session\Handlers\FileHandler' driver.
DEBUG - 2026-03-31 16:23:17 --> Session: Class initialized using 'CodeIgniter\Session\Handlers\FileHandler' driver.
DEBUG - 2026-03-31 16:23:17 --> Session: Class initialized using 'CodeIgniter\Session\Handlers\FileHandler' driver.
DEBUG - 2026-03-31 16:23:18 --> Session: Class initialized using 'CodeIgniter\Session\Handlers\FileHandler' driver.
DEBUG - 2026-03-31 16:23:18 --> Session: Class initialized using 'CodeIgniter\Session\Handlers\FileHandler' driver.
DEBUG - 2026-03-31 16:23:19 --> Session: Class initialized using 'CodeIgniter\Session\Handlers\FileHandler' driver.
DEBUG - 2026-03-31 16:23:19 --> Session: Class initialized using 'CodeIgniter\Session\Handlers\FileHandler' driver.
DEBUG - 2026-03-31 16:23:20 --> Session: Class initialized using 'CodeIgniter\Session\Handlers\FileHandler' driver.
DEBUG - 2026-03-31 16:23:21 --> Session: Class initialized using 'CodeIgniter\Session\Handlers\FileHandler' driver.
DEBUG - 2026-03-31 16:23:21 --> Session: Class initialized using 'CodeIgniter\Session\Handlers\FileHandler' driver.
DEBUG - 2026-03-31 16:23:22 --> Session: Class initialized using 'CodeIgniter\Session\Handlers\FileHandler' driver.
DEBUG - 2026-03-31 16:23:22 --> Session: Class initialized using 'CodeIgniter\Session\Handlers\FileHandler' driver.
DEBUG - 2026-03-31 16:23:23 --> Session: Class initialized using 'CodeIgniter\Session\Handlers\FileHandler' driver.
DEBUG - 2026-03-31 16:23:23 --> Session: Class initialized using 'CodeIgniter\Session\Handlers\FileHandler' driver.
DEBUG - 2026-03-31 16:23:24 --> Session: Class initialized using 'CodeIgniter\Session\Handlers\FileHandler' driver.
DEBUG - 2026-03-31 16:23:25 --> Session: Class initialized using 'CodeIgniter\Session\Handlers\FileHandler' driver.
DEBUG - 2026-03-31 16:23:26 --> Session: Class initialized using 'CodeIgniter\Session\Handlers\FileHandler' driver.
DEBUG - 2026-03-31 16:23:26 --> Session: Class initialized using 'CodeIgniter\Session\Handlers\FileHandler' driver.
DEBUG - 2026-03-31 16:23:27 --> Session: Class initialized using 'CodeIgniter\Session\Handlers\FileHandler' driver.
DEBUG - 2026-03-31 16:23:27 --> Session: Class initialized using 'CodeIgniter\Session\Handlers\FileHandler' driver.
DEBUG - 2026-03-31 16:23:28 --> Session: Class initialized using 'CodeIgniter\Session\Handlers\FileHandler' driver.
DEBUG - 2026-03-31 16:23:28 --> Session: Class initialized using 'CodeIgniter\Session\Handlers\FileHandler' driver.
DEBUG - 2026-03-31 16:23:29 --> Session: Class initialized using 'CodeIgniter\Session\Handlers\FileHandler' driver.
DEBUG - 2026-03-31 16:23:30 --> Session: Class initialized using 'CodeIgniter\Session\Handlers\FileHandler' driver.
DEBUG - 2026-03-31 16:23:31 --> Session: Class initialized using 'CodeIgniter\Session\Handlers\FileHandler' driver.
DEBUG - 2026-03-31 16:23:54 --> Session: Class initialized using 'CodeIgniter\Session\Handlers\FileHandler' driver.
DEBUG - 2026-03-31 16:23:55 --> Session: Class initialized using 'CodeIgniter\Session\Handlers\FileHandler' driver.
DEBUG - 2026-03-31 16:23:56 --> Session: Class initialized using 'CodeIgniter\Session\Handlers\FileHandler' driver.
DEBUG - 2026-03-31 16:23:56 --> Session: Class initialized using 'CodeIgniter\Session\Handlers\FileHandler' driver.
DEBUG - 2026-03-31 16:23:57 --> Session: Class initialized using 'CodeIgniter\Session\Handlers\FileHandler' driver.
DEBUG - 2026-03-31 16:23:58 --> Session: Class initialized using 'CodeIgniter\Session\Handlers\FileHandler' driver.
DEBUG - 2026-03-31 16:23:59 --> Session: Class initialized using 'CodeIgniter\Session\Handlers\FileHandler' driver.
DEBUG - 2026-03-31 16:23:59 --> Session: Class initialized using 'CodeIgniter\Session\Handlers\FileHandler' driver.
DEBUG - 2026-03-31 16:24:01 --> Session: Class initialized using 'CodeIgniter\Session\Handlers\FileHandler' driver.
DEBUG - 2026-03-31 16:24:02 --> Session: Class initialized using 'CodeIgniter\Session\Handlers\FileHandler' driver.
DEBUG - 2026-03-31 16:25:02 --> Session: Class initialized using 'CodeIgniter\Session\Handlers\FileHandler' driver.
DEBUG - 2026-03-31 16:25:03 --> Session: Class initialized using 'CodeIgniter\Session\Handlers\FileHandler' driver.
DEBUG - 2026-03-31 16:25:03 --> Session: Class initialized using 'CodeIgniter\Session\Handlers\FileHandler' driver.
DEBUG - 2026-03-31 16:25:04 --> Session: Class initialized using 'CodeIgniter\Session\Handlers\FileHandler' driver.
DEBUG - 2026-03-31 16:25:05 --> Session: Class initialized using 'CodeIgniter\Session\Handlers\FileHandler' driver.
DEBUG - 2026-03-31 16:25:06 --> Session: Class initialized using 'CodeIgniter\Session\Handlers\FileHandler' driver.
DEBUG - 2026-03-31 16:25:06 --> Session: Class initialized using 'CodeIgniter\Session\Handlers\FileHandler' driver.
DEBUG - 2026-03-31 16:25:07 --> Session: Class initialized using 'CodeIgniter\Session\Handlers\FileHandler' driver.
DEBUG - 2026-03-31 16:25:07 --> Session: Class initialized using 'CodeIgniter\Session\Handlers\FileHandler' driver.
DEBUG - 2026-03-31 16:25:08 --> Session: Class initialized using 'CodeIgniter\Session\Handlers\FileHandler' driver.
DEBUG - 2026-03-31 16:27:25 --> Session: Class initialized using 'CodeIgniter\Session\Handlers\FileHandler' driver.
DEBUG - 2026-03-31 16:27:27 --> Session: Class initialized using 'CodeIgniter\Session\Handlers\FileHandler' driver.
DEBUG - 2026-03-31 16:28:34 --> Session: Class initialized using 'CodeIgniter\Session\Handlers\FileHandler' driver.
DEBUG - 2026-03-31 16:28:34 --> Session: Class initialized using 'CodeIgniter\Session\Handlers\FileHandler' driver.
DEBUG - 2026-03-31 16:28:35 --> Total exams not yet taken calculated for school_id 110: 0
ERROR - 2026-03-31 16:28:35 --> mysqli_sql_exception: Table 'wayo_db.events' doesn't exist in C:\xampp\htdocs\School-Management-De_migration\vendor\codeigniter4\framework\system\Database\MySQLi\Connection.php:327
Stack trace:
#0 C:\xampp\htdocs\School-Management-De_migration\vendor\codeigniter4\framework\system\Database\MySQLi\Connection.php(327): mysqli->query('SELECT *\nFROM `...', 0)
#1 C:\xampp\htdocs\School-Management-De_migration\vendor\codeigniter4\framework\system\Database\BaseConnection.php(738): CodeIgniter\Database\MySQLi\Connection->execute('SELECT *\nFROM `...')
#2 C:\xampp\htdocs\School-Management-De_migration\vendor\codeigniter4\framework\system\Database\BaseConnection.php(652): CodeIgniter\Database\BaseConnection->simpleQuery('SELECT *\nFROM `...')
#3 C:\xampp\htdocs\School-Management-De_migration\vendor\codeigniter4\framework\system\Database\BaseBuilder.php(1649): CodeIgniter\Database\BaseConnection->query('SELECT *\nFROM `...', Array, false)
#4 C:\xampp\htdocs\School-Management-De_migration\app\Models\Crud_model.php(293): CodeIgniter\Database\BaseBuilder->get()
#5 C:\xampp\htdocs\School-Management-De_migration\app\Views\backend\student\dashboard\index.php(983): App\Models\Crud_model->get_current_month_events()
#6 C:\xampp\htdocs\School-Management-De_migration\app\Views\backend\index.php(145): include('C:\\xampp\\htdocs...')
#7 C:\xampp\htdocs\School-Management-De_migration\vendor\codeigniter4\framework\system\View\View.php(224): include('C:\\xampp\\htdocs...')
#8 C:\xampp\htdocs\School-Management-De_migration\vendor\codeigniter4\framework\system\View\View.php(227): CodeIgniter\View\View->CodeIgniter\View\{closure}()
#9 C:\xampp\htdocs\School-Management-De_migration\app\View\View.php(353): CodeIgniter\View\View->render('backend/index', Array, true)
#10 C:\xampp\htdocs\School-Management-De_migration\vendor\codeigniter4\framework\system\Common.php(1173): App\View\View->render('backend/index', Array, true)
#11 C:\xampp\htdocs\School-Management-De_migration\app\Controllers\Student.php(294): view('backend/index', Array)
#12 C:\xampp\htdocs\School-Management-De_migration\vendor\codeigniter4\framework\system\CodeIgniter.php(933): App\Controllers\Student->dashboard()
#13 C:\xampp\htdocs\School-Management-De_migration\vendor\codeigniter4\framework\system\CodeIgniter.php(507): CodeIgniter\CodeIgniter->runController(Object(App\Controllers\Student))
#14 C:\xampp\htdocs\School-Management-De_migration\vendor\codeigniter4\framework\system\CodeIgniter.php(354): CodeIgniter\CodeIgniter->handleRequest(NULL, Object(Config\Cache), false)
#15 C:\xampp\htdocs\School-Management-De_migration\vendor\codeigniter4\framework\system\Boot.php(334): CodeIgniter\CodeIgniter->run()
#16 C:\xampp\htdocs\School-Management-De_migration\vendor\codeigniter4\framework\system\Boot.php(67): CodeIgniter\Boot::runCodeIgniter(Object(CodeIgniter\CodeIgniter))
#17 C:\xampp\htdocs\School-Management-De_migration\index.php(75): CodeIgniter\Boot::bootWeb(Object(Config\Paths))
#18 C:\xampp\htdocs\School-Management-De_migration\vendor\codeigniter4\framework\system\rewrite.php(44): require_once('C:\\xampp\\htdocs...')
#19 {main}
DEBUG - 2026-03-31 16:28:56 --> Session: Class initialized using 'CodeIgniter\Session\Handlers\FileHandler' driver.
DEBUG - 2026-03-31 16:28:57 --> Session: Class initialized using 'CodeIgniter\Session\Handlers\FileHandler' driver.
DEBUG - 2026-03-31 16:29:01 --> Total exams not yet taken calculated for school_id 110: 0
ERROR - 2026-03-31 16:29:02 --> mysqli_sql_exception: Table 'wayo_db.events' doesn't exist in C:\xampp\htdocs\School-Management-De_migration\vendor\codeigniter4\framework\system\Database\MySQLi\Connection.php:327
Stack trace:
#0 C:\xampp\htdocs\School-Management-De_migration\vendor\codeigniter4\framework\system\Database\MySQLi\Connection.php(327): mysqli->query('SELECT *\nFROM `...', 0)
#1 C:\xampp\htdocs\School-Management-De_migration\vendor\codeigniter4\framework\system\Database\BaseConnection.php(738): CodeIgniter\Database\MySQLi\Connection->execute('SELECT *\nFROM `...')
#2 C:\xampp\htdocs\School-Management-De_migration\vendor\codeigniter4\framework\system\Database\BaseConnection.php(652): CodeIgniter\Database\BaseConnection->simpleQuery('SELECT *\nFROM `...')
#3 C:\xampp\htdocs\School-Management-De_migration\vendor\codeigniter4\framework\system\Database\BaseBuilder.php(1649): CodeIgniter\Database\BaseConnection->query('SELECT *\nFROM `...', Array, false)
#4 C:\xampp\htdocs\School-Management-De_migration\app\Models\Crud_model.php(293): CodeIgniter\Database\BaseBuilder->get()
#5 C:\xampp\htdocs\School-Management-De_migration\app\Views\backend\student\dashboard\index.php(983): App\Models\Crud_model->get_current_month_events()
#6 C:\xampp\htdocs\School-Management-De_migration\app\Views\backend\index.php(145): include('C:\\xampp\\htdocs...')
#7 C:\xampp\htdocs\School-Management-De_migration\vendor\codeigniter4\framework\system\View\View.php(224): include('C:\\xampp\\htdocs...')
#8 C:\xampp\htdocs\School-Management-De_migration\vendor\codeigniter4\framework\system\View\View.php(227): CodeIgniter\View\View->CodeIgniter\View\{closure}()
#9 C:\xampp\htdocs\School-Management-De_migration\app\View\View.php(353): CodeIgniter\View\View->render('backend/index', Array, true)
#10 C:\xampp\htdocs\School-Management-De_migration\vendor\codeigniter4\framework\system\Common.php(1173): App\View\View->render('backend/index', Array, true)
#11 C:\xampp\htdocs\School-Management-De_migration\app\Controllers\Student.php(294): view('backend/index', Array)
#12 C:\xampp\htdocs\School-Management-De_migration\vendor\codeigniter4\framework\system\CodeIgniter.php(933): App\Controllers\Student->dashboard()
#13 C:\xampp\htdocs\School-Management-De_migration\vendor\codeigniter4\framework\system\CodeIgniter.php(507): CodeIgniter\CodeIgniter->runController(Object(App\Controllers\Student))
#14 C:\xampp\htdocs\School-Management-De_migration\vendor\codeigniter4\framework\system\CodeIgniter.php(354): CodeIgniter\CodeIgniter->handleRequest(NULL, Object(Config\Cache), false)
#15 C:\xampp\htdocs\School-Management-De_migration\vendor\codeigniter4\framework\system\Boot.php(334): CodeIgniter\CodeIgniter->run()
#16 C:\xampp\htdocs\School-Management-De_migration\vendor\codeigniter4\framework\system\Boot.php(67): CodeIgniter\Boot::runCodeIgniter(Object(CodeIgniter\CodeIgniter))
#17 C:\xampp\htdocs\School-Management-De_migration\index.php(75): CodeIgniter\Boot::bootWeb(Object(Config\Paths))
#18 C:\xampp\htdocs\School-Management-De_migration\vendor\codeigniter4\framework\system\rewrite.php(44): require_once('C:\\xampp\\htdocs...')
#19 {main}
DEBUG - 2026-03-31 16:29:24 --> Session: Class initialized using 'CodeIgniter\Session\Handlers\FileHandler' driver.
DEBUG - 2026-03-31 16:29:24 --> Session: Class initialized using 'CodeIgniter\Session\Handlers\FileHandler' driver.
DEBUG - 2026-03-31 16:29:25 --> Total exams not yet taken calculated for school_id 110: 0
ERROR - 2026-03-31 16:29:25 --> mysqli_sql_exception: Table 'wayo_db.events' doesn't exist in C:\xampp\htdocs\School-Management-De_migration\vendor\codeigniter4\framework\system\Database\MySQLi\Connection.php:327
Stack trace:
#0 C:\xampp\htdocs\School-Management-De_migration\vendor\codeigniter4\framework\system\Database\MySQLi\Connection.php(327): mysqli->query('SELECT *\nFROM `...', 0)
#1 C:\xampp\htdocs\School-Management-De_migration\vendor\codeigniter4\framework\system\Database\BaseConnection.php(738): CodeIgniter\Database\MySQLi\Connection->execute('SELECT *\nFROM `...')
#2 C:\xampp\htdocs\School-Management-De_migration\vendor\codeigniter4\framework\system\Database\BaseConnection.php(652): CodeIgniter\Database\BaseConnection->simpleQuery('SELECT *\nFROM `...')
#3 C:\xampp\htdocs\School-Management-De_migration\vendor\codeigniter4\framework\system\Database\BaseBuilder.php(1649): CodeIgniter\Database\BaseConnection->query('SELECT *\nFROM `...', Array, false)
#4 C:\xampp\htdocs\School-Management-De_migration\app\Models\Crud_model.php(293): CodeIgniter\Database\BaseBuilder->get()
#5 C:\xampp\htdocs\School-Management-De_migration\app\Views\backend\student\dashboard\index.php(983): App\Models\Crud_model->get_current_month_events()
#6 C:\xampp\htdocs\School-Management-De_migration\app\Views\backend\index.php(145): include('C:\\xampp\\htdocs...')
#7 C:\xampp\htdocs\School-Management-De_migration\vendor\codeigniter4\framework\system\View\View.php(224): include('C:\\xampp\\htdocs...')
#8 C:\xampp\htdocs\School-Management-De_migration\vendor\codeigniter4\framework\system\View\View.php(227): CodeIgniter\View\View->CodeIgniter\View\{closure}()
#9 C:\xampp\htdocs\School-Management-De_migration\app\View\View.php(353): CodeIgniter\View\View->render('backend/index', Array, true)
#10 C:\xampp\htdocs\School-Management-De_migration\vendor\codeigniter4\framework\system\Common.php(1173): App\View\View->render('backend/index', Array, true)
#11 C:\xampp\htdocs\School-Management-De_migration\app\Controllers\Student.php(294): view('backend/index', Array)
#12 C:\xampp\htdocs\School-Management-De_migration\vendor\codeigniter4\framework\system\CodeIgniter.php(933): App\Controllers\Student->dashboard()
#13 C:\xampp\htdocs\School-Management-De_migration\vendor\codeigniter4\framework\system\CodeIgniter.php(507): CodeIgniter\CodeIgniter->runController(Object(App\Controllers\Student))
#14 C:\xampp\htdocs\School-Management-De_migration\vendor\codeigniter4\framework\system\CodeIgniter.php(354): CodeIgniter\CodeIgniter->handleRequest(NULL, Object(Config\Cache), false)
#15 C:\xampp\htdocs\School-Management-De_migration\vendor\codeigniter4\framework\system\Boot.php(334): CodeIgniter\CodeIgniter->run()
#16 C:\xampp\htdocs\School-Management-De_migration\vendor\codeigniter4\framework\system\Boot.php(67): CodeIgniter\Boot::runCodeIgniter(Object(CodeIgniter\CodeIgniter))
#17 C:\xampp\htdocs\School-Management-De_migration\index.php(75): CodeIgniter\Boot::bootWeb(Object(Config\Paths))
#18 C:\xampp\htdocs\School-Management-De_migration\vendor\codeigniter4\framework\system\rewrite.php(44): require_once('C:\\xampp\\htdocs...')
#19 {main}
DEBUG - 2026-03-31 16:29:30 --> Session: Class initialized using 'CodeIgniter\Session\Handlers\FileHandler' driver.
DEBUG - 2026-03-31 16:29:30 --> Session: Class initialized using 'CodeIgniter\Session\Handlers\FileHandler' driver.
DEBUG - 2026-03-31 16:29:30 --> Total exams not yet taken calculated for school_id 110: 0
ERROR - 2026-03-31 16:29:31 --> mysqli_sql_exception: Table 'wayo_db.events' doesn't exist in C:\xampp\htdocs\School-Management-De_migration\vendor\codeigniter4\framework\system\Database\MySQLi\Connection.php:327
Stack trace:
#0 C:\xampp\htdocs\School-Management-De_migration\vendor\codeigniter4\framework\system\Database\MySQLi\Connection.php(327): mysqli->query('SELECT *\nFROM `...', 0)
#1 C:\xampp\htdocs\School-Management-De_migration\vendor\codeigniter4\framework\system\Database\BaseConnection.php(738): CodeIgniter\Database\MySQLi\Connection->execute('SELECT *\nFROM `...')
#2 C:\xampp\htdocs\School-Management-De_migration\vendor\codeigniter4\framework\system\Database\BaseConnection.php(652): CodeIgniter\Database\BaseConnection->simpleQuery('SELECT *\nFROM `...')
#3 C:\xampp\htdocs\School-Management-De_migration\vendor\codeigniter4\framework\system\Database\BaseBuilder.php(1649): CodeIgniter\Database\BaseConnection->query('SELECT *\nFROM `...', Array, false)
#4 C:\xampp\htdocs\School-Management-De_migration\app\Models\Crud_model.php(293): CodeIgniter\Database\BaseBuilder->get()
#5 C:\xampp\htdocs\School-Management-De_migration\app\Views\backend\student\dashboard\index.php(983): App\Models\Crud_model->get_current_month_events()
#6 C:\xampp\htdocs\School-Management-De_migration\app\Views\backend\index.php(145): include('C:\\xampp\\htdocs...')
#7 C:\xampp\htdocs\School-Management-De_migration\vendor\codeigniter4\framework\system\View\View.php(224): include('C:\\xampp\\htdocs...')
#8 C:\xampp\htdocs\School-Management-De_migration\vendor\codeigniter4\framework\system\View\View.php(227): CodeIgniter\View\View->CodeIgniter\View\{closure}()
#9 C:\xampp\htdocs\School-Management-De_migration\app\View\View.php(353): CodeIgniter\View\View->render('backend/index', Array, true)
#10 C:\xampp\htdocs\School-Management-De_migration\vendor\codeigniter4\framework\system\Common.php(1173): App\View\View->render('backend/index', Array, true)
#11 C:\xampp\htdocs\School-Management-De_migration\app\Controllers\Student.php(294): view('backend/index', Array)
#12 C:\xampp\htdocs\School-Management-De_migration\vendor\codeigniter4\framework\system\CodeIgniter.php(933): App\Controllers\Student->dashboard()
#13 C:\xampp\htdocs\School-Management-De_migration\vendor\codeigniter4\framework\system\CodeIgniter.php(507): CodeIgniter\CodeIgniter->runController(Object(App\Controllers\Student))
#14 C:\xampp\htdocs\School-Management-De_migration\vendor\codeigniter4\framework\system\CodeIgniter.php(354): CodeIgniter\CodeIgniter->handleRequest(NULL, Object(Config\Cache), false)
#15 C:\xampp\htdocs\School-Management-De_migration\vendor\codeigniter4\framework\system\Boot.php(334): CodeIgniter\CodeIgniter->run()
#16 C:\xampp\htdocs\School-Management-De_migration\vendor\codeigniter4\framework\system\Boot.php(67): CodeIgniter\Boot::runCodeIgniter(Object(CodeIgniter\CodeIgniter))
#17 C:\xampp\htdocs\School-Management-De_migration\index.php(75): CodeIgniter\Boot::bootWeb(Object(Config\Paths))
#18 C:\xampp\htdocs\School-Management-De_migration\vendor\codeigniter4\framework\system\rewrite.php(44): require_once('C:\\xampp\\htdocs...')
#19 {main}
DEBUG - 2026-03-31 16:29:31 --> Session: Class initialized using 'CodeIgniter\Session\Handlers\FileHandler' driver.
DEBUG - 2026-03-31 16:29:31 --> Session: Class initialized using 'CodeIgniter\Session\Handlers\FileHandler' driver.
DEBUG - 2026-03-31 16:29:32 --> Total exams not yet taken calculated for school_id 110: 0
ERROR - 2026-03-31 16:29:32 --> mysqli_sql_exception: Table 'wayo_db.events' doesn't exist in C:\xampp\htdocs\School-Management-De_migration\vendor\codeigniter4\framework\system\Database\MySQLi\Connection.php:327
Stack trace:
#0 C:\xampp\htdocs\School-Management-De_migration\vendor\codeigniter4\framework\system\Database\MySQLi\Connection.php(327): mysqli->query('SELECT *\nFROM `...', 0)
#1 C:\xampp\htdocs\School-Management-De_migration\vendor\codeigniter4\framework\system\Database\BaseConnection.php(738): CodeIgniter\Database\MySQLi\Connection->execute('SELECT *\nFROM `...')
#2 C:\xampp\htdocs\School-Management-De_migration\vendor\codeigniter4\framework\system\Database\BaseConnection.php(652): CodeIgniter\Database\BaseConnection->simpleQuery('SELECT *\nFROM `...')
#3 C:\xampp\htdocs\School-Management-De_migration\vendor\codeigniter4\framework\system\Database\BaseBuilder.php(1649): CodeIgniter\Database\BaseConnection->query('SELECT *\nFROM `...', Array, false)
#4 C:\xampp\htdocs\School-Management-De_migration\app\Models\Crud_model.php(293): CodeIgniter\Database\BaseBuilder->get()
#5 C:\xampp\htdocs\School-Management-De_migration\app\Views\backend\student\dashboard\index.php(983): App\Models\Crud_model->get_current_month_events()
#6 C:\xampp\htdocs\School-Management-De_migration\app\Views\backend\index.php(145): include('C:\\xampp\\htdocs...')
#7 C:\xampp\htdocs\School-Management-De_migration\vendor\codeigniter4\framework\system\View\View.php(224): include('C:\\xampp\\htdocs...')
#8 C:\xampp\htdocs\School-Management-De_migration\vendor\codeigniter4\framework\system\View\View.php(227): CodeIgniter\View\View->CodeIgniter\View\{closure}()
#9 C:\xampp\htdocs\School-Management-De_migration\app\View\View.php(353): CodeIgniter\View\View->render('backend/index', Array, true)
#10 C:\xampp\htdocs\School-Management-De_migration\vendor\codeigniter4\framework\system\Common.php(1173): App\View\View->render('backend/index', Array, true)
#11 C:\xampp\htdocs\School-Management-De_migration\app\Controllers\Student.php(294): view('backend/index', Array)
#12 C:\xampp\htdocs\School-Management-De_migration\vendor\codeigniter4\framework\system\CodeIgniter.php(933): App\Controllers\Student->dashboard()
#13 C:\xampp\htdocs\School-Management-De_migration\vendor\codeigniter4\framework\system\CodeIgniter.php(507): CodeIgniter\CodeIgniter->runController(Object(App\Controllers\Student))
#14 C:\xampp\htdocs\School-Management-De_migration\vendor\codeigniter4\framework\system\CodeIgniter.php(354): CodeIgniter\CodeIgniter->handleRequest(NULL, Object(Config\Cache), false)
#15 C:\xampp\htdocs\School-Management-De_migration\vendor\codeigniter4\framework\system\Boot.php(334): CodeIgniter\CodeIgniter->run()
#16 C:\xampp\htdocs\School-Management-De_migration\vendor\codeigniter4\framework\system\Boot.php(67): CodeIgniter\Boot::runCodeIgniter(Object(CodeIgniter\CodeIgniter))
#17 C:\xampp\htdocs\School-Management-De_migration\index.php(75): CodeIgniter\Boot::bootWeb(Object(Config\Paths))
#18 C:\xampp\htdocs\School-Management-De_migration\vendor\codeigniter4\framework\system\rewrite.php(44): require_once('C:\\xampp\\htdocs...')
#19 {main}
DEBUG - 2026-03-31 16:33:29 --> Session: Class initialized using 'CodeIgniter\Session\Handlers\FileHandler' driver.
DEBUG - 2026-03-31 16:33:30 --> Session: Class initialized using 'CodeIgniter\Session\Handlers\FileHandler' driver.
DEBUG - 2026-03-31 16:33:30 --> Session: Class initialized using 'CodeIgniter\Session\Handlers\FileHandler' driver.
DEBUG - 2026-03-31 16:33:31 --> Session: Class initialized using 'CodeIgniter\Session\Handlers\FileHandler' driver.
DEBUG - 2026-03-31 16:34:36 --> Session: Class initialized using 'CodeIgniter\Session\Handlers\FileHandler' driver.
DEBUG - 2026-03-31 16:34:37 --> Session: Class initialized using 'CodeIgniter\Session\Handlers\FileHandler' driver.
DEBUG - 2026-03-31 16:34:37 --> Session: Class initialized using 'CodeIgniter\Session\Handlers\FileHandler' driver.
DEBUG - 2026-03-31 16:34:39 --> Total exams not yet taken calculated for school_id 110: 0
ERROR - 2026-03-31 16:34:39 --> mysqli_sql_exception: Table 'wayo_db.events' doesn't exist in C:\xampp\htdocs\School-Management-De_migration\vendor\codeigniter4\framework\system\Database\MySQLi\Connection.php:327
Stack trace:
#0 C:\xampp\htdocs\School-Management-De_migration\vendor\codeigniter4\framework\system\Database\MySQLi\Connection.php(327): mysqli->query('SELECT *\nFROM `...', 0)
#1 C:\xampp\htdocs\School-Management-De_migration\vendor\codeigniter4\framework\system\Database\BaseConnection.php(738): CodeIgniter\Database\MySQLi\Connection->execute('SELECT *\nFROM `...')
#2 C:\xampp\htdocs\School-Management-De_migration\vendor\codeigniter4\framework\system\Database\BaseConnection.php(652): CodeIgniter\Database\BaseConnection->simpleQuery('SELECT *\nFROM `...')
#3 C:\xampp\htdocs\School-Management-De_migration\vendor\codeigniter4\framework\system\Database\BaseBuilder.php(1649): CodeIgniter\Database\BaseConnection->query('SELECT *\nFROM `...', Array, false)
#4 C:\xampp\htdocs\School-Management-De_migration\app\Models\Crud_model.php(293): CodeIgniter\Database\BaseBuilder->get()
#5 C:\xampp\htdocs\School-Management-De_migration\app\Views\backend\student\dashboard\index.php(983): App\Models\Crud_model->get_current_month_events()
#6 C:\xampp\htdocs\School-Management-De_migration\app\Views\backend\index.php(145): include('C:\\xampp\\htdocs...')
#7 C:\xampp\htdocs\School-Management-De_migration\vendor\codeigniter4\framework\system\View\View.php(224): include('C:\\xampp\\htdocs...')
#8 C:\xampp\htdocs\School-Management-De_migration\vendor\codeigniter4\framework\system\View\View.php(227): CodeIgniter\View\View->CodeIgniter\View\{closure}()
#9 C:\xampp\htdocs\School-Management-De_migration\app\View\View.php(353): CodeIgniter\View\View->render('backend/index', Array, true)
#10 C:\xampp\htdocs\School-Management-De_migration\vendor\codeigniter4\framework\system\Common.php(1173): App\View\View->render('backend/index', Array, true)
#11 C:\xampp\htdocs\School-Management-De_migration\app\Controllers\Student.php(294): view('backend/index', Array)
#12 C:\xampp\htdocs\School-Management-De_migration\vendor\codeigniter4\framework\system\CodeIgniter.php(933): App\Controllers\Student->dashboard()
#13 C:\xampp\htdocs\School-Management-De_migration\vendor\codeigniter4\framework\system\CodeIgniter.php(507): CodeIgniter\CodeIgniter->runController(Object(App\Controllers\Student))
#14 C:\xampp\htdocs\School-Management-De_migration\vendor\codeigniter4\framework\system\CodeIgniter.php(354): CodeIgniter\CodeIgniter->handleRequest(NULL, Object(Config\Cache), false)
#15 C:\xampp\htdocs\School-Management-De_migration\vendor\codeigniter4\framework\system\Boot.php(334): CodeIgniter\CodeIgniter->run()
#16 C:\xampp\htdocs\School-Management-De_migration\vendor\codeigniter4\framework\system\Boot.php(67): CodeIgniter\Boot::runCodeIgniter(Object(CodeIgniter\CodeIgniter))
#17 C:\xampp\htdocs\School-Management-De_migration\index.php(75): CodeIgniter\Boot::bootWeb(Object(Config\Paths))
#18 C:\xampp\htdocs\School-Management-De_migration\vendor\codeigniter4\framework\system\rewrite.php(44): require_once('C:\\xampp\\htdocs...')
#19 {main}
DEBUG - 2026-03-31 16:34:49 --> Session: Class initialized using 'CodeIgniter\Session\Handlers\FileHandler' driver.
DEBUG - 2026-03-31 16:34:49 --> Session: Class initialized using 'CodeIgniter\Session\Handlers\FileHandler' driver.
DEBUG - 2026-03-31 16:34:50 --> Total exams not yet taken calculated for school_id 110: 0
ERROR - 2026-03-31 16:34:50 --> mysqli_sql_exception: Table 'wayo_db.events' doesn't exist in C:\xampp\htdocs\School-Management-De_migration\vendor\codeigniter4\framework\system\Database\MySQLi\Connection.php:327
Stack trace:
#0 C:\xampp\htdocs\School-Management-De_migration\vendor\codeigniter4\framework\system\Database\MySQLi\Connection.php(327): mysqli->query('SELECT *\nFROM `...', 0)
#1 C:\xampp\htdocs\School-Management-De_migration\vendor\codeigniter4\framework\system\Database\BaseConnection.php(738): CodeIgniter\Database\MySQLi\Connection->execute('SELECT *\nFROM `...')
#2 C:\xampp\htdocs\School-Management-De_migration\vendor\codeigniter4\framework\system\Database\BaseConnection.php(652): CodeIgniter\Database\BaseConnection->simpleQuery('SELECT *\nFROM `...')
#3 C:\xampp\htdocs\School-Management-De_migration\vendor\codeigniter4\framework\system\Database\BaseBuilder.php(1649): CodeIgniter\Database\BaseConnection->query('SELECT *\nFROM `...', Array, false)
#4 C:\xampp\htdocs\School-Management-De_migration\app\Models\Crud_model.php(293): CodeIgniter\Database\BaseBuilder->get()
#5 C:\xampp\htdocs\School-Management-De_migration\app\Views\backend\student\dashboard\index.php(983): App\Models\Crud_model->get_current_month_events()
#6 C:\xampp\htdocs\School-Management-De_migration\app\Views\backend\index.php(145): include('C:\\xampp\\htdocs...')
#7 C:\xampp\htdocs\School-Management-De_migration\vendor\codeigniter4\framework\system\View\View.php(224): include('C:\\xampp\\htdocs...')
#8 C:\xampp\htdocs\School-Management-De_migration\vendor\codeigniter4\framework\system\View\View.php(227): CodeIgniter\View\View->CodeIgniter\View\{closure}()
#9 C:\xampp\htdocs\School-Management-De_migration\app\View\View.php(353): CodeIgniter\View\View->render('backend/index', Array, true)
#10 C:\xampp\htdocs\School-Management-De_migration\vendor\codeigniter4\framework\system\Common.php(1173): App\View\View->render('backend/index', Array, true)
#11 C:\xampp\htdocs\School-Management-De_migration\app\Controllers\Student.php(294): view('backend/index', Array)
#12 C:\xampp\htdocs\School-Management-De_migration\vendor\codeigniter4\framework\system\CodeIgniter.php(933): App\Controllers\Student->dashboard()
#13 C:\xampp\htdocs\School-Management-De_migration\vendor\codeigniter4\framework\system\CodeIgniter.php(507): CodeIgniter\CodeIgniter->runController(Object(App\Controllers\Student))
#14 C:\xampp\htdocs\School-Management-De_migration\vendor\codeigniter4\framework\system\CodeIgniter.php(354): CodeIgniter\CodeIgniter->handleRequest(NULL, Object(Config\Cache), false)
#15 C:\xampp\htdocs\School-Management-De_migration\vendor\codeigniter4\framework\system\Boot.php(334): CodeIgniter\CodeIgniter->run()
#16 C:\xampp\htdocs\School-Management-De_migration\vendor\codeigniter4\framework\system\Boot.php(67): CodeIgniter\Boot::runCodeIgniter(Object(CodeIgniter\CodeIgniter))
#17 C:\xampp\htdocs\School-Management-De_migration\index.php(75): CodeIgniter\Boot::bootWeb(Object(Config\Paths))
#18 C:\xampp\htdocs\School-Management-De_migration\vendor\codeigniter4\framework\system\rewrite.php(44): require_once('C:\\xampp\\htdocs...')
#19 {main}
DEBUG - 2026-03-31 16:34:57 --> Session: Class initialized using 'CodeIgniter\Session\Handlers\FileHandler' driver.
DEBUG - 2026-03-31 16:34:58 --> Session: Class initialized using 'CodeIgniter\Session\Handlers\FileHandler' driver.
DEBUG - 2026-03-31 16:34:59 --> Total exams not yet taken calculated for school_id 110: 0
ERROR - 2026-03-31 16:35:01 --> mysqli_sql_exception: Table 'wayo_db.events' doesn't exist in C:\xampp\htdocs\School-Management-De_migration\vendor\codeigniter4\framework\system\Database\MySQLi\Connection.php:327
Stack trace:
#0 C:\xampp\htdocs\School-Management-De_migration\vendor\codeigniter4\framework\system\Database\MySQLi\Connection.php(327): mysqli->query('SELECT *\nFROM `...', 0)
#1 C:\xampp\htdocs\School-Management-De_migration\vendor\codeigniter4\framework\system\Database\BaseConnection.php(738): CodeIgniter\Database\MySQLi\Connection->execute('SELECT *\nFROM `...')
#2 C:\xampp\htdocs\School-Management-De_migration\vendor\codeigniter4\framework\system\Database\BaseConnection.php(652): CodeIgniter\Database\BaseConnection->simpleQuery('SELECT *\nFROM `...')
#3 C:\xampp\htdocs\School-Management-De_migration\vendor\codeigniter4\framework\system\Database\BaseBuilder.php(1649): CodeIgniter\Database\BaseConnection->query('SELECT *\nFROM `...', Array, false)
#4 C:\xampp\htdocs\School-Management-De_migration\app\Models\Crud_model.php(293): CodeIgniter\Database\BaseBuilder->get()
#5 C:\xampp\htdocs\School-Management-De_migration\app\Views\backend\student\dashboard\index.php(983): App\Models\Crud_model->get_current_month_events()
#6 C:\xampp\htdocs\School-Management-De_migration\app\Views\backend\index.php(145): include('C:\\xampp\\htdocs...')
#7 C:\xampp\htdocs\School-Management-De_migration\vendor\codeigniter4\framework\system\View\View.php(224): include('C:\\xampp\\htdocs...')
#8 C:\xampp\htdocs\School-Management-De_migration\vendor\codeigniter4\framework\system\View\View.php(227): CodeIgniter\View\View->CodeIgniter\View\{closure}()
#9 C:\xampp\htdocs\School-Management-De_migration\app\View\View.php(353): CodeIgniter\View\View->render('backend/index', Array, true)
#10 C:\xampp\htdocs\School-Management-De_migration\vendor\codeigniter4\framework\system\Common.php(1173): App\View\View->render('backend/index', Array, true)
#11 C:\xampp\htdocs\School-Management-De_migration\app\Controllers\Student.php(294): view('backend/index', Array)
#12 C:\xampp\htdocs\School-Management-De_migration\vendor\codeigniter4\framework\system\CodeIgniter.php(933): App\Controllers\Student->dashboard()
#13 C:\xampp\htdocs\School-Management-De_migration\vendor\codeigniter4\framework\system\CodeIgniter.php(507): CodeIgniter\CodeIgniter->runController(Object(App\Controllers\Student))
#14 C:\xampp\htdocs\School-Management-De_migration\vendor\codeigniter4\framework\system\CodeIgniter.php(354): CodeIgniter\CodeIgniter->handleRequest(NULL, Object(Config\Cache), false)
#15 C:\xampp\htdocs\School-Management-De_migration\vendor\codeigniter4\framework\system\Boot.php(334): CodeIgniter\CodeIgniter->run()
#16 C:\xampp\htdocs\School-Management-De_migration\vendor\codeigniter4\framework\system\Boot.php(67): CodeIgniter\Boot::runCodeIgniter(Object(CodeIgniter\CodeIgniter))
#17 C:\xampp\htdocs\School-Management-De_migration\index.php(75): CodeIgniter\Boot::bootWeb(Object(Config\Paths))
#18 C:\xampp\htdocs\School-Management-De_migration\vendor\codeigniter4\framework\system\rewrite.php(44): require_once('C:\\xampp\\htdocs...')
#19 {main}
DEBUG - 2026-03-31 16:35:02 --> Session: Class initialized using 'CodeIgniter\Session\Handlers\FileHandler' driver.
DEBUG - 2026-03-31 16:35:03 --> Session: Class initialized using 'CodeIgniter\Session\Handlers\FileHandler' driver.
DEBUG - 2026-03-31 16:35:05 --> Total exams not yet taken calculated for school_id 110: 0
ERROR - 2026-03-31 16:35:06 --> mysqli_sql_exception: Table 'wayo_db.events' doesn't exist in C:\xampp\htdocs\School-Management-De_migration\vendor\codeigniter4\framework\system\Database\MySQLi\Connection.php:327
Stack trace:
#0 C:\xampp\htdocs\School-Management-De_migration\vendor\codeigniter4\framework\system\Database\MySQLi\Connection.php(327): mysqli->query('SELECT *\nFROM `...', 0)
#1 C:\xampp\htdocs\School-Management-De_migration\vendor\codeigniter4\framework\system\Database\BaseConnection.php(738): CodeIgniter\Database\MySQLi\Connection->execute('SELECT *\nFROM `...')
#2 C:\xampp\htdocs\School-Management-De_migration\vendor\codeigniter4\framework\system\Database\BaseConnection.php(652): CodeIgniter\Database\BaseConnection->simpleQuery('SELECT *\nFROM `...')
#3 C:\xampp\htdocs\School-Management-De_migration\vendor\codeigniter4\framework\system\Database\BaseBuilder.php(1649): CodeIgniter\Database\BaseConnection->query('SELECT *\nFROM `...', Array, false)
#4 C:\xampp\htdocs\School-Management-De_migration\app\Models\Crud_model.php(293): CodeIgniter\Database\BaseBuilder->get()
#5 C:\xampp\htdocs\School-Management-De_migration\app\Views\backend\student\dashboard\index.php(983): App\Models\Crud_model->get_current_month_events()
#6 C:\xampp\htdocs\School-Management-De_migration\app\Views\backend\index.php(145): include('C:\\xampp\\htdocs...')
#7 C:\xampp\htdocs\School-Management-De_migration\vendor\codeigniter4\framework\system\View\View.php(224): include('C:\\xampp\\htdocs...')
#8 C:\xampp\htdocs\School-Management-De_migration\vendor\codeigniter4\framework\system\View\View.php(227): CodeIgniter\View\View->CodeIgniter\View\{closure}()
#9 C:\xampp\htdocs\School-Management-De_migration\app\View\View.php(353): CodeIgniter\View\View->render('backend/index', Array, true)
#10 C:\xampp\htdocs\School-Management-De_migration\vendor\codeigniter4\framework\system\Common.php(1173): App\View\View->render('backend/index', Array, true)
#11 C:\xampp\htdocs\School-Management-De_migration\app\Controllers\Student.php(294): view('backend/index', Array)
#12 C:\xampp\htdocs\School-Management-De_migration\vendor\codeigniter4\framework\system\CodeIgniter.php(933): App\Controllers\Student->dashboard()
#13 C:\xampp\htdocs\School-Management-De_migration\vendor\codeigniter4\framework\system\CodeIgniter.php(507): CodeIgniter\CodeIgniter->runController(Object(App\Controllers\Student))
#14 C:\xampp\htdocs\School-Management-De_migration\vendor\codeigniter4\framework\system\CodeIgniter.php(354): CodeIgniter\CodeIgniter->handleRequest(NULL, Object(Config\Cache), false)
#15 C:\xampp\htdocs\School-Management-De_migration\vendor\codeigniter4\framework\system\Boot.php(334): CodeIgniter\CodeIgniter->run()
#16 C:\xampp\htdocs\School-Management-De_migration\vendor\codeigniter4\framework\system\Boot.php(67): CodeIgniter\Boot::runCodeIgniter(Object(CodeIgniter\CodeIgniter))
#17 C:\xampp\htdocs\School-Management-De_migration\index.php(75): CodeIgniter\Boot::bootWeb(Object(Config\Paths))
#18 C:\xampp\htdocs\School-Management-De_migration\vendor\codeigniter4\framework\system\rewrite.php(44): require_once('C:\\xampp\\htdocs...')
#19 {main}
DEBUG - 2026-03-31 16:35:14 --> Session: Class initialized using 'CodeIgniter\Session\Handlers\FileHandler' driver.
DEBUG - 2026-03-31 16:35:15 --> Session: Class initialized using 'CodeIgniter\Session\Handlers\FileHandler' driver.
DEBUG - 2026-03-31 16:35:17 --> Total exams not yet taken calculated for school_id 110: 0
ERROR - 2026-03-31 16:35:17 --> mysqli_sql_exception: Table 'wayo_db.events' doesn't exist in C:\xampp\htdocs\School-Management-De_migration\vendor\codeigniter4\framework\system\Database\MySQLi\Connection.php:327
Stack trace:
#0 C:\xampp\htdocs\School-Management-De_migration\vendor\codeigniter4\framework\system\Database\MySQLi\Connection.php(327): mysqli->query('SELECT *\nFROM `...', 0)
#1 C:\xampp\htdocs\School-Management-De_migration\vendor\codeigniter4\framework\system\Database\BaseConnection.php(738): CodeIgniter\Database\MySQLi\Connection->execute('SELECT *\nFROM `...')
#2 C:\xampp\htdocs\School-Management-De_migration\vendor\codeigniter4\framework\system\Database\BaseConnection.php(652): CodeIgniter\Database\BaseConnection->simpleQuery('SELECT *\nFROM `...')
#3 C:\xampp\htdocs\School-Management-De_migration\vendor\codeigniter4\framework\system\Database\BaseBuilder.php(1649): CodeIgniter\Database\BaseConnection->query('SELECT *\nFROM `...', Array, false)
#4 C:\xampp\htdocs\School-Management-De_migration\app\Models\Crud_model.php(293): CodeIgniter\Database\BaseBuilder->get()
#5 C:\xampp\htdocs\School-Management-De_migration\app\Views\backend\student\dashboard\index.php(983): App\Models\Crud_model->get_current_month_events()
#6 C:\xampp\htdocs\School-Management-De_migration\app\Views\backend\index.php(145): include('C:\\xampp\\htdocs...')
#7 C:\xampp\htdocs\School-Management-De_migration\vendor\codeigniter4\framework\system\View\View.php(224): include('C:\\xampp\\htdocs...')
#8 C:\xampp\htdocs\School-Management-De_migration\vendor\codeigniter4\framework\system\View\View.php(227): CodeIgniter\View\View->CodeIgniter\View\{closure}()
#9 C:\xampp\htdocs\School-Management-De_migration\app\View\View.php(353): CodeIgniter\View\View->render('backend/index', Array, true)
#10 C:\xampp\htdocs\School-Management-De_migration\vendor\codeigniter4\framework\system\Common.php(1173): App\View\View->render('backend/index', Array, true)
#11 C:\xampp\htdocs\School-Management-De_migration\app\Controllers\Student.php(294): view('backend/index', Array)
#12 C:\xampp\htdocs\School-Management-De_migration\vendor\codeigniter4\framework\system\CodeIgniter.php(933): App\Controllers\Student->dashboard()
#13 C:\xampp\htdocs\School-Management-De_migration\vendor\codeigniter4\framework\system\CodeIgniter.php(507): CodeIgniter\CodeIgniter->runController(Object(App\Controllers\Student))
#14 C:\xampp\htdocs\School-Management-De_migration\vendor\codeigniter4\framework\system\CodeIgniter.php(354): CodeIgniter\CodeIgniter->handleRequest(NULL, Object(Config\Cache), false)
#15 C:\xampp\htdocs\School-Management-De_migration\vendor\codeigniter4\framework\system\Boot.php(334): CodeIgniter\CodeIgniter->run()
#16 C:\xampp\htdocs\School-Management-De_migration\vendor\codeigniter4\framework\system\Boot.php(67): CodeIgniter\Boot::runCodeIgniter(Object(CodeIgniter\CodeIgniter))
#17 C:\xampp\htdocs\School-Management-De_migration\index.php(75): CodeIgniter\Boot::bootWeb(Object(Config\Paths))
#18 C:\xampp\htdocs\School-Management-De_migration\vendor\codeigniter4\framework\system\rewrite.php(44): require_once('C:\\xampp\\htdocs...')
#19 {main}
DEBUG - 2026-03-31 16:35:22 --> Session: Class initialized using 'CodeIgniter\Session\Handlers\FileHandler' driver.
DEBUG - 2026-03-31 16:35:23 --> Session: Class initialized using 'CodeIgniter\Session\Handlers\FileHandler' driver.
DEBUG - 2026-03-31 16:35:24 --> Total exams not yet taken calculated for school_id 110: 0
ERROR - 2026-03-31 16:35:25 --> mysqli_sql_exception: Table 'wayo_db.events' doesn't exist in C:\xampp\htdocs\School-Management-De_migration\vendor\codeigniter4\framework\system\Database\MySQLi\Connection.php:327
Stack trace:
#0 C:\xampp\htdocs\School-Management-De_migration\vendor\codeigniter4\framework\system\Database\MySQLi\Connection.php(327): mysqli->query('SELECT *\nFROM `...', 0)
#1 C:\xampp\htdocs\School-Management-De_migration\vendor\codeigniter4\framework\system\Database\BaseConnection.php(738): CodeIgniter\Database\MySQLi\Connection->execute('SELECT *\nFROM `...')
#2 C:\xampp\htdocs\School-Management-De_migration\vendor\codeigniter4\framework\system\Database\BaseConnection.php(652): CodeIgniter\Database\BaseConnection->simpleQuery('SELECT *\nFROM `...')
#3 C:\xampp\htdocs\School-Management-De_migration\vendor\codeigniter4\framework\system\Database\BaseBuilder.php(1649): CodeIgniter\Database\BaseConnection->query('SELECT *\nFROM `...', Array, false)
#4 C:\xampp\htdocs\School-Management-De_migration\app\Models\Crud_model.php(293): CodeIgniter\Database\BaseBuilder->get()
#5 C:\xampp\htdocs\School-Management-De_migration\app\Views\backend\student\dashboard\index.php(983): App\Models\Crud_model->get_current_month_events()
#6 C:\xampp\htdocs\School-Management-De_migration\app\Views\backend\index.php(145): include('C:\\xampp\\htdocs...')
#7 C:\xampp\htdocs\School-Management-De_migration\vendor\codeigniter4\framework\system\View\View.php(224): include('C:\\xampp\\htdocs...')
#8 C:\xampp\htdocs\School-Management-De_migration\vendor\codeigniter4\framework\system\View\View.php(227): CodeIgniter\View\View->CodeIgniter\View\{closure}()
#9 C:\xampp\htdocs\School-Management-De_migration\app\View\View.php(353): CodeIgniter\View\View->render('backend/index', Array, true)
#10 C:\xampp\htdocs\School-Management-De_migration\vendor\codeigniter4\framework\system\Common.php(1173): App\View\View->render('backend/index', Array, true)
#11 C:\xampp\htdocs\School-Management-De_migration\app\Controllers\Student.php(294): view('backend/index', Array)
#12 C:\xampp\htdocs\School-Management-De_migration\vendor\codeigniter4\framework\system\CodeIgniter.php(933): App\Controllers\Student->dashboard()
#13 C:\xampp\htdocs\School-Management-De_migration\vendor\codeigniter4\framework\system\CodeIgniter.php(507): CodeIgniter\CodeIgniter->runController(Object(App\Controllers\Student))
#14 C:\xampp\htdocs\School-Management-De_migration\vendor\codeigniter4\framework\system\CodeIgniter.php(354): CodeIgniter\CodeIgniter->handleRequest(NULL, Object(Config\Cache), false)
#15 C:\xampp\htdocs\School-Management-De_migration\vendor\codeigniter4\framework\system\Boot.php(334): CodeIgniter\CodeIgniter->run()
#16 C:\xampp\htdocs\School-Management-De_migration\vendor\codeigniter4\framework\system\Boot.php(67): CodeIgniter\Boot::runCodeIgniter(Object(CodeIgniter\CodeIgniter))
#17 C:\xampp\htdocs\School-Management-De_migration\index.php(75): CodeIgniter\Boot::bootWeb(Object(Config\Paths))
#18 C:\xampp\htdocs\School-Management-De_migration\vendor\codeigniter4\framework\system\rewrite.php(44): require_once('C:\\xampp\\htdocs...')
#19 {main}
DEBUG - 2026-03-31 16:53:27 --> Session: Class initialized using 'CodeIgniter\Session\Handlers\FileHandler' driver.
DEBUG - 2026-03-31 16:53:28 --> Session: Class initialized using 'CodeIgniter\Session\Handlers\FileHandler' driver.
DEBUG - 2026-03-31 16:53:29 --> Total exams not yet taken calculated for school_id 110: 0
ERROR - 2026-03-31 16:53:29 --> mysqli_sql_exception: Table 'wayo_db.events' doesn't exist in C:\xampp\htdocs\School-Management-De_migration\vendor\codeigniter4\framework\system\Database\MySQLi\Connection.php:327
Stack trace:
#0 C:\xampp\htdocs\School-Management-De_migration\vendor\codeigniter4\framework\system\Database\MySQLi\Connection.php(327): mysqli->query('SELECT *\nFROM `...', 0)
#1 C:\xampp\htdocs\School-Management-De_migration\vendor\codeigniter4\framework\system\Database\BaseConnection.php(738): CodeIgniter\Database\MySQLi\Connection->execute('SELECT *\nFROM `...')
#2 C:\xampp\htdocs\School-Management-De_migration\vendor\codeigniter4\framework\system\Database\BaseConnection.php(652): CodeIgniter\Database\BaseConnection->simpleQuery('SELECT *\nFROM `...')
#3 C:\xampp\htdocs\School-Management-De_migration\vendor\codeigniter4\framework\system\Database\BaseBuilder.php(1649): CodeIgniter\Database\BaseConnection->query('SELECT *\nFROM `...', Array, false)
#4 C:\xampp\htdocs\School-Management-De_migration\app\Models\Crud_model.php(293): CodeIgniter\Database\BaseBuilder->get()
#5 C:\xampp\htdocs\School-Management-De_migration\app\Views\backend\student\dashboard\index.php(983): App\Models\Crud_model->get_current_month_events()
#6 C:\xampp\htdocs\School-Management-De_migration\app\Views\backend\index.php(145): include('C:\\xampp\\htdocs...')
#7 C:\xampp\htdocs\School-Management-De_migration\vendor\codeigniter4\framework\system\View\View.php(224): include('C:\\xampp\\htdocs...')
#8 C:\xampp\htdocs\School-Management-De_migration\vendor\codeigniter4\framework\system\View\View.php(227): CodeIgniter\View\View->CodeIgniter\View\{closure}()
#9 C:\xampp\htdocs\School-Management-De_migration\app\View\View.php(353): CodeIgniter\View\View->render('backend/index', Array, true)
#10 C:\xampp\htdocs\School-Management-De_migration\vendor\codeigniter4\framework\system\Common.php(1173): App\View\View->render('backend/index', Array, true)
#11 C:\xampp\htdocs\School-Management-De_migration\app\Controllers\Student.php(294): view('backend/index', Array)
#12 C:\xampp\htdocs\School-Management-De_migration\vendor\codeigniter4\framework\system\CodeIgniter.php(933): App\Controllers\Student->dashboard()
#13 C:\xampp\htdocs\School-Management-De_migration\vendor\codeigniter4\framework\system\CodeIgniter.php(507): CodeIgniter\CodeIgniter->runController(Object(App\Controllers\Student))
#14 C:\xampp\htdocs\School-Management-De_migration\vendor\codeigniter4\framework\system\CodeIgniter.php(354): CodeIgniter\CodeIgniter->handleRequest(NULL, Object(Config\Cache), false)
#15 C:\xampp\htdocs\School-Management-De_migration\vendor\codeigniter4\framework\system\Boot.php(334): CodeIgniter\CodeIgniter->run()
#16 C:\xampp\htdocs\School-Management-De_migration\vendor\codeigniter4\framework\system\Boot.php(67): CodeIgniter\Boot::runCodeIgniter(Object(CodeIgniter\CodeIgniter))
#17 C:\xampp\htdocs\School-Management-De_migration\index.php(75): CodeIgniter\Boot::bootWeb(Object(Config\Paths))
#18 C:\xampp\htdocs\School-Management-De_migration\vendor\codeigniter4\framework\system\rewrite.php(44): require_once('C:\\xampp\\htdocs...')
#19 {main}
DEBUG - 2026-03-31 16:53:31 --> Session: Class initialized using 'CodeIgniter\Session\Handlers\FileHandler' driver.
DEBUG - 2026-03-31 16:53:31 --> Session: Class initialized using 'CodeIgniter\Session\Handlers\FileHandler' driver.
DEBUG - 2026-03-31 16:53:33 --> Total exams not yet taken calculated for school_id 110: 0
ERROR - 2026-03-31 16:53:34 --> mysqli_sql_exception: Table 'wayo_db.events' doesn't exist in C:\xampp\htdocs\School-Management-De_migration\vendor\codeigniter4\framework\system\Database\MySQLi\Connection.php:327
Stack trace:
#0 C:\xampp\htdocs\School-Management-De_migration\vendor\codeigniter4\framework\system\Database\MySQLi\Connection.php(327): mysqli->query('SELECT *\nFROM `...', 0)
#1 C:\xampp\htdocs\School-Management-De_migration\vendor\codeigniter4\framework\system\Database\BaseConnection.php(738): CodeIgniter\Database\MySQLi\Connection->execute('SELECT *\nFROM `...')
#2 C:\xampp\htdocs\School-Management-De_migration\vendor\codeigniter4\framework\system\Database\BaseConnection.php(652): CodeIgniter\Database\BaseConnection->simpleQuery('SELECT *\nFROM `...')
#3 C:\xampp\htdocs\School-Management-De_migration\vendor\codeigniter4\framework\system\Database\BaseBuilder.php(1649): CodeIgniter\Database\BaseConnection->query('SELECT *\nFROM `...', Array, false)
#4 C:\xampp\htdocs\School-Management-De_migration\app\Models\Crud_model.php(293): CodeIgniter\Database\BaseBuilder->get()
#5 C:\xampp\htdocs\School-Management-De_migration\app\Views\backend\student\dashboard\index.php(983): App\Models\Crud_model->get_current_month_events()
#6 C:\xampp\htdocs\School-Management-De_migration\app\Views\backend\index.php(145): include('C:\\xampp\\htdocs...')
#7 C:\xampp\htdocs\School-Management-De_migration\vendor\codeigniter4\framework\system\View\View.php(224): include('C:\\xampp\\htdocs...')
#8 C:\xampp\htdocs\School-Management-De_migration\vendor\codeigniter4\framework\system\View\View.php(227): CodeIgniter\View\View->CodeIgniter\View\{closure}()
#9 C:\xampp\htdocs\School-Management-De_migration\app\View\View.php(353): CodeIgniter\View\View->render('backend/index', Array, true)
#10 C:\xampp\htdocs\School-Management-De_migration\vendor\codeigniter4\framework\system\Common.php(1173): App\View\View->render('backend/index', Array, true)
#11 C:\xampp\htdocs\School-Management-De_migration\app\Controllers\Student.php(294): view('backend/index', Array)
#12 C:\xampp\htdocs\School-Management-De_migration\vendor\codeigniter4\framework\system\CodeIgniter.php(933): App\Controllers\Student->dashboard()
#13 C:\xampp\htdocs\School-Management-De_migration\vendor\codeigniter4\framework\system\CodeIgniter.php(507): CodeIgniter\CodeIgniter->runController(Object(App\Controllers\Student))
#14 C:\xampp\htdocs\School-Management-De_migration\vendor\codeigniter4\framework\system\CodeIgniter.php(354): CodeIgniter\CodeIgniter->handleRequest(NULL, Object(Config\Cache), false)
#15 C:\xampp\htdocs\School-Management-De_migration\vendor\codeigniter4\framework\system\Boot.php(334): CodeIgniter\CodeIgniter->run()
#16 C:\xampp\htdocs\School-Management-De_migration\vendor\codeigniter4\framework\system\Boot.php(67): CodeIgniter\Boot::runCodeIgniter(Object(CodeIgniter\CodeIgniter))
#17 C:\xampp\htdocs\School-Management-De_migration\index.php(75): CodeIgniter\Boot::bootWeb(Object(Config\Paths))
#18 C:\xampp\htdocs\School-Management-De_migration\vendor\codeigniter4\framework\system\rewrite.php(44): require_once('C:\\xampp\\htdocs...')
#19 {main}
DEBUG - 2026-03-31 16:53:41 --> Session: Class initialized using 'CodeIgniter\Session\Handlers\FileHandler' driver.
DEBUG - 2026-03-31 16:53:42 --> Session: Class initialized using 'CodeIgniter\Session\Handlers\FileHandler' driver.
DEBUG - 2026-03-31 16:53:44 --> Total exams not yet taken calculated for school_id 110: 0
ERROR - 2026-03-31 16:53:44 --> mysqli_sql_exception: Table 'wayo_db.events' doesn't exist in C:\xampp\htdocs\School-Management-De_migration\vendor\codeigniter4\framework\system\Database\MySQLi\Connection.php:327
Stack trace:
#0 C:\xampp\htdocs\School-Management-De_migration\vendor\codeigniter4\framework\system\Database\MySQLi\Connection.php(327): mysqli->query('SELECT *\nFROM `...', 0)
#1 C:\xampp\htdocs\School-Management-De_migration\vendor\codeigniter4\framework\system\Database\BaseConnection.php(738): CodeIgniter\Database\MySQLi\Connection->execute('SELECT *\nFROM `...')
#2 C:\xampp\htdocs\School-Management-De_migration\vendor\codeigniter4\framework\system\Database\BaseConnection.php(652): CodeIgniter\Database\BaseConnection->simpleQuery('SELECT *\nFROM `...')
#3 C:\xampp\htdocs\School-Management-De_migration\vendor\codeigniter4\framework\system\Database\BaseBuilder.php(1649): CodeIgniter\Database\BaseConnection->query('SELECT *\nFROM `...', Array, false)
#4 C:\xampp\htdocs\School-Management-De_migration\app\Models\Crud_model.php(293): CodeIgniter\Database\BaseBuilder->get()
#5 C:\xampp\htdocs\School-Management-De_migration\app\Views\backend\student\dashboard\index.php(983): App\Models\Crud_model->get_current_month_events()
#6 C:\xampp\htdocs\School-Management-De_migration\app\Views\backend\index.php(145): include('C:\\xampp\\htdocs...')
#7 C:\xampp\htdocs\School-Management-De_migration\vendor\codeigniter4\framework\system\View\View.php(224): include('C:\\xampp\\htdocs...')
#8 C:\xampp\htdocs\School-Management-De_migration\vendor\codeigniter4\framework\system\View\View.php(227): CodeIgniter\View\View->CodeIgniter\View\{closure}()
#9 C:\xampp\htdocs\School-Management-De_migration\app\View\View.php(353): CodeIgniter\View\View->render('backend/index', Array, true)
#10 C:\xampp\htdocs\School-Management-De_migration\vendor\codeigniter4\framework\system\Common.php(1173): App\View\View->render('backend/index', Array, true)
#11 C:\xampp\htdocs\School-Management-De_migration\app\Controllers\Student.php(294): view('backend/index', Array)
#12 C:\xampp\htdocs\School-Management-De_migration\vendor\codeigniter4\framework\system\CodeIgniter.php(933): App\Controllers\Student->dashboard()
#13 C:\xampp\htdocs\School-Management-De_migration\vendor\codeigniter4\framework\system\CodeIgniter.php(507): CodeIgniter\CodeIgniter->runController(Object(App\Controllers\Student))
#14 C:\xampp\htdocs\School-Management-De_migration\vendor\codeigniter4\framework\system\CodeIgniter.php(354): CodeIgniter\CodeIgniter->handleRequest(NULL, Object(Config\Cache), false)
#15 C:\xampp\htdocs\School-Management-De_migration\vendor\codeigniter4\framework\system\Boot.php(334): CodeIgniter\CodeIgniter->run()
#16 C:\xampp\htdocs\School-Management-De_migration\vendor\codeigniter4\framework\system\Boot.php(67): CodeIgniter\Boot::runCodeIgniter(Object(CodeIgniter\CodeIgniter))
#17 C:\xampp\htdocs\School-Management-De_migration\index.php(75): CodeIgniter\Boot::bootWeb(Object(Config\Paths))
#18 C:\xampp\htdocs\School-Management-De_migration\vendor\codeigniter4\framework\system\rewrite.php(44): require_once('C:\\xampp\\htdocs...')
#19 {main}
DEBUG - 2026-03-31 16:53:48 --> Session: Class initialized using 'CodeIgniter\Session\Handlers\FileHandler' driver.
DEBUG - 2026-03-31 16:53:49 --> Session: Class initialized using 'CodeIgniter\Session\Handlers\FileHandler' driver.
DEBUG - 2026-03-31 16:53:50 --> Total exams not yet taken calculated for school_id 110: 0
ERROR - 2026-03-31 16:53:51 --> mysqli_sql_exception: Table 'wayo_db.events' doesn't exist in C:\xampp\htdocs\School-Management-De_migration\vendor\codeigniter4\framework\system\Database\MySQLi\Connection.php:327
Stack trace:
#0 C:\xampp\htdocs\School-Management-De_migration\vendor\codeigniter4\framework\system\Database\MySQLi\Connection.php(327): mysqli->query('SELECT *\nFROM `...', 0)
#1 C:\xampp\htdocs\School-Management-De_migration\vendor\codeigniter4\framework\system\Database\BaseConnection.php(738): CodeIgniter\Database\MySQLi\Connection->execute('SELECT *\nFROM `...')
#2 C:\xampp\htdocs\School-Management-De_migration\vendor\codeigniter4\framework\system\Database\BaseConnection.php(652): CodeIgniter\Database\BaseConnection->simpleQuery('SELECT *\nFROM `...')
#3 C:\xampp\htdocs\School-Management-De_migration\vendor\codeigniter4\framework\system\Database\BaseBuilder.php(1649): CodeIgniter\Database\BaseConnection->query('SELECT *\nFROM `...', Array, false)
#4 C:\xampp\htdocs\School-Management-De_migration\app\Models\Crud_model.php(293): CodeIgniter\Database\BaseBuilder->get()
#5 C:\xampp\htdocs\School-Management-De_migration\app\Views\backend\student\dashboard\index.php(983): App\Models\Crud_model->get_current_month_events()
#6 C:\xampp\htdocs\School-Management-De_migration\app\Views\backend\index.php(145): include('C:\\xampp\\htdocs...')
#7 C:\xampp\htdocs\School-Management-De_migration\vendor\codeigniter4\framework\system\View\View.php(224): include('C:\\xampp\\htdocs...')
#8 C:\xampp\htdocs\School-Management-De_migration\vendor\codeigniter4\framework\system\View\View.php(227): CodeIgniter\View\View->CodeIgniter\View\{closure}()
#9 C:\xampp\htdocs\School-Management-De_migration\app\View\View.php(353): CodeIgniter\View\View->render('backend/index', Array, true)
#10 C:\xampp\htdocs\School-Management-De_migration\vendor\codeigniter4\framework\system\Common.php(1173): App\View\View->render('backend/index', Array, true)
#11 C:\xampp\htdocs\School-Management-De_migration\app\Controllers\Student.php(294): view('backend/index', Array)
#12 C:\xampp\htdocs\School-Management-De_migration\vendor\codeigniter4\framework\system\CodeIgniter.php(933): App\Controllers\Student->dashboard()
#13 C:\xampp\htdocs\School-Management-De_migration\vendor\codeigniter4\framework\system\CodeIgniter.php(507): CodeIgniter\CodeIgniter->runController(Object(App\Controllers\Student))
#14 C:\xampp\htdocs\School-Management-De_migration\vendor\codeigniter4\framework\system\CodeIgniter.php(354): CodeIgniter\CodeIgniter->handleRequest(NULL, Object(Config\Cache), false)
#15 C:\xampp\htdocs\School-Management-De_migration\vendor\codeigniter4\framework\system\Boot.php(334): CodeIgniter\CodeIgniter->run()
#16 C:\xampp\htdocs\School-Management-De_migration\vendor\codeigniter4\framework\system\Boot.php(67): CodeIgniter\Boot::runCodeIgniter(Object(CodeIgniter\CodeIgniter))
#17 C:\xampp\htdocs\School-Management-De_migration\index.php(75): CodeIgniter\Boot::bootWeb(Object(Config\Paths))
#18 C:\xampp\htdocs\School-Management-De_migration\vendor\codeigniter4\framework\system\rewrite.php(44): require_once('C:\\xampp\\htdocs...')
#19 {main}
DEBUG - 2026-03-31 16:55:43 --> Session: Class initialized using 'CodeIgniter\Session\Handlers\FileHandler' driver.
DEBUG - 2026-03-31 16:56:05 --> Session: Class initialized using 'CodeIgniter\Session\Handlers\FileHandler' driver.
DEBUG - 2026-03-31 16:56:08 --> Total exams not yet taken calculated for school_id 110: 0
ERROR - 2026-03-31 16:56:09 --> mysqli_sql_exception: Table 'wayo_db.events' doesn't exist in C:\xampp\htdocs\School-Management-De_migration\vendor\codeigniter4\framework\system\Database\MySQLi\Connection.php:327
Stack trace:
#0 C:\xampp\htdocs\School-Management-De_migration\vendor\codeigniter4\framework\system\Database\MySQLi\Connection.php(327): mysqli->query('SELECT *\nFROM `...', 0)
#1 C:\xampp\htdocs\School-Management-De_migration\vendor\codeigniter4\framework\system\Database\BaseConnection.php(738): CodeIgniter\Database\MySQLi\Connection->execute('SELECT *\nFROM `...')
#2 C:\xampp\htdocs\School-Management-De_migration\vendor\codeigniter4\framework\system\Database\BaseConnection.php(652): CodeIgniter\Database\BaseConnection->simpleQuery('SELECT *\nFROM `...')
#3 C:\xampp\htdocs\School-Management-De_migration\vendor\codeigniter4\framework\system\Database\BaseBuilder.php(1649): CodeIgniter\Database\BaseConnection->query('SELECT *\nFROM `...', Array, false)
#4 C:\xampp\htdocs\School-Management-De_migration\app\Models\Crud_model.php(293): CodeIgniter\Database\BaseBuilder->get()
#5 C:\xampp\htdocs\School-Management-De_migration\app\Views\backend\student\dashboard\index.php(983): App\Models\Crud_model->get_current_month_events()
#6 C:\xampp\htdocs\School-Management-De_migration\app\Views\backend\index.php(145): include('C:\\xampp\\htdocs...')
#7 C:\xampp\htdocs\School-Management-De_migration\vendor\codeigniter4\framework\system\View\View.php(224): include('C:\\xampp\\htdocs...')
#8 C:\xampp\htdocs\School-Management-De_migration\vendor\codeigniter4\framework\system\View\View.php(227): CodeIgniter\View\View->CodeIgniter\View\{closure}()
#9 C:\xampp\htdocs\School-Management-De_migration\app\View\View.php(353): CodeIgniter\View\View->render('backend/index', Array, true)
#10 C:\xampp\htdocs\School-Management-De_migration\vendor\codeigniter4\framework\system\Common.php(1173): App\View\View->render('backend/index', Array, true)
#11 C:\xampp\htdocs\School-Management-De_migration\app\Controllers\Student.php(294): view('backend/index', Array)
#12 C:\xampp\htdocs\School-Management-De_migration\vendor\codeigniter4\framework\system\CodeIgniter.php(933): App\Controllers\Student->dashboard()
#13 C:\xampp\htdocs\School-Management-De_migration\vendor\codeigniter4\framework\system\CodeIgniter.php(507): CodeIgniter\CodeIgniter->runController(Object(App\Controllers\Student))
#14 C:\xampp\htdocs\School-Management-De_migration\vendor\codeigniter4\framework\system\CodeIgniter.php(354): CodeIgniter\CodeIgniter->handleRequest(NULL, Object(Config\Cache), false)
#15 C:\xampp\htdocs\School-Management-De_migration\vendor\codeigniter4\framework\system\Boot.php(334): CodeIgniter\CodeIgniter->run()
#16 C:\xampp\htdocs\School-Management-De_migration\vendor\codeigniter4\framework\system\Boot.php(67): CodeIgniter\Boot::runCodeIgniter(Object(CodeIgniter\CodeIgniter))
#17 C:\xampp\htdocs\School-Management-De_migration\index.php(75): CodeIgniter\Boot::bootWeb(Object(Config\Paths))
#18 C:\xampp\htdocs\School-Management-De_migration\vendor\codeigniter4\framework\system\rewrite.php(44): require_once('C:\\xampp\\htdocs...')
#19 {main}
DEBUG - 2026-03-31 16:56:10 --> Session: Class initialized using 'CodeIgniter\Session\Handlers\FileHandler' driver.
DEBUG - 2026-03-31 16:56:13 --> Session: Class initialized using 'CodeIgniter\Session\Handlers\FileHandler' driver.
DEBUG - 2026-03-31 16:56:14 --> Session: Class initialized using 'CodeIgniter\Session\Handlers\FileHandler' driver.
DEBUG - 2026-03-31 16:56:14 --> Session: Class initialized using 'CodeIgniter\Session\Handlers\FileHandler' driver.
DEBUG - 2026-03-31 16:56:17 --> Session: Class initialized using 'CodeIgniter\Session\Handlers\FileHandler' driver.
DEBUG - 2026-03-31 16:56:18 --> Total exams not yet taken calculated for school_id 110: 0
ERROR - 2026-03-31 16:56:19 --> mysqli_sql_exception: Table 'wayo_db.events' doesn't exist in C:\xampp\htdocs\School-Management-De_migration\vendor\codeigniter4\framework\system\Database\MySQLi\Connection.php:327
Stack trace:
#0 C:\xampp\htdocs\School-Management-De_migration\vendor\codeigniter4\framework\system\Database\MySQLi\Connection.php(327): mysqli->query('SELECT *\nFROM `...', 0)
#1 C:\xampp\htdocs\School-Management-De_migration\vendor\codeigniter4\framework\system\Database\BaseConnection.php(738): CodeIgniter\Database\MySQLi\Connection->execute('SELECT *\nFROM `...')
#2 C:\xampp\htdocs\School-Management-De_migration\vendor\codeigniter4\framework\system\Database\BaseConnection.php(652): CodeIgniter\Database\BaseConnection->simpleQuery('SELECT *\nFROM `...')
#3 C:\xampp\htdocs\School-Management-De_migration\vendor\codeigniter4\framework\system\Database\BaseBuilder.php(1649): CodeIgniter\Database\BaseConnection->query('SELECT *\nFROM `...', Array, false)
#4 C:\xampp\htdocs\School-Management-De_migration\app\Models\Crud_model.php(293): CodeIgniter\Database\BaseBuilder->get()
#5 C:\xampp\htdocs\School-Management-De_migration\app\Views\backend\student\dashboard\index.php(983): App\Models\Crud_model->get_current_month_events()
#6 C:\xampp\htdocs\School-Management-De_migration\app\Views\backend\index.php(145): include('C:\\xampp\\htdocs...')
#7 C:\xampp\htdocs\School-Management-De_migration\vendor\codeigniter4\framework\system\View\View.php(224): include('C:\\xampp\\htdocs...')
#8 C:\xampp\htdocs\School-Management-De_migration\vendor\codeigniter4\framework\system\View\View.php(227): CodeIgniter\View\View->CodeIgniter\View\{closure}()
#9 C:\xampp\htdocs\School-Management-De_migration\app\View\View.php(353): CodeIgniter\View\View->render('backend/index', Array, true)
#10 C:\xampp\htdocs\School-Management-De_migration\vendor\codeigniter4\framework\system\Common.php(1173): App\View\View->render('backend/index', Array, true)
#11 C:\xampp\htdocs\School-Management-De_migration\app\Controllers\Student.php(294): view('backend/index', Array)
#12 C:\xampp\htdocs\School-Management-De_migration\vendor\codeigniter4\framework\system\CodeIgniter.php(933): App\Controllers\Student->dashboard()
#13 C:\xampp\htdocs\School-Management-De_migration\vendor\codeigniter4\framework\system\CodeIgniter.php(507): CodeIgniter\CodeIgniter->runController(Object(App\Controllers\Student))
#14 C:\xampp\htdocs\School-Management-De_migration\vendor\codeigniter4\framework\system\CodeIgniter.php(354): CodeIgniter\CodeIgniter->handleRequest(NULL, Object(Config\Cache), false)
#15 C:\xampp\htdocs\School-Management-De_migration\vendor\codeigniter4\framework\system\Boot.php(334): CodeIgniter\CodeIgniter->run()
#16 C:\xampp\htdocs\School-Management-De_migration\vendor\codeigniter4\framework\system\Boot.php(67): CodeIgniter\Boot::runCodeIgniter(Object(CodeIgniter\CodeIgniter))
#17 C:\xampp\htdocs\School-Management-De_migration\index.php(75): CodeIgniter\Boot::bootWeb(Object(Config\Paths))
#18 C:\xampp\htdocs\School-Management-De_migration\vendor\codeigniter4\framework\system\rewrite.php(44): require_once('C:\\xampp\\htdocs...')
#19 {main}
DEBUG - 2026-03-31 16:56:20 --> Session: Class initialized using 'CodeIgniter\Session\Handlers\FileHandler' driver.
DEBUG - 2026-03-31 16:56:23 --> Session: Class initialized using 'CodeIgniter\Session\Handlers\FileHandler' driver.
DEBUG - 2026-03-31 16:56:23 --> Session: Class initialized using 'CodeIgniter\Session\Handlers\FileHandler' driver.
DEBUG - 2026-03-31 16:56:23 --> Session: Class initialized using 'CodeIgniter\Session\Handlers\FileHandler' driver.
DEBUG - 2026-03-31 16:56:28 --> Session: Class initialized using 'CodeIgniter\Session\Handlers\FileHandler' driver.
DEBUG - 2026-03-31 16:56:29 --> Total exams not yet taken calculated for school_id 110: 0
DEBUG - 2026-03-31 16:56:31 --> Session: Class initialized using 'CodeIgniter\Session\Handlers\FileHandler' driver.
DEBUG - 2026-03-31 16:56:33 --> Session: Class initialized using 'CodeIgniter\Session\Handlers\FileHandler' driver.
DEBUG - 2026-03-31 16:56:33 --> Session: Class initialized using 'CodeIgniter\Session\Handlers\FileHandler' driver.
DEBUG - 2026-03-31 16:56:34 --> Session: Class initialized using 'CodeIgniter\Session\Handlers\FileHandler' driver.
DEBUG - 2026-03-31 16:56:38 --> Session: Class initialized using 'CodeIgniter\Session\Handlers\FileHandler' driver.
DEBUG - 2026-03-31 16:56:38 --> Session: Class initialized using 'CodeIgniter\Session\Handlers\FileHandler' driver.
DEBUG - 2026-03-31 16:56:39 --> Session: Class initialized using 'CodeIgniter\Session\Handlers\FileHandler' driver.
DEBUG - 2026-03-31 16:56:39 --> Session: Class initialized using 'CodeIgniter\Session\Handlers\FileHandler' driver.
DEBUG - 2026-03-31 16:56:39 --> Session: Class initialized using 'CodeIgniter\Session\Handlers\FileHandler' driver.
DEBUG - 2026-03-31 16:56:39 --> Session: Class initialized using 'CodeIgniter\Session\Handlers\FileHandler' driver.
DEBUG - 2026-03-31 16:56:50 --> Session: Class initialized using 'CodeIgniter\Session\Handlers\FileHandler' driver.
DEBUG - 2026-03-31 16:56:50 --> Session: Class initialized using 'CodeIgniter\Session\Handlers\FileHandler' driver.
DEBUG - 2026-03-31 16:56:50 --> Session: Class initialized using 'CodeIgniter\Session\Handlers\FileHandler' driver.
DEBUG - 2026-03-31 16:56:57 --> Session: Class initialized using 'CodeIgniter\Session\Handlers\FileHandler' driver.
DEBUG - 2026-03-31 16:56:58 --> Total exams not yet taken calculated for school_id 110: 0
DEBUG - 2026-03-31 16:56:59 --> Session: Class initialized using 'CodeIgniter\Session\Handlers\FileHandler' driver.
DEBUG - 2026-03-31 16:57:01 --> Session: Class initialized using 'CodeIgniter\Session\Handlers\FileHandler' driver.
DEBUG - 2026-03-31 16:57:03 --> Session: Class initialized using 'CodeIgniter\Session\Handlers\FileHandler' driver.
DEBUG - 2026-03-31 16:57:03 --> Session: Class initialized using 'CodeIgniter\Session\Handlers\FileHandler' driver.
DEBUG - 2026-03-31 16:57:04 --> Session: Class initialized using 'CodeIgniter\Session\Handlers\FileHandler' driver.
DEBUG - 2026-03-31 16:57:05 --> Session: Class initialized using 'CodeIgniter\Session\Handlers\FileHandler' driver.
DEBUG - 2026-03-31 16:57:06 --> Session: Class initialized using 'CodeIgniter\Session\Handlers\FileHandler' driver.
DEBUG - 2026-03-31 16:57:07 --> Session: Class initialized using 'CodeIgniter\Session\Handlers\FileHandler' driver.
DEBUG - 2026-03-31 16:57:08 --> Session: Class initialized using 'CodeIgniter\Session\Handlers\FileHandler' driver.
DEBUG - 2026-03-31 16:57:09 --> Session: Class initialized using 'CodeIgniter\Session\Handlers\FileHandler' driver.
DEBUG - 2026-03-31 17:06:50 --> Session: Class initialized using 'CodeIgniter\Session\Handlers\FileHandler' driver.
DEBUG - 2026-03-31 17:06:50 --> Session: Class initialized using 'CodeIgniter\Session\Handlers\FileHandler' driver.
DEBUG - 2026-03-31 17:11:03 --> Session: Class initialized using 'CodeIgniter\Session\Handlers\FileHandler' driver.
DEBUG - 2026-03-31 17:11:04 --> Session: Class initialized using 'CodeIgniter\Session\Handlers\FileHandler' driver.
DEBUG - 2026-03-31 17:11:20 --> Session: Class initialized using 'CodeIgniter\Session\Handlers\FileHandler' driver.
DEBUG - 2026-03-31 17:11:20 --> Session: Class initialized using 'CodeIgniter\Session\Handlers\FileHandler' driver.
DEBUG - 2026-03-31 17:13:33 --> Session: Class initialized using 'CodeIgniter\Session\Handlers\FileHandler' driver.
DEBUG - 2026-03-31 17:13:34 --> Total exams not yet taken calculated for school_id 1: 0
WARNING - 2026-03-31 17:13:34 --> [DEPRECATED] strtolower(): Passing null to parameter #1 ($string) of type string is deprecated in APPPATH\Views\backend\shared\trial_expired_modal.php on line 3.
 1 APPPATH\Views\backend\shared\trial_expired_modal.php(3): strtolower(null)
 2 APPPATH\Views\backend\admin\dashboard\index.php(2): include('C:\\xampp\\htdocs\\School-Management-De_migration\\app\\Views\\backend\\shared\\trial_expired_modal.php')
 3 APPPATH\Views\backend\index.php(145): include('C:\\xampp\\htdocs\\School-Management-De_migration\\app\\Views\\backend\\admin\\dashboard\\index.php')
 4 SYSTEMPATH\View\View.php(224): include('C:\\xampp\\htdocs\\School-Management-De_migration\\app\\Views\\backend\\index.php')
 5 SYSTEMPATH\View\View.php(227): CodeIgniter\View\View->CodeIgniter\View\{closure}()
 6 APPPATH\View\View.php(353): CodeIgniter\View\View->render('backend/index', [], true)
 7 SYSTEMPATH\Common.php(1173): App\View\View->render('backend/index', [], true)
 8 APPPATH\Controllers\Student.php(294): view('backend/index', [...])
 9 SYSTEMPATH\CodeIgniter.php(933): App\Controllers\Student->dashboard()
10 SYSTEMPATH\CodeIgniter.php(507): CodeIgniter\CodeIgniter->runController(Object(App\Controllers\Student))
11 SYSTEMPATH\CodeIgniter.php(354): CodeIgniter\CodeIgniter->handleRequest(null, Object(Config\Cache), false)
12 SYSTEMPATH\Boot.php(334): CodeIgniter\CodeIgniter->run()
13 SYSTEMPATH\Boot.php(67): CodeIgniter\Boot::runCodeIgniter(Object(CodeIgniter\CodeIgniter))
14 FCPATH\index.php(75): CodeIgniter\Boot::bootWeb(Object(Config\Paths))
15 SYSTEMPATH\rewrite.php(44): require_once('C:\\xampp\\htdocs\\School-Management-De_migration\\index.php')
WARNING - 2026-03-31 17:13:34 --> [DEPRECATED] strtolower(): Passing null to parameter #1 ($string) of type string is deprecated in APPPATH\Views\backend\shared\trial_expired_modal.php on line 4.
 1 APPPATH\Views\backend\shared\trial_expired_modal.php(4): strtolower(null)
 2 APPPATH\Views\backend\admin\dashboard\index.php(2): include('C:\\xampp\\htdocs\\School-Management-De_migration\\app\\Views\\backend\\shared\\trial_expired_modal.php')
 3 APPPATH\Views\backend\index.php(145): include('C:\\xampp\\htdocs\\School-Management-De_migration\\app\\Views\\backend\\admin\\dashboard\\index.php')
 4 SYSTEMPATH\View\View.php(224): include('C:\\xampp\\htdocs\\School-Management-De_migration\\app\\Views\\backend\\index.php')
 5 SYSTEMPATH\View\View.php(227): CodeIgniter\View\View->CodeIgniter\View\{closure}()
 6 APPPATH\View\View.php(353): CodeIgniter\View\View->render('backend/index', [], true)
 7 SYSTEMPATH\Common.php(1173): App\View\View->render('backend/index', [], true)
 8 APPPATH\Controllers\Student.php(294): view('backend/index', [...])
 9 SYSTEMPATH\CodeIgniter.php(933): App\Controllers\Student->dashboard()
10 SYSTEMPATH\CodeIgniter.php(507): CodeIgniter\CodeIgniter->runController(Object(App\Controllers\Student))
11 SYSTEMPATH\CodeIgniter.php(354): CodeIgniter\CodeIgniter->handleRequest(null, Object(Config\Cache), false)
12 SYSTEMPATH\Boot.php(334): CodeIgniter\CodeIgniter->run()
13 SYSTEMPATH\Boot.php(67): CodeIgniter\Boot::runCodeIgniter(Object(CodeIgniter\CodeIgniter))
14 FCPATH\index.php(75): CodeIgniter\Boot::bootWeb(Object(Config\Paths))
15 SYSTEMPATH\rewrite.php(44): require_once('C:\\xampp\\htdocs\\School-Management-De_migration\\index.php')
ERROR - 2026-03-31 17:13:34 --> mysqli_sql_exception: Table 'wayo_db.attendance' doesn't exist in C:\xampp\htdocs\School-Management-De_migration\vendor\codeigniter4\framework\system\Database\MySQLi\Connection.php:327
Stack trace:
#0 C:\xampp\htdocs\School-Management-De_migration\vendor\codeigniter4\framework\system\Database\MySQLi\Connection.php(327): mysqli->query('SELECT COUNT(*)...', 0)
#1 C:\xampp\htdocs\School-Management-De_migration\vendor\codeigniter4\framework\system\Database\BaseConnection.php(738): CodeIgniter\Database\MySQLi\Connection->execute('SELECT COUNT(*)...')
#2 C:\xampp\htdocs\School-Management-De_migration\vendor\codeigniter4\framework\system\Database\BaseConnection.php(652): CodeIgniter\Database\BaseConnection->simpleQuery('SELECT COUNT(*)...')
#3 C:\xampp\htdocs\School-Management-De_migration\vendor\codeigniter4\framework\system\Database\BaseBuilder.php(1733): CodeIgniter\Database\BaseConnection->query('SELECT COUNT(*)...', Array, false)
#4 C:\xampp\htdocs\School-Management-De_migration\app\Models\Crud_model.php(310): CodeIgniter\Database\BaseBuilder->countAllResults()
#5 C:\xampp\htdocs\School-Management-De_migration\app\Views\backend\admin\dashboard\index.php(666): App\Models\Crud_model->get_todays_attendance()
#6 C:\xampp\htdocs\School-Management-De_migration\app\Views\backend\index.php(145): include('C:\\xampp\\htdocs...')
#7 C:\xampp\htdocs\School-Management-De_migration\vendor\codeigniter4\framework\system\View\View.php(224): include('C:\\xampp\\htdocs...')
#8 C:\xampp\htdocs\School-Management-De_migration\vendor\codeigniter4\framework\system\View\View.php(227): CodeIgniter\View\View->CodeIgniter\View\{closure}()
#9 C:\xampp\htdocs\School-Management-De_migration\app\View\View.php(353): CodeIgniter\View\View->render('backend/index', Array, true)
#10 C:\xampp\htdocs\School-Management-De_migration\vendor\codeigniter4\framework\system\Common.php(1173): App\View\View->render('backend/index', Array, true)
#11 C:\xampp\htdocs\School-Management-De_migration\app\Controllers\Student.php(294): view('backend/index', Array)
#12 C:\xampp\htdocs\School-Management-De_migration\vendor\codeigniter4\framework\system\CodeIgniter.php(933): App\Controllers\Student->dashboard()
#13 C:\xampp\htdocs\School-Management-De_migration\vendor\codeigniter4\framework\system\CodeIgniter.php(507): CodeIgniter\CodeIgniter->runController(Object(App\Controllers\Student))
#14 C:\xampp\htdocs\School-Management-De_migration\vendor\codeigniter4\framework\system\CodeIgniter.php(354): CodeIgniter\CodeIgniter->handleRequest(NULL, Object(Config\Cache), false)
#15 C:\xampp\htdocs\School-Management-De_migration\vendor\codeigniter4\framework\system\Boot.php(334): CodeIgniter\CodeIgniter->run()
#16 C:\xampp\htdocs\School-Management-De_migration\vendor\codeigniter4\framework\system\Boot.php(67): CodeIgniter\Boot::runCodeIgniter(Object(CodeIgniter\CodeIgniter))
#17 C:\xampp\htdocs\School-Management-De_migration\index.php(75): CodeIgniter\Boot::bootWeb(Object(Config\Paths))
#18 C:\xampp\htdocs\School-Management-De_migration\vendor\codeigniter4\framework\system\rewrite.php(44): require_once('C:\\xampp\\htdocs...')
#19 {main}
ERROR - 2026-03-31 17:13:34 --> mysqli_sql_exception: Table 'wayo_db.attendance' doesn't exist in C:\xampp\htdocs\School-Management-De_migration\vendor\codeigniter4\framework\system\Database\MySQLi\Connection.php:327
Stack trace:
#0 C:\xampp\htdocs\School-Management-De_migration\vendor\codeigniter4\framework\system\Database\MySQLi\Connection.php(327): mysqli->query('SELECT COUNT(*)...', 0)
#1 C:\xampp\htdocs\School-Management-De_migration\vendor\codeigniter4\framework\system\Database\BaseConnection.php(738): CodeIgniter\Database\MySQLi\Connection->execute('SELECT COUNT(*)...')
#2 C:\xampp\htdocs\School-Management-De_migration\vendor\codeigniter4\framework\system\Database\BaseConnection.php(652): CodeIgniter\Database\BaseConnection->simpleQuery('SELECT COUNT(*)...')
#3 C:\xampp\htdocs\School-Management-De_migration\vendor\codeigniter4\framework\system\Database\BaseBuilder.php(1733): CodeIgniter\Database\BaseConnection->query('SELECT COUNT(*)...', Array, false)
#4 C:\xampp\htdocs\School-Management-De_migration\app\Models\Crud_model.php(310): CodeIgniter\Database\BaseBuilder->countAllResults()
#5 C:\xampp\htdocs\School-Management-De_migration\app\Views\backend\admin\dashboard\index.php(667): App\Models\Crud_model->get_todays_attendance()
#6 C:\xampp\htdocs\School-Management-De_migration\app\Views\backend\index.php(145): include('C:\\xampp\\htdocs...')
#7 C:\xampp\htdocs\School-Management-De_migration\vendor\codeigniter4\framework\system\View\View.php(224): include('C:\\xampp\\htdocs...')
#8 C:\xampp\htdocs\School-Management-De_migration\vendor\codeigniter4\framework\system\View\View.php(227): CodeIgniter\View\View->CodeIgniter\View\{closure}()
#9 C:\xampp\htdocs\School-Management-De_migration\app\View\View.php(353): CodeIgniter\View\View->render('backend/index', Array, true)
#10 C:\xampp\htdocs\School-Management-De_migration\vendor\codeigniter4\framework\system\Common.php(1173): App\View\View->render('backend/index', Array, true)
#11 C:\xampp\htdocs\School-Management-De_migration\app\Controllers\Student.php(294): view('backend/index', Array)
#12 C:\xampp\htdocs\School-Management-De_migration\vendor\codeigniter4\framework\system\CodeIgniter.php(933): App\Controllers\Student->dashboard()
#13 C:\xampp\htdocs\School-Management-De_migration\vendor\codeigniter4\framework\system\CodeIgniter.php(507): CodeIgniter\CodeIgniter->runController(Object(App\Controllers\Student))
#14 C:\xampp\htdocs\School-Management-De_migration\vendor\codeigniter4\framework\system\CodeIgniter.php(354): CodeIgniter\CodeIgniter->handleRequest(NULL, Object(Config\Cache), false)
#15 C:\xampp\htdocs\School-Management-De_migration\vendor\codeigniter4\framework\system\Boot.php(334): CodeIgniter\CodeIgniter->run()
#16 C:\xampp\htdocs\School-Management-De_migration\vendor\codeigniter4\framework\system\Boot.php(67): CodeIgniter\Boot::runCodeIgniter(Object(CodeIgniter\CodeIgniter))
#17 C:\xampp\htdocs\School-Management-De_migration\index.php(75): CodeIgniter\Boot::bootWeb(Object(Config\Paths))
#18 C:\xampp\htdocs\School-Management-De_migration\vendor\codeigniter4\framework\system\rewrite.php(44): require_once('C:\\xampp\\htdocs...')
#19 {main}
ERROR - 2026-03-31 17:13:34 --> mysqli_sql_exception: Table 'wayo_db.events' doesn't exist in C:\xampp\htdocs\School-Management-De_migration\vendor\codeigniter4\framework\system\Database\MySQLi\Connection.php:327
Stack trace:
#0 C:\xampp\htdocs\School-Management-De_migration\vendor\codeigniter4\framework\system\Database\MySQLi\Connection.php(327): mysqli->query('SELECT *\nFROM `...', 0)
#1 C:\xampp\htdocs\School-Management-De_migration\vendor\codeigniter4\framework\system\Database\BaseConnection.php(738): CodeIgniter\Database\MySQLi\Connection->execute('SELECT *\nFROM `...')
#2 C:\xampp\htdocs\School-Management-De_migration\vendor\codeigniter4\framework\system\Database\BaseConnection.php(652): CodeIgniter\Database\BaseConnection->simpleQuery('SELECT *\nFROM `...')
#3 C:\xampp\htdocs\School-Management-De_migration\vendor\codeigniter4\framework\system\Database\BaseBuilder.php(1649): CodeIgniter\Database\BaseConnection->query('SELECT *\nFROM `...', Array, false)
#4 C:\xampp\htdocs\School-Management-De_migration\app\Models\Crud_model.php(293): CodeIgniter\Database\BaseBuilder->get()
#5 C:\xampp\htdocs\School-Management-De_migration\app\Views\backend\admin\dashboard\index.php(681): App\Models\Crud_model->get_current_month_events()
#6 C:\xampp\htdocs\School-Management-De_migration\app\Views\backend\index.php(145): include('C:\\xampp\\htdocs...')
#7 C:\xampp\htdocs\School-Management-De_migration\vendor\codeigniter4\framework\system\View\View.php(224): include('C:\\xampp\\htdocs...')
#8 C:\xampp\htdocs\School-Management-De_migration\vendor\codeigniter4\framework\system\View\View.php(227): CodeIgniter\View\View->CodeIgniter\View\{closure}()
#9 C:\xampp\htdocs\School-Management-De_migration\app\View\View.php(353): CodeIgniter\View\View->render('backend/index', Array, true)
#10 C:\xampp\htdocs\School-Management-De_migration\vendor\codeigniter4\framework\system\Common.php(1173): App\View\View->render('backend/index', Array, true)
#11 C:\xampp\htdocs\School-Management-De_migration\app\Controllers\Student.php(294): view('backend/index', Array)
#12 C:\xampp\htdocs\School-Management-De_migration\vendor\codeigniter4\framework\system\CodeIgniter.php(933): App\Controllers\Student->dashboard()
#13 C:\xampp\htdocs\School-Management-De_migration\vendor\codeigniter4\framework\system\CodeIgniter.php(507): CodeIgniter\CodeIgniter->runController(Object(App\Controllers\Student))
#14 C:\xampp\htdocs\School-Management-De_migration\vendor\codeigniter4\framework\system\CodeIgniter.php(354): CodeIgniter\CodeIgniter->handleRequest(NULL, Object(Config\Cache), false)
#15 C:\xampp\htdocs\School-Management-De_migration\vendor\codeigniter4\framework\system\Boot.php(334): CodeIgniter\CodeIgniter->run()
#16 C:\xampp\htdocs\School-Management-De_migration\vendor\codeigniter4\framework\system\Boot.php(67): CodeIgniter\Boot::runCodeIgniter(Object(CodeIgniter\CodeIgniter))
#17 C:\xampp\htdocs\School-Management-De_migration\index.php(75): CodeIgniter\Boot::bootWeb(Object(Config\Paths))
#18 C:\xampp\htdocs\School-Management-De_migration\vendor\codeigniter4\framework\system\rewrite.php(44): require_once('C:\\xampp\\htdocs...')
#19 {main}
ERROR - 2026-03-31 17:13:34 --> mysqli_sql_exception: Table 'wayo_db.attendance' doesn't exist in C:\xampp\htdocs\School-Management-De_migration\vendor\codeigniter4\framework\system\Database\MySQLi\Connection.php:327
Stack trace:
#0 C:\xampp\htdocs\School-Management-De_migration\vendor\codeigniter4\framework\system\Database\MySQLi\Connection.php(327): mysqli->query('SELECT COUNT(*)...', 0)
#1 C:\xampp\htdocs\School-Management-De_migration\vendor\codeigniter4\framework\system\Database\BaseConnection.php(738): CodeIgniter\Database\MySQLi\Connection->execute('SELECT COUNT(*)...')
#2 C:\xampp\htdocs\School-Management-De_migration\vendor\codeigniter4\framework\system\Database\BaseConnection.php(652): CodeIgniter\Database\BaseConnection->simpleQuery('SELECT COUNT(*)...')
#3 C:\xampp\htdocs\School-Management-De_migration\vendor\codeigniter4\framework\system\Database\BaseBuilder.php(1733): CodeIgniter\Database\BaseConnection->query('SELECT COUNT(*)...', Array, false)
#4 C:\xampp\htdocs\School-Management-De_migration\app\Models\Crud_model.php(310): CodeIgniter\Database\BaseBuilder->countAllResults()
#5 C:\xampp\htdocs\School-Management-De_migration\app\Views\backend\admin\dashboard\index.php(696): App\Models\Crud_model->get_todays_attendance()
#6 C:\xampp\htdocs\School-Management-De_migration\app\Views\backend\index.php(145): include('C:\\xampp\\htdocs...')
#7 C:\xampp\htdocs\School-Management-De_migration\vendor\codeigniter4\framework\system\View\View.php(224): include('C:\\xampp\\htdocs...')
#8 C:\xampp\htdocs\School-Management-De_migration\vendor\codeigniter4\framework\system\View\View.php(227): CodeIgniter\View\View->CodeIgniter\View\{closure}()
#9 C:\xampp\htdocs\School-Management-De_migration\app\View\View.php(353): CodeIgniter\View\View->render('backend/index', Array, true)
#10 C:\xampp\htdocs\School-Management-De_migration\vendor\codeigniter4\framework\system\Common.php(1173): App\View\View->render('backend/index', Array, true)
#11 C:\xampp\htdocs\School-Management-De_migration\app\Controllers\Student.php(294): view('backend/index', Array)
#12 C:\xampp\htdocs\School-Management-De_migration\vendor\codeigniter4\framework\system\CodeIgniter.php(933): App\Controllers\Student->dashboard()
#13 C:\xampp\htdocs\School-Management-De_migration\vendor\codeigniter4\framework\system\CodeIgniter.php(507): CodeIgniter\CodeIgniter->runController(Object(App\Controllers\Student))
#14 C:\xampp\htdocs\School-Management-De_migration\vendor\codeigniter4\framework\system\CodeIgniter.php(354): CodeIgniter\CodeIgniter->handleRequest(NULL, Object(Config\Cache), false)
#15 C:\xampp\htdocs\School-Management-De_migration\vendor\codeigniter4\framework\system\Boot.php(334): CodeIgniter\CodeIgniter->run()
#16 C:\xampp\htdocs\School-Management-De_migration\vendor\codeigniter4\framework\system\Boot.php(67): CodeIgniter\Boot::runCodeIgniter(Object(CodeIgniter\CodeIgniter))
#17 C:\xampp\htdocs\School-Management-De_migration\index.php(75): CodeIgniter\Boot::bootWeb(Object(Config\Paths))
#18 C:\xampp\htdocs\School-Management-De_migration\vendor\codeigniter4\framework\system\rewrite.php(44): require_once('C:\\xampp\\htdocs...')
#19 {main}
ERROR - 2026-03-31 17:13:34 --> mysqli_sql_exception: Table 'wayo_db.events' doesn't exist in C:\xampp\htdocs\School-Management-De_migration\vendor\codeigniter4\framework\system\Database\MySQLi\Connection.php:327
Stack trace:
#0 C:\xampp\htdocs\School-Management-De_migration\vendor\codeigniter4\framework\system\Database\MySQLi\Connection.php(327): mysqli->query('SELECT *\nFROM `...', 0)
#1 C:\xampp\htdocs\School-Management-De_migration\vendor\codeigniter4\framework\system\Database\BaseConnection.php(738): CodeIgniter\Database\MySQLi\Connection->execute('SELECT *\nFROM `...')
#2 C:\xampp\htdocs\School-Management-De_migration\vendor\codeigniter4\framework\system\Database\BaseConnection.php(652): CodeIgniter\Database\BaseConnection->simpleQuery('SELECT *\nFROM `...')
#3 C:\xampp\htdocs\School-Management-De_migration\vendor\codeigniter4\framework\system\Database\BaseBuilder.php(1649): CodeIgniter\Database\BaseConnection->query('SELECT *\nFROM `...', Array, false)
#4 C:\xampp\htdocs\School-Management-De_migration\app\Models\Crud_model.php(293): CodeIgniter\Database\BaseBuilder->get()
#5 C:\xampp\htdocs\School-Management-De_migration\app\Views\backend\admin\dashboard\index.php(719): App\Models\Crud_model->get_current_month_events()
#6 C:\xampp\htdocs\School-Management-De_migration\app\Views\backend\index.php(145): include('C:\\xampp\\htdocs...')
#7 C:\xampp\htdocs\School-Management-De_migration\vendor\codeigniter4\framework\system\View\View.php(224): include('C:\\xampp\\htdocs...')
#8 C:\xampp\htdocs\School-Management-De_migration\vendor\codeigniter4\framework\system\View\View.php(227): CodeIgniter\View\View->CodeIgniter\View\{closure}()
#9 C:\xampp\htdocs\School-Management-De_migration\app\View\View.php(353): CodeIgniter\View\View->render('backend/index', Array, true)
#10 C:\xampp\htdocs\School-Management-De_migration\vendor\codeigniter4\framework\system\Common.php(1173): App\View\View->render('backend/index', Array, true)
#11 C:\xampp\htdocs\School-Management-De_migration\app\Controllers\Student.php(294): view('backend/index', Array)
#12 C:\xampp\htdocs\School-Management-De_migration\vendor\codeigniter4\framework\system\CodeIgniter.php(933): App\Controllers\Student->dashboard()
#13 C:\xampp\htdocs\School-Management-De_migration\vendor\codeigniter4\framework\system\CodeIgniter.php(507): CodeIgniter\CodeIgniter->runController(Object(App\Controllers\Student))
#14 C:\xampp\htdocs\School-Management-De_migration\vendor\codeigniter4\framework\system\CodeIgniter.php(354): CodeIgniter\CodeIgniter->handleRequest(NULL, Object(Config\Cache), false)
#15 C:\xampp\htdocs\School-Management-De_migration\vendor\codeigniter4\framework\system\Boot.php(334): CodeIgniter\CodeIgniter->run()
#16 C:\xampp\htdocs\School-Management-De_migration\vendor\codeigniter4\framework\system\Boot.php(67): CodeIgniter\Boot::runCodeIgniter(Object(CodeIgniter\CodeIgniter))
#17 C:\xampp\htdocs\School-Management-De_migration\index.php(75): CodeIgniter\Boot::bootWeb(Object(Config\Paths))
#18 C:\xampp\htdocs\School-Management-De_migration\vendor\codeigniter4\framework\system\rewrite.php(44): require_once('C:\\xampp\\htdocs...')
#19 {main}
DEBUG - 2026-03-31 17:13:35 --> Session: Class initialized using 'CodeIgniter\Session\Handlers\FileHandler' driver.
DEBUG - 2026-03-31 17:13:35 --> Session: Class initialized using 'CodeIgniter\Session\Handlers\FileHandler' driver.
DEBUG - 2026-03-31 17:13:35 --> Session: Class initialized using 'CodeIgniter\Session\Handlers\FileHandler' driver.
DEBUG - 2026-03-31 17:13:57 --> Session: Class initialized using 'CodeIgniter\Session\Handlers\FileHandler' driver.
DEBUG - 2026-03-31 17:19:01 --> Session: Class initialized using 'CodeIgniter\Session\Handlers\FileHandler' driver.
DEBUG - 2026-03-31 17:19:02 --> Session: Class initialized using 'CodeIgniter\Session\Handlers\FileHandler' driver.
DEBUG - 2026-03-31 17:19:29 --> Session: Class initialized using 'CodeIgniter\Session\Handlers\FileHandler' driver.
DEBUG - 2026-03-31 17:19:30 --> Session: Class initialized using 'CodeIgniter\Session\Handlers\FileHandler' driver.
CRITICAL - 2026-03-31 17:19:30 --> Error: Object of class Closure could not be converted to string
[Method: GET, Route: app/dashboard]
in APPPATH\Views\backend\index.php on line 16.
 1 SYSTEMPATH\View\View.php(224): include()
 2 SYSTEMPATH\View\View.php(227): CodeIgniter\View\View->CodeIgniter\View\{closure}()
 3 APPPATH\View\View.php(353): CodeIgniter\View\View->render('backend/index', [], true)
 4 SYSTEMPATH\Common.php(1173): App\View\View->render('backend/index', [], true)
 5 APPPATH\Controllers\Student.php(294): view('backend/index', [...])
 6 APPPATH\Config\Routes.php(288): App\Controllers\Student->dashboard()
 7 SYSTEMPATH\CodeIgniter.php(875): CodeIgniter\Router\RouteCollection::{closure}()
 8 SYSTEMPATH\CodeIgniter.php(494): CodeIgniter\CodeIgniter->startController()
 9 SYSTEMPATH\CodeIgniter.php(354): CodeIgniter\CodeIgniter->handleRequest(null, Object(Config\Cache), false)
10 SYSTEMPATH\Boot.php(334): CodeIgniter\CodeIgniter->run()
11 SYSTEMPATH\Boot.php(67): CodeIgniter\Boot::runCodeIgniter(Object(CodeIgniter\CodeIgniter))
12 FCPATH\index.php(75): CodeIgniter\Boot::bootWeb(Object(Config\Paths))
13 SYSTEMPATH\rewrite.php(44): require_once('C:\\xampp\\htdocs\\School-Management-De_migration\\index.php')
DEBUG - 2026-03-31 17:28:13 --> Session: Class initialized using 'CodeIgniter\Session\Handlers\FileHandler' driver.
DEBUG - 2026-03-31 17:28:13 --> Total exams not yet taken calculated for school_id 110: 0
ERROR - 2026-03-31 17:28:13 --> mysqli_sql_exception: Table 'wayo_db.events' doesn't exist in C:\xampp\htdocs\School-Management-De_migration\vendor\codeigniter4\framework\system\Database\MySQLi\Connection.php:327
Stack trace:
#0 C:\xampp\htdocs\School-Management-De_migration\vendor\codeigniter4\framework\system\Database\MySQLi\Connection.php(327): mysqli->query('SELECT *\nFROM `...', 0)
#1 C:\xampp\htdocs\School-Management-De_migration\vendor\codeigniter4\framework\system\Database\BaseConnection.php(738): CodeIgniter\Database\MySQLi\Connection->execute('SELECT *\nFROM `...')
#2 C:\xampp\htdocs\School-Management-De_migration\vendor\codeigniter4\framework\system\Database\BaseConnection.php(652): CodeIgniter\Database\BaseConnection->simpleQuery('SELECT *\nFROM `...')
#3 C:\xampp\htdocs\School-Management-De_migration\vendor\codeigniter4\framework\system\Database\BaseBuilder.php(1649): CodeIgniter\Database\BaseConnection->query('SELECT *\nFROM `...', Array, false)
#4 C:\xampp\htdocs\School-Management-De_migration\app\Models\Crud_model.php(293): CodeIgniter\Database\BaseBuilder->get()
#5 C:\xampp\htdocs\School-Management-De_migration\app\Views\backend\student\dashboard\index.php(983): App\Models\Crud_model->get_current_month_events()
#6 C:\xampp\htdocs\School-Management-De_migration\app\Views\backend\index.php(147): include('C:\\xampp\\htdocs...')
#7 C:\xampp\htdocs\School-Management-De_migration\vendor\codeigniter4\framework\system\View\View.php(224): include('C:\\xampp\\htdocs...')
#8 C:\xampp\htdocs\School-Management-De_migration\vendor\codeigniter4\framework\system\View\View.php(227): CodeIgniter\View\View->CodeIgniter\View\{closure}()
#9 C:\xampp\htdocs\School-Management-De_migration\app\View\View.php(353): CodeIgniter\View\View->render('backend/index', Array, true)
#10 C:\xampp\htdocs\School-Management-De_migration\vendor\codeigniter4\framework\system\Common.php(1173): App\View\View->render('backend/index', Array, true)
#11 C:\xampp\htdocs\School-Management-De_migration\app\Controllers\Student.php(294): view('backend/index', Array)
#12 C:\xampp\htdocs\School-Management-De_migration\app\Config\Routes.php(288): App\Controllers\Student->dashboard()
#13 C:\xampp\htdocs\School-Management-De_migration\vendor\codeigniter4\framework\system\CodeIgniter.php(875): CodeIgniter\Router\RouteCollection::{closure}()
#14 C:\xampp\htdocs\School-Management-De_migration\vendor\codeigniter4\framework\system\CodeIgniter.php(494): CodeIgniter\CodeIgniter->startController()
#15 C:\xampp\htdocs\School-Management-De_migration\vendor\codeigniter4\framework\system\CodeIgniter.php(354): CodeIgniter\CodeIgniter->handleRequest(NULL, Object(Config\Cache), false)
#16 C:\xampp\htdocs\School-Management-De_migration\vendor\codeigniter4\framework\system\Boot.php(334): CodeIgniter\CodeIgniter->run()
#17 C:\xampp\htdocs\School-Management-De_migration\vendor\codeigniter4\framework\system\Boot.php(67): CodeIgniter\Boot::runCodeIgniter(Object(CodeIgniter\CodeIgniter))
#18 C:\xampp\htdocs\School-Management-De_migration\index.php(75): CodeIgniter\Boot::bootWeb(Object(Config\Paths))
#19 C:\xampp\htdocs\School-Management-De_migration\vendor\codeigniter4\framework\system\rewrite.php(44): require_once('C:\\xampp\\htdocs...')
#20 {main}
DEBUG - 2026-03-31 17:28:33 --> Session: Class initialized using 'CodeIgniter\Session\Handlers\FileHandler' driver.
DEBUG - 2026-03-31 17:28:33 --> Session: Class initialized using 'CodeIgniter\Session\Handlers\FileHandler' driver.
DEBUG - 2026-03-31 17:28:33 --> Total exams not yet taken calculated for school_id 110: 0
DEBUG - 2026-03-31 17:34:28 --> Session: Class initialized using 'CodeIgniter\Session\Handlers\FileHandler' driver.
DEBUG - 2026-03-31 17:51:06 --> Session: Class initialized using 'CodeIgniter\Session\Handlers\FileHandler' driver.
DEBUG - 2026-03-31 17:51:06 --> Session: Class initialized using 'CodeIgniter\Session\Handlers\FileHandler' driver.
DEBUG - 2026-03-31 17:51:06 --> Session: Class initialized using 'CodeIgniter\Session\Handlers\FileHandler' driver.
DEBUG - 2026-03-31 17:51:06 --> Session: Class initialized using 'CodeIgniter\Session\Handlers\FileHandler' driver.
DEBUG - 2026-03-31 17:51:07 --> Total exams not yet taken calculated for school_id 110: 0
DEBUG - 2026-03-31 17:51:12 --> Session: Class initialized using 'CodeIgniter\Session\Handlers\FileHandler' driver.
DEBUG - 2026-03-31 17:51:12 --> Session: Class initialized using 'CodeIgniter\Session\Handlers\FileHandler' driver.
DEBUG - 2026-03-31 17:51:12 --> Total exams not yet taken calculated for school_id 110: 0
