DEBUG - 2026-04-06 09:16:35 --> Session: Class initialized using 'CodeIgniter\Session\Handlers\FileHandler' driver.
DEBUG - 2026-04-06 09:16:35 --> Session: Class initialized using 'CodeIgniter\Session\Handlers\FileHandler' driver.
DEBUG - 2026-04-06 09:19:51 --> Session: Class initialized using 'CodeIgniter\Session\Handlers\FileHandler' driver.
DEBUG - 2026-04-06 09:19:53 --> Session: Class initialized using 'CodeIgniter\Session\Handlers\FileHandler' driver.
DEBUG - 2026-04-06 09:19:53 --> Teacher construct - is_teacher: true, school_id: 112, method: GET
DEBUG - 2026-04-06 09:19:53 --> Teacher construct - school_id: 112, is_paid: 0, subscription_end: 0, now: 1775463593
DEBUG - 2026-04-06 09:19:53 --> Teacher construct - Access allowed for method 'GET' (no blocking conditions)
DEBUG - 2026-04-06 09:19:54 --> Total exams not yet taken calculated for school_id 112: 2
ERROR - 2026-04-06 09:19:55 --> Unknown column 'date' in 'where clause'
in SYSTEMPATH\Database\MySQLi\Connection.php on line 300.
 1 SYSTEMPATH\Database\MySQLi\Connection.php(300): mysqli->query('SELECT COUNT(*) AS `numrows`
FROM `daily_attendances`
WHERE `school_id` = \'112\'
AND `date` = \'2026-04-06\'', 0)
 2 SYSTEMPATH\Database\BaseConnection.php(910): CodeIgniter\Database\MySQLi\Connection->execute('SELECT COUNT(*) AS `numrows`
FROM `daily_attendances`
WHERE `school_id` = \'112\'
AND `date` = \'2026-04-06\'')
 3 SYSTEMPATH\Database\BaseConnection.php(827): CodeIgniter\Database\BaseConnection->simpleQuery('SELECT COUNT(*) AS `numrows`
FROM `daily_attendances`
WHERE `school_id` = \'112\'
AND `date` = \'2026-04-06\'')
 4 SYSTEMPATH\Database\BaseBuilder.php(1733): CodeIgniter\Database\BaseConnection->query('SELECT COUNT(*) AS `numrows`
FROM `daily_attendances`
WHERE `school_id` = :school_id:
AND `date` = :date:', [...], false)
 5 APPPATH\Models\Crud_model.php(310): CodeIgniter\Database\BaseBuilder->countAllResults()
 6 APPPATH\Views\backend\teacher\dashboard\index.php(568): App\Models\Crud_model->get_todays_attendance()
 7 APPPATH\Views\backend\index.php(147): include('C:\\xampp\\htdocs\\School-Management-De_migration\\app\\Views\\backend\\teacher\\dashboard\\index.php')
 8 SYSTEMPATH\View\View.php(240): include('C:\\xampp\\htdocs\\School-Management-De_migration\\app\\Views\\backend\\index.php')
 9 SYSTEMPATH\View\View.php(243): CodeIgniter\View\View->CodeIgniter\View\{closure}()
10 APPPATH\View\View.php(357): CodeIgniter\View\View->render('backend/index', [], true)
11 SYSTEMPATH\Common.php(1250): App\View\View->render('backend/index', [], true)
12 APPPATH\Controllers\Teacher.php(164): view('backend/index', [...])
13 APPPATH\Config\Routes.php(335): App\Controllers\Teacher->dashboard()
14 SYSTEMPATH\CodeIgniter.php(872): CodeIgniter\Router\RouteCollection::{closure}()
15 SYSTEMPATH\CodeIgniter.php(480): CodeIgniter\CodeIgniter->startController()
16 SYSTEMPATH\CodeIgniter.php(340): CodeIgniter\CodeIgniter->handleRequest(null, Object(Config\Cache), false)
17 SYSTEMPATH\Boot.php(417): CodeIgniter\CodeIgniter->run()
18 SYSTEMPATH\Boot.php(68): CodeIgniter\Boot::runCodeIgniter(Object(CodeIgniter\CodeIgniter))
19 FCPATH\index.php(75): CodeIgniter\Boot::bootWeb(Object(Config\Paths))
ERROR - 2026-04-06 09:19:55 --> Table 'wayo_db.events' doesn't exist
in SYSTEMPATH\Database\MySQLi\Connection.php on line 300.
 1 SYSTEMPATH\Database\MySQLi\Connection.php(300): mysqli->query('SELECT *
FROM `events`
WHERE `school_id` = \'112\'
AND `date` >= \'2026-04-01\'
AND `date` <= \'2026-04-30\'', 0)
 2 SYSTEMPATH\Database\BaseConnection.php(910): CodeIgniter\Database\MySQLi\Connection->execute('SELECT *
FROM `events`
WHERE `school_id` = \'112\'
AND `date` >= \'2026-04-01\'
AND `date` <= \'2026-04-30\'')
 3 SYSTEMPATH\Database\BaseConnection.php(827): CodeIgniter\Database\BaseConnection->simpleQuery('SELECT *
FROM `events`
WHERE `school_id` = \'112\'
AND `date` >= \'2026-04-01\'
AND `date` <= \'2026-04-30\'')
 4 SYSTEMPATH\Database\BaseBuilder.php(1649): CodeIgniter\Database\BaseConnection->query('SELECT *
FROM `events`
WHERE `school_id` = :school_id:
AND `date` >= :date:
AND `date` <= :date.1:', [...], false)
 5 APPPATH\Models\Crud_model.php(292): CodeIgniter\Database\BaseBuilder->get()
 6 APPPATH\Views\backend\teacher\dashboard\index.php(592): App\Models\Crud_model->get_current_month_events()
 7 APPPATH\Views\backend\index.php(147): include('C:\\xampp\\htdocs\\School-Management-De_migration\\app\\Views\\backend\\teacher\\dashboard\\index.php')
 8 SYSTEMPATH\View\View.php(240): include('C:\\xampp\\htdocs\\School-Management-De_migration\\app\\Views\\backend\\index.php')
 9 SYSTEMPATH\View\View.php(243): CodeIgniter\View\View->CodeIgniter\View\{closure}()
10 APPPATH\View\View.php(357): CodeIgniter\View\View->render('backend/index', [], true)
11 SYSTEMPATH\Common.php(1250): App\View\View->render('backend/index', [], true)
12 APPPATH\Controllers\Teacher.php(164): view('backend/index', [...])
13 APPPATH\Config\Routes.php(335): App\Controllers\Teacher->dashboard()
14 SYSTEMPATH\CodeIgniter.php(872): CodeIgniter\Router\RouteCollection::{closure}()
15 SYSTEMPATH\CodeIgniter.php(480): CodeIgniter\CodeIgniter->startController()
16 SYSTEMPATH\CodeIgniter.php(340): CodeIgniter\CodeIgniter->handleRequest(null, Object(Config\Cache), false)
17 SYSTEMPATH\Boot.php(417): CodeIgniter\CodeIgniter->run()
18 SYSTEMPATH\Boot.php(68): CodeIgniter\Boot::runCodeIgniter(Object(CodeIgniter\CodeIgniter))
19 FCPATH\index.php(75): CodeIgniter\Boot::bootWeb(Object(Config\Paths))
DEBUG - 2026-04-06 09:20:47 --> Session: Class initialized using 'CodeIgniter\Session\Handlers\FileHandler' driver.
DEBUG - 2026-04-06 09:20:49 --> Teacher construct - is_teacher: true, school_id: 112, method: GET
DEBUG - 2026-04-06 09:20:49 --> Teacher construct - school_id: 112, is_paid: 0, subscription_end: 0, now: 1775463649
DEBUG - 2026-04-06 09:20:49 --> Teacher construct - Access allowed for method 'GET' (no blocking conditions)
DEBUG - 2026-04-06 09:20:52 --> Total exams not yet taken calculated for school_id 112: 2
DEBUG - 2026-04-06 09:21:07 --> Session: Class initialized using 'CodeIgniter\Session\Handlers\FileHandler' driver.
DEBUG - 2026-04-06 09:21:07 --> Teacher construct - is_teacher: true, school_id: 112, method: GET
DEBUG - 2026-04-06 09:21:07 --> Teacher construct - school_id: 112, is_paid: 0, subscription_end: 0, now: 1775463667
DEBUG - 2026-04-06 09:21:07 --> Teacher construct - Access allowed for method 'GET' (no blocking conditions)
DEBUG - 2026-04-06 09:21:07 --> Session: Class initialized using 'CodeIgniter\Session\Handlers\FileHandler' driver.
DEBUG - 2026-04-06 09:21:08 --> Teacher construct - is_teacher: true, school_id: 112, method: GET
DEBUG - 2026-04-06 09:21:08 --> Teacher construct - school_id: 112, is_paid: 0, subscription_end: 0, now: 1775463668
DEBUG - 2026-04-06 09:21:08 --> Teacher construct - Access allowed for method 'GET' (no blocking conditions)
DEBUG - 2026-04-06 09:21:08 --> Session: Class initialized using 'CodeIgniter\Session\Handlers\FileHandler' driver.
DEBUG - 2026-04-06 09:21:08 --> Teacher construct - is_teacher: true, school_id: 112, method: GET
DEBUG - 2026-04-06 09:21:08 --> Teacher construct - school_id: 112, is_paid: 0, subscription_end: 0, now: 1775463668
DEBUG - 2026-04-06 09:21:08 --> Teacher construct - Access allowed for method 'GET' (no blocking conditions)
DEBUG - 2026-04-06 09:21:08 --> Session: Class initialized using 'CodeIgniter\Session\Handlers\FileHandler' driver.
DEBUG - 2026-04-06 09:21:09 --> Teacher construct - is_teacher: true, school_id: 112, method: GET
DEBUG - 2026-04-06 09:21:09 --> Teacher construct - school_id: 112, is_paid: 0, subscription_end: 0, now: 1775463669
DEBUG - 2026-04-06 09:21:09 --> Teacher construct - Access allowed for method 'GET' (no blocking conditions)
DEBUG - 2026-04-06 09:21:09 --> Session: Class initialized using 'CodeIgniter\Session\Handlers\FileHandler' driver.
DEBUG - 2026-04-06 09:21:10 --> Teacher construct - is_teacher: true, school_id: 112, method: GET
DEBUG - 2026-04-06 09:21:10 --> Teacher construct - school_id: 112, is_paid: 0, subscription_end: 0, now: 1775463670
DEBUG - 2026-04-06 09:21:10 --> Teacher construct - Access allowed for method 'GET' (no blocking conditions)
DEBUG - 2026-04-06 09:21:10 --> Session: Class initialized using 'CodeIgniter\Session\Handlers\FileHandler' driver.
DEBUG - 2026-04-06 09:21:11 --> Teacher construct - is_teacher: true, school_id: 112, method: GET
DEBUG - 2026-04-06 09:21:11 --> Teacher construct - school_id: 112, is_paid: 0, subscription_end: 0, now: 1775463671
DEBUG - 2026-04-06 09:21:11 --> Teacher construct - Access allowed for method 'GET' (no blocking conditions)
DEBUG - 2026-04-06 09:21:11 --> Session: Class initialized using 'CodeIgniter\Session\Handlers\FileHandler' driver.
DEBUG - 2026-04-06 09:21:14 --> Session: Class initialized using 'CodeIgniter\Session\Handlers\FileHandler' driver.
DEBUG - 2026-04-06 09:21:15 --> Session: Class initialized using 'CodeIgniter\Session\Handlers\FileHandler' driver.
DEBUG - 2026-04-06 09:21:16 --> Total exams not yet taken calculated for school_id 93: 0
ERROR - 2026-04-06 09:21:17 --> Unknown column 'date' in 'where clause'
in SYSTEMPATH\Database\MySQLi\Connection.php on line 300.
 1 SYSTEMPATH\Database\MySQLi\Connection.php(300): mysqli->query('SELECT COUNT(*) AS `numrows`
FROM `daily_attendances`
WHERE `school_id` = \'93\'
AND `date` = \'2026-04-06\'', 0)
 2 SYSTEMPATH\Database\BaseConnection.php(910): CodeIgniter\Database\MySQLi\Connection->execute('SELECT COUNT(*) AS `numrows`
FROM `daily_attendances`
WHERE `school_id` = \'93\'
AND `date` = \'2026-04-06\'')
 3 SYSTEMPATH\Database\BaseConnection.php(827): CodeIgniter\Database\BaseConnection->simpleQuery('SELECT COUNT(*) AS `numrows`
FROM `daily_attendances`
WHERE `school_id` = \'93\'
AND `date` = \'2026-04-06\'')
 4 SYSTEMPATH\Database\BaseBuilder.php(1733): CodeIgniter\Database\BaseConnection->query('SELECT COUNT(*) AS `numrows`
FROM `daily_attendances`
WHERE `school_id` = :school_id:
AND `date` = :date:', [...], false)
 5 APPPATH\Models\Crud_model.php(310): CodeIgniter\Database\BaseBuilder->countAllResults()
 6 APPPATH\Views\backend\admin\dashboard\index.php(666): App\Models\Crud_model->get_todays_attendance()
 7 APPPATH\Views\backend\index.php(147): include('C:\\xampp\\htdocs\\School-Management-De_migration\\app\\Views\\backend\\admin\\dashboard\\index.php')
 8 SYSTEMPATH\View\View.php(240): include('C:\\xampp\\htdocs\\School-Management-De_migration\\app\\Views\\backend\\index.php')
 9 SYSTEMPATH\View\View.php(243): CodeIgniter\View\View->CodeIgniter\View\{closure}()
10 APPPATH\View\View.php(357): CodeIgniter\View\View->render('backend/index', [], true)
11 SYSTEMPATH\Common.php(1250): App\View\View->render('backend/index', [], true)
12 APPPATH\Controllers\Admin.php(108): view('backend/index', [...])
13 APPPATH\Config\Routes.php(335): App\Controllers\Admin->dashboard()
14 SYSTEMPATH\CodeIgniter.php(872): CodeIgniter\Router\RouteCollection::{closure}()
15 SYSTEMPATH\CodeIgniter.php(480): CodeIgniter\CodeIgniter->startController()
16 SYSTEMPATH\CodeIgniter.php(340): CodeIgniter\CodeIgniter->handleRequest(null, Object(Config\Cache), false)
17 SYSTEMPATH\Boot.php(417): CodeIgniter\CodeIgniter->run()
18 SYSTEMPATH\Boot.php(68): CodeIgniter\Boot::runCodeIgniter(Object(CodeIgniter\CodeIgniter))
19 FCPATH\index.php(75): CodeIgniter\Boot::bootWeb(Object(Config\Paths))
ERROR - 2026-04-06 09:21:17 --> Unknown column 'date' in 'where clause'
in SYSTEMPATH\Database\MySQLi\Connection.php on line 300.
 1 SYSTEMPATH\Database\MySQLi\Connection.php(300): mysqli->query('SELECT COUNT(*) AS `numrows`
FROM `daily_attendances`
WHERE `school_id` = \'93\'
AND `date` = \'2026-04-06\'', 0)
 2 SYSTEMPATH\Database\BaseConnection.php(910): CodeIgniter\Database\MySQLi\Connection->execute('SELECT COUNT(*) AS `numrows`
FROM `daily_attendances`
WHERE `school_id` = \'93\'
AND `date` = \'2026-04-06\'')
 3 SYSTEMPATH\Database\BaseConnection.php(827): CodeIgniter\Database\BaseConnection->simpleQuery('SELECT COUNT(*) AS `numrows`
FROM `daily_attendances`
WHERE `school_id` = \'93\'
AND `date` = \'2026-04-06\'')
 4 SYSTEMPATH\Database\BaseBuilder.php(1733): CodeIgniter\Database\BaseConnection->query('SELECT COUNT(*) AS `numrows`
FROM `daily_attendances`
WHERE `school_id` = :school_id:
AND `date` = :date:', [...], false)
 5 APPPATH\Models\Crud_model.php(310): CodeIgniter\Database\BaseBuilder->countAllResults()
 6 APPPATH\Views\backend\admin\dashboard\index.php(667): App\Models\Crud_model->get_todays_attendance()
 7 APPPATH\Views\backend\index.php(147): include('C:\\xampp\\htdocs\\School-Management-De_migration\\app\\Views\\backend\\admin\\dashboard\\index.php')
 8 SYSTEMPATH\View\View.php(240): include('C:\\xampp\\htdocs\\School-Management-De_migration\\app\\Views\\backend\\index.php')
 9 SYSTEMPATH\View\View.php(243): CodeIgniter\View\View->CodeIgniter\View\{closure}()
10 APPPATH\View\View.php(357): CodeIgniter\View\View->render('backend/index', [], true)
11 SYSTEMPATH\Common.php(1250): App\View\View->render('backend/index', [], true)
12 APPPATH\Controllers\Admin.php(108): view('backend/index', [...])
13 APPPATH\Config\Routes.php(335): App\Controllers\Admin->dashboard()
14 SYSTEMPATH\CodeIgniter.php(872): CodeIgniter\Router\RouteCollection::{closure}()
15 SYSTEMPATH\CodeIgniter.php(480): CodeIgniter\CodeIgniter->startController()
16 SYSTEMPATH\CodeIgniter.php(340): CodeIgniter\CodeIgniter->handleRequest(null, Object(Config\Cache), false)
17 SYSTEMPATH\Boot.php(417): CodeIgniter\CodeIgniter->run()
18 SYSTEMPATH\Boot.php(68): CodeIgniter\Boot::runCodeIgniter(Object(CodeIgniter\CodeIgniter))
19 FCPATH\index.php(75): CodeIgniter\Boot::bootWeb(Object(Config\Paths))
ERROR - 2026-04-06 09:21:17 --> Table 'wayo_db.events' doesn't exist
in SYSTEMPATH\Database\MySQLi\Connection.php on line 300.
 1 SYSTEMPATH\Database\MySQLi\Connection.php(300): mysqli->query('SELECT *
FROM `events`
WHERE `school_id` = \'93\'
AND `date` >= \'2026-04-01\'
AND `date` <= \'2026-04-30\'', 0)
 2 SYSTEMPATH\Database\BaseConnection.php(910): CodeIgniter\Database\MySQLi\Connection->execute('SELECT *
FROM `events`
WHERE `school_id` = \'93\'
AND `date` >= \'2026-04-01\'
AND `date` <= \'2026-04-30\'')
 3 SYSTEMPATH\Database\BaseConnection.php(827): CodeIgniter\Database\BaseConnection->simpleQuery('SELECT *
FROM `events`
WHERE `school_id` = \'93\'
AND `date` >= \'2026-04-01\'
AND `date` <= \'2026-04-30\'')
 4 SYSTEMPATH\Database\BaseBuilder.php(1649): CodeIgniter\Database\BaseConnection->query('SELECT *
FROM `events`
WHERE `school_id` = :school_id:
AND `date` >= :date:
AND `date` <= :date.1:', [...], false)
 5 APPPATH\Models\Crud_model.php(292): CodeIgniter\Database\BaseBuilder->get()
 6 APPPATH\Views\backend\admin\dashboard\index.php(681): App\Models\Crud_model->get_current_month_events()
 7 APPPATH\Views\backend\index.php(147): include('C:\\xampp\\htdocs\\School-Management-De_migration\\app\\Views\\backend\\admin\\dashboard\\index.php')
 8 SYSTEMPATH\View\View.php(240): include('C:\\xampp\\htdocs\\School-Management-De_migration\\app\\Views\\backend\\index.php')
 9 SYSTEMPATH\View\View.php(243): CodeIgniter\View\View->CodeIgniter\View\{closure}()
10 APPPATH\View\View.php(357): CodeIgniter\View\View->render('backend/index', [], true)
11 SYSTEMPATH\Common.php(1250): App\View\View->render('backend/index', [], true)
12 APPPATH\Controllers\Admin.php(108): view('backend/index', [...])
13 APPPATH\Config\Routes.php(335): App\Controllers\Admin->dashboard()
14 SYSTEMPATH\CodeIgniter.php(872): CodeIgniter\Router\RouteCollection::{closure}()
15 SYSTEMPATH\CodeIgniter.php(480): CodeIgniter\CodeIgniter->startController()
16 SYSTEMPATH\CodeIgniter.php(340): CodeIgniter\CodeIgniter->handleRequest(null, Object(Config\Cache), false)
17 SYSTEMPATH\Boot.php(417): CodeIgniter\CodeIgniter->run()
18 SYSTEMPATH\Boot.php(68): CodeIgniter\Boot::runCodeIgniter(Object(CodeIgniter\CodeIgniter))
19 FCPATH\index.php(75): CodeIgniter\Boot::bootWeb(Object(Config\Paths))
ERROR - 2026-04-06 09:21:17 --> Unknown column 'date' in 'where clause'
in SYSTEMPATH\Database\MySQLi\Connection.php on line 300.
 1 SYSTEMPATH\Database\MySQLi\Connection.php(300): mysqli->query('SELECT COUNT(*) AS `numrows`
FROM `daily_attendances`
WHERE `school_id` = \'93\'
AND `date` = \'2026-04-06\'', 0)
 2 SYSTEMPATH\Database\BaseConnection.php(910): CodeIgniter\Database\MySQLi\Connection->execute('SELECT COUNT(*) AS `numrows`
FROM `daily_attendances`
WHERE `school_id` = \'93\'
AND `date` = \'2026-04-06\'')
 3 SYSTEMPATH\Database\BaseConnection.php(827): CodeIgniter\Database\BaseConnection->simpleQuery('SELECT COUNT(*) AS `numrows`
FROM `daily_attendances`
WHERE `school_id` = \'93\'
AND `date` = \'2026-04-06\'')
 4 SYSTEMPATH\Database\BaseBuilder.php(1733): CodeIgniter\Database\BaseConnection->query('SELECT COUNT(*) AS `numrows`
FROM `daily_attendances`
WHERE `school_id` = :school_id:
AND `date` = :date:', [...], false)
 5 APPPATH\Models\Crud_model.php(310): CodeIgniter\Database\BaseBuilder->countAllResults()
 6 APPPATH\Views\backend\admin\dashboard\index.php(696): App\Models\Crud_model->get_todays_attendance()
 7 APPPATH\Views\backend\index.php(147): include('C:\\xampp\\htdocs\\School-Management-De_migration\\app\\Views\\backend\\admin\\dashboard\\index.php')
 8 SYSTEMPATH\View\View.php(240): include('C:\\xampp\\htdocs\\School-Management-De_migration\\app\\Views\\backend\\index.php')
 9 SYSTEMPATH\View\View.php(243): CodeIgniter\View\View->CodeIgniter\View\{closure}()
10 APPPATH\View\View.php(357): CodeIgniter\View\View->render('backend/index', [], true)
11 SYSTEMPATH\Common.php(1250): App\View\View->render('backend/index', [], true)
12 APPPATH\Controllers\Admin.php(108): view('backend/index', [...])
13 APPPATH\Config\Routes.php(335): App\Controllers\Admin->dashboard()
14 SYSTEMPATH\CodeIgniter.php(872): CodeIgniter\Router\RouteCollection::{closure}()
15 SYSTEMPATH\CodeIgniter.php(480): CodeIgniter\CodeIgniter->startController()
16 SYSTEMPATH\CodeIgniter.php(340): CodeIgniter\CodeIgniter->handleRequest(null, Object(Config\Cache), false)
17 SYSTEMPATH\Boot.php(417): CodeIgniter\CodeIgniter->run()
18 SYSTEMPATH\Boot.php(68): CodeIgniter\Boot::runCodeIgniter(Object(CodeIgniter\CodeIgniter))
19 FCPATH\index.php(75): CodeIgniter\Boot::bootWeb(Object(Config\Paths))
ERROR - 2026-04-06 09:21:17 --> Table 'wayo_db.events' doesn't exist
in SYSTEMPATH\Database\MySQLi\Connection.php on line 300.
 1 SYSTEMPATH\Database\MySQLi\Connection.php(300): mysqli->query('SELECT *
FROM `events`
WHERE `school_id` = \'93\'
AND `date` >= \'2026-04-01\'
AND `date` <= \'2026-04-30\'', 0)
 2 SYSTEMPATH\Database\BaseConnection.php(910): CodeIgniter\Database\MySQLi\Connection->execute('SELECT *
FROM `events`
WHERE `school_id` = \'93\'
AND `date` >= \'2026-04-01\'
AND `date` <= \'2026-04-30\'')
 3 SYSTEMPATH\Database\BaseConnection.php(827): CodeIgniter\Database\BaseConnection->simpleQuery('SELECT *
FROM `events`
WHERE `school_id` = \'93\'
AND `date` >= \'2026-04-01\'
AND `date` <= \'2026-04-30\'')
 4 SYSTEMPATH\Database\BaseBuilder.php(1649): CodeIgniter\Database\BaseConnection->query('SELECT *
FROM `events`
WHERE `school_id` = :school_id:
AND `date` >= :date:
AND `date` <= :date.1:', [...], false)
 5 APPPATH\Models\Crud_model.php(292): CodeIgniter\Database\BaseBuilder->get()
 6 APPPATH\Views\backend\admin\dashboard\index.php(719): App\Models\Crud_model->get_current_month_events()
 7 APPPATH\Views\backend\index.php(147): include('C:\\xampp\\htdocs\\School-Management-De_migration\\app\\Views\\backend\\admin\\dashboard\\index.php')
 8 SYSTEMPATH\View\View.php(240): include('C:\\xampp\\htdocs\\School-Management-De_migration\\app\\Views\\backend\\index.php')
 9 SYSTEMPATH\View\View.php(243): CodeIgniter\View\View->CodeIgniter\View\{closure}()
10 APPPATH\View\View.php(357): CodeIgniter\View\View->render('backend/index', [], true)
11 SYSTEMPATH\Common.php(1250): App\View\View->render('backend/index', [], true)
12 APPPATH\Controllers\Admin.php(108): view('backend/index', [...])
13 APPPATH\Config\Routes.php(335): App\Controllers\Admin->dashboard()
14 SYSTEMPATH\CodeIgniter.php(872): CodeIgniter\Router\RouteCollection::{closure}()
15 SYSTEMPATH\CodeIgniter.php(480): CodeIgniter\CodeIgniter->startController()
16 SYSTEMPATH\CodeIgniter.php(340): CodeIgniter\CodeIgniter->handleRequest(null, Object(Config\Cache), false)
17 SYSTEMPATH\Boot.php(417): CodeIgniter\CodeIgniter->run()
18 SYSTEMPATH\Boot.php(68): CodeIgniter\Boot::runCodeIgniter(Object(CodeIgniter\CodeIgniter))
19 FCPATH\index.php(75): CodeIgniter\Boot::bootWeb(Object(Config\Paths))
DEBUG - 2026-04-06 09:21:25 --> Session: Class initialized using 'CodeIgniter\Session\Handlers\FileHandler' driver.
DEBUG - 2026-04-06 09:21:25 --> calendar() called - admin_login: true, user_type: 'admin', session_id: 'aa2ae60e3c76cfdb39e9ccf67f33b7c4', all_session: array (
  '__ci_last_regenerate' => 1775463394,
  '_ci_previous_url' => 'http://localhost/School-Management-De_migration/app/dashboard',
  'user' => 
  (object) array(
     'id' => '266',
     'name' => 'ds55uuuuuuu5qdf55sf sdfsf',
     'email' => 'fattahallam1949@gmail.com',
     'humhub_id' => NULL,
     'password' => 'f7c3bc1d808e04732adf679965ccc34ca7ae3441',
     'role' => 'teacher',
     'address' => 'sdfsfffffffffffffffffffff00',
     'Rue' => 'sqdsqdqd',
     'Numero' => '454545',
     'Ville' => 'casablanca',
     'Codepostal' => '20600',
     'num_vat' => '56555656',
     'phone' => '06058855663',
     'remember_token' => NULL,
     'birthday' => '2024-10-31',
     'gender' => 'Male',
     'school_id' => '112',
     'authentication_key' => NULL,
     'watch_history' => '[{"lesson_id":"113","progress":"1"},{"lesson_id":"110","progress":"1"},{"lesson_id":"111","progress":"1"},{"lesson_id":"112","progress":"1"},{"lesson_id":"114","progress":"1"},{"lesson_id":"116","progress":"1"},{"lesson_id":"115","progress":"1"},{"lesson_id":"71","progress":"1"},{"lesson_id":"159","progress":"1"}]',
     'status' => '1',
     'reset_token' => NULL,
     'reset_expires_at' => NULL,
     'created_date' => '2025-05-15 14:27:15',
     'updated_date' => '2026-04-01 16:02:52',
     'language' => 'english',
     'kb_account_id_perso' => NULL,
     'kb_external_key_perso' => NULL,
  ),
  'password' => '123456789',
  'user_login_type' => true,
  'active_school_id' => '93',
  'school_id' => '93',
  'teacher_login' => false,
  'user_id' => '266',
  'user_name' => 'ds55uuuuuuu5qdf55sf sdfsf',
  'user_type' => 'admin',
  'role' => 'admin',
  'language' => 'english',
  'lang_code' => 'en',
  'superadmin_login' => false,
  'student_login' => false,
  'admin_login' => true,
  'accountant_login' => false,
  'librarian_login' => false,
  'driver_login' => false,
  'parent_login' => false,
)
DEBUG - 2026-04-06 09:21:26 --> Total exams not yet taken calculated for school_id 93: 0
DEBUG - 2026-04-06 09:21:33 --> Session: Class initialized using 'CodeIgniter\Session\Handlers\FileHandler' driver.
DEBUG - 2026-04-06 09:21:33 --> get_events() called - admin_login: true
DEBUG - 2026-04-06 09:21:35 --> Session: Class initialized using 'CodeIgniter\Session\Handlers\FileHandler' driver.
DEBUG - 2026-04-06 09:21:35 --> Session: Class initialized using 'CodeIgniter\Session\Handlers\FileHandler' driver.
DEBUG - 2026-04-06 09:21:35 --> get_events() called - admin_login: true
DEBUG - 2026-04-06 09:21:35 --> Session: Class initialized using 'CodeIgniter\Session\Handlers\FileHandler' driver.
DEBUG - 2026-04-06 09:21:36 --> get_events() called - admin_login: true
DEBUG - 2026-04-06 09:21:36 --> Session: Class initialized using 'CodeIgniter\Session\Handlers\FileHandler' driver.
DEBUG - 2026-04-06 09:21:43 --> Session: Class initialized using 'CodeIgniter\Session\Handlers\FileHandler' driver.
DEBUG - 2026-04-06 09:21:44 --> Total exams not yet taken calculated for school_id 93: 0
DEBUG - 2026-04-06 09:21:49 --> Session: Class initialized using 'CodeIgniter\Session\Handlers\FileHandler' driver.
DEBUG - 2026-04-06 09:21:57 --> Session: Class initialized using 'CodeIgniter\Session\Handlers\FileHandler' driver.
WARNING - 2026-04-06 09:21:58 --> [DEPRECATED] htmlspecialchars(): Passing null to parameter #1 ($string) of type string is deprecated in APPPATH\Controllers\Admin.php on line 1496.
 1 APPPATH\Controllers\Admin.php(1496): htmlspecialchars(null)
 2 APPPATH\Config\Routes.php(556): App\Controllers\Admin->attendance('student')
 3 APPPATH\Config\Routes.php(568): CodeIgniter\Router\RouteCollection::{closure}('attendance/student')
 4 SYSTEMPATH\CodeIgniter.php(872): CodeIgniter\Router\RouteCollection::{closure}('attendance/student')
 5 SYSTEMPATH\CodeIgniter.php(480): CodeIgniter\CodeIgniter->startController()
 6 SYSTEMPATH\CodeIgniter.php(340): CodeIgniter\CodeIgniter->handleRequest(null, Object(Config\Cache), false)
 7 SYSTEMPATH\Boot.php(417): CodeIgniter\CodeIgniter->run()
 8 SYSTEMPATH\Boot.php(68): CodeIgniter\Boot::runCodeIgniter(Object(CodeIgniter\CodeIgniter))
 9 FCPATH\index.php(75): CodeIgniter\Boot::bootWeb(Object(Config\Paths))
CRITICAL - 2026-04-06 09:21:58 --> Error: Call to undefined method CodeIgniter\Database\MySQLi\Builder::getResultArray()
[Method: POST, Route: app/attendance/student]
in APPPATH\Views\backend\admin\attendance\student.php on line 253.
 1 SYSTEMPATH\View\View.php(240): include()
 2 SYSTEMPATH\View\View.php(243): CodeIgniter\View\View->CodeIgniter\View\{closure}()
 3 APPPATH\View\View.php(357): CodeIgniter\View\View->render('backend/admin/attendance/student', [...], true)
 4 SYSTEMPATH\Common.php(1250): App\View\View->render('backend/admin/attendance/student', [...], true)
 5 APPPATH\Controllers\Admin.php(1499): view('backend/admin/attendance/student', [...], [...])
 6 APPPATH\Config\Routes.php(556): App\Controllers\Admin->attendance('student')
 7 APPPATH\Config\Routes.php(568): CodeIgniter\Router\RouteCollection::{closure}('attendance/student')
 8 SYSTEMPATH\CodeIgniter.php(872): CodeIgniter\Router\RouteCollection::{closure}('attendance/student')
 9 SYSTEMPATH\CodeIgniter.php(480): CodeIgniter\CodeIgniter->startController()
10 SYSTEMPATH\CodeIgniter.php(340): CodeIgniter\CodeIgniter->handleRequest(null, Object(Config\Cache), false)
11 SYSTEMPATH\Boot.php(417): CodeIgniter\CodeIgniter->run()
12 SYSTEMPATH\Boot.php(68): CodeIgniter\Boot::runCodeIgniter(Object(CodeIgniter\CodeIgniter))
13 FCPATH\index.php(75): CodeIgniter\Boot::bootWeb(Object(Config\Paths))
DEBUG - 2026-04-06 09:26:24 --> Session: Class initialized using 'CodeIgniter\Session\Handlers\FileHandler' driver.
WARNING - 2026-04-06 09:26:24 --> [DEPRECATED] htmlspecialchars(): Passing null to parameter #1 ($string) of type string is deprecated in APPPATH\Controllers\Admin.php on line 1496.
 1 APPPATH\Controllers\Admin.php(1496): htmlspecialchars(null)
 2 APPPATH\Config\Routes.php(556): App\Controllers\Admin->attendance('student')
 3 APPPATH\Config\Routes.php(568): CodeIgniter\Router\RouteCollection::{closure}('attendance/student')
 4 SYSTEMPATH\CodeIgniter.php(872): CodeIgniter\Router\RouteCollection::{closure}('attendance/student')
 5 SYSTEMPATH\CodeIgniter.php(480): CodeIgniter\CodeIgniter->startController()
 6 SYSTEMPATH\CodeIgniter.php(340): CodeIgniter\CodeIgniter->handleRequest(null, Object(Config\Cache), false)
 7 SYSTEMPATH\Boot.php(417): CodeIgniter\CodeIgniter->run()
 8 SYSTEMPATH\Boot.php(68): CodeIgniter\Boot::runCodeIgniter(Object(CodeIgniter\CodeIgniter))
 9 FCPATH\index.php(75): CodeIgniter\Boot::bootWeb(Object(Config\Paths))
CRITICAL - 2026-04-06 09:26:24 --> Error: Call to undefined method CodeIgniter\Database\MySQLi\Builder::getRowArray()
[Method: POST, Route: app/attendance/student]
in APPPATH\Views\backend\admin\attendance\student.php on line 259.
 1 SYSTEMPATH\View\View.php(240): include()
 2 SYSTEMPATH\View\View.php(243): CodeIgniter\View\View->CodeIgniter\View\{closure}()
 3 APPPATH\View\View.php(357): CodeIgniter\View\View->render('backend/admin/attendance/student', [...], true)
 4 SYSTEMPATH\Common.php(1250): App\View\View->render('backend/admin/attendance/student', [...], true)
 5 APPPATH\Controllers\Admin.php(1499): view('backend/admin/attendance/student', [...], [...])
 6 APPPATH\Config\Routes.php(556): App\Controllers\Admin->attendance('student')
 7 APPPATH\Config\Routes.php(568): CodeIgniter\Router\RouteCollection::{closure}('attendance/student')
 8 SYSTEMPATH\CodeIgniter.php(872): CodeIgniter\Router\RouteCollection::{closure}('attendance/student')
 9 SYSTEMPATH\CodeIgniter.php(480): CodeIgniter\CodeIgniter->startController()
10 SYSTEMPATH\CodeIgniter.php(340): CodeIgniter\CodeIgniter->handleRequest(null, Object(Config\Cache), false)
11 SYSTEMPATH\Boot.php(417): CodeIgniter\CodeIgniter->run()
12 SYSTEMPATH\Boot.php(68): CodeIgniter\Boot::runCodeIgniter(Object(CodeIgniter\CodeIgniter))
13 FCPATH\index.php(75): CodeIgniter\Boot::bootWeb(Object(Config\Paths))
DEBUG - 2026-04-06 09:26:28 --> Session: Class initialized using 'CodeIgniter\Session\Handlers\FileHandler' driver.
DEBUG - 2026-04-06 09:26:29 --> Total exams not yet taken calculated for school_id 93: 0
DEBUG - 2026-04-06 09:26:51 --> Session: Class initialized using 'CodeIgniter\Session\Handlers\FileHandler' driver.
DEBUG - 2026-04-06 09:27:05 --> Session: Class initialized using 'CodeIgniter\Session\Handlers\FileHandler' driver.
WARNING - 2026-04-06 09:27:05 --> [DEPRECATED] htmlspecialchars(): Passing null to parameter #1 ($string) of type string is deprecated in APPPATH\Controllers\Admin.php on line 1496.
 1 APPPATH\Controllers\Admin.php(1496): htmlspecialchars(null)
 2 APPPATH\Config\Routes.php(556): App\Controllers\Admin->attendance('student')
 3 APPPATH\Config\Routes.php(568): CodeIgniter\Router\RouteCollection::{closure}('attendance/student')
 4 SYSTEMPATH\CodeIgniter.php(872): CodeIgniter\Router\RouteCollection::{closure}('attendance/student')
 5 SYSTEMPATH\CodeIgniter.php(480): CodeIgniter\CodeIgniter->startController()
 6 SYSTEMPATH\CodeIgniter.php(340): CodeIgniter\CodeIgniter->handleRequest(null, Object(Config\Cache), false)
 7 SYSTEMPATH\Boot.php(417): CodeIgniter\CodeIgniter->run()
 8 SYSTEMPATH\Boot.php(68): CodeIgniter\Boot::runCodeIgniter(Object(CodeIgniter\CodeIgniter))
 9 FCPATH\index.php(75): CodeIgniter\Boot::bootWeb(Object(Config\Paths))
CRITICAL - 2026-04-06 09:27:05 --> Error: Call to undefined method CodeIgniter\Database\MySQLi\Builder::getRowArray()
[Method: POST, Route: app/attendance/student]
in APPPATH\Views\backend\admin\attendance\student.php on line 259.
 1 SYSTEMPATH\View\View.php(240): include()
 2 SYSTEMPATH\View\View.php(243): CodeIgniter\View\View->CodeIgniter\View\{closure}()
 3 APPPATH\View\View.php(357): CodeIgniter\View\View->render('backend/admin/attendance/student', [...], true)
 4 SYSTEMPATH\Common.php(1250): App\View\View->render('backend/admin/attendance/student', [...], true)
 5 APPPATH\Controllers\Admin.php(1499): view('backend/admin/attendance/student', [...], [...])
 6 APPPATH\Config\Routes.php(556): App\Controllers\Admin->attendance('student')
 7 APPPATH\Config\Routes.php(568): CodeIgniter\Router\RouteCollection::{closure}('attendance/student')
 8 SYSTEMPATH\CodeIgniter.php(872): CodeIgniter\Router\RouteCollection::{closure}('attendance/student')
 9 SYSTEMPATH\CodeIgniter.php(480): CodeIgniter\CodeIgniter->startController()
10 SYSTEMPATH\CodeIgniter.php(340): CodeIgniter\CodeIgniter->handleRequest(null, Object(Config\Cache), false)
11 SYSTEMPATH\Boot.php(417): CodeIgniter\CodeIgniter->run()
12 SYSTEMPATH\Boot.php(68): CodeIgniter\Boot::runCodeIgniter(Object(CodeIgniter\CodeIgniter))
13 FCPATH\index.php(75): CodeIgniter\Boot::bootWeb(Object(Config\Paths))
DEBUG - 2026-04-06 09:30:29 --> Session: Class initialized using 'CodeIgniter\Session\Handlers\FileHandler' driver.
DEBUG - 2026-04-06 09:30:33 --> Total exams not yet taken calculated for school_id 93: 0
DEBUG - 2026-04-06 09:31:42 --> Session: Class initialized using 'CodeIgniter\Session\Handlers\FileHandler' driver.
DEBUG - 2026-04-06 09:31:51 --> Session: Class initialized using 'CodeIgniter\Session\Handlers\FileHandler' driver.
WARNING - 2026-04-06 09:31:51 --> [DEPRECATED] htmlspecialchars(): Passing null to parameter #1 ($string) of type string is deprecated in APPPATH\Controllers\Admin.php on line 1496.
 1 APPPATH\Controllers\Admin.php(1496): htmlspecialchars(null)
 2 APPPATH\Config\Routes.php(556): App\Controllers\Admin->attendance('student')
 3 APPPATH\Config\Routes.php(568): CodeIgniter\Router\RouteCollection::{closure}('attendance/student')
 4 SYSTEMPATH\CodeIgniter.php(872): CodeIgniter\Router\RouteCollection::{closure}('attendance/student')
 5 SYSTEMPATH\CodeIgniter.php(480): CodeIgniter\CodeIgniter->startController()
 6 SYSTEMPATH\CodeIgniter.php(340): CodeIgniter\CodeIgniter->handleRequest(null, Object(Config\Cache), false)
 7 SYSTEMPATH\Boot.php(417): CodeIgniter\CodeIgniter->run()
 8 SYSTEMPATH\Boot.php(68): CodeIgniter\Boot::runCodeIgniter(Object(CodeIgniter\CodeIgniter))
 9 FCPATH\index.php(75): CodeIgniter\Boot::bootWeb(Object(Config\Paths))
CRITICAL - 2026-04-06 09:31:51 --> Error: Call to undefined method CodeIgniter\Database\MySQLi\Builder::getRowArray()
[Method: POST, Route: app/attendance/student]
in APPPATH\Views\backend\admin\attendance\student.php on line 259.
 1 SYSTEMPATH\View\View.php(240): include()
 2 SYSTEMPATH\View\View.php(243): CodeIgniter\View\View->CodeIgniter\View\{closure}()
 3 APPPATH\View\View.php(357): CodeIgniter\View\View->render('backend/admin/attendance/student', [...], true)
 4 SYSTEMPATH\Common.php(1250): App\View\View->render('backend/admin/attendance/student', [...], true)
 5 APPPATH\Controllers\Admin.php(1499): view('backend/admin/attendance/student', [...], [...])
 6 APPPATH\Config\Routes.php(556): App\Controllers\Admin->attendance('student')
 7 APPPATH\Config\Routes.php(568): CodeIgniter\Router\RouteCollection::{closure}('attendance/student')
 8 SYSTEMPATH\CodeIgniter.php(872): CodeIgniter\Router\RouteCollection::{closure}('attendance/student')
 9 SYSTEMPATH\CodeIgniter.php(480): CodeIgniter\CodeIgniter->startController()
10 SYSTEMPATH\CodeIgniter.php(340): CodeIgniter\CodeIgniter->handleRequest(null, Object(Config\Cache), false)
11 SYSTEMPATH\Boot.php(417): CodeIgniter\CodeIgniter->run()
12 SYSTEMPATH\Boot.php(68): CodeIgniter\Boot::runCodeIgniter(Object(CodeIgniter\CodeIgniter))
13 FCPATH\index.php(75): CodeIgniter\Boot::bootWeb(Object(Config\Paths))
DEBUG - 2026-04-06 09:49:28 --> Session: Class initialized using 'CodeIgniter\Session\Handlers\FileHandler' driver.
DEBUG - 2026-04-06 09:49:31 --> Total exams not yet taken calculated for school_id 93: 0
DEBUG - 2026-04-06 09:49:38 --> Session: Class initialized using 'CodeIgniter\Session\Handlers\FileHandler' driver.
DEBUG - 2026-04-06 09:49:43 --> Session: Class initialized using 'CodeIgniter\Session\Handlers\FileHandler' driver.
WARNING - 2026-04-06 09:49:43 --> [DEPRECATED] htmlspecialchars(): Passing null to parameter #1 ($string) of type string is deprecated in APPPATH\Controllers\Admin.php on line 1496.
 1 APPPATH\Controllers\Admin.php(1496): htmlspecialchars(null)
 2 APPPATH\Config\Routes.php(556): App\Controllers\Admin->attendance('student')
 3 APPPATH\Config\Routes.php(568): CodeIgniter\Router\RouteCollection::{closure}('attendance/student')
 4 SYSTEMPATH\CodeIgniter.php(872): CodeIgniter\Router\RouteCollection::{closure}('attendance/student')
 5 SYSTEMPATH\CodeIgniter.php(480): CodeIgniter\CodeIgniter->startController()
 6 SYSTEMPATH\CodeIgniter.php(340): CodeIgniter\CodeIgniter->handleRequest(null, Object(Config\Cache), false)
 7 SYSTEMPATH\Boot.php(417): CodeIgniter\CodeIgniter->run()
 8 SYSTEMPATH\Boot.php(68): CodeIgniter\Boot::runCodeIgniter(Object(CodeIgniter\CodeIgniter))
 9 FCPATH\index.php(75): CodeIgniter\Boot::bootWeb(Object(Config\Paths))
CRITICAL - 2026-04-06 09:49:43 --> Error: Call to undefined method CodeIgniter\Database\MySQLi\Builder::getRowArray()
[Method: POST, Route: app/attendance/student]
in APPPATH\Views\backend\admin\attendance\student.php on line 259.
 1 SYSTEMPATH\View\View.php(240): include()
 2 SYSTEMPATH\View\View.php(243): CodeIgniter\View\View->CodeIgniter\View\{closure}()
 3 APPPATH\View\View.php(357): CodeIgniter\View\View->render('backend/admin/attendance/student', [...], true)
 4 SYSTEMPATH\Common.php(1250): App\View\View->render('backend/admin/attendance/student', [...], true)
 5 APPPATH\Controllers\Admin.php(1499): view('backend/admin/attendance/student', [...], [...])
 6 APPPATH\Config\Routes.php(556): App\Controllers\Admin->attendance('student')
 7 APPPATH\Config\Routes.php(568): CodeIgniter\Router\RouteCollection::{closure}('attendance/student')
 8 SYSTEMPATH\CodeIgniter.php(872): CodeIgniter\Router\RouteCollection::{closure}('attendance/student')
 9 SYSTEMPATH\CodeIgniter.php(480): CodeIgniter\CodeIgniter->startController()
10 SYSTEMPATH\CodeIgniter.php(340): CodeIgniter\CodeIgniter->handleRequest(null, Object(Config\Cache), false)
11 SYSTEMPATH\Boot.php(417): CodeIgniter\CodeIgniter->run()
12 SYSTEMPATH\Boot.php(68): CodeIgniter\Boot::runCodeIgniter(Object(CodeIgniter\CodeIgniter))
13 FCPATH\index.php(75): CodeIgniter\Boot::bootWeb(Object(Config\Paths))
DEBUG - 2026-04-06 09:52:58 --> Session: Class initialized using 'CodeIgniter\Session\Handlers\FileHandler' driver.
WARNING - 2026-04-06 09:52:59 --> [DEPRECATED] htmlspecialchars(): Passing null to parameter #1 ($string) of type string is deprecated in APPPATH\Controllers\Admin.php on line 1496.
 1 APPPATH\Controllers\Admin.php(1496): htmlspecialchars(null)
 2 APPPATH\Config\Routes.php(556): App\Controllers\Admin->attendance('student')
 3 APPPATH\Config\Routes.php(568): CodeIgniter\Router\RouteCollection::{closure}('attendance/student')
 4 SYSTEMPATH\CodeIgniter.php(872): CodeIgniter\Router\RouteCollection::{closure}('attendance/student')
 5 SYSTEMPATH\CodeIgniter.php(480): CodeIgniter\CodeIgniter->startController()
 6 SYSTEMPATH\CodeIgniter.php(340): CodeIgniter\CodeIgniter->handleRequest(null, Object(Config\Cache), false)
 7 SYSTEMPATH\Boot.php(417): CodeIgniter\CodeIgniter->run()
 8 SYSTEMPATH\Boot.php(68): CodeIgniter\Boot::runCodeIgniter(Object(CodeIgniter\CodeIgniter))
 9 FCPATH\index.php(75): CodeIgniter\Boot::bootWeb(Object(Config\Paths))
DEBUG - 2026-04-06 09:53:04 --> Session: Class initialized using 'CodeIgniter\Session\Handlers\FileHandler' driver.
DEBUG - 2026-04-06 09:53:06 --> Session: Class initialized using 'CodeIgniter\Session\Handlers\FileHandler' driver.
DEBUG - 2026-04-06 09:53:08 --> Total exams not yet taken calculated for school_id 93: 0
DEBUG - 2026-04-06 09:53:16 --> Session: Class initialized using 'CodeIgniter\Session\Handlers\FileHandler' driver.
WARNING - 2026-04-06 09:53:16 --> [DEPRECATED] htmlspecialchars(): Passing null to parameter #1 ($string) of type string is deprecated in APPPATH\Controllers\Admin.php on line 1477.
 1 APPPATH\Controllers\Admin.php(1477): htmlspecialchars(null)
 2 APPPATH\Config\Routes.php(556): App\Controllers\Admin->attendance('filter')
 3 APPPATH\Config\Routes.php(568): CodeIgniter\Router\RouteCollection::{closure}('attendance/filter')
 4 SYSTEMPATH\CodeIgniter.php(872): CodeIgniter\Router\RouteCollection::{closure}('attendance/filter')
 5 SYSTEMPATH\CodeIgniter.php(480): CodeIgniter\CodeIgniter->startController()
 6 SYSTEMPATH\CodeIgniter.php(340): CodeIgniter\CodeIgniter->handleRequest(null, Object(Config\Cache), false)
 7 SYSTEMPATH\Boot.php(417): CodeIgniter\CodeIgniter->run()
 8 SYSTEMPATH\Boot.php(68): CodeIgniter\Boot::runCodeIgniter(Object(CodeIgniter\CodeIgniter))
 9 FCPATH\index.php(75): CodeIgniter\Boot::bootWeb(Object(Config\Paths))
DEBUG - 2026-04-06 09:54:07 --> Session: Class initialized using 'CodeIgniter\Session\Handlers\FileHandler' driver.
DEBUG - 2026-04-06 09:54:08 --> Total exams not yet taken calculated for school_id 93: 0
CRITICAL - 2026-04-06 09:54:08 --> Error: Call to undefined method CodeIgniter\Database\MySQLi\Builder::getRowArray()
[Method: GET, Route: app/manage_class]
in APPPATH\Views\backend\admin\class\list.php on line 4.
 1 APPPATH\Views\backend\admin\class\index.php(690): include()
 2 APPPATH\Views\backend\index.php(147): include('C:\\xampp\\htdocs\\School-Management-De_migration\\app\\Views\\backend\\admin\\class\\index.php')
 3 SYSTEMPATH\View\View.php(240): include('C:\\xampp\\htdocs\\School-Management-De_migration\\app\\Views\\backend\\index.php')
 4 SYSTEMPATH\View\View.php(243): CodeIgniter\View\View->CodeIgniter\View\{closure}()
 5 APPPATH\View\View.php(357): CodeIgniter\View\View->render('backend/index', [], true)
 6 SYSTEMPATH\Common.php(1250): App\View\View->render('backend/index', [], true)
 7 APPPATH\Controllers\Admin.php(162): view('backend/index', [...])
 8 APPPATH\Config\Routes.php(556): App\Controllers\Admin->manage_class()
 9 APPPATH\Config\Routes.php(565): CodeIgniter\Router\RouteCollection::{closure}('manage_class')
10 SYSTEMPATH\CodeIgniter.php(872): CodeIgniter\Router\RouteCollection::{closure}('manage_class')
11 SYSTEMPATH\CodeIgniter.php(480): CodeIgniter\CodeIgniter->startController()
12 SYSTEMPATH\CodeIgniter.php(340): CodeIgniter\CodeIgniter->handleRequest(null, Object(Config\Cache), false)
13 SYSTEMPATH\Boot.php(417): CodeIgniter\CodeIgniter->run()
14 SYSTEMPATH\Boot.php(68): CodeIgniter\Boot::runCodeIgniter(Object(CodeIgniter\CodeIgniter))
15 FCPATH\index.php(75): CodeIgniter\Boot::bootWeb(Object(Config\Paths))
DEBUG - 2026-04-06 10:00:56 --> Session: Class initialized using 'CodeIgniter\Session\Handlers\FileHandler' driver.
DEBUG - 2026-04-06 10:00:56 --> Total exams not yet taken calculated for school_id 93: 0
CRITICAL - 2026-04-06 10:00:56 --> Error: Call to undefined method CodeIgniter\Database\MySQLi\Result::get()
[Method: GET, Route: app/manage_class]
in APPPATH\Views\backend\navigation.php on line 611.
 1 APPPATH\Views\backend\index.php(117): include()
 2 SYSTEMPATH\View\View.php(240): include('C:\\xampp\\htdocs\\School-Management-De_migration\\app\\Views\\backend\\index.php')
 3 SYSTEMPATH\View\View.php(243): CodeIgniter\View\View->CodeIgniter\View\{closure}()
 4 APPPATH\View\View.php(357): CodeIgniter\View\View->render('backend/index', [], true)
 5 SYSTEMPATH\Common.php(1250): App\View\View->render('backend/index', [], true)
 6 APPPATH\Controllers\Admin.php(162): view('backend/index', [...])
 7 APPPATH\Config\Routes.php(556): App\Controllers\Admin->manage_class()
 8 APPPATH\Config\Routes.php(565): CodeIgniter\Router\RouteCollection::{closure}('manage_class')
 9 SYSTEMPATH\CodeIgniter.php(872): CodeIgniter\Router\RouteCollection::{closure}('manage_class')
10 SYSTEMPATH\CodeIgniter.php(480): CodeIgniter\CodeIgniter->startController()
11 SYSTEMPATH\CodeIgniter.php(340): CodeIgniter\CodeIgniter->handleRequest(null, Object(Config\Cache), false)
12 SYSTEMPATH\Boot.php(417): CodeIgniter\CodeIgniter->run()
13 SYSTEMPATH\Boot.php(68): CodeIgniter\Boot::runCodeIgniter(Object(CodeIgniter\CodeIgniter))
14 FCPATH\index.php(75): CodeIgniter\Boot::bootWeb(Object(Config\Paths))
DEBUG - 2026-04-06 10:04:46 --> Session: Class initialized using 'CodeIgniter\Session\Handlers\FileHandler' driver.
DEBUG - 2026-04-06 10:04:46 --> Total exams not yet taken calculated for school_id 93: 0
DEBUG - 2026-04-06 10:04:49 --> Session: Class initialized using 'CodeIgniter\Session\Handlers\FileHandler' driver.
DEBUG - 2026-04-06 10:05:11 --> Session: Class initialized using 'CodeIgniter\Session\Handlers\FileHandler' driver.
DEBUG - 2026-04-06 10:05:14 --> Session: Class initialized using 'CodeIgniter\Session\Handlers\FileHandler' driver.
DEBUG - 2026-04-06 10:05:14 --> Total exams not yet taken calculated for school_id 93: 0
DEBUG - 2026-04-06 10:05:21 --> Session: Class initialized using 'CodeIgniter\Session\Handlers\FileHandler' driver.
DEBUG - 2026-04-06 10:05:23 --> Session: Class initialized using 'CodeIgniter\Session\Handlers\FileHandler' driver.
DEBUG - 2026-04-06 10:05:29 --> Session: Class initialized using 'CodeIgniter\Session\Handlers\FileHandler' driver.
DEBUG - 2026-04-06 10:05:33 --> Session: Class initialized using 'CodeIgniter\Session\Handlers\FileHandler' driver.
DEBUG - 2026-04-06 10:05:35 --> Session: Class initialized using 'CodeIgniter\Session\Handlers\FileHandler' driver.
DEBUG - 2026-04-06 10:05:36 --> Total exams not yet taken calculated for school_id 93: 0
DEBUG - 2026-04-06 10:05:50 --> Session: Class initialized using 'CodeIgniter\Session\Handlers\FileHandler' driver.
DEBUG - 2026-04-06 10:05:53 --> Total exams not yet taken calculated for school_id 93: 0
DEBUG - 2026-04-06 10:06:05 --> Session: Class initialized using 'CodeIgniter\Session\Handlers\FileHandler' driver.
DEBUG - 2026-04-06 10:06:05 --> Total exams not yet taken calculated for school_id 93: 0
DEBUG - 2026-04-06 10:06:14 --> Session: Class initialized using 'CodeIgniter\Session\Handlers\FileHandler' driver.
DEBUG - 2026-04-06 10:06:21 --> Session: Class initialized using 'CodeIgniter\Session\Handlers\FileHandler' driver.
DEBUG - 2026-04-06 10:06:21 --> Session: Class initialized using 'CodeIgniter\Session\Handlers\FileHandler' driver.
DEBUG - 2026-04-06 10:06:22 --> Total exams not yet taken calculated for school_id 93: 0
DEBUG - 2026-04-06 10:06:35 --> Session: Class initialized using 'CodeIgniter\Session\Handlers\FileHandler' driver.
DEBUG - 2026-04-06 10:06:37 --> Session: Class initialized using 'CodeIgniter\Session\Handlers\FileHandler' driver.
DEBUG - 2026-04-06 10:06:48 --> Session: Class initialized using 'CodeIgniter\Session\Handlers\FileHandler' driver.
DEBUG - 2026-04-06 10:06:48 --> OS detected: Windows
DEBUG - 2026-04-06 10:06:48 --> Checking Python paths: C:\Users\AbdelfattahAllam\AppData\Local\Python\bin\python.exe, C:\Python\python.exe, C:\Python312\python.exe, C:\Python311\python.exe, C:\Python310\python.exe, C:\Python39\python.exe, C:\Program Files\Python312\python.exe, C:\Program Files\Python311\python.exe, C:\Program Files\Python310\python.exe, C:\Users\AbdelfattahAllam\AppData\Local\Programs\Python\Python312\python.exe, C:\Users\AbdelfattahAllam\AppData\Local\Programs\Python\Python311\python.exe, C:\Users\AbdelfattahAllam\AppData\Local\Programs\Python\Python310\python.exe
DEBUG - 2026-04-06 10:06:48 --> Found Python at: C:\Users\AbdelfattahAllam\AppData\Local\Python\bin\python.exe
ERROR - 2026-04-06 10:06:48 --> Extraction script not found. Checked: C:\xampp\htdocs\School-Management-De_migration\app/scripts/extract_pdf_structure.py, C:\xampp\htdocs\School-Management-De_migration\application/scripts/extract_pdf_structure.py, C:\xampp\htdocs\School-Management-De_migration\application/scripts/extract_pdf_structure.py
DEBUG - 2026-04-06 10:17:34 --> Session: Class initialized using 'CodeIgniter\Session\Handlers\FileHandler' driver.
DEBUG - 2026-04-06 10:17:34 --> Total exams not yet taken calculated for school_id 93: 0
DEBUG - 2026-04-06 10:17:45 --> Session: Class initialized using 'CodeIgniter\Session\Handlers\FileHandler' driver.
DEBUG - 2026-04-06 10:17:45 --> Using configured Python path: C:\Users\AbdelfattahAllam\AppData\Local\Python\bin\python.exe
DEBUG - 2026-04-06 10:17:45 --> Starting PDF extraction with Python: C:\xampp\htdocs\School-Management-De_migration\uploads/temp_pdf/pdf_69d37a395cda9.pdf
DEBUG - 2026-04-06 10:17:45 --> Python path: C:\Users\AbdelfattahAllam\AppData\Local\Python\bin\python.exe
DEBUG - 2026-04-06 10:17:45 --> Script path: C:\xampp\htdocs\School-Management-De_migration\app/scripts/extract_pdf_structure.py
DEBUG - 2026-04-06 10:17:46 --> Python output: {"error": "tuple indices must be integers or slices, not str"}

ERROR - 2026-04-06 10:17:46 --> Python script error: tuple indices must be integers or slices, not str
DEBUG - 2026-04-06 10:19:50 --> Session: Class initialized using 'CodeIgniter\Session\Handlers\FileHandler' driver.
DEBUG - 2026-04-06 10:19:50 --> Total exams not yet taken calculated for school_id 93: 0
DEBUG - 2026-04-06 10:20:04 --> Session: Class initialized using 'CodeIgniter\Session\Handlers\FileHandler' driver.
DEBUG - 2026-04-06 10:20:04 --> Using configured Python path: C:\Users\AbdelfattahAllam\AppData\Local\Python\bin\python.exe
DEBUG - 2026-04-06 10:20:04 --> Starting PDF extraction with Python: C:\xampp\htdocs\School-Management-De_migration\uploads/temp_pdf/pdf_69d37ac4ef1cb.pdf
DEBUG - 2026-04-06 10:20:04 --> Python path: C:\Users\AbdelfattahAllam\AppData\Local\Python\bin\python.exe
DEBUG - 2026-04-06 10:20:04 --> Script path: C:\xampp\htdocs\School-Management-De_migration\app/scripts/extract_pdf_structure.py
DEBUG - 2026-04-06 10:20:09 --> Python output: {"title": "Support", "chapters": [{"title": "DOCUMENTATION TECHNIQUE DE LíAPI DE CONSULTATION DATA GMVET", "page": 1, "type": "chapter"}, {"title": "Version \nDate \nAuteur \nModifications", "page": 2, "type": "chapter"}, {"title": "V.1.0 \n27.06.2024 \nJulie Stafford \n-", "page": 2, "type": "chapter"}, {"title": "V1.1 \n25.07.2024 \nHervÈ Rubira \nAjout de líUnivers Consommation", "page": 2, "type": "chapter"}, {"title": "V1.2 \n26.08.2024 \nHervÈ Rubira", "page": 2, "type": "chapter"}, {"title": "Ajout du paragraphe sur le Header Ac-\ncept-Encoding pour prÈciser líenco-\ndage souhaitÈ \n+ ajout du header dans les exemples \ndíutilisation", "page": 2, "type": "section"}, {"title": "V1.3 \n01.07.2025 \nGMV \nCorrection des exemples dans Token, \nConsommation de donnÈes", "page": 2, "type": "chapter"}, {"title": "V1.4 \n08.07.2025 \nGMV", "page": 2, "type": "chapter"}, {"title": "Correction des formats date ‡  AAAA-\nMM-JJ pour toutes les API et des \nexemples associÈs. \nMise en conformitÈ de la documenta-\ntion. Pas díimpact sur les requÍtes \ndÈj‡ dÈveloppÈes", "page": 2, "type": "section"}, {"title": "Introduction ........................................................................................................................... 5", "page": 3, "type": "chapter"}, {"title": "Authentification .................................................................................................................... 6", "page": 3, "type": "chapter"}, {"title": "Token............................................................................................................................................................. 6", "page": 3, "type": "section"}, {"title": "Avant de commencer ........................................................................................................... 7", "page": 3, "type": "chapter"}, {"title": "Parcours des rÈsultats ............................................................................................................................ 7", "page": 3, "type": "section"}, {"title": "Datation de la donnÈe ............................................................................................................................ 9", "page": 3, "type": "section"}, {"title": "Header Accept-Encoding ...................................................................................................................... 9", "page": 3, "type": "section"}, {"title": "Univers Consommation ...................................................................................................... 10", "page": 3, "type": "chapter"}, {"title": "Consommation de donnÈes ............................................................................................................... 10", "page": 3, "type": "section"}, {"title": "Univers Compte .................................................................................................................. 11", "page": 3, "type": "chapter"}, {"title": "Comptes ..................................................................................................................................................... 11", "page": 3, "type": "section"}, {"title": "Univers Site ......................................................................................................................... 13", "page": 3, "type": "chapter"}, {"title": "Sites ............................................................................................................................................................. 13", "page": 3, "type": "section"}, {"title": "Univers client / patient / atelier .......................................................................................... 15", "page": 3, "type": "chapter"}, {"title": "Clients ......................................................................................................................................................... 15", "page": 3, "type": "section"}, {"title": "Client - Adresses ..................................................................................................................................... 17", "page": 3, "type": "section"}, {"title": "Client ñ TÈlÈphones ................................................................................................................................ 19", "page": 3, "type": "section"}, {"title": "Client ñ ComptabilitÈs ........................................................................................................................... 21", "page": 3, "type": "section"}, {"title": "Patients ...................................................................................................................................................... 23", "page": 3, "type": "section"}, {"title": "Patient ñ Poids ......................................................................................................................................... 25", "page": 3, "type": "section"}, {"title": "Contacts ..................................................................................................................................................... 27", "page": 3, "type": "section"}, {"title": "PropriÈtÈs .................................................................................................................................................. 29", "page": 3, "type": "section"}, {"title": "Ateliers ........................................................................................................................................................ 31", "page": 3, "type": "section"}, {"title": "Client - Ateliers ........................................................................................................................................ 33", "page": 3, "type": "section"}, {"title": "Sous Populations .................................................................................................................................... 35", "page": 3, "type": "section"}, {"title": "Univers Consultation .......................................................................................................... 37", "page": 3, "type": "chapter"}, {"title": "Consultations ........................................................................................................................................... 37", "page": 3, "type": "section"}, {"title": "Univers ComptabilitÈ .......................................................................................................... 39", "page": 3, "type": "chapter"}, {"title": "Conditions encaissement .................................................................................................................... 39", "page": 3, "type": "section"}, {"title": "Univers Catalogue / Tarifs ................................................................................................. 41", "page": 3, "type": "chapter"}, {"title": "Produits ....................................................................................................................................................... 41", "page": 3, "type": "section"}, {"title": "Produit-ParamÈtrages ............................................................................................................................ 43", "page": 3, "type": "section"}, {"title": "Tarifs ............................................................................................................................................................. 45", "page": 3, "type": "section"}, {"title": "Tarif-Descriptions ..................................................................................................................................... 47", "page": 4, "type": "section"}, {"title": "Univers Facturation ............................................................................................................ 49", "page": 4, "type": "chapter"}, {"title": "Factures ...................................................................................................................................................... 49", "page": 4, "type": "section"}, {"title": "Facture-lignes ........................................................................................................................................... 51", "page": 4, "type": "section"}, {"title": "Univers Agenda ................................................................................................................... 53", "page": 4, "type": "chapter"}, {"title": "Agendas ...................................................................................................................................................... 53", "page": 4, "type": "section"}, {"title": "Agenda - Sites ........................................................................................................................................... 55", "page": 4, "type": "section"}, {"title": "Rendez-vous .............................................................................................................................................. 57", "page": 4, "type": "section"}, {"title": "Plannings .................................................................................................................................................... 59", "page": 4, "type": "section"}, {"title": "Motifs ........................................................................................................................................................... 61", "page": 4, "type": "section"}, {"title": "ActivitÈs ....................................................................................................................................................... 63", "page": 4, "type": "section"}, {"title": "Motifs - ActivitÈs ....................................................................................................................................... 65", "page": 4, "type": "section"}, {"title": "Univers Organisation .......................................................................................................... 67", "page": 4, "type": "chapter"}, {"title": "Utilisateurs ................................................................................................................................................ 67", "page": 4, "type": "section"}, {"title": "Affectations .............................................................................................................................................. 69", "page": 4, "type": "section"}, {"title": "RÙles ............................................................................................................................................................ 71", "page": 4, "type": "section"}, {"title": "Univers SMS ........................................................................................................................ 73", "page": 4, "type": "chapter"}, {"title": "SMS .............................................................................................................................................................. 73", "page": 4, "type": "section"}, {"title": "Support ................................................................................................................................ 75", "page": 4, "type": "chapter"}, {"title": "Dans le contexte du projet Data GmVet, nous avons conÁu des interfaces de program-\nmation (API) afin de mettre ‡ votre disposition des donnÈes brutes ‡ valeur mÈtier \nissues de votre logiciel GmVet.", "page": 5, "type": "section"}, {"title": "Ces donnÈes proviennent de votre logiciel, passent par un applicatif de transfert et \nsont mises en forme avant díÍtre stockÈes dans une base de donnÈes dÈdiÈe, un \nDatahub.", "page": 5, "type": "chapter"}, {"title": "Elles sont ensuite exposÈes par des APIs, qui ont toutes une URL racine commune : \ndata.gmvet.net. Ces APIs vous permettront d'intÈgrer facilement vos donnÈes GmVet \ndans vos systËmes existants ou de les explorer pour obtenir des informations.", "page": 5, "type": "chapter"}, {"title": "Afin de garantir la stabilitÈ et l'ÈvolutivitÈ de nos APIs, une gestion du versioning a \nÈtÈ mise en place. Chaque version de l'API est identifiÈe par un numÈro de version \ninclus dans l'URL  du endpoint (par exemple, data.gmvet.net/api/rest/v1). Chaque API \npeut Èvoluer indÈpendamment et disposer de sa propre version.", "page": 5, "type": "chapter"}, {"title": "Nous n'incrÈmentons pas le numÈro de version pour des changements mineurs qui \nníimpactent pas la compatibilitÈ avec líexistant. Cela signifie que líajout de nouvelles \ncolonnes dans une API existante est intÈgrÈ dans la mÍme version. Cette approche \npermet une gestion plus fine des mises ‡ jour. En revanche, pour des changements \nmajeurs et non rÈtro compatibles, une nouvelle version de l'API est crÈÈe. Dans ce \ncas, les deux versions de l'API cohabitent pendant une pÈriode de transition, vous \npermettant de migrer vers la nouvelle version, tout en continuant ‡ utiliser la version \nantÈrieure pendant une pÈriode dÈfinie.", "page": 5, "type": "chapter"}, {"title": "Cette documentation dÈcrit chaque endpoint disponible ainsi que les paramËtres ac-\nceptÈs, les mÈthodes HTTP prises en charge, et les structures de donnÈes renvoyÈes.", "page": 5, "type": "section"}, {"title": "Toutes les APIs GmVet sont sÈcurisÈes et nÈcessitent le passage díun token díauthenti-\nfication en header des requÍtes.", "page": 6, "type": "section"}, {"title": "Pour rÈcupÈrer un token, il faut appeler líAPI díauthentification.", "page": 6, "type": "chapter"}, {"title": "Les paramËtres <client_secret>, <username> et <password> vous seront communiquÈs \n‡ la suite de votre souscription.", "page": 6, "type": "chapter"}, {"title": "Le token est rÈcupÈrÈ dans le champ <access_token> de la rÈponse.", "page": 6, "type": "chapter"}, {"title": "Token", "page": 6, "type": "chapter"}, {"title": "RÈcupÈration du token díauthentification", "page": 6, "type": "chapter"}, {"title": "ï \nDescription : Cette API permet d'obtenir un jeton (token) d'authentification.", "page": 6, "type": "section"}, {"title": "ï \nMÈthode HTTP : POST", "page": 6, "type": "section"}, {"title": "ï \nEndpoint : /token", "page": 6, "type": "section"}, {"title": "ï \nExemple d'utilisation :", "page": 6, "type": "section"}, {"title": "curl X POST \nhttps://auth.gmvet.net/realms/GmV/protocol/openidconnect/token \\ \nH \"Content-Type: application/x-www-form-urlencoded\" \\ \n-d \"client_id=data&client_secret= \n<client_secret>&grant_type=password&username= \n<username>&password=<password>\"", "page": 6, "type": "section"}, {"title": "La plupart des APIs prÈsentÈes dans ce document permettent potentiellement de remon-\nter díimportants volumes de donnÈes. Pour des raisons de performance, chaque appel \npermet de rÈcupÈrer au maximum 1000 rÈsultats (mais il est possible de faire varier ce \nnombre via un paramËtre limit). Il est donc rÈguliËrement nÈcessaire díeffectuer plusieurs \nappels pour rÈcupÈrer líintÈgralitÈ des donnÈes. Le mÈcanisme mis en place pour chaÓner \nces appels est le passage par un identifiant minimal des objets ‡ remonter, paramËtre \nnommÈ idGreaterThan.", "page": 7, "type": "section"}, {"title": "Chaque objet a un identifiant unique dans notre systËme de donnÈes et les rÈsultats sont \nordonnÈs sur cet identifiant, de maniËre croissante. Pour les APIs qui peuvent nÈcessiter \nplusieurs appels, il est possible de paramÈtrer líidentifiant minimal des objets ‡ remonter \navec le paramËtre idGreaterThan afin de rÈcupÈrer les x (1000 par dÈfaut, mais modi-\nfiable via le paramËtre limit) prochains objets. Ce paramËtre idGreaterThan a pour valeur \npar dÈfaut 0. Les identifiants ne pouvant pas Ítre nÈgatifs, cette valeur par dÈfaut permet \ndonc de rÈcupÈrer les premiers rÈsultats.", "page": 7, "type": "section"}, {"title": "Un parcours optimal des donnÈes consiste donc ‡ effectuer un premier appel sur une API \nrenvoyant un important volume de donnÈes avec un identifiant minimal de 0 et avec le \nnombre díobjets ‡ remonter choisi. Une fois le retour de cet appel reÁu, síil reste des don-\nnÈes ‡ rÈcupÈrer alors il faut extraire líidentifiant (champ id de líobjet) du dernier objet \nreÁu, et effectuer un nouvel appel ‡ líAPI, cette fois en valorisant le paramËtre idGreater-\nThan avec líidentifiant  extrait. De cette faÁon les objets reÁus sont les objets suivant le \ndernier objet de líappel prÈcÈdent. Il faut ensuite itÈrer jusqu'‡ ne plus avoir de donnÈes \n‡ rÈcupÈrer (ce cas final peut Ítre gÈrÈ de plusieurs faÁon : tester si le retour est vide, \ntester si le retour a moins díobjets que la limite spÈcifiÈe, Ö).", "page": 7, "type": "section"}, {"title": "Un exemple de parcours díune API est prÈsentÈe ci-dessous en Python :", "page": 8, "type": "chapter"}, {"title": "def recuperer_donnees(api_url, bearer_token, limit=1000, id_greater_than=0, date_inges-\ntion=None): \n    donnees_totales = [] \n    while True: \n        params = {'limit': limit, 'idGreaterThan': id_greater_than} \n        print(f\"RÈcupÈration des donnÈes avec les paramËtres suivants: {params}\") \n        if date_ingestion: \n            params['dataIngestionDate'] = date_ingestion \n         \n        headers = { \n            'Content-Type': 'application/json', \n            'Authorization': f'Bearer {bearer_token}' \n        } \n         \n        response = requests.get(api_url, params=params, headers=headers) \n        if response.status_code != 200: \n            print(f\"Erreur lors de la rÈcupÈration des donnÈes: {response.status_code}\") \n            return None \n \n        donnees = response.json() \n \n        if donnees['site']: \n            print(f\"Nombre d'objets rÈcupÈrÈs: {len(donnees['site'])}\") \n            donnees_totales.extend(donnees) \n            dernier_id = donnees['site'][-1]['id'] \n            print(f\"Dernier id {dernier_id}\") \n            id_greater_than = dernier_id \n        else: \n            print(\"Aucune donnÈe supplÈmentaire ‡ rÈcupÈrer.\") \n            break \n    return donnees_totales", "page": 8, "type": "section"}, {"title": "Comme vu prÈcÈdemment, certaines APIs peuvent remonter díimportants volumes de \ndonnÈes et celle-ci sont classÈes par identifiant technique. Pour ne pas avoir besoin de \nparcourir líintÈgralitÈ des donnÈes pour retrouver les derniËres donnÈes modifiÈes, un pa-\nramËtre dataIngestionDate a ÈtÈ introduit dans ces APIs exposant de nombreuses don-\nnÈes.", "page": 9, "type": "section"}, {"title": "Chaque donnÈe a un champ date_modification_datahub qui correspond ‡ la date de sa \nderniËre mise ‡ jour au niveau de la source de donnÈes de notre API. Le paramËtre dataIn-\ngestionDate permet de filtrer sur cette date afin de ne rÈcupÈrer que les donnÈes qui ont \nÈtÈ modifiÈes aprËs une date prÈcise.", "page": 9, "type": "section"}, {"title": "Ainsi pour rÈcupÈrer les donnÈes de maniËre quotidienne par exemple, il est prÈfÈrable de \nvaloriser ce paramËtre dataIngestionDate ‡ la date de la veille afin de ne rÈcupÈrer que les \ndonnÈes modifiÈes depuis.", "page": 9, "type": "chapter"}, {"title": "Attention, mÍme en valorisant ce paramËtre, les donnÈes sont toujours classÈes de ma-\nniËre croissante par identifiant, et pas par date. Il níest donc pas possible de rÈcupÈrer les \nx ÈlÈments les plus rÈcemment modifiÈs, seulement les x premiers ÈlÈments modifiÈs \ndepuis une date prÈcise (et si on ne rÈcupËre pas líensemble des donnÈes modifiÈes avec \nle premier appel, se rÈfÈrer au chapitre au-dessus sur le parcours des rÈsultats).", "page": 9, "type": "section"}, {"title": "Le header Accept-Encoding permet de spÈcifier au serveur líencodage souhaitÈ pour le \ncontenu quíil retourne. GÈnÈralement, cela permet de spÈcifier un algorithme de com-\npression qui sera utilisÈ par le serveur si celui-ci le gËre.", "page": 9, "type": "section"}, {"title": "Compresser les rÈponses permet de diminuer drastiquement leur taille et donc notam-\nment de gagner en temps de transfert des donnÈes.", "page": 9, "type": "section"}, {"title": "Dans notre cas, notre serveur supporte le format de compression gzip qui permet un \ngain de volume important. Ainsi, il est prÈfÈrable de valoriser ce header dËs que cíest \npossible, comme prÈcisÈ dans les exemples de cette documentation.", "page": 9, "type": "chapter"}, {"title": "Liste des quantitÈs de donnÈes consommÈes par API", "page": 10, "type": "chapter"}, {"title": "ï Description : Cette API permet d'obtenir le nombre de lignes rÈcupÈrÈes par API", "page": 10, "type": "chapter"}, {"title": "sur une pÈriode.", "page": 10, "type": "chapter"}, {"title": "ï MÈthode HTTP : GET", "page": 10, "type": "chapter"}, {"title": "ï Endpoint : /v1/data-usage", "page": 10, "type": "chapter"}, {"title": "ï Version : V1", "page": 10, "type": "chapter"}, {"title": "ï Query Params :", "page": 10, "type": "chapter"}, {"title": "startDate \nDate (format AAAA-MM-JJ) de dÈbut d'extraction de la quantitÈ de \ndonnÈes consommÈes", "page": 10, "type": "chapter"}, {"title": "endDate \nDate (format AAAA-MM-JJ) de fin d'extraction de la quantitÈ de \ndonnÈes consommÈes", "page": 10, "type": "chapter"}, {"title": "ï Exemple d'utilisation :", "page": 10, "type": "chapter"}, {"title": "curl X GET https://data.gmvet.net/api/rest/v1/data-\nusage?startDate=2024-07-01&endDate=2024-07-31 \\ \n-H \"Content-Type: application/json\" \\  \n-H \"Accept-Encoding: gzip\" \\  \n-H \"Authorization: Bearer \"", "page": 10, "type": "section"}, {"title": "Liste des Comptes", "page": 11, "type": "chapter"}, {"title": "ï Description : Cette API permet d'obtenir les informations dÈtaillÈes de comptes", "page": 11, "type": "chapter"}, {"title": "GmVet.", "page": 11, "type": "chapter"}, {"title": "ï MÈthode HTTP : GET", "page": 11, "type": "chapter"}, {"title": "ï Endpoint : /comptes", "page": 11, "type": "chapter"}, {"title": "ï Version : V1", "page": 11, "type": "chapter"}, {"title": "ï Query Params :", "page": 11, "type": "chapter"}, {"title": "Limit \nEntier reprÈsentant le nombre maximum de rÈsultats ‡ remonter, \navec une valeur par dÈfaut et un maximum de 1000.", "page": 11, "type": "chapter"}, {"title": "idGreaterThan \nEntier reprÈsentant líidentifiant du premier objet ‡ remonter (0 par \ndÈfaut).", "page": 11, "type": "chapter"}, {"title": "dataIngestionDate \nDate (format AAAA-MM-JJ) depuis laquelle remonter des rÈsultats.", "page": 11, "type": "chapter"}, {"title": "ï Exemple d'utilisation :", "page": 11, "type": "chapter"}, {"title": "curl -X GET https://data.gmvet.net/api/rest/v1/comptes?li-\nmit=10&idGreaterThan=50&dataIngestionDate=2024-06-30 \\ \n-H \"Content-Type: application/json\" \\ \n-H \"Accept-Encoding: gzip\" \\ \n-H \"Authorization: Bearer <token>\"", "page": 11, "type": "section"}, {"title": "Compte par Id", "page": 12, "type": "chapter"}, {"title": "ï Description : Cette API permet d'obtenir les informations dÈtaillÈes d'un compte", "page": 12, "type": "chapter"}, {"title": "GmVet gr‚ce ‡ son id.", "page": 12, "type": "chapter"}, {"title": "ï MÈthode HTTP : GET", "page": 12, "type": "chapter"}, {"title": "ï Endpoint : /comptes/{id_compte}", "page": 12, "type": "chapter"}, {"title": "ï Version : V1", "page": 12, "type": "chapter"}, {"title": "ï Path Parameters :", "page": 12, "type": "chapter"}, {"title": "id_compte \nEntier reprÈsentant líidentifiant technique du compte ‡ remonter.", "page": 12, "type": "chapter"}, {"title": "ï Exemple d'utilisation :", "page": 12, "type": "chapter"}, {"title": "curl -X GET https://data.gmvet.net/api/rest/v1/comptes/10 \\ \n-H \"Content-Type: application/json\" \\ \n-H \"Accept-Encoding: gzip\" \\ \n-H \"Authorization: Bearer <token>\"", "page": 12, "type": "section"}, {"title": "Liste des Sites", "page": 13, "type": "chapter"}, {"title": "ï Description : Cette API permet d'obtenir les informations dÈtaillÈes de sites", "page": 13, "type": "chapter"}, {"title": "GmVet.", "page": 13, "type": "chapter"}, {"title": "ï MÈthode HTTP : GET", "page": 13, "type": "chapter"}, {"title": "ï Endpoint : /sites", "page": 13, "type": "chapter"}, {"title": "ï Version : V1", "page": 13, "type": "chapter"}, {"title": "ï Query Params :", "page": 13, "type": "chapter"}, {"title": "Limit \nEntier reprÈsentant le nombre maximum de rÈsultats ‡ remonter, \navec une valeur par dÈfaut et un maximum de 1000.", "page": 13, "type": "chapter"}, {"title": "idGreaterThan \nEntier reprÈsentant líidentifiant du premier objet ‡ remonter (0 par \ndÈfaut).", "page": 13, "type": "chapter"}, {"title": "dataIngestionDate \nDate (format AAAA-MM-JJ) depuis laquelle remonter des rÈsultats.", "page": 13, "type": "chapter"}, {"title": "ï Exemple d'utilisation :", "page": 13, "type": "chapter"}, {"title": "curl -X GET https://data.gmvet.net/api/rest/v1/sites?li-\nmit=10&idGreaterThan=50&dataIngestionDate=2024-06-30 \\ \n-H \"Content-Type: application/json\" \\ \n-H \"Accept-Encoding: gzip\" \\ \n-H \"Authorization: Bearer <token>\"", "page": 13, "type": "section"}, {"title": "Site par Id", "page": 14, "type": "chapter"}, {"title": "ï Description : Cette API permet d'obtenir les informations dÈtaillÈes d'un site", "page": 14, "type": "chapter"}, {"title": "GmVet gr‚ce ‡ son id.", "page": 14, "type": "chapter"}, {"title": "ï MÈthode HTTP : GET", "page": 14, "type": "chapter"}, {"title": "ï Endpoint : /sites/{id_site}", "page": 14, "type": "chapter"}, {"title": "ï Version : V1", "page": 14, "type": "chapter"}, {"title": "ï Path Parameters :", "page": 14, "type": "chapter"}, {"title": "ï \nExemple d'utilisation :  \n \ncurl -X GET https://data.gmvet.net/api/rest/v1/sites/10 \\ \n-H \"Content-Type: application/json\" \\ \n-H \"Accept-Encoding: gzip\" \\ \n-H \"Authorization: Bearer <token>\"", "page": 14, "type": "section"}, {"title": "id_site \nEntier reprÈsentant líidentifiant technique du site ‡ remonter.", "page": 14, "type": "chapter"}, {"title": "Liste des Clients", "page": 15, "type": "chapter"}, {"title": "ï \nDescription : Cette API permet d'obtenir les informations dÈtaillÈes de clients", "page": 15, "type": "section"}, {"title": "GmVet.", "page": 15, "type": "chapter"}, {"title": "ï \nMÈthode HTTP : GET", "page": 15, "type": "section"}, {"title": "ï \nEndpoint : /clients", "page": 15, "type": "section"}, {"title": "ï \nVersion : V1", "page": 15, "type": "section"}, {"title": "ï \nQuery Params :", "page": 15, "type": "section"}, {"title": "limit \nLe nombre d'ÈlÈments ‡ remonter en rÈsultat, avec une valeur par \ndÈfaut et un maximum de 1000.", "page": 15, "type": "chapter"}, {"title": "idGreaterThan \nEntier reprÈsentant líidentifiant du premier objet ‡ remonter (0 par \ndÈfaut).", "page": 15, "type": "chapter"}, {"title": "dataIngestionDate \nDate (format AAAA-MM-JJ) depuis laquelle remonter des rÈsultats.", "page": 15, "type": "chapter"}, {"title": "ï \nExemple d'utilisation :", "page": 15, "type": "section"}, {"title": "curl -X GET https://data.gmvet.net/api/rest/v1/clients?li-\nmit=10&idGreaterThan=50&dataIngestionDate=2024-06-30 \\ \n-H \"Content-Type: application/json\" \\ \n-H \"Accept-Encoding: gzip\" \\ \n-H \"Authorization: Bearer <token>\"", "page": 15, "type": "section"}, {"title": "Client par Id", "page": 16, "type": "chapter"}, {"title": "ï \nDescription : Cette API permet d'obtenir les informations dÈtaillÈes d'un client", "page": 16, "type": "section"}, {"title": "GmVet gr‚ce ‡ son id.", "page": 16, "type": "chapter"}, {"title": "ï \nMÈthode HTTP : GET", "page": 16, "type": "section"}, {"title": "ï \nEndpoint : /clients/{id_client}", "page": 16, "type": "section"}, {"title": "ï \nVersion : V1", "page": 16, "type": "section"}, {"title": "ï \nPath Parameters :", "page": 16, "type": "section"}, {"title": "id_client \nEntier reprÈsentant líidentifiant technique du client ‡ remonter.", "page": 16, "type": "chapter"}, {"title": "ï \nExemple d'utilisation :", "page": 16, "type": "section"}, {"title": "curl -X GET https://data.gmvet.net/api/rest/v1/clients/10 \\ \n-H \"Content-Type: application/json\" \\ \n-H \"Accept-Encoding: gzip\" \\ \n-H \"Authorization: Bearer <token>\"", "page": 16, "type": "section"}, {"title": "Liste des Clients Adresses", "page": 17, "type": "chapter"}, {"title": "ï \nDescription : Cette API permet d'obtenir les informations dÈtaillÈes d'adresses", "page": 17, "type": "section"}, {"title": "clients GmVet.", "page": 17, "type": "chapter"}, {"title": "ï \nMÈthode HTTP : GET", "page": 17, "type": "section"}, {"title": "ï \nEndpoint : /client-adresses", "page": 17, "type": "section"}, {"title": "ï \nVersion : V1", "page": 17, "type": "section"}, {"title": "ï \nQuery Params :", "page": 17, "type": "section"}, {"title": "limit \nLe nombre d'ÈlÈments ‡ remonter en rÈsultat, avec une valeur par \ndÈfaut et un maximum de 1000.", "page": 17, "type": "chapter"}, {"title": "idGreaterThan \nEntier reprÈsentant líidentifiant du premier objet ‡ remonter (0 par \ndÈfaut).", "page": 17, "type": "chapter"}, {"title": "dataIngestionDate \nDate (format AAAA-MM-JJ) depuis laquelle remonter des rÈsultats.", "page": 17, "type": "chapter"}, {"title": "ï \nExemple d'utilisation :", "page": 17, "type": "section"}, {"title": "curl -X GET https://data.gmvet.net/api/rest/v1/client-adresses?li-\nmit=10&idGreaterThan=50&dataIngestionDate=2024-06-30 \\ \n-H \"Content-Type: application/json\" \\ \n-H \"Accept-Encoding: gzip\" \\ \n-H \"Authorization: Bearer <token>\"", "page": 17, "type": "section"}, {"title": "Liste des Adresses díun Client", "page": 18, "type": "chapter"}, {"title": "ï \nDescription : Cette API permet d'obtenir les informations dÈtaillÈes d'une adresse", "page": 18, "type": "section"}, {"title": "client GmVet gr‚ce ‡ son id.", "page": 18, "type": "chapter"}, {"title": "ï \nMÈthode HTTP : GET", "page": 18, "type": "section"}, {"title": "ï \nEndpoint : /clients/{id_client}/client-adresses", "page": 18, "type": "section"}, {"title": "ï \nVersion : V1", "page": 18, "type": "section"}, {"title": "ï \nPath Parameters :", "page": 18, "type": "section"}, {"title": "id_client \nEntier reprÈsentant líidentifiant technique du client dont on veut trouver \nlíadresse postale.", "page": 18, "type": "chapter"}, {"title": "ï \nExemple d'utilisation :", "page": 18, "type": "section"}, {"title": "curl -X GET https://data.gmvet.net/api/rest/v1/clients/10/client-\nadresses \\ \n-H \"Content-Type: application/json\" \\ \n-H \"Accept-Encoding: gzip\" \\ \n-H \"Authorization: Bearer <token>\"", "page": 18, "type": "section"}, {"title": "Liste des Clients TÈlÈphones", "page": 19, "type": "chapter"}, {"title": "ï \nDescription : Cette API permet d'obtenir les informations dÈtaillÈes de coordon-", "page": 19, "type": "section"}, {"title": "nÈes tÈlÈphoniques de clients GmVet.", "page": 19, "type": "chapter"}, {"title": "ï \nMÈthode HTTP : GET", "page": 19, "type": "section"}, {"title": "ï \nEndpoint : /client-telephones", "page": 19, "type": "section"}, {"title": "ï \nVersion : V1", "page": 19, "type": "section"}, {"title": "ï \nQuery Params :", "page": 19, "type": "section"}, {"title": "limit \nLe nombre d'ÈlÈments ‡ remonter en rÈsultat, avec une valeur par dÈfaut \net un maximum de 1000.", "page": 19, "type": "section"}, {"title": "idGreaterThan \nEntier reprÈsentant líidentifiant du premier objet ‡ remonter (0 par dÈ-\nfaut).", "page": 19, "type": "section"}, {"title": "dataIngestionDate \nDate (format AAAA-MM-JJ) depuis laquelle remonter des rÈsultats.", "page": 19, "type": "section"}, {"title": "ï \nExemple d'utilisation :", "page": 19, "type": "section"}, {"title": "curl -X https://data.gmvet.net/api/rest/v1/client-telephones?li-\nmit=10&idGreaterThan=50&dataIngestionDate=2024-06-30 \\ \n-H \"Content-Type: application/json\" \\ \n-H \"Accept-Encoding: gzip\" \\ \n-H \"Authorization: Bearer <token>\"", "page": 19, "type": "section"}, {"title": "Liste des TÈlÈphones díun Client", "page": 20, "type": "chapter"}, {"title": "ï \nDescription : Cette API permet d'obtenir les informations dÈtaillÈes de coordon-", "page": 20, "type": "section"}, {"title": "nÈes tÈlÈphoniques d'un client GmVet gr‚ce ‡ son id.", "page": 20, "type": "chapter"}, {"title": "ï \nMÈthode HTTP : GET", "page": 20, "type": "section"}, {"title": "ï \nEndpoint : /clients/{id_client}/client-telephones", "page": 20, "type": "section"}, {"title": "ï \nVersion : V1", "page": 20, "type": "section"}, {"title": "ï \nPath Parameters :", "page": 20, "type": "section"}, {"title": "id_client \nEntier reprÈsentant líidentifiant technique du client dont on veut \ntrouver les coordonnÈes tÈlÈphoniques.", "page": 20, "type": "chapter"}, {"title": "ï \nExemple d'utilisation :", "page": 20, "type": "section"}, {"title": "curl -X GET https://data.gmvet.net/api/rest/v1/clients/10/client-te-\nlephones \\ \n-H \"Content-Type: application/json\" \\ \n-H \"Accept-Encoding: gzip\" \\ \n-H \"Authorization: Bearer <token>\"", "page": 20, "type": "section"}, {"title": "Liste des Informations de ComptabilitÈ", "page": 21, "type": "chapter"}, {"title": "ï \nDescription : Cette API permet d'obtenir les informations de comptabilitÈ dÈtail-", "page": 21, "type": "section"}, {"title": "lÈes de clients GmVet.", "page": 21, "type": "chapter"}, {"title": "ï \nMÈthode HTTP : GET", "page": 21, "type": "section"}, {"title": "ï \nEndpoint : /client-comptabilites", "page": 21, "type": "section"}, {"title": "ï \nVersion : V1", "page": 21, "type": "section"}, {"title": "ï \nQuery Params :", "page": 21, "type": "section"}, {"title": "limit \nLe nombre d'ÈlÈments ‡ remonter en rÈsultat, avec une valeur par \ndÈfaut et un maximum de 1000.", "page": 21, "type": "chapter"}, {"title": "idGreaterThan \nEntier reprÈsentant líidentifiant du premier objet ‡ remonter (0 par \ndÈfaut).", "page": 21, "type": "chapter"}, {"title": "dataIngestionDate \nDate (format AAAA-MM-JJ) depuis laquelle remonter des rÈsul-\ntats.", "page": 21, "type": "section"}, {"title": "ï \nExemple d'utilisation :", "page": 21, "type": "section"}, {"title": "curl -X GET https://data.gmvet.net/api/rest/v1/client-comptabi-\nlites?limit=10&idGreaterThan=50&dataIngestionDate=2024-06-30 \\ \n-H \"Content-Type: application/json\" \\ \n-H \"Accept-Encoding: gzip\" \\ \n-H \"Authorization: Bearer <token>\"", "page": 21, "type": "section"}, {"title": "Informations de ComptabilitÈ par Id client", "page": 22, "type": "chapter"}, {"title": "ï \nDescription Cette API permet d'obtenir les informations de comptabilitÈ dÈtaillÈes", "page": 22, "type": "section"}, {"title": "gr‚ce ‡ leur id.", "page": 22, "type": "chapter"}, {"title": "ï \nMÈthode HTTP : GET", "page": 22, "type": "section"}, {"title": "ï \nEndpoint : /client-comptabilites/{id_client_comptabilites}", "page": 22, "type": "section"}, {"title": "ï \nVersion : V1", "page": 22, "type": "section"}, {"title": "ï \nPath Parameters :", "page": 22, "type": "section"}, {"title": "id_client_comptabilite \nEntier reprÈsentant líidentifiant technique des informations de \ncomptabilitÈ ‡ remonter.", "page": 22, "type": "chapter"}, {"title": "ï \nExemple d'utilisation :", "page": 22, "type": "section"}, {"title": "curl -X GET https://data.gmvet.net/api/rest/v1/client-comptabilites/3 \n\\ \n-H \"Content-Type: application/json\" \\ \n-H \"Accept-Encoding: gzip\" \\ \n-H \"Authorization: Bearer <token>\"", "page": 22, "type": "section"}, {"title": "Liste des Patients", "page": 23, "type": "chapter"}, {"title": "ï \nDescription : Cette API permet d'obtenir les informations dÈtaillÈes de patients", "page": 23, "type": "section"}, {"title": "GmVet.", "page": 23, "type": "chapter"}, {"title": "ï \nMÈthode HTTP : GET", "page": 23, "type": "section"}, {"title": "ï \nEndpoint : /patients", "page": 23, "type": "section"}, {"title": "ï \nVersion : V1", "page": 23, "type": "section"}, {"title": "ï \nQuery Params :", "page": 23, "type": "section"}, {"title": "limit \nLe nombre d'ÈlÈments ‡ remonter en rÈsultat, avec une valeur par \ndÈfaut et un maximum de 1000.", "page": 23, "type": "chapter"}, {"title": "idGreaterThan \nEntier reprÈsentant líidentifiant du premier objet ‡ remonter (0 par \ndÈfaut).", "page": 23, "type": "chapter"}, {"title": "dataIngestionDate \nDate (format AAAA-MM-JJ) depuis laquelle remonter des rÈsul-\ntats.", "page": 23, "type": "section"}, {"title": "ï \nExemple d'utilisation :", "page": 23, "type": "section"}, {"title": "curl -X GET https://data.gmvet.net/api/rest/v1/patients?li-\nmit=10&idGreaterThan=50&dataIngestionDate=2024-06-30 \\ \n-H \"Content-Type: application/json\" \\ \n-H \"Accept-Encoding: gzip\" \\ \n-H \"Authorization: Bearer <token>\"", "page": 23, "type": "section"}, {"title": "Patient par Id", "page": 24, "type": "chapter"}, {"title": "ï \nDescription : Cette API permet d'obtenir les informations dÈtaillÈes d'un patient", "page": 24, "type": "section"}, {"title": "GmVet gr‚ce ‡ son id.", "page": 24, "type": "chapter"}, {"title": "ï \nMÈthode HTTP : GET", "page": 24, "type": "section"}, {"title": "ï \nEndpoint : /patients/{id_patient}", "page": 24, "type": "section"}, {"title": "ï \nVersion : V1", "page": 24, "type": "section"}, {"title": "ï \nPath Parameters :", "page": 24, "type": "section"}, {"title": "id_patient \nEntier reprÈsentant líidentifiant technique du patient ‡ remonter.", "page": 24, "type": "chapter"}, {"title": "ï \nExemple d'utilisation :", "page": 24, "type": "section"}, {"title": "curl -X GET https://data.gmvet.net/api/rest/v1/patients/6 \\ \n-H \"Content-Type: application/json\" \\ \n-H \"Accept-Encoding: gzip\" \\ \n-H \"Authorization: Bearer <token>\"", "page": 24, "type": "section"}, {"title": "Liste des Poids", "page": 25, "type": "chapter"}, {"title": "ï \nDescription : Cette API permet d'obtenir les informations du poids des patients", "page": 25, "type": "section"}, {"title": "Gmvet.", "page": 25, "type": "chapter"}, {"title": "ï \nMÈthode HTTP : GET", "page": 25, "type": "section"}, {"title": "ï \nEndpoint : /patient-poids", "page": 25, "type": "section"}, {"title": "ï \nVersion : V1", "page": 25, "type": "section"}, {"title": "ï \nQuery Params :", "page": 25, "type": "section"}, {"title": "limit \nLe nombre d'ÈlÈments ‡ remonter en rÈsultat, avec une valeur par \ndÈfaut et un maximum de 1000.", "page": 25, "type": "chapter"}, {"title": "idGreaterThan \nEntier reprÈsentant líidentifiant du premier objet ‡ remonter (0 par \ndÈfaut).", "page": 25, "type": "chapter"}, {"title": "dataIngestionDate \nDate (format AAAA-MM-JJ) depuis laquelle remonter des rÈsul-\ntats.", "page": 25, "type": "section"}, {"title": "ï \nExemple d'utilisation :", "page": 25, "type": "section"}, {"title": "curl -X GET https://data.gmvet.net/api/rest/v1/patient-poids?li-\nmit=10&idGreaterThan=50&dataIngestionDate=2024-06-30 \\ \n-H \"Content-Type: application/json\" \\ \n-H \"Accept-Encoding: gzip\" \\ \n-H \"Authorization: Bearer <token>\"", "page": 25, "type": "section"}, {"title": "Liste des Poids díun Patient", "page": 26, "type": "chapter"}, {"title": "ï \nDescription : Cette API permet d'obtenir les informations du poids d'un patient", "page": 26, "type": "section"}, {"title": "Gmvet gr‚ce ‡ son id.", "page": 26, "type": "chapter"}, {"title": "ï \nMÈthode HTTP : GET", "page": 26, "type": "section"}, {"title": "ï \nEndpoint : /patients/{id_patient}/patient-poids", "page": 26, "type": "section"}, {"title": "ï \nVersion : V1", "page": 26, "type": "section"}, {"title": "ï \nPath Parameters :", "page": 26, "type": "section"}, {"title": "id_patient \nEntier reprÈsentant líidentifiant technique du patient dont on veut \ntrouver les poids.", "page": 26, "type": "chapter"}, {"title": "ï Exemple d'utilisation :", "page": 26, "type": "chapter"}, {"title": "curl -X GET https://data.gmvet.net/api/rest/v1/patients/10/patient-\npoids \\ \n-H \"Content-Type: application/json\" \\ \n-H \"Accept-Encoding: gzip\" \\ \n-H \"Authorization: Bearer <token>\"", "page": 26, "type": "section"}, {"title": "Liste des Contacts", "page": 27, "type": "chapter"}, {"title": "ï \nDescription : Cette API permet d'obtenir les informations dÈtaillÈes de contacts", "page": 27, "type": "section"}, {"title": "GmVet.", "page": 27, "type": "chapter"}, {"title": "ï \nMÈthode HTTP : GET", "page": 27, "type": "section"}, {"title": "ï \nEndpoint : /contacts", "page": 27, "type": "section"}, {"title": "ï \nVersion : V1", "page": 27, "type": "section"}, {"title": "ï \nQuery Params :", "page": 27, "type": "section"}, {"title": "limit \nLe nombre d'ÈlÈments ‡ remonter en rÈsultat, avec une valeur par \ndÈfaut et un maximum de 1000.", "page": 27, "type": "chapter"}, {"title": "idGreaterThan \nEntier reprÈsentant líidentifiant du premier objet ‡ remonter (0 par \ndÈfaut).", "page": 27, "type": "chapter"}, {"title": "dataIngestionDate \nDate (format AAAA-MM-JJ) depuis laquelle remonter des rÈsul-\ntats.", "page": 27, "type": "section"}, {"title": "ï \nExemple d'utilisation :", "page": 27, "type": "section"}, {"title": "curl -X GET https://data.gmvet.net/api/rest/v1/contacts?li-\nmit=10&idGreaterThan=50&dataIngestionDate=2024-06-30 \\ \n-H \"Content-Type: application/json\" \\ \n-H \"Accept-Encoding: gzip\" \\ \n-H \"Authorization: Bearer <token>\"", "page": 27, "type": "section"}, {"title": "Contact par Id", "page": 28, "type": "chapter"}, {"title": "ï \nDescription : Cette API permet d'obtenir les informations dÈtaillÈes d'un contact", "page": 28, "type": "section"}, {"title": "GmVet gr‚ce ‡ son id.", "page": 28, "type": "chapter"}, {"title": "ï \nMÈthode HTTP : GET", "page": 28, "type": "section"}, {"title": "ï \nEndpoint : /contacts/{id_contact}", "page": 28, "type": "section"}, {"title": "ï \nVersion : V1", "page": 28, "type": "section"}, {"title": "ï \nPath Parameters :", "page": 28, "type": "section"}, {"title": "id_contact \nEntier reprÈsentant líidentifiant technique du contact ‡ remonter.", "page": 28, "type": "chapter"}, {"title": "ï \nExemple d'utilisation :", "page": 28, "type": "section"}, {"title": "curl -X GET https://data.gmvet.net/api/rest/v1/contacts/6 \\ \n-H \"Content-Type: application/json\" \\ \n-H \"Accept-Encoding: gzip\" \\ \n-H \"Authorization: Bearer <token>\"", "page": 28, "type": "section"}, {"title": "Liste des liens entre Client et Patient", "page": 29, "type": "chapter"}, {"title": "ï \nDescription : Cette API permet d'obtenir les informations du lien entre client et pa-", "page": 29, "type": "section"}, {"title": "tient GmVet.", "page": 29, "type": "chapter"}, {"title": "ï \nMÈthode HTTP : GET", "page": 29, "type": "section"}, {"title": "ï \nEndpoint : /proprietes", "page": 29, "type": "section"}, {"title": "ï \nVersion : V1", "page": 29, "type": "section"}, {"title": "ï \nQuery Params :", "page": 29, "type": "section"}, {"title": "limit \nLe nombre d'ÈlÈments ‡ remonter en rÈsultat, avec une valeur par \ndÈfaut et un maximum de 1000.", "page": 29, "type": "chapter"}, {"title": "idGreaterThan \nEntier reprÈsentant líidentifiant du premier objet ‡ remonter (0 par \ndÈfaut).", "page": 29, "type": "chapter"}, {"title": "dataIngestionDate \nDate (format AAAA-MM-JJ) depuis laquelle remonter des rÈsul-\ntats.", "page": 29, "type": "section"}, {"title": "ï \nExemple d'utilisation :", "page": 29, "type": "section"}, {"title": "curl -X GET https://data.gmvet.net/api/rest/v1/proprietes?li-\nmit=10&idGreaterThan=50&dataIngestionDate=2024-06-30 \\ \n-H \"Content-Type: application/json\" \\ \n-H \"Accept-Encoding: gzip\" \\ \n-H \"Authorization: Bearer <token>\"", "page": 29, "type": "section"}, {"title": "Liste des liens díun Client vers ses Patients", "page": 30, "type": "chapter"}, {"title": "ï \nDescription : Cette API permet d'obtenir les informations du lien entre client et pa-", "page": 30, "type": "section"}, {"title": "tient GmVet depuis l'id du client.", "page": 30, "type": "chapter"}, {"title": "ï \nMÈthode HTTP : GET", "page": 30, "type": "section"}, {"title": "ï \nEndpoint : /clients/{id_client}/proprietes", "page": 30, "type": "section"}, {"title": "ï \nVersion : V1", "page": 30, "type": "section"}, {"title": "ï \nPath Parameters :", "page": 30, "type": "section"}, {"title": "id_client \nEntier reprÈsentant líidentifiant technique du client dont on veut \ntrouver les animaux.", "page": 30, "type": "chapter"}, {"title": "ï \nExemple d'utilisation :", "page": 30, "type": "section"}, {"title": "curl -X GET https://data.gmvet.net/api/rest/v1/clients/10/proprietes \n\\ \n-H \"Content-Type: application/json\" \\ \n-H \"Accept-Encoding: gzip\" \\ \n-H \"Authorization: Bearer <token>\"", "page": 30, "type": "section"}, {"title": "Liste des Ateliers", "page": 31, "type": "chapter"}, {"title": "ï \nDescription : Cette API permet d'obtenir les informations dÈtaillÈes sur des ate-", "page": 31, "type": "section"}, {"title": "liers.", "page": 31, "type": "chapter"}, {"title": "ï \nMÈthode HTTP : GET", "page": 31, "type": "section"}, {"title": "ï \nEndpoint : /ateliers", "page": 31, "type": "section"}, {"title": "ï \nVersion : V1", "page": 31, "type": "section"}, {"title": "ï \nQuery Params :", "page": 31, "type": "section"}, {"title": "limit \nLe nombre d'ÈlÈments ‡ remonter en rÈsultat, avec une valeur par \ndÈfaut et un maximum de 1000.", "page": 31, "type": "chapter"}, {"title": "idGreaterThan \nEntier reprÈsentant líidentifiant du premier objet ‡ remonter (0 par \ndÈfaut).", "page": 31, "type": "chapter"}, {"title": "dataIngestionDate \nDate (format AAAA-MM-JJ) depuis laquelle remonter des rÈsultats \n(01/01/1970 par dÈfaut).", "page": 31, "type": "chapter"}, {"title": "ï \nExemple d'utilisation :", "page": 31, "type": "section"}, {"title": "curl -X GET https://data.gmvet.net/api/rest/v1/ateliers?li-\nmit=10&idGreaterThan=50&dataIngestionDate=2024-06-30 \\ \n-H \"Content-Type: application/json\" \\ \n-H \"Accept-Encoding: gzip\" \\ \n-H \"Authorization: Bearer <token>\"", "page": 31, "type": "section"}, {"title": "Atelier par Id", "page": 32, "type": "chapter"}, {"title": "ï \nDescription : Cette API permet d'obtenir les informations dÈtaillÈes díun atelier", "page": 32, "type": "section"}, {"title": "gr‚ce ‡ son identifiant.", "page": 32, "type": "chapter"}, {"title": "ï \nMÈthode HTTP : GET", "page": 32, "type": "section"}, {"title": "ï \nEndpoint : /ateliers/{id_atelier}", "page": 32, "type": "section"}, {"title": "ï \nVersion : V1", "page": 32, "type": "section"}, {"title": "ï \nPath Parameters :", "page": 32, "type": "section"}, {"title": "id_atelier \nEntier reprÈsentant líidentifiant technique de líatelier ‡ remonter.", "page": 32, "type": "chapter"}, {"title": "ï \nExemple d'utilisation :", "page": 32, "type": "section"}, {"title": "curl -X GET https://data.gmvet.net/api/rest/v1/ateliers/8 \\ \n-H \"Content-Type: application/json\" \\ \n-H \"Accept-Encoding: gzip\" \\ \n-H \"Authorization: Bearer <token>\"", "page": 32, "type": "section"}, {"title": "Liste des Client Ateliers", "page": 33, "type": "chapter"}, {"title": "ï \nDescription Cette API permet d'obtenir les informations dÈtaillÈes des liens entre", "page": 33, "type": "section"}, {"title": "clients et ateliers.", "page": 33, "type": "chapter"}, {"title": "ï \nMÈthode HTTP : GET", "page": 33, "type": "section"}, {"title": "ï \nEndpoint : /client-ateliers", "page": 33, "type": "section"}, {"title": "ï \nVersion : V1", "page": 33, "type": "section"}, {"title": "ï \nQuery Params :", "page": 33, "type": "section"}, {"title": "limit \nLe nombre d'ÈlÈments ‡ remonter en rÈsultat, avec une valeur par \ndÈfaut et un maximum de 1000.", "page": 33, "type": "chapter"}, {"title": "idGreaterThan \nEntier reprÈsentant líidentifiant du premier objet ‡ remonter (0 par \ndÈfaut).", "page": 33, "type": "chapter"}, {"title": "dataIngestionDate \nDate (format AAAA-MM-JJ) depuis laquelle remonter des rÈsultats \n(01/01/1970 par dÈfaut).", "page": 33, "type": "chapter"}, {"title": "ï \nExemple d'utilisation :", "page": 33, "type": "section"}, {"title": "curl -X GET https://data.gmvet.net/api/rest/v1/client-ateliers?li-\nmit=10&idGreaterThan=50&dataIngestionDate=2024-06-30 \\ \n-H \"Content-Type: application/json\" \\ \n-H \"Accept-Encoding: gzip\" \\ \n-H \"Authorization: Bearer <token>\"", "page": 33, "type": "section"}, {"title": "Client Atelier par Id", "page": 34, "type": "chapter"}, {"title": "ï \nDescription : Cette API permet d'obtenir les informations dÈtaillÈes díun lien entre", "page": 34, "type": "section"}, {"title": "un atelier et un client gr‚ce ‡ son identifiant.", "page": 34, "type": "chapter"}, {"title": "ï \nMÈthode HTTP : GET", "page": 34, "type": "section"}, {"title": "ï \nEndpoint : /client-ateliers/{id_client_atelier}", "page": 34, "type": "section"}, {"title": "ï \nVersion : V1", "page": 34, "type": "section"}, {"title": "ï \nPath Parameters :", "page": 34, "type": "section"}, {"title": "id_client_atelier \nEntier reprÈsentant líidentifiant technique du lien entre un atelier et \nun client ‡ remonter.", "page": 34, "type": "chapter"}, {"title": "ï \nExemple d'utilisation :", "page": 34, "type": "section"}, {"title": "curl -X GET https://data.gmvet.net/api/rest/v1/client-ateliers/8 \\ \n-H \"Content-Type: application/json\" \\ \n-H \"Accept-Encoding: gzip\" \\ \n-H \"Authorization: Bearer <token>\"", "page": 34, "type": "section"}, {"title": "Liste des Sous Populations", "page": 35, "type": "chapter"}, {"title": "ï \nDescription : Cette API permet d'obtenir les informations dÈtaillÈes sur des sous", "page": 35, "type": "section"}, {"title": "populations.", "page": 35, "type": "chapter"}, {"title": "ï \nMÈthode HTTP : GET", "page": 35, "type": "section"}, {"title": "ï \nEndpoint : /sous-populations", "page": 35, "type": "section"}, {"title": "ï \nVersion : V1", "page": 35, "type": "section"}, {"title": "ï \nQuery Params :", "page": 35, "type": "section"}, {"title": "limit \nLe nombre d'ÈlÈments ‡ remonter en rÈsultat, avec une valeur par \ndÈfaut et un maximum de 1000.", "page": 35, "type": "chapter"}, {"title": "idGreaterThan \nEntier reprÈsentant líidentifiant du premier objet ‡ remonter (0 par \ndÈfaut).", "page": 35, "type": "chapter"}, {"title": "dataIngestionDate \nDate (format AAAA-MM-JJ) depuis laquelle remonter des rÈsultats \n(01/01/1970 par dÈfaut).", "page": 35, "type": "chapter"}, {"title": "ï \nExemple d'utilisation :", "page": 35, "type": "section"}, {"title": "curl -X GET https://data.gmvet.net/api/rest/v1/sous-populations?li-\nmit=10&idGreaterThan=50&dataIngestionDate=2024-06-30 \\ \n-H \"Content-Type: application/json\" \\ \n-H \"Accept-Encoding: gzip\" \\ \n-H \"Authorization: Bearer <token>\"", "page": 35, "type": "section"}, {"title": "Sous Population par Id", "page": 36, "type": "chapter"}, {"title": "ï \nDescription : Cette API permet d'obtenir les informations dÈtaillÈes díune sous po-", "page": 36, "type": "section"}, {"title": "pulation gr‚ce ‡ son identifiant.", "page": 36, "type": "chapter"}, {"title": "ï \nMÈthode HTTP : GET", "page": 36, "type": "section"}, {"title": "ï \nEndpoint : /sous-populations/{id_sous_population}", "page": 36, "type": "section"}, {"title": "ï \nVersion : V1", "page": 36, "type": "section"}, {"title": "ï \nPath Parameters:", "page": 36, "type": "section"}, {"title": "id_sous_population \nEntier reprÈsentant líidentifiant technique de la sous population \n‡ remonter.", "page": 36, "type": "chapter"}, {"title": "ï \nExemple d'utilisation :", "page": 36, "type": "section"}, {"title": "curl -X GET https://data.gmvet.net/api/rest/v1/sous-populations/8 \\ \n-H \"Content-Type: application/json\" \\ \n-H \"Accept-Encoding: gzip\" \\ \n-H \"Authorization: Bearer <token>\"", "page": 36, "type": "section"}, {"title": "Liste des Consultations", "page": 37, "type": "chapter"}, {"title": "ï \nDescription : Cette API permet d'obtenir les informations dÈtaillÈes sur des con-", "page": 37, "type": "section"}, {"title": "sultations.", "page": 37, "type": "chapter"}, {"title": "ï \nMÈthode HTTP : GET", "page": 37, "type": "section"}, {"title": "ï \nEndpoint : /consultations", "page": 37, "type": "section"}, {"title": "ï \nVersion : V1", "page": 37, "type": "section"}, {"title": "ï \nQuery Params :", "page": 37, "type": "section"}, {"title": "limit \nLe nombre d'ÈlÈments ‡ remonter en rÈsultat, avec une valeur par \ndÈfaut et un maximum de 1000.", "page": 37, "type": "chapter"}, {"title": "idGreaterThan \nEntier reprÈsentant líidentifiant du premier objet ‡ remonter (0 par \ndÈfaut).", "page": 37, "type": "chapter"}, {"title": "dataIngestionDate \nDate (format AAAA-MM-JJ) depuis laquelle remonter des rÈsultats \n(01/01/1970 par dÈfaut).", "page": 37, "type": "chapter"}, {"title": "ï \nExemple d'utilisation :", "page": 37, "type": "section"}, {"title": "curl -X GET https://data.gmvet.net/api/rest/v1/consultations?li-\nmit=10&idGreaterThan=50&dataIngestionDate=2024-06-30 \\ \n-H \"Content-Type: application/json\" \\ \n-H \"Accept-Encoding: gzip\" \\ \n-H \"Authorization: Bearer <token>\"", "page": 37, "type": "section"}, {"title": "Consultation par Id", "page": 38, "type": "chapter"}, {"title": "ï \nDescription : Cette API permet d'obtenir les informations dÈtaillÈes díune consul-", "page": 38, "type": "section"}, {"title": "tation gr‚ce ‡ son identifiant.", "page": 38, "type": "chapter"}, {"title": "ï \nMÈthode HTTP : GET", "page": 38, "type": "section"}, {"title": "ï \nEndpoint : /consultations/{id_consultation}", "page": 38, "type": "section"}, {"title": "ï \nVersion : V1", "page": 38, "type": "section"}, {"title": "ï \nPath Parameters :", "page": 38, "type": "section"}, {"title": "id_consultation \nEntier reprÈsentant líidentifiant technique de la consultation ‡ \nremonter.", "page": 38, "type": "chapter"}, {"title": "ï \nExemple d'utilisation :", "page": 38, "type": "section"}, {"title": "curl -X GET https://data.gmvet.net/api/rest/v1/consultations/8 \\ \n-H \"Content-Type: application/json\" \\ \n-H \"Accept-Encoding: gzip\" \\ \n-H \"Authorization: Bearer <token>\"", "page": 38, "type": "section"}, {"title": "Liste des Conditions díencaissement", "page": 39, "type": "chapter"}, {"title": "ï \nDescription : Cette API permet d'obtenir les informations dÈtaillÈes de conditions", "page": 39, "type": "section"}, {"title": "d'encaissement.", "page": 39, "type": "chapter"}, {"title": "ï \nMÈthode HTTP : GET", "page": 39, "type": "section"}, {"title": "ï \nEndpoint : /conditions-encaissement", "page": 39, "type": "section"}, {"title": "ï \nVersion : V1", "page": 39, "type": "section"}, {"title": "ï \nQuery Params :", "page": 39, "type": "section"}, {"title": "limit \nLe nombre d'ÈlÈments ‡ remonter en rÈsultat, avec une valeur par \ndÈfaut et un maximum de 1000.", "page": 39, "type": "chapter"}, {"title": "idGreaterThan \nEntier reprÈsentant líindex du premier rÈsultat ‡ remonter (0 par dÈ-\nfaut).", "page": 39, "type": "section"}, {"title": "dataIngestionDate \nDate (format AAAA-MM-JJ) depuis laquelle remonter des rÈsultats.", "page": 39, "type": "chapter"}, {"title": "ï \nExemple d'utilisation :", "page": 39, "type": "section"}, {"title": "curl -X GET https://data.gmvet.net/api/rest/v1/conditions_encaisse-\nment?limit=10&idGreaterThan=50&dataIngestionDate=2024-06-30 \\ \n-H \"Content-Type: application/json\" \\ \n-H \"Accept-Encoding: gzip\" \\ \n-H \"Authorization: Bearer <token>\"", "page": 39, "type": "section"}, {"title": "Conditions díencaissement par Id", "page": 40, "type": "chapter"}, {"title": "ï \nDescription : Cette API permet d'obtenir les informations dÈtaillÈes de conditions", "page": 40, "type": "section"}, {"title": "d'encaissement.", "page": 40, "type": "chapter"}, {"title": "ï \nMÈthode HTTP : GET", "page": 40, "type": "section"}, {"title": "ï \nEndpoint : /conditions-encaissement/{id_conditions_encaisse-", "page": 40, "type": "section"}, {"title": "ment}", "page": 40, "type": "section"}, {"title": "ï \nVersion : V1", "page": 40, "type": "section"}, {"title": "ï \nPath Parameters :", "page": 40, "type": "section"}, {"title": "id_conditions_encaissement \nEntier reprÈsentant líidentifiant technique des condi-\ntions díencaissement ‡ remonter.", "page": 40, "type": "section"}, {"title": "ï \nExemple d'utilisation :", "page": 40, "type": "section"}, {"title": "curl -X GET https://data.gmvet.net/api/rest/v1/conditions-encaisse-\nment/8 \\ \n-H \"Content-Type: application/json\" \\ \n-H \"Accept-Encoding: gzip\" \\ \n-H \"Authorization: Bearer <token>\"", "page": 40, "type": "section"}, {"title": "ï \nDescription : Cette API permet d'obtenir les dÈtails des informations de produits.", "page": 41, "type": "section"}, {"title": "ï \nMÈthode HTTP : GET", "page": 41, "type": "section"}, {"title": "ï \nEndpoint : /produits", "page": 41, "type": "section"}, {"title": "ï \nVersion : V1", "page": 41, "type": "section"}, {"title": "ï \nQuery Params :", "page": 41, "type": "section"}, {"title": "limit \nLe nombre d'ÈlÈments ‡ remonter en rÈsultat, avec une valeur par \ndÈfaut et un maximum de 1000.", "page": 41, "type": "chapter"}, {"title": "idGreaterThan \nEntier reprÈsentant líidentifiant du premier objet ‡ remonter (0 par \ndÈfaut).", "page": 41, "type": "chapter"}, {"title": "dataIngestionDate \nDate (format AAAA-MM-JJ) depuis laquelle remonter des rÈsul-\ntats (01/01/1970 par dÈfaut).", "page": 41, "type": "section"}, {"title": "ï Exemple d'utilisation :", "page": 41, "type": "chapter"}, {"title": "curl -X GET https://data.gmvet.net/api/rest/v1/produits?li-\nmit=10&idGreaterThan=50&dataIngestionDate=06/30/2024 \\ \n-H \"Content-Type: application/json\" \\ \n-H \"Accept-Encoding: gzip\" \\ \n-H \"Authorization: Bearer <token>\"", "page": 41, "type": "section"}, {"title": "Produit par Id", "page": 42, "type": "chapter"}, {"title": "ï \nDescription : Cette API permet d'obtenir le dÈtail des informations díun produit", "page": 42, "type": "section"}, {"title": "gr‚ce ‡ son identifiant.", "page": 42, "type": "chapter"}, {"title": "ï \nMÈthode HTTP : GET", "page": 42, "type": "section"}, {"title": "ï \nEndpoint : /produits/{id_produit}", "page": 42, "type": "section"}, {"title": "ï \nVersion : V1", "page": 42, "type": "section"}, {"title": "ï \nPath Parameters :", "page": 42, "type": "section"}, {"title": "id_produit \nEntier reprÈsentant líidentifiant technique des informations pro-\nduit ‡ remonter.", "page": 42, "type": "section"}, {"title": "ï \nExemple d'utilisation :", "page": 42, "type": "section"}, {"title": "curl -X GET https://data.gmvet.net/api/rest/v1/produits/8 \\ \n-H \"Content-Type: application/json\" \\ \n-H \"Accept-Encoding: gzip\" \\ \n-H \"Authorization: Bearer <token>\"", "page": 42, "type": "section"}, {"title": "ï \nDescription : Cette API permet d'obtenir les informations dÈtaillÈes du paramÈ-", "page": 43, "type": "section"}, {"title": "trage de produits.", "page": 43, "type": "chapter"}, {"title": "ï \nMÈthode HTTP : GET", "page": 43, "type": "section"}, {"title": "ï \nEndpoint : /produit-parametrages", "page": 43, "type": "section"}, {"title": "ï \nVersion : V1", "page": 43, "type": "section"}, {"title": "ï \nQuery Params :", "page": 43, "type": "section"}, {"title": "limit \nLe nombre d'ÈlÈments ‡ remonter en rÈsultat, avec une valeur par \ndÈfaut et un maximum de 1000.", "page": 43, "type": "chapter"}, {"title": "idGreaterThan \nEntier reprÈsentant líidentifiant du premier objet ‡ remonter (0 par \ndÈfaut).", "page": 43, "type": "chapter"}, {"title": "dataIngestionDate \nDate (format AAAA-MM-JJ) depuis laquelle remonter des rÈsultats \n(01/01/1970 par dÈfaut).", "page": 43, "type": "chapter"}, {"title": "ï Exemple d'utilisation :", "page": 43, "type": "chapter"}, {"title": "curl -X GET https://data.gmvet.net/api/rest/v1/produit-parametrages?li-\nmit=10&idGreaterThan=50&dataIngestionDate=2024-06-30 \\ \n-H \"Content-Type: application/json\" \\ \n-H \"Accept-Encoding: gzip\" \\ \n-H \"Authorization: Bearer <token>\"", "page": 43, "type": "section"}, {"title": "ParamÈtrage díun produit par Id", "page": 44, "type": "chapter"}, {"title": "ï \nDescription : Cette API permet d'obtenir les informations dÈtaillÈes du paramÈ-", "page": 44, "type": "section"}, {"title": "trage díun produit gr‚ce ‡ son identifiant.", "page": 44, "type": "chapter"}, {"title": "ï \nMÈthode HTTP : GET", "page": 44, "type": "section"}, {"title": "ï \nEndpoint : /produit-parametrages/{id_produit_parametrage}", "page": 44, "type": "section"}, {"title": "ï \nVersion : V1", "page": 44, "type": "section"}, {"title": "ï \nPath Parameters :", "page": 44, "type": "section"}, {"title": "id_produit_parametrage \nEntier reprÈsentant líidentifiant technique des informations \nde paramÈtrage díun produit ‡ remonter.", "page": 44, "type": "chapter"}, {"title": "ï \nExemple d'utilisation :", "page": 44, "type": "section"}, {"title": "curl -X GET https://data.gmvet.net/api/rest/v1/produit-parametrages/8 \n\\ \n-H \"Content-Type: application/json\" \\ \n-H \"Accept-Encoding: gzip\" \\ \n-H \"Authorization: Bearer <token>\"", "page": 44, "type": "section"}, {"title": "ï \nDescription : Cette API permet d'obtenir les informations dÈtaillÈes de tarifs..", "page": 45, "type": "section"}, {"title": "ï \nMÈthode HTTP : GET", "page": 45, "type": "section"}, {"title": "ï \nEndpoint : /tarifs", "page": 45, "type": "section"}, {"title": "ï \nVersion : V1", "page": 45, "type": "section"}, {"title": "ï \nQuery Params :", "page": 45, "type": "section"}, {"title": "limit \nLe nombre d'ÈlÈments ‡ remonter en rÈsultat, avec une valeur par \ndÈfaut et un maximum de 1000.", "page": 45, "type": "chapter"}, {"title": "idGreaterThan \nEntier reprÈsentant líidentifiant du premier objet ‡ remonter (0 par \ndÈfaut).", "page": 45, "type": "chapter"}, {"title": "dataIngestionDate \nDate (format AAAA-MM-JJ) depuis laquelle remonter des rÈsultats \n(01/01/1970 par dÈfaut).", "page": 45, "type": "chapter"}, {"title": "ï Exemple d'utilisation :", "page": 45, "type": "chapter"}, {"title": "curl -X GET https://data.gmvet.net/api/rest/v1/tarifs?li-\nmit=10&idGreaterThan=50&dataIngestionDate=2024-06-30 \\ \n-H \"Content-Type: application/json\" \\ \n-H \"Accept-Encoding: gzip\" \\ \n-H \"Authorization: Bearer <token>\"", "page": 45, "type": "section"}, {"title": "Tarif par Id", "page": 46, "type": "chapter"}, {"title": "ï \nDescription : Cette API permet d'obtenir les informations dÈtaillÈes díun tarif gr‚ce", "page": 46, "type": "section"}, {"title": "‡ son identifiant.", "page": 46, "type": "chapter"}, {"title": "ï \nMÈthode HTTP : GET", "page": 46, "type": "section"}, {"title": "ï \nEndpoint : /tarifs/{id_tarif}", "page": 46, "type": "section"}, {"title": "ï \nVersion : V1", "page": 46, "type": "section"}, {"title": "ï \nPath Parameters :", "page": 46, "type": "section"}, {"title": "id_tarif \nEntier reprÈsentant líidentifiant technique du tarif ‡ remonter.", "page": 46, "type": "chapter"}, {"title": "ï \nExemple d'utilisation :", "page": 46, "type": "section"}, {"title": "curl -X GET https://data.gmvet.net/api/rest/v1/tarifs/8 \\ \n-H \"Content-Type: application/json\" \\ \n-H \"Accept-Encoding: gzip\" \\ \n-H \"Authorization: Bearer <token>\"", "page": 46, "type": "section"}, {"title": "ï \nDescription : Cette API permet d'obtenir les informations dÈtaillÈes de descrip-", "page": 47, "type": "section"}, {"title": "tions de tarifs.", "page": 47, "type": "chapter"}, {"title": "ï \nMÈthode HTTP : GET", "page": 47, "type": "section"}, {"title": "ï \nEndpoint : /tarif-descriptions", "page": 47, "type": "section"}, {"title": "ï \nVersion : V1", "page": 47, "type": "section"}, {"title": "ï \nQuery Params :", "page": 47, "type": "section"}, {"title": "limit \nLe nombre d'ÈlÈments ‡ remonter en rÈsultat, avec une valeur par \ndÈfaut et un maximum de 1000.", "page": 47, "type": "chapter"}, {"title": "idGreaterThan \nEntier reprÈsentant líidentifiant du premier objet ‡ remonter (0 par \ndÈfaut).", "page": 47, "type": "chapter"}, {"title": "dataIngestionDate \nDate (format AAAA-MM-JJ) depuis laquelle remonter des rÈsultats \n(01/01/1970 par dÈfaut).", "page": 47, "type": "chapter"}, {"title": "ï Exemple d'utilisation :", "page": 47, "type": "chapter"}, {"title": "curl -X GET https://data.gmvet.net/api/rest/v1/tarif-descriptions?li-\nmit=10&idGreaterThan=50&dataIngestionDate=2024-06-30 \\ \n-H \"Content-Type: application/json\" \\ \n-H \"Accept-Encoding: gzip\" \\ \n-H \"Authorization: Bearer <token>\"", "page": 47, "type": "section"}, {"title": "Tarif-description par Id", "page": 48, "type": "chapter"}, {"title": "ï \nDescription : Cette API permet d'obtenir les informations dÈtaillÈes de la descrip-", "page": 48, "type": "section"}, {"title": "tion díun tarif gr‚ce ‡ son identifiant.", "page": 48, "type": "chapter"}, {"title": "ï \nMÈthode HTTP : GET", "page": 48, "type": "section"}, {"title": "ï \nEndpoint : /tarif-descriptions/{id_tarif_description}", "page": 48, "type": "section"}, {"title": "ï \nVersion : V1", "page": 48, "type": "section"}, {"title": "ï \nPath Parameters :", "page": 48, "type": "section"}, {"title": "id_tarif_description \nEntier reprÈsentant líidentifiant technique de la description de \ntarif ‡ remonter.", "page": 48, "type": "chapter"}, {"title": "ï \nExemple d'utilisation :", "page": 48, "type": "section"}, {"title": "curl -X GET https://data.gmvet.net/api/rest/v1/tarif-descriptions/8 \\ \n-H \"Content-Type: application/json\" \\ \n-H \"Accept-Encoding: gzip\" \\ \n-H \"Authorization: Bearer <token>\"", "page": 48, "type": "section"}, {"title": "Liste des Factures", "page": 49, "type": "chapter"}, {"title": "ï \nDescription : Cette API permet d'obtenir les informations dÈtaillÈes de factures.", "page": 49, "type": "section"}, {"title": "ï \nMÈthode HTTP : GET", "page": 49, "type": "section"}, {"title": "ï \nEndpoint : /factures", "page": 49, "type": "section"}, {"title": "ï \nVersion : V1", "page": 49, "type": "section"}, {"title": "ï \nQuery Params :", "page": 49, "type": "section"}, {"title": "limit \nLe nombre d'ÈlÈments ‡ remonter en rÈsultat, avec une valeur par \ndÈfaut et un maximum de 1000.", "page": 49, "type": "chapter"}, {"title": "idGreaterThan \nEntier reprÈsentant líidentifiant du premier objet ‡ remonter (0 par \ndÈfaut).", "page": 49, "type": "chapter"}, {"title": "dataIngestionDate \nDate (format AAAA-MM-JJ) depuis laquelle remonter des rÈsul-\ntats (01/01/1970 par dÈfaut).", "page": 49, "type": "section"}, {"title": "ï Exemple d'utilisation :", "page": 49, "type": "chapter"}, {"title": "curl -X GET https://data.gmvet.net/api/rest/v1/factures?li-\nmit=10&idGreaterThan=50&dataIngestionDate=2024-06-30 \\ \n-H \"Content-Type: application/json\" \\ \n-H \"Accept-Encoding: gzip\" \\ \n-H \"Authorization: Bearer <token>\"", "page": 49, "type": "section"}, {"title": "Facture par Id", "page": 50, "type": "chapter"}, {"title": "ï \nDescription : Cette API permet d'obtenir les informations dÈtaillÈes díune facture", "page": 50, "type": "section"}, {"title": "gr‚ce ‡ son identifiant.", "page": 50, "type": "chapter"}, {"title": "ï \nMÈthode HTTP : GET", "page": 50, "type": "section"}, {"title": "ï \nEndpoint : /factures/{id_facture}", "page": 50, "type": "section"}, {"title": "ï \nVersion : V1", "page": 50, "type": "section"}, {"title": "ï \nPath Parameters :", "page": 50, "type": "section"}, {"title": "id_facture \nEntier reprÈsentant líidentifiant technique de la facture ‡ remon-\nter.", "page": 50, "type": "section"}, {"title": "ï \nExemple d'utilisation :", "page": 50, "type": "section"}, {"title": "curl -X GET https://data.gmvet.net/api/rest/v1/factures/8 \\ \n-H \"Content-Type: application/json\" \\ \n-H \"Accept-Encoding: gzip\" \\ \n-H \"Authorization: Bearer <token>\"", "page": 50, "type": "section"}, {"title": "Liste des facture Lignes", "page": 51, "type": "chapter"}, {"title": "ï \nDescription : Cette API permet d'obtenir les informations dÈtaillÈes de lignes de", "page": 51, "type": "section"}, {"title": "factures.", "page": 51, "type": "chapter"}, {"title": "ï \nMÈthode HTTP : GET", "page": 51, "type": "section"}, {"title": "ï \nEndpoint : /facture-lignes", "page": 51, "type": "section"}, {"title": "ï \nVersion : V1", "page": 51, "type": "section"}, {"title": "ï \nQuery Params :", "page": 51, "type": "section"}, {"title": "limit \nLe nombre d'ÈlÈments ‡ remonter en rÈsultat, avec une valeur par \ndÈfaut et un maximum de 1000.", "page": 51, "type": "chapter"}, {"title": "idGreaterThan \nEntier reprÈsentant líidentifiant du premier objet ‡ remonter (0 par \ndÈfaut).", "page": 51, "type": "chapter"}, {"title": "dataIngestionDate \nDate (format AAAA-MM-JJ) depuis laquelle remonter des rÈsultats \n(01/01/1970 par dÈfaut).", "page": 51, "type": "chapter"}, {"title": "ï Exemple d'utilisation :", "page": 51, "type": "chapter"}, {"title": "curl -X GET https://data.gmvet.net/api/rest/v1/facture-lignes?li-\nmit=10&idGreaterThan=50&dataIngestionDate=2024-06-30 \\ \n-H \"Content-Type: application/json\" \\ \n-H \"Accept-Encoding: gzip\" \\ \n-H \"Authorization: Bearer <token>\"", "page": 51, "type": "section"}, {"title": "Facture ligne par Id", "page": 52, "type": "chapter"}, {"title": "ï \nDescription : Cette API permet d'obtenir les informations dÈtaillÈes díune ligne de", "page": 52, "type": "section"}, {"title": "facture gr‚ce ‡ son identifiant.", "page": 52, "type": "chapter"}, {"title": "ï \nMÈthode HTTP : GET", "page": 52, "type": "section"}, {"title": "ï \nEndpoint : /facture-lignes/{id_facture_ligne}", "page": 52, "type": "section"}, {"title": "ï \nVersion : V1", "page": 52, "type": "section"}, {"title": "ï \nPath Parameters :", "page": 52, "type": "section"}, {"title": "id_ligne_facture \nEntier reprÈsentant líidentifiant technique de la ligne de facture ‡ \nremonter.", "page": 52, "type": "chapter"}, {"title": "ï \nExemple d'utilisation :", "page": 52, "type": "section"}, {"title": "curl -X GET https://data.gmvet.net/api/rest/v1/facture-lignes/8 \\ \n-H \"Content-Type: application/json\" \\ \n-H \"Accept-Encoding: gzip\" \\ \n-H \"Authorization: Bearer <token>\"", "page": 52, "type": "section"}, {"title": "Liste des Agendas", "page": 53, "type": "chapter"}, {"title": "ï \nDescription : Cette API permet d'obtenir les informations des agendas GmVet.", "page": 53, "type": "section"}, {"title": "ï \nMÈthode HTTP : GET", "page": 53, "type": "section"}, {"title": "ï \nEndpoint : /agendas", "page": 53, "type": "section"}, {"title": "ï \nVersion : V1", "page": 53, "type": "section"}, {"title": "ï \nQuery Params :", "page": 53, "type": "section"}, {"title": "limit \nLe nombre d'ÈlÈments ‡ remonter en rÈsultat, avec une valeur par \ndÈfaut et un maximum de 1000.", "page": 53, "type": "chapter"}, {"title": "idGreaterThan \nEntier reprÈsentant líidentifiant du premier objet ‡ remonter (0 par \ndÈfaut).", "page": 53, "type": "chapter"}, {"title": "dataIngestionDate \nDate (format AAAA-MM-JJ) depuis laquelle remonter des rÈsul-\ntats.", "page": 53, "type": "section"}, {"title": "ï Exemple d'utilisation :", "page": 53, "type": "chapter"}, {"title": "curl -X GET  https://data.gmvet.net/api/rest/v1/agendas?li-\nmit=10&idGreaterThan=50&dataIngestionDate=2024-06-30 \\ \n-H \"Content-Type: application/json\" \\ \n-H \"Accept-Encoding: gzip\" \\ \n-H \"Authorization: Bearer <token>\"", "page": 53, "type": "section"}, {"title": "Agenda par Id", "page": 54, "type": "chapter"}, {"title": "ï \nDescription : Cette API permet d'obtenir les informations d'un agenda par son Id", "page": 54, "type": "section"}, {"title": "technique.", "page": 54, "type": "chapter"}, {"title": "ï \nMÈthode HTTP : GET", "page": 54, "type": "section"}, {"title": "ï \nEndpoint : /agendas/{id_agenda}", "page": 54, "type": "section"}, {"title": "ï \nVersion : V1", "page": 54, "type": "section"}, {"title": "ï \nPath Parameters :", "page": 54, "type": "section"}, {"title": "id_agenda \nEntier reprÈsentant líidentifiant technique de líagenda ‡ remon-\nter.", "page": 54, "type": "section"}, {"title": "ï \nExemple d'utilisation :", "page": 54, "type": "section"}, {"title": "curl -X GET https://data.gmvet.net/api/rest/v1/agendas/6 \\ \n-H \"Content-Type: application/json\" \\ \n-H \"Accept-Encoding: gzip\" \\ \n-H \"Authorization: Bearer <token>\"", "page": 54, "type": "section"}, {"title": "Liste des Agenda Sites", "page": 55, "type": "chapter"}, {"title": "ï \nDescription : Cette API permet d'obtenir les informations des agendas partagÈs", "page": 55, "type": "section"}, {"title": "GmVet.", "page": 55, "type": "chapter"}, {"title": "ï \nMÈthode HTTP : GET", "page": 55, "type": "section"}, {"title": "ï \nEndpoint : /agenda-sites", "page": 55, "type": "section"}, {"title": "ï \nVersion : V1", "page": 55, "type": "section"}, {"title": "ï \nQuery Params :", "page": 55, "type": "section"}, {"title": "limit \nLe nombre d'ÈlÈments ‡ remonter en rÈsultat, avec une valeur par \ndÈfaut et un maximum de 1000.", "page": 55, "type": "chapter"}, {"title": "idGreaterThan \nEntier reprÈsentant líidentifiant du premier objet ‡ remonter (0 par \ndÈfaut).", "page": 55, "type": "chapter"}, {"title": "dataIngestionDate \nDate (format AAAA-MM-JJ) depuis laquelle remonter des rÈsultats.", "page": 55, "type": "chapter"}, {"title": "ï Exemple d'utilisation :", "page": 55, "type": "chapter"}, {"title": "curl -X GET  https://data.gmvet.net/api/rest/v1/agenda-sites?li-\nmit=10&idGreaterThan=0&dataIngestionDate=2024-06-30 \\ \n-H \"Content-Type: application/json\" \\ \n-H \"Accept-Encoding: gzip\" \\ \n-H \"Authorization: Bearer <token>\"", "page": 55, "type": "section"}, {"title": "Liste des Agenda Site díun agenda", "page": 56, "type": "chapter"}, {"title": "ï \nDescription : Cette API permet d'obtenir les informations des sites qui partagent", "page": 56, "type": "section"}, {"title": "líagenda gr‚ce ‡ líid technique díun agenda.", "page": 56, "type": "chapter"}, {"title": "ï \nMÈthode HTTP : GET", "page": 56, "type": "section"}, {"title": "ï \nEndpoint : /agendas/{id_agenda}/agenda-sites", "page": 56, "type": "section"}, {"title": "ï \nVersion : V1", "page": 56, "type": "section"}, {"title": "ï \nPath Parameters :", "page": 56, "type": "section"}, {"title": "id_agenda \nEntier reprÈsentant líidentifiant technique de líagenda dont on veut \ntrouver les agendas partagÈs", "page": 56, "type": "chapter"}, {"title": "ï \nExemple d'utilisation :", "page": 56, "type": "section"}, {"title": "curl -X GET https://data.gmvet.net/api/rest/v1/agen-\ndas/{id_agenda}/agenda-sites/6 \\ \n-H \"Content-Type: application/json\" \\ \n-H \"Accept-Encoding: gzip\" \\ \n-H \"Authorization: Bearer <token>\"", "page": 56, "type": "section"}, {"title": "Liste des rendez-vous", "page": 57, "type": "chapter"}, {"title": "ï \nDescription : Cette API permet d'obtenir les informations des rendez-vous GmVet.", "page": 57, "type": "section"}, {"title": "ï \nMÈthode HTTP : GET", "page": 57, "type": "section"}, {"title": "ï \nEndpoint : /rendez-vous", "page": 57, "type": "section"}, {"title": "ï \nVersion : V1", "page": 57, "type": "section"}, {"title": "ï \nQuery Params :", "page": 57, "type": "section"}, {"title": "limit \nLe nombre d'ÈlÈments ‡ remonter en rÈsultat, avec une valeur par \ndÈfaut et un maximum de 1000.", "page": 57, "type": "chapter"}, {"title": "idGreaterThan \nEntier reprÈsentant líidentifiant du premier objet ‡ remonter (0 par \ndÈfaut).", "page": 57, "type": "chapter"}, {"title": "dataIngestionDate \nDate (format AAAA-MM-JJ) depuis laquelle remonter des rÈsultats.", "page": 57, "type": "chapter"}, {"title": "ï Exemple d'utilisation :", "page": 57, "type": "chapter"}, {"title": "curl -X GET https://data.gmvet.net/api/rest/v1/rendez-vous?li-\nmit=10&idGreaterThan=0&dataIngestionDate=2024-06-30 \\ \n-H \"Content-Type: application/json\" \\ \n-H \"Accept-Encoding: gzip\" \\ \n-H \"Authorization: Bearer <token>\"", "page": 57, "type": "section"}, {"title": "Rendez-vous par Id", "page": 58, "type": "chapter"}, {"title": "ï \nDescription : Cette API permet d'obtenir les informations díun rendez-vouspar son", "page": 58, "type": "section"}, {"title": "Id technique.", "page": 58, "type": "chapter"}, {"title": "ï \nMÈthode HTTP : GET", "page": 58, "type": "section"}, {"title": "ï \nEndpoint : /rendez-vous/{id_rendez_vous}", "page": 58, "type": "section"}, {"title": "ï \nVersion : V1", "page": 58, "type": "section"}, {"title": "ï \nPath Parameters :", "page": 58, "type": "section"}, {"title": "id_rendez_vous \nEntier reprÈsentant líidentifiant technique du rendez-vous ‡ remon-\nter.", "page": 58, "type": "section"}, {"title": "ï \nExemple d'utilisation :", "page": 58, "type": "section"}, {"title": "curl -X GET https://data.gmvet.net/api/rest/v1/rendez-vous/6 \\ \n-H \"Content-Type: application/json\" \\ \n-H \"Accept-Encoding: gzip\" \\ \n-H \"Authorization: Bearer <token>\"", "page": 58, "type": "section"}, {"title": "Liste des Plannings", "page": 59, "type": "chapter"}, {"title": "ï \nDescription : Cette API permet d'obtenir les informations des plannings GmVet.", "page": 59, "type": "section"}, {"title": "ï \nMÈthode HTTP : GET", "page": 59, "type": "section"}, {"title": "ï \nEndpoint : /plannings", "page": 59, "type": "section"}, {"title": "ï \nVersion : V1", "page": 59, "type": "section"}, {"title": "ï \nQuery Params :", "page": 59, "type": "section"}, {"title": "limit \nLe nombre d'ÈlÈments ‡ remonter en rÈsultat, avec une valeur par \ndÈfaut et un maximum de 1000.", "page": 59, "type": "chapter"}, {"title": "idGreaterThan \nEntier reprÈsentant líidentifiant du premier objet ‡ remonter (0 par \ndÈfaut).", "page": 59, "type": "chapter"}, {"title": "dataIngestionDate \nDate (format AAAA-MM-JJ) depuis laquelle remonter des rÈsultats.", "page": 59, "type": "chapter"}, {"title": "ï Exemple d'utilisation :", "page": 59, "type": "chapter"}, {"title": "curl -X GET  https://data.gmvet.net/api/rest/v1/plannings?li-\nmit=10&idGreaterThan=0&dataIngestionDate=2024-06-30 \\ \n-H \"Content-Type: application/json\" \\ \n-H \"Accept-Encoding: gzip\" \\ \n-H \"Authorization: Bearer <token>\"", "page": 59, "type": "section"}, {"title": "Planning par Id", "page": 60, "type": "chapter"}, {"title": "ï \nDescription : Cette API permet d'obtenir les informations díun planning par son Id", "page": 60, "type": "section"}, {"title": "technique.", "page": 60, "type": "chapter"}, {"title": "ï \nMÈthode HTTP : GET", "page": 60, "type": "section"}, {"title": "ï \nEndpoint : /plannings/{id_planning}", "page": 60, "type": "section"}, {"title": "ï \nVersion : V1", "page": 60, "type": "section"}, {"title": "ï \nPath Parameters :", "page": 60, "type": "section"}, {"title": "id_planning \nEntier reprÈsentant líidentifiant technique du planning ‡ remonter.", "page": 60, "type": "chapter"}, {"title": "ï \nExemple d'utilisation :", "page": 60, "type": "section"}, {"title": "curl -X GET https://data.gmvet.net/api/rest/v1/plannings/6 \\ \n-H \"Content-Type: application/json\" \\ \n-H \"Accept-Encoding: gzip\" \\ \n-H \"Authorization: Bearer <token>\"", "page": 60, "type": "section"}, {"title": "Liste des motifs", "page": 61, "type": "chapter"}, {"title": "ï \nDescription : Cette API permet d'obtenir les informations des motifs GmVet.", "page": 61, "type": "section"}, {"title": "ï \nMÈthode HTTP : GET", "page": 61, "type": "section"}, {"title": "ï \nEndpoint : /motifs", "page": 61, "type": "section"}, {"title": "ï \nVersion : V1", "page": 61, "type": "section"}, {"title": "ï \nQuery Params :", "page": 61, "type": "section"}, {"title": "limit \nLe nombre d'ÈlÈments ‡ remonter en rÈsultat, avec une valeur par \ndÈfaut et un maximum de 1000.", "page": 61, "type": "chapter"}, {"title": "idGreaterThan \nEntier reprÈsentant líidentifiant du premier objet ‡ remonter (0 par \ndÈfaut).", "page": 61, "type": "chapter"}, {"title": "dataIngestionDate \nDate (format AAAA-MM-JJ) depuis laquelle remonter des rÈsultats.", "page": 61, "type": "chapter"}, {"title": "ï Exemple d'utilisation :", "page": 61, "type": "chapter"}, {"title": "curl -X GET  https://data.gmvet.net/api/rest/v1/motifs?li-\nmit=10&idGreaterThan=0&dataIngestionDate=2024-06-30 \\ \n-H \"Content-Type: application/json\" \\ \n-H \"Accept-Encoding: gzip\" \\ \n-H \"Authorization: Bearer <token>\"", "page": 61, "type": "section"}, {"title": "Motif par Id", "page": 62, "type": "chapter"}, {"title": "ï \nDescription : Cette API permet d'obtenir les informations díun motif par son Id", "page": 62, "type": "section"}, {"title": "technique.", "page": 62, "type": "chapter"}, {"title": "ï \nMÈthode HTTP : GET", "page": 62, "type": "section"}, {"title": "ï \nEndpoint : /motifs/{id_motif}", "page": 62, "type": "section"}, {"title": "ï \nVersion : V1", "page": 62, "type": "section"}, {"title": "ï \nPath Parameters :", "page": 62, "type": "section"}, {"title": "id_motif \nEntier reprÈsentant líidentifiant technique du motif ‡ remonter.", "page": 62, "type": "chapter"}, {"title": "ï \nExemple d'utilisation :", "page": 62, "type": "section"}, {"title": "curl -X GET https://data.gmvet.net/api/rest/v1/motifs/6 \\ \n-H \"Content-Type: application/json\" \\ \n-H \"Accept-Encoding: gzip\" \\ \n-H \"Authorization: Bearer <token>\"", "page": 62, "type": "section"}, {"title": "Liste des ActivitÈs", "page": 63, "type": "chapter"}, {"title": "ï \nDescription : Cette API permet d'obtenir les informations des activitÈs GmVet.", "page": 63, "type": "section"}, {"title": "ï \nMÈthode HTTP : GET", "page": 63, "type": "section"}, {"title": "ï \nEndpoint : /activites", "page": 63, "type": "section"}, {"title": "ï \nVersion : V1", "page": 63, "type": "section"}, {"title": "ï \nQuery Params :", "page": 63, "type": "section"}, {"title": "limit \nLe nombre d'ÈlÈments ‡ remonter en rÈsultat, avec une valeur par \ndÈfaut et un maximum de 1000.", "page": 63, "type": "chapter"}, {"title": "idGreaterThan \nEntier reprÈsentant líidentifiant du premier objet ‡ remonter (0 par \ndÈfaut).", "page": 63, "type": "chapter"}, {"title": "dataIngestionDate \nDate (format AAAA-MM-JJ) depuis laquelle remonter des rÈsultats.", "page": 63, "type": "chapter"}, {"title": "ï Exemple d'utilisation :", "page": 63, "type": "chapter"}, {"title": "curl -X GET  https://data.gmvet.net/api/rest/v1/activites?li-\nmit=10&idGreaterThan=0&dataIngestionDate=2024-06-30 \\ \n-H \"Content-Type: application/json\" \\ \n-H \"Accept-Encoding: gzip\" \\ \n-H \"Authorization: Bearer <token>\"", "page": 63, "type": "section"}, {"title": "ActivitÈ par Id", "page": 64, "type": "chapter"}, {"title": "ï \nDescription : Cette API permet d'obtenir les informations díune activitÈ par son Id", "page": 64, "type": "section"}, {"title": "technique.", "page": 64, "type": "chapter"}, {"title": "ï \nMÈthode HTTP : GET", "page": 64, "type": "section"}, {"title": "ï \nEndpoint : /activites/{id_activite}", "page": 64, "type": "section"}, {"title": "ï \nVersion : V1", "page": 64, "type": "section"}, {"title": "ï \nPath Parameters :", "page": 64, "type": "section"}, {"title": "id_activite \nEntier reprÈsentant líidentifiant technique de líactivitÈ ‡ remonter.", "page": 64, "type": "chapter"}, {"title": "ï \nExemple d'utilisation :", "page": 64, "type": "section"}, {"title": "curl -X GET https://data.gmvet.net/api/rest/v1/activites/6 \\ \n-H \"Content-Type: application/json\" \\ \n-H \"Accept-Encoding: gzip\" \\ \n-H \"Authorization: Bearer <token>\"", "page": 64, "type": "section"}, {"title": "Liste des Motifs ActivitÈs", "page": 65, "type": "chapter"}, {"title": "ï \nDescription : Cette API permet d'obtenir les informations du lien entre les motifs", "page": 65, "type": "section"}, {"title": "et les activitÈs GmVet.", "page": 65, "type": "chapter"}, {"title": "ï \nMÈthode HTTP : GET", "page": 65, "type": "section"}, {"title": "ï \nEndpoint : /motifs-activites", "page": 65, "type": "section"}, {"title": "ï \nVersion : V1", "page": 65, "type": "section"}, {"title": "ï \nQuery Params :", "page": 65, "type": "section"}, {"title": "limit \nLe nombre d'ÈlÈments ‡ remonter en rÈsultat, avec une valeur par \ndÈfaut et un maximum de 1000.", "page": 65, "type": "chapter"}, {"title": "idGreaterThan \nEntier reprÈsentant líidentifiant du premier objet ‡ remonter (0 par \ndÈfaut).", "page": 65, "type": "chapter"}, {"title": "dataIngestionDate \nDate (format AAAA-MM-JJ) depuis laquelle remonter des rÈsultats.", "page": 65, "type": "chapter"}, {"title": "ï Exemple d'utilisation :", "page": 65, "type": "chapter"}, {"title": "curl -X GET  https://data.gmvet.net/api/rest/v1/motifs-activites?li-\nmit=10&idGreaterThan=0&dataIngestionDate=2024-06-30 \\ \n-H \"Content-Type: application/json\" \\ \n-H \"Accept-Encoding: gzip\" \\ \n-H \"Authorization: Bearer <token>\"", "page": 65, "type": "section"}, {"title": "Motif ActivitÈ par Id", "page": 66, "type": "chapter"}, {"title": "ï \nDescription : Cette API permet d'obtenir les informations díun motif_activite par", "page": 66, "type": "section"}, {"title": "son Id technique.", "page": 66, "type": "chapter"}, {"title": "ï \nMÈthode HTTP : GET", "page": 66, "type": "section"}, {"title": "ï \nEndpoint : /motifs-activites/{id_motif_activite}", "page": 66, "type": "section"}, {"title": "ï \nVersion : V1", "page": 66, "type": "section"}, {"title": "ï \nPath Parameters :", "page": 66, "type": "section"}, {"title": "id_motif_activite \nEntier reprÈsentant líidentifiant technique du motif_activite ‡ re-\nmonter.", "page": 66, "type": "section"}, {"title": "ï \nExemple d'utilisation :", "page": 66, "type": "section"}, {"title": "curl -X GET https://data.gmvet.net/api/rest/v1/motifs-activites/6 \\ \n-H \"Content-Type: application/json\" \\ \n-H \"Accept-Encoding: gzip\" \\ \n-H \"Authorization: Bearer <token>\"", "page": 66, "type": "section"}, {"title": "Liste des Utilisateurs", "page": 67, "type": "chapter"}, {"title": "ï \nDescription : Cette API permet d'obtenir les informations dÈtaillÈes des utilisateurs", "page": 67, "type": "section"}, {"title": "GmVet.", "page": 67, "type": "chapter"}, {"title": "ï \nMÈthode HTTP : GET", "page": 67, "type": "section"}, {"title": "ï \nEndpoint : /utilisateurs", "page": 67, "type": "section"}, {"title": "ï \nVersion : V1", "page": 67, "type": "section"}, {"title": "ï \nQuery Params :", "page": 67, "type": "section"}, {"title": "limit \nLe nombre d'ÈlÈments ‡ remonter en rÈsultat, avec une valeur par \ndÈfaut et un maximum de 1000.", "page": 67, "type": "chapter"}, {"title": "idGreaterThan \nEntier reprÈsentant líidentifiant du premier objet ‡ remonter (0 par \ndÈfaut).", "page": 67, "type": "chapter"}, {"title": "dataIngestionDate \nDate (format AAAA-MM-JJ) depuis laquelle remonter des rÈsul-\ntats.", "page": 67, "type": "section"}, {"title": "ï Exemple d'utilisation :", "page": 67, "type": "chapter"}, {"title": "curl -X GET  https://data.gmvet.net/api/rest/v1/utilisateurs?li-\nmit=10&idGreaterThan=50&dataIngestionDate=2024-06-30 \\ \n-H \"Content-Type: application/json\" \\ \n-H \"Accept-Encoding: gzip\" \\ \n-H \"Authorization: Bearer <token>\"", "page": 67, "type": "section"}, {"title": "Utilisateur par Id", "page": 68, "type": "chapter"}, {"title": "ï \nDescription : Cette API permet d'obtenir les informations dÈtaillÈes d'un utilisateur", "page": 68, "type": "section"}, {"title": "GmVet gr‚ce ‡ son id.", "page": 68, "type": "chapter"}, {"title": "ï \nMÈthode HTTP : GE", "page": 68, "type": "section"}, {"title": "ï \nEndpoint :/utilisateurs/{id_utilisateur}", "page": 68, "type": "section"}, {"title": "ï \nVersion : V1", "page": 68, "type": "section"}, {"title": "ï \nPath Parameters :", "page": 68, "type": "section"}, {"title": "id_utilisateur \nEntier reprÈsentant líidentifiant technique de líutilisateur ‡ remon-\nter.", "page": 68, "type": "section"}, {"title": "ï Exemple d'utilisation :", "page": 68, "type": "chapter"}, {"title": "curl -X GET https://data.gmvet.net/api/rest/v1/utilisateurs/6 \\ \n-H \"Content-Type: application/json\" \\ \n-H \"Accept-Encoding: gzip\" \\ \n-H \"Authorization: Bearer <token>\"", "page": 68, "type": "section"}, {"title": "Liste des Affectations", "page": 69, "type": "chapter"}, {"title": "ï \nDescription : Cette API permet d'obtenir les informations dÈtaillÈes des liens entre", "page": 69, "type": "section"}, {"title": "un utilisateur, un site et un rÙle GmVet.", "page": 69, "type": "chapter"}, {"title": "ï \nMÈthode HTTP : GET", "page": 69, "type": "section"}, {"title": "ï \nEndpoint : /affectations", "page": 69, "type": "section"}, {"title": "ï \nVersion : V1", "page": 69, "type": "section"}, {"title": "ï \nQuery Params :", "page": 69, "type": "section"}, {"title": "limit \nLe nombre d'ÈlÈments ‡ remonter en rÈsultat, avec une valeur par \ndÈfaut et un maximum de 1000.", "page": 69, "type": "chapter"}, {"title": "idGreaterThan \nEntier reprÈsentant líidentifiant du premier objet ‡ remonter (0 par \ndÈfaut).", "page": 69, "type": "chapter"}, {"title": "dataIngestionDate \nDate (format AAAA-MM-JJ) depuis laquelle remonter des rÈsul-\ntats.", "page": 69, "type": "section"}, {"title": "ï Exemple d'utilisation :", "page": 69, "type": "chapter"}, {"title": "curl -X GET  https://data.gmvet.net/api/rest/v1/affectations?li-\nmit=10&idGreaterThan=50&dataIngestionDate=2024-06-30 \\ \n-H \"Content-Type: application/json\" \\ \n-H \"Accept-Encoding: gzip\" \\ \n-H \"Authorization: Bearer <token>\"", "page": 69, "type": "section"}, {"title": "Liste des Affectations díun Utilisateur", "page": 70, "type": "chapter"}, {"title": "ï \nDescription : Cette API permet d'obtenir les informations dÈtaillÈes des affecta-", "page": 70, "type": "section"}, {"title": "tions díun utilisateur GmVet gr‚ce ‡ son id.", "page": 70, "type": "chapter"}, {"title": "ï \nMÈthode HTTP : GET", "page": 70, "type": "section"}, {"title": "ï \nEndpoint :/utilisateurs/{id_utilisateur}/affectations", "page": 70, "type": "section"}, {"title": "ï \nVersion : V1", "page": 70, "type": "section"}, {"title": "ï \nPath Parameters :", "page": 70, "type": "section"}, {"title": "id_utilisateur \nEntier reprÈsentant líidentifiant technique de líaffectation ‡ re-\nmonter.", "page": 70, "type": "section"}, {"title": "ï Exemple d'utilisation :", "page": 70, "type": "chapter"}, {"title": "curl -X GET https://data.gmvet.net/api/rest/v1/utilisateurs/6/affec-\ntations \\ \n-H \"Content-Type: application/json\" \\ \n-H \"Accept-Encoding: gzip\" \\ \n-H \"Authorization: Bearer <token>\"", "page": 70, "type": "section"}, {"title": "ï \nDescription : Cette API permet d'obtenir les informations dÈtaillÈes des rÙles des", "page": 71, "type": "section"}, {"title": "utilisateurs GmVet.", "page": 71, "type": "chapter"}, {"title": "ï \nMÈthode HTTP : GET", "page": 71, "type": "section"}, {"title": "ï \nEndpoint : /roles", "page": 71, "type": "section"}, {"title": "ï \nVersion : V1", "page": 71, "type": "section"}, {"title": "ï \nQuery Params :", "page": 71, "type": "section"}, {"title": "limit \nLe nombre d'ÈlÈments ‡ remonter en rÈsultat, avec une valeur par \ndÈfaut et un maximum de 1000.", "page": 71, "type": "chapter"}, {"title": "idGreaterThan \nEntier reprÈsentant líidentifiant du premier objet ‡ remonter (0 par \ndÈfaut).", "page": 71, "type": "chapter"}, {"title": "dataIngestionDate \nDate (format AAAA-MM-JJ) depuis laquelle remonter des rÈsul-\ntats.", "page": 71, "type": "section"}, {"title": "ï Exemple d'utilisation :", "page": 71, "type": "chapter"}, {"title": "curl -X GET  https://data.gmvet.net/api/rest/v1/roles?li-\nmit=10&idGreaterThan=50&dataIngestionDate=2024-06-30 \\ \n-H \"Content-Type: application/json\" \\ \n-H \"Accept-Encoding: gzip\" \\ \n-H \"Authorization: Bearer <token>\"", "page": 71, "type": "section"}, {"title": "RÙle par Id", "page": 72, "type": "chapter"}, {"title": "ï \nDescription : Cette API permet d'obtenir les informations dÈtaillÈes díun rÙle", "page": 72, "type": "section"}, {"title": "Gmvet", "page": 72, "type": "chapter"}, {"title": "ï \nMÈthode HTTP : GET", "page": 72, "type": "section"}, {"title": "ï \nEndpoint :/roles/{id_role}", "page": 72, "type": "section"}, {"title": "ï \nVersion : V1", "page": 72, "type": "section"}, {"title": "ï \nPath Parameters :", "page": 72, "type": "section"}, {"title": "id_role \nEntier reprÈsentant líidentifiant technique du rÙle ‡ remonter.", "page": 72, "type": "chapter"}, {"title": "ï Exemple d'utilisation :", "page": 72, "type": "chapter"}, {"title": "curl -X GET https://data.gmvet.net/api/rest/v1/roles/6 \\ \n-H \"Content-Type: application/json\" \\ \n-H \"Accept-Encoding: gzip\" \\ \n-H \"Authorization: Bearer <token>\"", "page": 72, "type": "section"}, {"title": "Liste des SMS", "page": 73, "type": "chapter"}, {"title": "ï \nDescription : Cette API permet d'obtenir les informations dÈtaillÈes des sms en-", "page": 73, "type": "section"}, {"title": "voyÈs depuis GmVet.", "page": 73, "type": "chapter"}, {"title": "ï \nMÈthode HTTP : GET", "page": 73, "type": "section"}, {"title": "ï \nEndpoint : /sms", "page": 73, "type": "section"}, {"title": "ï \nVersion : V1", "page": 73, "type": "section"}, {"title": "ï \nQuery Params :", "page": 73, "type": "section"}, {"title": "limit \nLe nombre d'ÈlÈments ‡ remonter en rÈsultat, avec une valeur par \ndÈfaut et un maximum de 1000.", "page": 73, "type": "chapter"}, {"title": "idGreaterThan \nEntier reprÈsentant líidentifiant du premier objet ‡ remonter (0 par \ndÈfaut).", "page": 73, "type": "chapter"}, {"title": "dataIngestionDate \nDate (format AAAA-MM-JJ) depuis laquelle remonter des rÈsul-\ntats.", "page": 73, "type": "section"}, {"title": "ï Exemple d'utilisation :", "page": 73, "type": "chapter"}, {"title": "curl -X GET https://data.gmvet.net/api/rest/v1/sms?li-\nmit=10&idGreaterThan=50&dataIngestionDate=2024-06-30 \\ \n-H \"Content-Type: application/json\" \\ \n-H \"Accept-Encoding: gzip\" \\ \n-H \"Authorization: Bearer <token>\"", "page": 73, "type": "section"}, {"title": "Sms par Id de Site", "page": 74, "type": "chapter"}, {"title": "ï \nDescription : Cette API permet d'obtenir les informations dÈtaillÈes des sms en-\nvoyÈs par un site depuis GmVet gr‚ce ‡ son id.", "page": 74, "type": "section"}, {"title": "ï \nMÈthode HTTP : GET", "page": 74, "type": "section"}, {"title": "ï \nEndpoint :/sms/{id_site}", "page": 74, "type": "section"}, {"title": "ï \nVersion : V1", "page": 74, "type": "section"}, {"title": "ï \nPath Parameters :", "page": 74, "type": "section"}, {"title": "id_site \nEntier reprÈsentant líidentifiant technique du site ayant envoyÈ les \nsms ‡ remonter.", "page": 74, "type": "chapter"}, {"title": "ï Exemple d'utilisation :", "page": 74, "type": "chapter"}, {"title": "curl -X GET https://data.gmvet.net/api/rest/v1/sms/1101 \\ \n-H \"Content-Type: application/json\" \\ \n-H \"Accept-Encoding: gzip\" \\ \n-H \"Authorization: Bearer <token>\"", "page": 74, "type": "section"}, {"title": "Pour toute question ou problËme liÈ ‡ l'utilisation de ces APIs, níhÈsitez pas ‡ contacter \nlíÈquipe Data GmVet.", "page": 75, "type": "chapter"}, {"title": "Centravet - GmVet", "page": 75, "type": "section"}, {"title": "ZA des Alleux", "page": 75, "type": "section"}, {"title": "CS 20360 ñ 22106 Dinan Cedex", "page": 75, "type": "section"}, {"title": "Equipe Data : 02.96.85.64.49 - contact@gmvet.fr", "page": 75, "type": "section"}], "total_pages": 75}

ERROR - 2026-04-06 10:20:09 --> JSON decode error: Malformed UTF-8 characters, possibly incorrectly encoded - Output: {"title": "Support", "chapters": [{"title": "DOCUMENTATION TECHNIQUE DE LíAPI DE CONSULTATION DATA GMVET", "page": 1, "type": "chapter"}, {"title": "Version \nDate \nAuteur \nModifications", "page": 2, "type": "chapter"}, {"title": "V.1.0 \n27.06.2024 \nJulie Stafford \n-", "page": 2, "type": "chapter"}, {"title": "V1.1 \n25.07.2024 \nHervÈ Rubira \nAjout de líUnivers Consommation", "page": 2, "type": "chapter"}, {"title": "V1.2 \n26.08.2024 \nHervÈ Rubira", "page": 2, "type": "chapter"}, {"titl
DEBUG - 2026-04-06 10:24:29 --> Session: Class initialized using 'CodeIgniter\Session\Handlers\FileHandler' driver.
DEBUG - 2026-04-06 10:24:30 --> Total exams not yet taken calculated for school_id 93: 0
DEBUG - 2026-04-06 10:25:21 --> Session: Class initialized using 'CodeIgniter\Session\Handlers\FileHandler' driver.
DEBUG - 2026-04-06 10:25:21 --> Using configured Python path: C:\Users\AbdelfattahAllam\AppData\Local\Python\bin\python.exe
DEBUG - 2026-04-06 10:25:21 --> Starting PDF extraction with Python: C:\xampp\htdocs\School-Management-De_migration\uploads/temp_pdf/pdf_69d37c018b0b1.pdf
DEBUG - 2026-04-06 10:25:21 --> Python path: C:\Users\AbdelfattahAllam\AppData\Local\Python\bin\python.exe
DEBUG - 2026-04-06 10:25:21 --> Script path: C:\xampp\htdocs\School-Management-De_migration\app/scripts/extract_pdf_structure.py
DEBUG - 2026-04-06 10:25:23 --> Python output: {
  "title": "8. Conclusion",
  "chapters": [
    {
      "title": "Axios est une biblioth√®que JavaScript populaire utilis√©e pour les requ√™tes HTTP. Elle est\nmassivement utilis√©e en frontend et backend.",
      "page": 1,
      "type": "section"
    },
    {
      "title": "Le compte npm du mainteneur a √©t√© compromis, permettant la publication de versions infect√©es.",
      "page": 1,
      "type": "section"
    },
    {
      "title": "Le hacker a ajout√© une d√©pendance malveillante qui ex√©cute un script lors de l‚Äôinstallation.",
      "page": 1,
      "type": "section"
    },
    {
      "title": "Un RAT permet un acc√®s √† distance, le vol de donn√©es sensibles et le contr√¥le du syst√®me.",
      "page": 1,
      "type": "section"
    },
    {
      "title": "Des millions de d√©veloppeurs et syst√®mes peuvent √™tre affect√©s via cette attaque.",
      "page": 1,
      "type": "section"
    },
    {
      "title": "Le mod√®le de confiance des d√©pendances npm repr√©sente une faiblesse critique.",
      "page": 1,
      "type": "section"
    },
    {
      "title": "V√©rifier les versions, auditer les d√©pendances, utiliser --ignore-scripts et s√©curiser les acc√®s.",
      "page": 1,
      "type": "section"
    },
    {
      "title": "Les attaques supply chain sont un risque majeur. La s√©curit√© doit √™tre proactive.",
      "page": 1,
      "type": "section"
    }
  ],
  "total_pages": 1
}
DEBUG - 2026-04-06 10:25:23 --> PDF extraction successful, saved to: C:\xampp\htdocs\School-Management-De_migration\uploads/pdf_context/axios_cyberattack_presentation_20260406_102523.json
DEBUG - 2026-04-06 10:25:37 --> Session: Class initialized using 'CodeIgniter\Session\Handlers\FileHandler' driver.
DEBUG - 2026-04-06 10:25:37 --> Starting Local LLM API call for outline generation
DEBUG - 2026-04-06 10:27:07 --> Local LLM API response received, parsing schemas
DEBUG - 2026-04-06 10:27:07 --> Schemas parsed successfully, count: 3
DEBUG - 2026-04-06 10:27:14 --> Session: Class initialized using 'CodeIgniter\Session\Handlers\FileHandler' driver.
DEBUG - 2026-04-06 10:28:44 --> Session: Class initialized using 'CodeIgniter\Session\Handlers\FileHandler' driver.
DEBUG - 2026-04-06 10:28:45 --> Total exams not yet taken calculated for school_id 93: 0
DEBUG - 2026-04-06 10:29:21 --> Session: Class initialized using 'CodeIgniter\Session\Handlers\FileHandler' driver.
DEBUG - 2026-04-06 10:29:21 --> Classes li√©es au cours 38: ["132"]
DEBUG - 2026-04-06 10:29:22 --> Session: Class initialized using 'CodeIgniter\Session\Handlers\FileHandler' driver.
DEBUG - 2026-04-06 10:29:24 --> Total exams not yet taken calculated for school_id 93: 0
DEBUG - 2026-04-06 10:32:50 --> Session: Class initialized using 'CodeIgniter\Session\Handlers\FileHandler' driver.
DEBUG - 2026-04-06 10:32:50 --> Total exams not yet taken calculated for school_id 93: 0
DEBUG - 2026-04-06 10:32:55 --> Session: Class initialized using 'CodeIgniter\Session\Handlers\FileHandler' driver.
DEBUG - 2026-04-06 10:32:56 --> Session: Class initialized using 'CodeIgniter\Session\Handlers\FileHandler' driver.
WARNING - 2026-04-06 10:32:56 --> [DEPRECATED] htmlspecialchars(): Passing null to parameter #1 ($string) of type string is deprecated in APPPATH\Controllers\Admin.php on line 2236.
 1 APPPATH\Controllers\Admin.php(2236): htmlspecialchars(null)
 2 APPPATH\Config\Routes.php(556): App\Controllers\Admin->quiz_result('list')
 3 APPPATH\Config\Routes.php(568): CodeIgniter\Router\RouteCollection::{closure}('quiz_result/list')
 4 SYSTEMPATH\CodeIgniter.php(872): CodeIgniter\Router\RouteCollection::{closure}('quiz_result/list')
 5 SYSTEMPATH\CodeIgniter.php(480): CodeIgniter\CodeIgniter->startController()
 6 SYSTEMPATH\CodeIgniter.php(340): CodeIgniter\CodeIgniter->handleRequest(null, Object(Config\Cache), false)
 7 SYSTEMPATH\Boot.php(417): CodeIgniter\CodeIgniter->run()
 8 SYSTEMPATH\Boot.php(68): CodeIgniter\Boot::runCodeIgniter(Object(CodeIgniter\CodeIgniter))
 9 FCPATH\index.php(75): CodeIgniter\Boot::bootWeb(Object(Config\Paths))
CRITICAL - 2026-04-06 10:32:56 --> CodeIgniter\Exceptions\BadMethodCallException: Call to undefined method App\Models\Crud_model::get_quiz
[Method: POST, Route: app/quiz_result/list]
in SYSTEMPATH\Model.php on line 761.
 1 APPPATH\Views\backend\admin\quiz\list.php(99): CodeIgniter\Model->__call('get_quiz', [...])
 2 SYSTEMPATH\View\View.php(240): include('C:\\xampp\\htdocs\\School-Management-De_migration\\app\\Views\\backend\\admin\\quiz\\list.php')
 3 SYSTEMPATH\View\View.php(243): CodeIgniter\View\View->CodeIgniter\View\{closure}()
 4 APPPATH\View\View.php(357): CodeIgniter\View\View->render('backend/admin/quiz/list', [...], true)
 5 SYSTEMPATH\Common.php(1250): App\View\View->render('backend/admin/quiz/list', [...], true)
 6 APPPATH\Controllers\Admin.php(2239): view('backend/admin/quiz/list', [...], [...])
 7 APPPATH\Config\Routes.php(556): App\Controllers\Admin->quiz_result('list')
 8 APPPATH\Config\Routes.php(568): CodeIgniter\Router\RouteCollection::{closure}('quiz_result/list')
 9 SYSTEMPATH\CodeIgniter.php(872): CodeIgniter\Router\RouteCollection::{closure}('quiz_result/list')
10 SYSTEMPATH\CodeIgniter.php(480): CodeIgniter\CodeIgniter->startController()
11 SYSTEMPATH\CodeIgniter.php(340): CodeIgniter\CodeIgniter->handleRequest(null, Object(Config\Cache), false)
12 SYSTEMPATH\Boot.php(417): CodeIgniter\CodeIgniter->run()
13 SYSTEMPATH\Boot.php(68): CodeIgniter\Boot::runCodeIgniter(Object(CodeIgniter\CodeIgniter))
14 FCPATH\index.php(75): CodeIgniter\Boot::bootWeb(Object(Config\Paths))
DEBUG - 2026-04-06 10:37:18 --> Session: Class initialized using 'CodeIgniter\Session\Handlers\FileHandler' driver.
DEBUG - 2026-04-06 10:37:18 --> Total exams not yet taken calculated for school_id 93: 0
DEBUG - 2026-04-06 10:37:24 --> Session: Class initialized using 'CodeIgniter\Session\Handlers\FileHandler' driver.
DEBUG - 2026-04-06 10:37:25 --> Session: Class initialized using 'CodeIgniter\Session\Handlers\FileHandler' driver.
WARNING - 2026-04-06 10:37:25 --> [DEPRECATED] htmlspecialchars(): Passing null to parameter #1 ($string) of type string is deprecated in APPPATH\Controllers\Admin.php on line 2236.
 1 APPPATH\Controllers\Admin.php(2236): htmlspecialchars(null)
 2 APPPATH\Config\Routes.php(556): App\Controllers\Admin->quiz_result('list')
 3 APPPATH\Config\Routes.php(568): CodeIgniter\Router\RouteCollection::{closure}('quiz_result/list')
 4 SYSTEMPATH\CodeIgniter.php(872): CodeIgniter\Router\RouteCollection::{closure}('quiz_result/list')
 5 SYSTEMPATH\CodeIgniter.php(480): CodeIgniter\CodeIgniter->startController()
 6 SYSTEMPATH\CodeIgniter.php(340): CodeIgniter\CodeIgniter->handleRequest(null, Object(Config\Cache), false)
 7 SYSTEMPATH\Boot.php(417): CodeIgniter\CodeIgniter->run()
 8 SYSTEMPATH\Boot.php(68): CodeIgniter\Boot::runCodeIgniter(Object(CodeIgniter\CodeIgniter))
 9 FCPATH\index.php(75): CodeIgniter\Boot::bootWeb(Object(Config\Paths))
DEBUG - 2026-04-06 10:37:47 --> Session: Class initialized using 'CodeIgniter\Session\Handlers\FileHandler' driver.
DEBUG - 2026-04-06 10:37:48 --> Session: Class initialized using 'CodeIgniter\Session\Handlers\FileHandler' driver.
WARNING - 2026-04-06 10:37:48 --> [DEPRECATED] htmlspecialchars(): Passing null to parameter #1 ($string) of type string is deprecated in APPPATH\Controllers\Admin.php on line 2236.
 1 APPPATH\Controllers\Admin.php(2236): htmlspecialchars(null)
 2 APPPATH\Config\Routes.php(556): App\Controllers\Admin->quiz_result('list')
 3 APPPATH\Config\Routes.php(568): CodeIgniter\Router\RouteCollection::{closure}('quiz_result/list')
 4 SYSTEMPATH\CodeIgniter.php(872): CodeIgniter\Router\RouteCollection::{closure}('quiz_result/list')
 5 SYSTEMPATH\CodeIgniter.php(480): CodeIgniter\CodeIgniter->startController()
 6 SYSTEMPATH\CodeIgniter.php(340): CodeIgniter\CodeIgniter->handleRequest(null, Object(Config\Cache), false)
 7 SYSTEMPATH\Boot.php(417): CodeIgniter\CodeIgniter->run()
 8 SYSTEMPATH\Boot.php(68): CodeIgniter\Boot::runCodeIgniter(Object(CodeIgniter\CodeIgniter))
 9 FCPATH\index.php(75): CodeIgniter\Boot::bootWeb(Object(Config\Paths))
DEBUG - 2026-04-06 10:37:52 --> Session: Class initialized using 'CodeIgniter\Session\Handlers\FileHandler' driver.
DEBUG - 2026-04-06 10:37:52 --> Total exams not yet taken calculated for school_id 93: 0
DEBUG - 2026-04-06 10:37:56 --> Session: Class initialized using 'CodeIgniter\Session\Handlers\FileHandler' driver.
DEBUG - 2026-04-06 10:37:58 --> Session: Class initialized using 'CodeIgniter\Session\Handlers\FileHandler' driver.
DEBUG - 2026-04-06 10:38:09 --> Session: Class initialized using 'CodeIgniter\Session\Handlers\FileHandler' driver.
CRITICAL - 2026-04-06 10:38:09 --> CodeIgniter\Exceptions\BadMethodCallException: Call to undefined method App\Models\Crud_model::syllabus_create
[Method: POST, Route: app/syllabus/create]
in SYSTEMPATH\Model.php on line 761.
 1 APPPATH\Controllers\Admin.php(269): CodeIgniter\Model->__call('syllabus_create', [])
 2 APPPATH\Config\Routes.php(556): App\Controllers\Admin->syllabus('create')
 3 APPPATH\Config\Routes.php(568): CodeIgniter\Router\RouteCollection::{closure}('syllabus/create')
 4 SYSTEMPATH\CodeIgniter.php(872): CodeIgniter\Router\RouteCollection::{closure}('syllabus/create')
 5 SYSTEMPATH\CodeIgniter.php(480): CodeIgniter\CodeIgniter->startController()
 6 SYSTEMPATH\CodeIgniter.php(340): CodeIgniter\CodeIgniter->handleRequest(null, Object(Config\Cache), false)
 7 SYSTEMPATH\Boot.php(417): CodeIgniter\CodeIgniter->run()
 8 SYSTEMPATH\Boot.php(68): CodeIgniter\Boot::runCodeIgniter(Object(CodeIgniter\CodeIgniter))
 9 FCPATH\index.php(75): CodeIgniter\Boot::bootWeb(Object(Config\Paths))
DEBUG - 2026-04-06 10:48:02 --> Session: Class initialized using 'CodeIgniter\Session\Handlers\FileHandler' driver.
ERROR - 2026-04-06 10:48:02 --> Unknown column 'date_added' in 'field list'
in SYSTEMPATH\Database\MySQLi\Connection.php on line 300.
 1 SYSTEMPATH\Database\MySQLi\Connection.php(300): mysqli->query('INSERT INTO `syllabuses` (`title`, `class_id`, `school_id`, `session_id`, `file`, `date_added`) VALUES (\'fffffffff\', \'132\', \'93\', \'1\', \'uploads/syllabus/syllabus_69d3815262e38.pdf\', 1775468882)', 0)
 2 SYSTEMPATH\Database\BaseConnection.php(910): CodeIgniter\Database\MySQLi\Connection->execute('INSERT INTO `syllabuses` (`title`, `class_id`, `school_id`, `session_id`, `file`, `date_added`) VALUES (\'fffffffff\', \'132\', \'93\', \'1\', \'uploads/syllabus/syllabus_69d3815262e38.pdf\', 1775468882)')
 3 SYSTEMPATH\Database\BaseConnection.php(827): CodeIgniter\Database\BaseConnection->simpleQuery('INSERT INTO `syllabuses` (`title`, `class_id`, `school_id`, `session_id`, `file`, `date_added`) VALUES (\'fffffffff\', \'132\', \'93\', \'1\', \'uploads/syllabus/syllabus_69d3815262e38.pdf\', 1775468882)')
 4 SYSTEMPATH\Database\BaseBuilder.php(2345): CodeIgniter\Database\BaseConnection->query('INSERT INTO `syllabuses` (`title`, `class_id`, `school_id`, `session_id`, `file`, `date_added`) VALUES (:title:, :class_id:, :school_id:, :session_id:, :file:, :date_added:)', [...], false)
 5 APPPATH\Models\Crud_model.php(1504): CodeIgniter\Database\BaseBuilder->insert([...])
 6 APPPATH\Controllers\Admin.php(269): App\Models\Crud_model->syllabus_create()
 7 APPPATH\Config\Routes.php(556): App\Controllers\Admin->syllabus('create')
 8 APPPATH\Config\Routes.php(568): CodeIgniter\Router\RouteCollection::{closure}('syllabus/create')
 9 SYSTEMPATH\CodeIgniter.php(872): CodeIgniter\Router\RouteCollection::{closure}('syllabus/create')
10 SYSTEMPATH\CodeIgniter.php(480): CodeIgniter\CodeIgniter->startController()
11 SYSTEMPATH\CodeIgniter.php(340): CodeIgniter\CodeIgniter->handleRequest(null, Object(Config\Cache), false)
12 SYSTEMPATH\Boot.php(417): CodeIgniter\CodeIgniter->run()
13 SYSTEMPATH\Boot.php(68): CodeIgniter\Boot::runCodeIgniter(Object(CodeIgniter\CodeIgniter))
14 FCPATH\index.php(75): CodeIgniter\Boot::bootWeb(Object(Config\Paths))
CRITICAL - 2026-04-06 10:48:02 --> CodeIgniter\Database\Exceptions\DatabaseException: Unknown column 'date_added' in 'field list'
[Method: POST, Route: app/syllabus/create]
in SYSTEMPATH\Database\BaseConnection.php on line 865.
 1 SYSTEMPATH\Database\BaseBuilder.php(2345): CodeIgniter\Database\BaseConnection->query('INSERT INTO `syllabuses` (`title`, `class_id`, `school_id`, `session_id`, `file`, `date_added`) VALUES (:title:, :class_id:, :school_id:, :session_id:, :file:, :date_added:)', [...], false)
 2 APPPATH\Models\Crud_model.php(1504): CodeIgniter\Database\BaseBuilder->insert([...])
 3 APPPATH\Controllers\Admin.php(269): App\Models\Crud_model->syllabus_create()
 4 APPPATH\Config\Routes.php(556): App\Controllers\Admin->syllabus('create')
 5 APPPATH\Config\Routes.php(568): CodeIgniter\Router\RouteCollection::{closure}('syllabus/create')
 6 SYSTEMPATH\CodeIgniter.php(872): CodeIgniter\Router\RouteCollection::{closure}('syllabus/create')
 7 SYSTEMPATH\CodeIgniter.php(480): CodeIgniter\CodeIgniter->startController()
 8 SYSTEMPATH\CodeIgniter.php(340): CodeIgniter\CodeIgniter->handleRequest(null, Object(Config\Cache), false)
 9 SYSTEMPATH\Boot.php(417): CodeIgniter\CodeIgniter->run()
10 SYSTEMPATH\Boot.php(68): CodeIgniter\Boot::runCodeIgniter(Object(CodeIgniter\CodeIgniter))
11 FCPATH\index.php(75): CodeIgniter\Boot::bootWeb(Object(Config\Paths))
CRITICAL - 2026-04-06 10:48:02 --> [Caused by] CodeIgniter\Database\Exceptions\DatabaseException: Unknown column 'date_added' in 'field list'
in SYSTEMPATH\Database\MySQLi\Connection.php on line 310.
 1 SYSTEMPATH\Database\BaseConnection.php(910): CodeIgniter\Database\MySQLi\Connection->execute('INSERT INTO `syllabuses` (`title`, `class_id`, `school_id`, `session_id`, `file`, `date_added`) VALUES (\'fffffffff\', \'132\', \'93\', \'1\', \'uploads/syllabus/syllabus_69d3815262e38.pdf\', 1775468882)')
 2 SYSTEMPATH\Database\BaseConnection.php(827): CodeIgniter\Database\BaseConnection->simpleQuery('INSERT INTO `syllabuses` (`title`, `class_id`, `school_id`, `session_id`, `file`, `date_added`) VALUES (\'fffffffff\', \'132\', \'93\', \'1\', \'uploads/syllabus/syllabus_69d3815262e38.pdf\', 1775468882)')
 3 SYSTEMPATH\Database\BaseBuilder.php(2345): CodeIgniter\Database\BaseConnection->query('INSERT INTO `syllabuses` (`title`, `class_id`, `school_id`, `session_id`, `file`, `date_added`) VALUES (:title:, :class_id:, :school_id:, :session_id:, :file:, :date_added:)', [...], false)
 4 APPPATH\Models\Crud_model.php(1504): CodeIgniter\Database\BaseBuilder->insert([...])
 5 APPPATH\Controllers\Admin.php(269): App\Models\Crud_model->syllabus_create()
 6 APPPATH\Config\Routes.php(556): App\Controllers\Admin->syllabus('create')
 7 APPPATH\Config\Routes.php(568): CodeIgniter\Router\RouteCollection::{closure}('syllabus/create')
 8 SYSTEMPATH\CodeIgniter.php(872): CodeIgniter\Router\RouteCollection::{closure}('syllabus/create')
 9 SYSTEMPATH\CodeIgniter.php(480): CodeIgniter\CodeIgniter->startController()
10 SYSTEMPATH\CodeIgniter.php(340): CodeIgniter\CodeIgniter->handleRequest(null, Object(Config\Cache), false)
11 SYSTEMPATH\Boot.php(417): CodeIgniter\CodeIgniter->run()
12 SYSTEMPATH\Boot.php(68): CodeIgniter\Boot::runCodeIgniter(Object(CodeIgniter\CodeIgniter))
13 FCPATH\index.php(75): CodeIgniter\Boot::bootWeb(Object(Config\Paths))
CRITICAL - 2026-04-06 10:48:02 --> [Caused by] mysqli_sql_exception: Unknown column 'date_added' in 'field list'
in SYSTEMPATH\Database\MySQLi\Connection.php on line 300.
 1 SYSTEMPATH\Database\MySQLi\Connection.php(300): mysqli->query('INSERT INTO `syllabuses` (`title`, `class_id`, `school_id`, `session_id`, `file`, `date_added`) VALUES (\'fffffffff\', \'132\', \'93\', \'1\', \'uploads/syllabus/syllabus_69d3815262e38.pdf\', 1775468882)', 0)
 2 SYSTEMPATH\Database\BaseConnection.php(910): CodeIgniter\Database\MySQLi\Connection->execute('INSERT INTO `syllabuses` (`title`, `class_id`, `school_id`, `session_id`, `file`, `date_added`) VALUES (\'fffffffff\', \'132\', \'93\', \'1\', \'uploads/syllabus/syllabus_69d3815262e38.pdf\', 1775468882)')
 3 SYSTEMPATH\Database\BaseConnection.php(827): CodeIgniter\Database\BaseConnection->simpleQuery('INSERT INTO `syllabuses` (`title`, `class_id`, `school_id`, `session_id`, `file`, `date_added`) VALUES (\'fffffffff\', \'132\', \'93\', \'1\', \'uploads/syllabus/syllabus_69d3815262e38.pdf\', 1775468882)')
 4 SYSTEMPATH\Database\BaseBuilder.php(2345): CodeIgniter\Database\BaseConnection->query('INSERT INTO `syllabuses` (`title`, `class_id`, `school_id`, `session_id`, `file`, `date_added`) VALUES (:title:, :class_id:, :school_id:, :session_id:, :file:, :date_added:)', [...], false)
 5 APPPATH\Models\Crud_model.php(1504): CodeIgniter\Database\BaseBuilder->insert([...])
 6 APPPATH\Controllers\Admin.php(269): App\Models\Crud_model->syllabus_create()
 7 APPPATH\Config\Routes.php(556): App\Controllers\Admin->syllabus('create')
 8 APPPATH\Config\Routes.php(568): CodeIgniter\Router\RouteCollection::{closure}('syllabus/create')
 9 SYSTEMPATH\CodeIgniter.php(872): CodeIgniter\Router\RouteCollection::{closure}('syllabus/create')
10 SYSTEMPATH\CodeIgniter.php(480): CodeIgniter\CodeIgniter->startController()
11 SYSTEMPATH\CodeIgniter.php(340): CodeIgniter\CodeIgniter->handleRequest(null, Object(Config\Cache), false)
12 SYSTEMPATH\Boot.php(417): CodeIgniter\CodeIgniter->run()
13 SYSTEMPATH\Boot.php(68): CodeIgniter\Boot::runCodeIgniter(Object(CodeIgniter\CodeIgniter))
14 FCPATH\index.php(75): CodeIgniter\Boot::bootWeb(Object(Config\Paths))
DEBUG - 2026-04-06 10:48:05 --> Session: Class initialized using 'CodeIgniter\Session\Handlers\FileHandler' driver.
DEBUG - 2026-04-06 10:48:05 --> Total exams not yet taken calculated for school_id 93: 0
DEBUG - 2026-04-06 10:48:07 --> Session: Class initialized using 'CodeIgniter\Session\Handlers\FileHandler' driver.
DEBUG - 2026-04-06 10:48:09 --> Session: Class initialized using 'CodeIgniter\Session\Handlers\FileHandler' driver.
DEBUG - 2026-04-06 10:48:23 --> Session: Class initialized using 'CodeIgniter\Session\Handlers\FileHandler' driver.
ERROR - 2026-04-06 10:48:23 --> Unknown column 'date_added' in 'field list'
in SYSTEMPATH\Database\MySQLi\Connection.php on line 300.
 1 SYSTEMPATH\Database\MySQLi\Connection.php(300): mysqli->query('INSERT INTO `syllabuses` (`title`, `class_id`, `school_id`, `session_id`, `file`, `date_added`) VALUES (\'xxx\', \'132\', \'93\', \'1\', \'uploads/syllabus/syllabus_69d38167e76d9.pdf\', 1775468903)', 0)
 2 SYSTEMPATH\Database\BaseConnection.php(910): CodeIgniter\Database\MySQLi\Connection->execute('INSERT INTO `syllabuses` (`title`, `class_id`, `school_id`, `session_id`, `file`, `date_added`) VALUES (\'xxx\', \'132\', \'93\', \'1\', \'uploads/syllabus/syllabus_69d38167e76d9.pdf\', 1775468903)')
 3 SYSTEMPATH\Database\BaseConnection.php(827): CodeIgniter\Database\BaseConnection->simpleQuery('INSERT INTO `syllabuses` (`title`, `class_id`, `school_id`, `session_id`, `file`, `date_added`) VALUES (\'xxx\', \'132\', \'93\', \'1\', \'uploads/syllabus/syllabus_69d38167e76d9.pdf\', 1775468903)')
 4 SYSTEMPATH\Database\BaseBuilder.php(2345): CodeIgniter\Database\BaseConnection->query('INSERT INTO `syllabuses` (`title`, `class_id`, `school_id`, `session_id`, `file`, `date_added`) VALUES (:title:, :class_id:, :school_id:, :session_id:, :file:, :date_added:)', [...], false)
 5 APPPATH\Models\Crud_model.php(1504): CodeIgniter\Database\BaseBuilder->insert([...])
 6 APPPATH\Controllers\Admin.php(269): App\Models\Crud_model->syllabus_create()
 7 APPPATH\Config\Routes.php(556): App\Controllers\Admin->syllabus('create')
 8 APPPATH\Config\Routes.php(568): CodeIgniter\Router\RouteCollection::{closure}('syllabus/create')
 9 SYSTEMPATH\CodeIgniter.php(872): CodeIgniter\Router\RouteCollection::{closure}('syllabus/create')
10 SYSTEMPATH\CodeIgniter.php(480): CodeIgniter\CodeIgniter->startController()
11 SYSTEMPATH\CodeIgniter.php(340): CodeIgniter\CodeIgniter->handleRequest(null, Object(Config\Cache), false)
12 SYSTEMPATH\Boot.php(417): CodeIgniter\CodeIgniter->run()
13 SYSTEMPATH\Boot.php(68): CodeIgniter\Boot::runCodeIgniter(Object(CodeIgniter\CodeIgniter))
14 FCPATH\index.php(75): CodeIgniter\Boot::bootWeb(Object(Config\Paths))
CRITICAL - 2026-04-06 10:48:23 --> CodeIgniter\Database\Exceptions\DatabaseException: Unknown column 'date_added' in 'field list'
[Method: POST, Route: app/syllabus/create]
in SYSTEMPATH\Database\BaseConnection.php on line 865.
 1 SYSTEMPATH\Database\BaseBuilder.php(2345): CodeIgniter\Database\BaseConnection->query('INSERT INTO `syllabuses` (`title`, `class_id`, `school_id`, `session_id`, `file`, `date_added`) VALUES (:title:, :class_id:, :school_id:, :session_id:, :file:, :date_added:)', [...], false)
 2 APPPATH\Models\Crud_model.php(1504): CodeIgniter\Database\BaseBuilder->insert([...])
 3 APPPATH\Controllers\Admin.php(269): App\Models\Crud_model->syllabus_create()
 4 APPPATH\Config\Routes.php(556): App\Controllers\Admin->syllabus('create')
 5 APPPATH\Config\Routes.php(568): CodeIgniter\Router\RouteCollection::{closure}('syllabus/create')
 6 SYSTEMPATH\CodeIgniter.php(872): CodeIgniter\Router\RouteCollection::{closure}('syllabus/create')
 7 SYSTEMPATH\CodeIgniter.php(480): CodeIgniter\CodeIgniter->startController()
 8 SYSTEMPATH\CodeIgniter.php(340): CodeIgniter\CodeIgniter->handleRequest(null, Object(Config\Cache), false)
 9 SYSTEMPATH\Boot.php(417): CodeIgniter\CodeIgniter->run()
10 SYSTEMPATH\Boot.php(68): CodeIgniter\Boot::runCodeIgniter(Object(CodeIgniter\CodeIgniter))
11 FCPATH\index.php(75): CodeIgniter\Boot::bootWeb(Object(Config\Paths))
CRITICAL - 2026-04-06 10:48:23 --> [Caused by] CodeIgniter\Database\Exceptions\DatabaseException: Unknown column 'date_added' in 'field list'
in SYSTEMPATH\Database\MySQLi\Connection.php on line 310.
 1 SYSTEMPATH\Database\BaseConnection.php(910): CodeIgniter\Database\MySQLi\Connection->execute('INSERT INTO `syllabuses` (`title`, `class_id`, `school_id`, `session_id`, `file`, `date_added`) VALUES (\'xxx\', \'132\', \'93\', \'1\', \'uploads/syllabus/syllabus_69d38167e76d9.pdf\', 1775468903)')
 2 SYSTEMPATH\Database\BaseConnection.php(827): CodeIgniter\Database\BaseConnection->simpleQuery('INSERT INTO `syllabuses` (`title`, `class_id`, `school_id`, `session_id`, `file`, `date_added`) VALUES (\'xxx\', \'132\', \'93\', \'1\', \'uploads/syllabus/syllabus_69d38167e76d9.pdf\', 1775468903)')
 3 SYSTEMPATH\Database\BaseBuilder.php(2345): CodeIgniter\Database\BaseConnection->query('INSERT INTO `syllabuses` (`title`, `class_id`, `school_id`, `session_id`, `file`, `date_added`) VALUES (:title:, :class_id:, :school_id:, :session_id:, :file:, :date_added:)', [...], false)
 4 APPPATH\Models\Crud_model.php(1504): CodeIgniter\Database\BaseBuilder->insert([...])
 5 APPPATH\Controllers\Admin.php(269): App\Models\Crud_model->syllabus_create()
 6 APPPATH\Config\Routes.php(556): App\Controllers\Admin->syllabus('create')
 7 APPPATH\Config\Routes.php(568): CodeIgniter\Router\RouteCollection::{closure}('syllabus/create')
 8 SYSTEMPATH\CodeIgniter.php(872): CodeIgniter\Router\RouteCollection::{closure}('syllabus/create')
 9 SYSTEMPATH\CodeIgniter.php(480): CodeIgniter\CodeIgniter->startController()
10 SYSTEMPATH\CodeIgniter.php(340): CodeIgniter\CodeIgniter->handleRequest(null, Object(Config\Cache), false)
11 SYSTEMPATH\Boot.php(417): CodeIgniter\CodeIgniter->run()
12 SYSTEMPATH\Boot.php(68): CodeIgniter\Boot::runCodeIgniter(Object(CodeIgniter\CodeIgniter))
13 FCPATH\index.php(75): CodeIgniter\Boot::bootWeb(Object(Config\Paths))
CRITICAL - 2026-04-06 10:48:23 --> [Caused by] mysqli_sql_exception: Unknown column 'date_added' in 'field list'
in SYSTEMPATH\Database\MySQLi\Connection.php on line 300.
 1 SYSTEMPATH\Database\MySQLi\Connection.php(300): mysqli->query('INSERT INTO `syllabuses` (`title`, `class_id`, `school_id`, `session_id`, `file`, `date_added`) VALUES (\'xxx\', \'132\', \'93\', \'1\', \'uploads/syllabus/syllabus_69d38167e76d9.pdf\', 1775468903)', 0)
 2 SYSTEMPATH\Database\BaseConnection.php(910): CodeIgniter\Database\MySQLi\Connection->execute('INSERT INTO `syllabuses` (`title`, `class_id`, `school_id`, `session_id`, `file`, `date_added`) VALUES (\'xxx\', \'132\', \'93\', \'1\', \'uploads/syllabus/syllabus_69d38167e76d9.pdf\', 1775468903)')
 3 SYSTEMPATH\Database\BaseConnection.php(827): CodeIgniter\Database\BaseConnection->simpleQuery('INSERT INTO `syllabuses` (`title`, `class_id`, `school_id`, `session_id`, `file`, `date_added`) VALUES (\'xxx\', \'132\', \'93\', \'1\', \'uploads/syllabus/syllabus_69d38167e76d9.pdf\', 1775468903)')
 4 SYSTEMPATH\Database\BaseBuilder.php(2345): CodeIgniter\Database\BaseConnection->query('INSERT INTO `syllabuses` (`title`, `class_id`, `school_id`, `session_id`, `file`, `date_added`) VALUES (:title:, :class_id:, :school_id:, :session_id:, :file:, :date_added:)', [...], false)
 5 APPPATH\Models\Crud_model.php(1504): CodeIgniter\Database\BaseBuilder->insert([...])
 6 APPPATH\Controllers\Admin.php(269): App\Models\Crud_model->syllabus_create()
 7 APPPATH\Config\Routes.php(556): App\Controllers\Admin->syllabus('create')
 8 APPPATH\Config\Routes.php(568): CodeIgniter\Router\RouteCollection::{closure}('syllabus/create')
 9 SYSTEMPATH\CodeIgniter.php(872): CodeIgniter\Router\RouteCollection::{closure}('syllabus/create')
10 SYSTEMPATH\CodeIgniter.php(480): CodeIgniter\CodeIgniter->startController()
11 SYSTEMPATH\CodeIgniter.php(340): CodeIgniter\CodeIgniter->handleRequest(null, Object(Config\Cache), false)
12 SYSTEMPATH\Boot.php(417): CodeIgniter\CodeIgniter->run()
13 SYSTEMPATH\Boot.php(68): CodeIgniter\Boot::runCodeIgniter(Object(CodeIgniter\CodeIgniter))
14 FCPATH\index.php(75): CodeIgniter\Boot::bootWeb(Object(Config\Paths))
DEBUG - 2026-04-06 11:01:52 --> Session: Class initialized using 'CodeIgniter\Session\Handlers\FileHandler' driver.
DEBUG - 2026-04-06 11:01:55 --> Session: Class initialized using 'CodeIgniter\Session\Handlers\FileHandler' driver.
DEBUG - 2026-04-06 11:01:56 --> Total exams not yet taken calculated for school_id 93: 0
DEBUG - 2026-04-06 11:01:58 --> Session: Class initialized using 'CodeIgniter\Session\Handlers\FileHandler' driver.
DEBUG - 2026-04-06 11:03:30 --> Session: Class initialized using 'CodeIgniter\Session\Handlers\FileHandler' driver.
DEBUG - 2026-04-06 11:03:39 --> Session: Class initialized using 'CodeIgniter\Session\Handlers\FileHandler' driver.
DEBUG - 2026-04-06 11:03:43 --> Session: Class initialized using 'CodeIgniter\Session\Handlers\FileHandler' driver.
DEBUG - 2026-04-06 11:03:43 --> Total exams not yet taken calculated for school_id 93: 0
DEBUG - 2026-04-06 11:03:47 --> Session: Class initialized using 'CodeIgniter\Session\Handlers\FileHandler' driver.
DEBUG - 2026-04-06 11:03:51 --> Session: Class initialized using 'CodeIgniter\Session\Handlers\FileHandler' driver.
DEBUG - 2026-04-06 11:03:55 --> Session: Class initialized using 'CodeIgniter\Session\Handlers\FileHandler' driver.
DEBUG - 2026-04-06 11:26:16 --> Session: Class initialized using 'CodeIgniter\Session\Handlers\FileHandler' driver.
DEBUG - 2026-04-06 11:26:20 --> Total exams not yet taken calculated for school_id 93: 0
CRITICAL - 2026-04-06 11:26:21 --> TypeError: count(): Argument #1 ($value) must be of type Countable|array, int given
[Method: GET, Route: app/syllabus]
in APPPATH\Views\backend\admin\syllabus\index.php on line 107.
 1 APPPATH\Views\backend\index.php(147): include()
 2 SYSTEMPATH\View\View.php(240): include('C:\\xampp\\htdocs\\School-Management-De_migration\\app\\Views\\backend\\index.php')
 3 SYSTEMPATH\View\View.php(243): CodeIgniter\View\View->CodeIgniter\View\{closure}()
 4 APPPATH\View\View.php(357): CodeIgniter\View\View->render('backend/index', [], true)
 5 SYSTEMPATH\Common.php(1250): App\View\View->render('backend/index', [], true)
 6 APPPATH\Controllers\Admin.php(317): view('backend/index', [...])
 7 APPPATH\Config\Routes.php(556): App\Controllers\Admin->syllabus()
 8 APPPATH\Config\Routes.php(565): CodeIgniter\Router\RouteCollection::{closure}('syllabus')
 9 SYSTEMPATH\CodeIgniter.php(872): CodeIgniter\Router\RouteCollection::{closure}('syllabus')
10 SYSTEMPATH\CodeIgniter.php(480): CodeIgniter\CodeIgniter->startController()
11 SYSTEMPATH\CodeIgniter.php(340): CodeIgniter\CodeIgniter->handleRequest(null, Object(Config\Cache), false)
12 SYSTEMPATH\Boot.php(417): CodeIgniter\CodeIgniter->run()
13 SYSTEMPATH\Boot.php(68): CodeIgniter\Boot::runCodeIgniter(Object(CodeIgniter\CodeIgniter))
14 FCPATH\index.php(75): CodeIgniter\Boot::bootWeb(Object(Config\Paths))
DEBUG - 2026-04-06 11:36:17 --> Session: Class initialized using 'CodeIgniter\Session\Handlers\FileHandler' driver.
DEBUG - 2026-04-06 11:36:18 --> Total exams not yet taken calculated for school_id 93: 0
DEBUG - 2026-04-06 11:36:24 --> Session: Class initialized using 'CodeIgniter\Session\Handlers\FileHandler' driver.
DEBUG - 2026-04-06 11:36:37 --> Session: Class initialized using 'CodeIgniter\Session\Handlers\FileHandler' driver.
DEBUG - 2026-04-06 11:36:48 --> Session: Class initialized using 'CodeIgniter\Session\Handlers\FileHandler' driver.
DEBUG - 2026-04-06 11:36:59 --> Session: Class initialized using 'CodeIgniter\Session\Handlers\FileHandler' driver.
INFO - 2026-04-06 11:36:59 --> Syllabus created successfully. ID: 16, File: uploads/syllabus/syllabus_69d38ccbcd122.pdf
DEBUG - 2026-04-06 11:37:04 --> Session: Class initialized using 'CodeIgniter\Session\Handlers\FileHandler' driver.
DEBUG - 2026-04-06 11:37:05 --> Total exams not yet taken calculated for school_id 93: 0
DEBUG - 2026-04-06 11:37:11 --> Session: Class initialized using 'CodeIgniter\Session\Handlers\FileHandler' driver.
DEBUG - 2026-04-06 11:38:08 --> Session: Class initialized using 'CodeIgniter\Session\Handlers\FileHandler' driver.
DEBUG - 2026-04-06 11:38:08 --> Total exams not yet taken calculated for school_id 93: 0
DEBUG - 2026-04-06 11:38:10 --> Session: Class initialized using 'CodeIgniter\Session\Handlers\FileHandler' driver.
DEBUG - 2026-04-06 11:38:11 --> Session: Class initialized using 'CodeIgniter\Session\Handlers\FileHandler' driver.
DEBUG - 2026-04-06 11:43:28 --> Session: Class initialized using 'CodeIgniter\Session\Handlers\FileHandler' driver.
DEBUG - 2026-04-06 11:43:29 --> Total exams not yet taken calculated for school_id 93: 0
DEBUG - 2026-04-06 11:43:35 --> Session: Class initialized using 'CodeIgniter\Session\Handlers\FileHandler' driver.
DEBUG - 2026-04-06 11:43:46 --> Session: Class initialized using 'CodeIgniter\Session\Handlers\FileHandler' driver.
DEBUG - 2026-04-06 11:43:56 --> Session: Class initialized using 'CodeIgniter\Session\Handlers\FileHandler' driver.
INFO - 2026-04-06 11:43:57 --> Syllabus created successfully. ID: 17, File: uploads/syllabus/syllabus_69d38e6d12baa.pdf
CRITICAL - 2026-04-06 11:43:57 --> Error: Call to undefined function App\Models\get_login_user_id()
[Method: POST, Route: app/syllabus/create]
in APPPATH\Models\Crud_model.php on line 1589.
 1 APPPATH\Controllers\Admin.php(279): App\Models\Crud_model->syllabus_create()
 2 APPPATH\Config\Routes.php(556): App\Controllers\Admin->syllabus('create')
 3 APPPATH\Config\Routes.php(568): CodeIgniter\Router\RouteCollection::{closure}('syllabus/create')
 4 SYSTEMPATH\CodeIgniter.php(872): CodeIgniter\Router\RouteCollection::{closure}('syllabus/create')
 5 SYSTEMPATH\CodeIgniter.php(480): CodeIgniter\CodeIgniter->startController()
 6 SYSTEMPATH\CodeIgniter.php(340): CodeIgniter\CodeIgniter->handleRequest(null, Object(Config\Cache), false)
 7 SYSTEMPATH\Boot.php(417): CodeIgniter\CodeIgniter->run()
 8 SYSTEMPATH\Boot.php(68): CodeIgniter\Boot::runCodeIgniter(Object(CodeIgniter\CodeIgniter))
 9 FCPATH\index.php(75): CodeIgniter\Boot::bootWeb(Object(Config\Paths))
DEBUG - 2026-04-06 11:44:07 --> Session: Class initialized using 'CodeIgniter\Session\Handlers\FileHandler' driver.
INFO - 2026-04-06 11:44:08 --> Syllabus created successfully. ID: 18, File: uploads/syllabus/syllabus_69d38e782cba2.pdf
CRITICAL - 2026-04-06 11:44:08 --> Error: Call to undefined function App\Models\get_login_user_id()
[Method: POST, Route: app/syllabus/create]
in APPPATH\Models\Crud_model.php on line 1589.
 1 APPPATH\Controllers\Admin.php(279): App\Models\Crud_model->syllabus_create()
 2 APPPATH\Config\Routes.php(556): App\Controllers\Admin->syllabus('create')
 3 APPPATH\Config\Routes.php(568): CodeIgniter\Router\RouteCollection::{closure}('syllabus/create')
 4 SYSTEMPATH\CodeIgniter.php(872): CodeIgniter\Router\RouteCollection::{closure}('syllabus/create')
 5 SYSTEMPATH\CodeIgniter.php(480): CodeIgniter\CodeIgniter->startController()
 6 SYSTEMPATH\CodeIgniter.php(340): CodeIgniter\CodeIgniter->handleRequest(null, Object(Config\Cache), false)
 7 SYSTEMPATH\Boot.php(417): CodeIgniter\CodeIgniter->run()
 8 SYSTEMPATH\Boot.php(68): CodeIgniter\Boot::runCodeIgniter(Object(CodeIgniter\CodeIgniter))
 9 FCPATH\index.php(75): CodeIgniter\Boot::bootWeb(Object(Config\Paths))
DEBUG - 2026-04-06 11:48:36 --> Session: Class initialized using 'CodeIgniter\Session\Handlers\FileHandler' driver.
DEBUG - 2026-04-06 11:48:37 --> Total exams not yet taken calculated for school_id 93: 0
DEBUG - 2026-04-06 11:48:38 --> Session: Class initialized using 'CodeIgniter\Session\Handlers\FileHandler' driver.
DEBUG - 2026-04-06 11:48:44 --> Session: Class initialized using 'CodeIgniter\Session\Handlers\FileHandler' driver.
DEBUG - 2026-04-06 11:48:45 --> Session: Class initialized using 'CodeIgniter\Session\Handlers\FileHandler' driver.
DEBUG - 2026-04-06 11:48:45 --> Session: Class initialized using 'CodeIgniter\Session\Handlers\FileHandler' driver.
DEBUG - 2026-04-06 11:48:46 --> Session: Class initialized using 'CodeIgniter\Session\Handlers\FileHandler' driver.
DEBUG - 2026-04-06 11:48:46 --> Session: Class initialized using 'CodeIgniter\Session\Handlers\FileHandler' driver.
DEBUG - 2026-04-06 11:48:46 --> Session: Class initialized using 'CodeIgniter\Session\Handlers\FileHandler' driver.
DEBUG - 2026-04-06 11:51:41 --> Session: Class initialized using 'CodeIgniter\Session\Handlers\FileHandler' driver.
DEBUG - 2026-04-06 11:51:41 --> Total exams not yet taken calculated for school_id 93: 0
DEBUG - 2026-04-06 11:51:43 --> Session: Class initialized using 'CodeIgniter\Session\Handlers\FileHandler' driver.
ERROR - 2026-04-06 11:51:43 --> You have an error in your SQL syntax; check the manual that corresponds to your MariaDB server version for the right syntax to use near '-20, 20' at line 5
in SYSTEMPATH\Database\MySQLi\Connection.php on line 300.
 1 SYSTEMPATH\Database\MySQLi\Connection.php(300): mysqli->query('SELECT *
FROM `syllabuses`
WHERE `school_id` = \'93\'
AND `session_id` = \'1\'
 LIMIT -20, 20', 0)
 2 SYSTEMPATH\Database\BaseConnection.php(910): CodeIgniter\Database\MySQLi\Connection->execute('SELECT *
FROM `syllabuses`
WHERE `school_id` = \'93\'
AND `session_id` = \'1\'
 LIMIT -20, 20')
 3 SYSTEMPATH\Database\BaseConnection.php(827): CodeIgniter\Database\BaseConnection->simpleQuery('SELECT *
FROM `syllabuses`
WHERE `school_id` = \'93\'
AND `session_id` = \'1\'
 LIMIT -20, 20')
 4 SYSTEMPATH\Database\BaseBuilder.php(1649): CodeIgniter\Database\BaseConnection->query('SELECT *
FROM `syllabuses`
WHERE `school_id` = :school_id:
AND `session_id` = :session_id:
 LIMIT -20, 20', [...], false)
 5 APPPATH\Views\backend\admin\syllabus\list.php(11): CodeIgniter\Database\BaseBuilder->get()
 6 SYSTEMPATH\View\View.php(240): include('C:\\xampp\\htdocs\\School-Management-De_migration\\app\\Views\\backend\\admin\\syllabus\\list.php')
 7 SYSTEMPATH\View\View.php(243): CodeIgniter\View\View->CodeIgniter\View\{closure}()
 8 APPPATH\View\View.php(357): CodeIgniter\View\View->render('backend/admin/syllabus/list', [], true)
 9 SYSTEMPATH\Common.php(1250): App\View\View->render('backend/admin/syllabus/list', [], true)
10 APPPATH\Controllers\Admin.php(311): view('backend/admin/syllabus/list', [...])
11 SYSTEMPATH\CodeIgniter.php(951): App\Controllers\Admin->syllabus('list', 'all')
12 SYSTEMPATH\CodeIgniter.php(497): CodeIgniter\CodeIgniter->runController(Object(App\Controllers\Admin))
13 SYSTEMPATH\CodeIgniter.php(340): CodeIgniter\CodeIgniter->handleRequest(null, Object(Config\Cache), false)
14 SYSTEMPATH\Boot.php(417): CodeIgniter\CodeIgniter->run()
15 SYSTEMPATH\Boot.php(68): CodeIgniter\Boot::runCodeIgniter(Object(CodeIgniter\CodeIgniter))
16 FCPATH\index.php(75): CodeIgniter\Boot::bootWeb(Object(Config\Paths))
CRITICAL - 2026-04-06 11:51:43 --> CodeIgniter\Database\Exceptions\DatabaseException: You have an error in your SQL syntax; check the manual that corresponds to your MariaDB server version for the right syntax to use near '-20, 20' at line 5
[Method: GET, Route: admin/syllabus/list/all]
in SYSTEMPATH\Database\BaseConnection.php on line 865.
 1 SYSTEMPATH\Database\BaseBuilder.php(1649): CodeIgniter\Database\BaseConnection->query('SELECT *
FROM `syllabuses`
WHERE `school_id` = :school_id:
AND `session_id` = :session_id:
 LIMIT -20, 20', [...], false)
 2 APPPATH\Views\backend\admin\syllabus\list.php(11): CodeIgniter\Database\BaseBuilder->get()
 3 SYSTEMPATH\View\View.php(240): include('C:\\xampp\\htdocs\\School-Management-De_migration\\app\\Views\\backend\\admin\\syllabus\\list.php')
 4 SYSTEMPATH\View\View.php(243): CodeIgniter\View\View->CodeIgniter\View\{closure}()
 5 APPPATH\View\View.php(357): CodeIgniter\View\View->render('backend/admin/syllabus/list', [], true)
 6 SYSTEMPATH\Common.php(1250): App\View\View->render('backend/admin/syllabus/list', [], true)
 7 APPPATH\Controllers\Admin.php(311): view('backend/admin/syllabus/list', [...])
 8 SYSTEMPATH\CodeIgniter.php(951): App\Controllers\Admin->syllabus('list', 'all')
 9 SYSTEMPATH\CodeIgniter.php(497): CodeIgniter\CodeIgniter->runController(Object(App\Controllers\Admin))
10 SYSTEMPATH\CodeIgniter.php(340): CodeIgniter\CodeIgniter->handleRequest(null, Object(Config\Cache), false)
11 SYSTEMPATH\Boot.php(417): CodeIgniter\CodeIgniter->run()
12 SYSTEMPATH\Boot.php(68): CodeIgniter\Boot::runCodeIgniter(Object(CodeIgniter\CodeIgniter))
13 FCPATH\index.php(75): CodeIgniter\Boot::bootWeb(Object(Config\Paths))
CRITICAL - 2026-04-06 11:51:43 --> [Caused by] CodeIgniter\Database\Exceptions\DatabaseException: You have an error in your SQL syntax; check the manual that corresponds to your MariaDB server version for the right syntax to use near '-20, 20' at line 5
in SYSTEMPATH\Database\MySQLi\Connection.php on line 310.
 1 SYSTEMPATH\Database\BaseConnection.php(910): CodeIgniter\Database\MySQLi\Connection->execute('SELECT *
FROM `syllabuses`
WHERE `school_id` = \'93\'
AND `session_id` = \'1\'
 LIMIT -20, 20')
 2 SYSTEMPATH\Database\BaseConnection.php(827): CodeIgniter\Database\BaseConnection->simpleQuery('SELECT *
FROM `syllabuses`
WHERE `school_id` = \'93\'
AND `session_id` = \'1\'
 LIMIT -20, 20')
 3 SYSTEMPATH\Database\BaseBuilder.php(1649): CodeIgniter\Database\BaseConnection->query('SELECT *
FROM `syllabuses`
WHERE `school_id` = :school_id:
AND `session_id` = :session_id:
 LIMIT -20, 20', [...], false)
 4 APPPATH\Views\backend\admin\syllabus\list.php(11): CodeIgniter\Database\BaseBuilder->get()
 5 SYSTEMPATH\View\View.php(240): include('C:\\xampp\\htdocs\\School-Management-De_migration\\app\\Views\\backend\\admin\\syllabus\\list.php')
 6 SYSTEMPATH\View\View.php(243): CodeIgniter\View\View->CodeIgniter\View\{closure}()
 7 APPPATH\View\View.php(357): CodeIgniter\View\View->render('backend/admin/syllabus/list', [], true)
 8 SYSTEMPATH\Common.php(1250): App\View\View->render('backend/admin/syllabus/list', [], true)
 9 APPPATH\Controllers\Admin.php(311): view('backend/admin/syllabus/list', [...])
10 SYSTEMPATH\CodeIgniter.php(951): App\Controllers\Admin->syllabus('list', 'all')
11 SYSTEMPATH\CodeIgniter.php(497): CodeIgniter\CodeIgniter->runController(Object(App\Controllers\Admin))
12 SYSTEMPATH\CodeIgniter.php(340): CodeIgniter\CodeIgniter->handleRequest(null, Object(Config\Cache), false)
13 SYSTEMPATH\Boot.php(417): CodeIgniter\CodeIgniter->run()
14 SYSTEMPATH\Boot.php(68): CodeIgniter\Boot::runCodeIgniter(Object(CodeIgniter\CodeIgniter))
15 FCPATH\index.php(75): CodeIgniter\Boot::bootWeb(Object(Config\Paths))
CRITICAL - 2026-04-06 11:51:43 --> [Caused by] mysqli_sql_exception: You have an error in your SQL syntax; check the manual that corresponds to your MariaDB server version for the right syntax to use near '-20, 20' at line 5
in SYSTEMPATH\Database\MySQLi\Connection.php on line 300.
 1 SYSTEMPATH\Database\MySQLi\Connection.php(300): mysqli->query('SELECT *
FROM `syllabuses`
WHERE `school_id` = \'93\'
AND `session_id` = \'1\'
 LIMIT -20, 20', 0)
 2 SYSTEMPATH\Database\BaseConnection.php(910): CodeIgniter\Database\MySQLi\Connection->execute('SELECT *
FROM `syllabuses`
WHERE `school_id` = \'93\'
AND `session_id` = \'1\'
 LIMIT -20, 20')
 3 SYSTEMPATH\Database\BaseConnection.php(827): CodeIgniter\Database\BaseConnection->simpleQuery('SELECT *
FROM `syllabuses`
WHERE `school_id` = \'93\'
AND `session_id` = \'1\'
 LIMIT -20, 20')
 4 SYSTEMPATH\Database\BaseBuilder.php(1649): CodeIgniter\Database\BaseConnection->query('SELECT *
FROM `syllabuses`
WHERE `school_id` = :school_id:
AND `session_id` = :session_id:
 LIMIT -20, 20', [...], false)
 5 APPPATH\Views\backend\admin\syllabus\list.php(11): CodeIgniter\Database\BaseBuilder->get()
 6 SYSTEMPATH\View\View.php(240): include('C:\\xampp\\htdocs\\School-Management-De_migration\\app\\Views\\backend\\admin\\syllabus\\list.php')
 7 SYSTEMPATH\View\View.php(243): CodeIgniter\View\View->CodeIgniter\View\{closure}()
 8 APPPATH\View\View.php(357): CodeIgniter\View\View->render('backend/admin/syllabus/list', [], true)
 9 SYSTEMPATH\Common.php(1250): App\View\View->render('backend/admin/syllabus/list', [], true)
10 APPPATH\Controllers\Admin.php(311): view('backend/admin/syllabus/list', [...])
11 SYSTEMPATH\CodeIgniter.php(951): App\Controllers\Admin->syllabus('list', 'all')
12 SYSTEMPATH\CodeIgniter.php(497): CodeIgniter\CodeIgniter->runController(Object(App\Controllers\Admin))
13 SYSTEMPATH\CodeIgniter.php(340): CodeIgniter\CodeIgniter->handleRequest(null, Object(Config\Cache), false)
14 SYSTEMPATH\Boot.php(417): CodeIgniter\CodeIgniter->run()
15 SYSTEMPATH\Boot.php(68): CodeIgniter\Boot::runCodeIgniter(Object(CodeIgniter\CodeIgniter))
16 FCPATH\index.php(75): CodeIgniter\Boot::bootWeb(Object(Config\Paths))
DEBUG - 2026-04-06 11:56:54 --> Session: Class initialized using 'CodeIgniter\Session\Handlers\FileHandler' driver.
DEBUG - 2026-04-06 11:56:55 --> Total exams not yet taken calculated for school_id 93: 0
DEBUG - 2026-04-06 11:56:58 --> Session: Class initialized using 'CodeIgniter\Session\Handlers\FileHandler' driver.
DEBUG - 2026-04-06 11:57:04 --> Session: Class initialized using 'CodeIgniter\Session\Handlers\FileHandler' driver.
DEBUG - 2026-04-06 11:57:27 --> Session: Class initialized using 'CodeIgniter\Session\Handlers\FileHandler' driver.
INFO - 2026-04-06 11:57:28 --> Syllabus created successfully. ID: 19, File: uploads/syllabus/syllabus_69d3919812742.pdf
CRITICAL - 2026-04-06 11:57:28 --> Error: Call to undefined function App\Models\get_login_user_id()
[Method: POST, Route: app/syllabus/create]
in APPPATH\Models\Crud_model.php on line 1589.
 1 APPPATH\Controllers\Admin.php(279): App\Models\Crud_model->syllabus_create()
 2 APPPATH\Config\Routes.php(556): App\Controllers\Admin->syllabus('create')
 3 APPPATH\Config\Routes.php(568): CodeIgniter\Router\RouteCollection::{closure}('syllabus/create')
 4 SYSTEMPATH\CodeIgniter.php(872): CodeIgniter\Router\RouteCollection::{closure}('syllabus/create')
 5 SYSTEMPATH\CodeIgniter.php(480): CodeIgniter\CodeIgniter->startController()
 6 SYSTEMPATH\CodeIgniter.php(340): CodeIgniter\CodeIgniter->handleRequest(null, Object(Config\Cache), false)
 7 SYSTEMPATH\Boot.php(417): CodeIgniter\CodeIgniter->run()
 8 SYSTEMPATH\Boot.php(68): CodeIgniter\Boot::runCodeIgniter(Object(CodeIgniter\CodeIgniter))
 9 FCPATH\index.php(75): CodeIgniter\Boot::bootWeb(Object(Config\Paths))
DEBUG - 2026-04-06 11:58:56 --> Session: Class initialized using 'CodeIgniter\Session\Handlers\FileHandler' driver.
INFO - 2026-04-06 11:58:56 --> Syllabus created successfully. ID: 20, File: uploads/syllabus/syllabus_69d391f0c747c.pdf
CRITICAL - 2026-04-06 11:58:56 --> Error: Call to undefined function App\Models\get_login_user_id()
[Method: POST, Route: app/syllabus/create]
in APPPATH\Models\Crud_model.php on line 1589.
 1 APPPATH\Controllers\Admin.php(279): App\Models\Crud_model->syllabus_create()
 2 APPPATH\Config\Routes.php(556): App\Controllers\Admin->syllabus('create')
 3 APPPATH\Config\Routes.php(568): CodeIgniter\Router\RouteCollection::{closure}('syllabus/create')
 4 SYSTEMPATH\CodeIgniter.php(872): CodeIgniter\Router\RouteCollection::{closure}('syllabus/create')
 5 SYSTEMPATH\CodeIgniter.php(480): CodeIgniter\CodeIgniter->startController()
 6 SYSTEMPATH\CodeIgniter.php(340): CodeIgniter\CodeIgniter->handleRequest(null, Object(Config\Cache), false)
 7 SYSTEMPATH\Boot.php(417): CodeIgniter\CodeIgniter->run()
 8 SYSTEMPATH\Boot.php(68): CodeIgniter\Boot::runCodeIgniter(Object(CodeIgniter\CodeIgniter))
 9 FCPATH\index.php(75): CodeIgniter\Boot::bootWeb(Object(Config\Paths))
DEBUG - 2026-04-06 11:58:59 --> Session: Class initialized using 'CodeIgniter\Session\Handlers\FileHandler' driver.
DEBUG - 2026-04-06 11:59:00 --> Total exams not yet taken calculated for school_id 93: 0
DEBUG - 2026-04-06 11:59:05 --> Session: Class initialized using 'CodeIgniter\Session\Handlers\FileHandler' driver.
DEBUG - 2026-04-06 11:59:55 --> Session: Class initialized using 'CodeIgniter\Session\Handlers\FileHandler' driver.
DEBUG - 2026-04-06 12:00:14 --> Session: Class initialized using 'CodeIgniter\Session\Handlers\FileHandler' driver.
DEBUG - 2026-04-06 12:00:14 --> Total exams not yet taken calculated for school_id 93: 0
DEBUG - 2026-04-06 12:00:16 --> Session: Class initialized using 'CodeIgniter\Session\Handlers\FileHandler' driver.
DEBUG - 2026-04-06 12:00:20 --> Session: Class initialized using 'CodeIgniter\Session\Handlers\FileHandler' driver.
INFO - 2026-04-06 12:00:20 --> Syllabus deleted successfully. ID: 20
CRITICAL - 2026-04-06 12:00:20 --> Error: Call to undefined function App\Models\get_login_user_id()
[Method: POST, Route: app/syllabus/delete/20]
in APPPATH\Models\Crud_model.php on line 1647.
 1 APPPATH\Controllers\Admin.php(296): App\Models\Crud_model->syllabus_delete('20')
 2 APPPATH\Config\Routes.php(556): App\Controllers\Admin->syllabus('delete', '20')
 3 APPPATH\Config\Routes.php(568): CodeIgniter\Router\RouteCollection::{closure}('syllabus/delete/20')
 4 SYSTEMPATH\CodeIgniter.php(872): CodeIgniter\Router\RouteCollection::{closure}('syllabus/delete/20')
 5 SYSTEMPATH\CodeIgniter.php(480): CodeIgniter\CodeIgniter->startController()
 6 SYSTEMPATH\CodeIgniter.php(340): CodeIgniter\CodeIgniter->handleRequest(null, Object(Config\Cache), false)
 7 SYSTEMPATH\Boot.php(417): CodeIgniter\CodeIgniter->run()
 8 SYSTEMPATH\Boot.php(68): CodeIgniter\Boot::runCodeIgniter(Object(CodeIgniter\CodeIgniter))
 9 FCPATH\index.php(75): CodeIgniter\Boot::bootWeb(Object(Config\Paths))
DEBUG - 2026-04-06 12:00:28 --> Session: Class initialized using 'CodeIgniter\Session\Handlers\FileHandler' driver.
DEBUG - 2026-04-06 12:00:28 --> Total exams not yet taken calculated for school_id 93: 0
DEBUG - 2026-04-06 12:00:30 --> Session: Class initialized using 'CodeIgniter\Session\Handlers\FileHandler' driver.
DEBUG - 2026-04-06 12:00:32 --> Session: Class initialized using 'CodeIgniter\Session\Handlers\FileHandler' driver.
DEBUG - 2026-04-06 12:02:38 --> Session: Class initialized using 'CodeIgniter\Session\Handlers\FileHandler' driver.
INFO - 2026-04-06 12:02:38 --> Syllabus created successfully. ID: 21, File: uploads/syllabus/syllabus_69d392ce7d148.pdf
CRITICAL - 2026-04-06 12:02:38 --> Error: Call to undefined function App\Models\get_login_user_id()
[Method: POST, Route: admin/syllabus/create]
in APPPATH\Models\Crud_model.php on line 1589.
 1 APPPATH\Controllers\Admin.php(279): App\Models\Crud_model->syllabus_create()
 2 SYSTEMPATH\CodeIgniter.php(951): App\Controllers\Admin->syllabus('create')
 3 SYSTEMPATH\CodeIgniter.php(497): CodeIgniter\CodeIgniter->runController(Object(App\Controllers\Admin))
 4 SYSTEMPATH\CodeIgniter.php(340): CodeIgniter\CodeIgniter->handleRequest(null, Object(Config\Cache), false)
 5 SYSTEMPATH\Boot.php(417): CodeIgniter\CodeIgniter->run()
 6 SYSTEMPATH\Boot.php(68): CodeIgniter\Boot::runCodeIgniter(Object(CodeIgniter\CodeIgniter))
 7 FCPATH\index.php(75): CodeIgniter\Boot::bootWeb(Object(Config\Paths))
DEBUG - 2026-04-06 12:02:43 --> Session: Class initialized using 'CodeIgniter\Session\Handlers\FileHandler' driver.
DEBUG - 2026-04-06 12:02:44 --> Total exams not yet taken calculated for school_id 93: 0
DEBUG - 2026-04-06 12:02:45 --> Session: Class initialized using 'CodeIgniter\Session\Handlers\FileHandler' driver.
DEBUG - 2026-04-06 12:02:46 --> Session: Class initialized using 'CodeIgniter\Session\Handlers\FileHandler' driver.
DEBUG - 2026-04-06 12:02:53 --> Session: Class initialized using 'CodeIgniter\Session\Handlers\FileHandler' driver.
INFO - 2026-04-06 12:02:53 --> Syllabus created successfully. ID: 22, File: uploads/syllabus/syllabus_69d392ddf22b3.pdf
CRITICAL - 2026-04-06 12:02:54 --> Error: Call to undefined function App\Models\get_login_user_id()
[Method: POST, Route: admin/syllabus/create]
in APPPATH\Models\Crud_model.php on line 1589.
 1 APPPATH\Controllers\Admin.php(279): App\Models\Crud_model->syllabus_create()
 2 SYSTEMPATH\CodeIgniter.php(951): App\Controllers\Admin->syllabus('create')
 3 SYSTEMPATH\CodeIgniter.php(497): CodeIgniter\CodeIgniter->runController(Object(App\Controllers\Admin))
 4 SYSTEMPATH\CodeIgniter.php(340): CodeIgniter\CodeIgniter->handleRequest(null, Object(Config\Cache), false)
 5 SYSTEMPATH\Boot.php(417): CodeIgniter\CodeIgniter->run()
 6 SYSTEMPATH\Boot.php(68): CodeIgniter\Boot::runCodeIgniter(Object(CodeIgniter\CodeIgniter))
 7 FCPATH\index.php(75): CodeIgniter\Boot::bootWeb(Object(Config\Paths))
DEBUG - 2026-04-06 12:05:45 --> Session: Class initialized using 'CodeIgniter\Session\Handlers\FileHandler' driver.
DEBUG - 2026-04-06 12:05:48 --> Total exams not yet taken calculated for school_id 93: 0
DEBUG - 2026-04-06 12:05:54 --> Session: Class initialized using 'CodeIgniter\Session\Handlers\FileHandler' driver.
DEBUG - 2026-04-06 12:05:56 --> Session: Class initialized using 'CodeIgniter\Session\Handlers\FileHandler' driver.
DEBUG - 2026-04-06 12:06:08 --> Session: Class initialized using 'CodeIgniter\Session\Handlers\FileHandler' driver.
INFO - 2026-04-06 12:06:08 --> Syllabus created successfully. ID: 23, File: uploads/syllabus/syllabus_69d393a01efad.pdf
ERROR - 2026-04-06 12:06:08 --> Table 'wayo_db.audit_logs' doesn't exist
in SYSTEMPATH\Database\MySQLi\Connection.php on line 300.
 1 SYSTEMPATH\Database\MySQLi\Connection.php(300): mysqli->query('INSERT INTO `audit_logs` (`user_id`, `user_type`, `school_id`, `action_type`, `entity_type`, `entity_id`, `action_details`, `ip_address`, `user_agent`, `created_at`) VALUES (\'266\', \'admin\', \'93\', \'create\', \'syllabus\', 23, \'{\\"title\\":\\"sssssss\\",\\"class_id\\":132,\\"file_name\\":\\"uploads\\\\/syllabus\\\\/syllabus_69d393a01efad.pdf\\",\\"session_id\\":1}\', \'::1\', \'Mozilla/5.0 (Windows NT 10.0; Win64; x64) AppleWebKit/537.36 (KHTML, like Gecko) Chrome/146.0.0.0 Safari/537.36\', 1775473568)', 0)
 2 SYSTEMPATH\Database\BaseConnection.php(910): CodeIgniter\Database\MySQLi\Connection->execute('INSERT INTO `audit_logs` (`user_id`, `user_type`, `school_id`, `action_type`, `entity_type`, `entity_id`, `action_details`, `ip_address`, `user_agent`, `created_at`) VALUES (\'266\', \'admin\', \'93\', \'create\', \'syllabus\', 23, \'{\\"title\\":\\"sssssss\\",\\"class_id\\":132,\\"file_name\\":\\"uploads\\\\/syllabus\\\\/syllabus_69d393a01efad.pdf\\",\\"session_id\\":1}\', \'::1\', \'Mozilla/5.0 (Windows NT 10.0; Win64; x64) AppleWebKit/537.36 (KHTML, like Gecko) Chrome/146.0.0.0 Safari/537.36\', 1775473568)')
 3 SYSTEMPATH\Database\BaseConnection.php(827): CodeIgniter\Database\BaseConnection->simpleQuery('INSERT INTO `audit_logs` (`user_id`, `user_type`, `school_id`, `action_type`, `entity_type`, `entity_id`, `action_details`, `ip_address`, `user_agent`, `created_at`) VALUES (\'266\', \'admin\', \'93\', \'create\', \'syllabus\', 23, \'{\\"title\\":\\"sssssss\\",\\"class_id\\":132,\\"file_name\\":\\"uploads\\\\/syllabus\\\\/syllabus_69d393a01efad.pdf\\",\\"session_id\\":1}\', \'::1\', \'Mozilla/5.0 (Windows NT 10.0; Win64; x64) AppleWebKit/537.36 (KHTML, like Gecko) Chrome/146.0.0.0 Safari/537.36\', 1775473568)')
 4 SYSTEMPATH\Database\BaseBuilder.php(2345): CodeIgniter\Database\BaseConnection->query('INSERT INTO `audit_logs` (`user_id`, `user_type`, `school_id`, `action_type`, `entity_type`, `entity_id`, `action_details`, `ip_address`, `user_agent`, `created_at`) VALUES (:user_id:, :user_type:, :school_id:, :action_type:, :entity_type:, :entity_id:, :action_details:, :ip_address:, :user_agent:, :created_at:)', [...], false)
 5 SYSTEMPATH\Model.php(355): CodeIgniter\Database\BaseBuilder->insert()
 6 SYSTEMPATH\BaseModel.php(899): CodeIgniter\Model->doInsert([...])
 7 SYSTEMPATH\Model.php(668): CodeIgniter\BaseModel->insert([...], true)
 8 APPPATH\Models\Audit_log_model.php(45): CodeIgniter\Model->insert([...])
 9 APPPATH\Models\Audit_log_model.php(55): App\Models\Audit_log_model->log_action([...])
10 APPPATH\Models\Crud_model.php(1591): App\Models\Audit_log_model->log_syllabus_create('266', 'admin', '93', 23, [...])
11 APPPATH\Controllers\Admin.php(279): App\Models\Crud_model->syllabus_create()
12 SYSTEMPATH\CodeIgniter.php(951): App\Controllers\Admin->syllabus('create')
13 SYSTEMPATH\CodeIgniter.php(497): CodeIgniter\CodeIgniter->runController(Object(App\Controllers\Admin))
14 SYSTEMPATH\CodeIgniter.php(340): CodeIgniter\CodeIgniter->handleRequest(null, Object(Config\Cache), false)
15 SYSTEMPATH\Boot.php(417): CodeIgniter\CodeIgniter->run()
16 SYSTEMPATH\Boot.php(68): CodeIgniter\Boot::runCodeIgniter(Object(CodeIgniter\CodeIgniter))
17 FCPATH\index.php(75): CodeIgniter\Boot::bootWeb(Object(Config\Paths))
ERROR - 2026-04-06 12:06:08 --> Audit log error: Table 'wayo_db.audit_logs' doesn't exist
DEBUG - 2026-04-06 12:06:11 --> Session: Class initialized using 'CodeIgniter\Session\Handlers\FileHandler' driver.
DEBUG - 2026-04-06 12:06:12 --> Total exams not yet taken calculated for school_id 93: 0
DEBUG - 2026-04-06 12:06:14 --> Session: Class initialized using 'CodeIgniter\Session\Handlers\FileHandler' driver.
DEBUG - 2026-04-06 12:11:18 --> Session: Class initialized using 'CodeIgniter\Session\Handlers\FileHandler' driver.
CRITICAL - 2026-04-06 12:11:18 --> ParseError: syntax error, unexpected token "public"
[Method: GET, Route: app/syllabus]
in APPPATH\Controllers\Admin.php on line 324.
 1 FCPATH\vendor\composer\ClassLoader.php(427): Composer\Autoload\{closure}('C:\\xampp\\htdocs\\School-Management-De_migration\\vendor\\composer/../../app\\Controllers\\Admin.php')
 2 APPPATH\Config\Routes.php(526): Composer\Autoload\ClassLoader->loadClass('App\\Controllers\\Admin')
 3 APPPATH\Config\Routes.php(565): CodeIgniter\Router\RouteCollection::{closure}('syllabus')
 4 SYSTEMPATH\CodeIgniter.php(872): CodeIgniter\Router\RouteCollection::{closure}('syllabus')
 5 SYSTEMPATH\CodeIgniter.php(480): CodeIgniter\CodeIgniter->startController()
 6 SYSTEMPATH\CodeIgniter.php(340): CodeIgniter\CodeIgniter->handleRequest(null, Object(Config\Cache), false)
 7 SYSTEMPATH\Boot.php(417): CodeIgniter\CodeIgniter->run()
 8 SYSTEMPATH\Boot.php(68): CodeIgniter\Boot::runCodeIgniter(Object(CodeIgniter\CodeIgniter))
 9 FCPATH\index.php(75): CodeIgniter\Boot::bootWeb(Object(Config\Paths))
DEBUG - 2026-04-06 12:12:47 --> Session: Class initialized using 'CodeIgniter\Session\Handlers\FileHandler' driver.
CRITICAL - 2026-04-06 12:12:47 --> ParseError: syntax error, unexpected token "public"
[Method: GET, Route: app/syllabus]
in APPPATH\Controllers\Admin.php on line 324.
 1 FCPATH\vendor\composer\ClassLoader.php(427): Composer\Autoload\{closure}('C:\\xampp\\htdocs\\School-Management-De_migration\\vendor\\composer/../../app\\Controllers\\Admin.php')
 2 APPPATH\Config\Routes.php(526): Composer\Autoload\ClassLoader->loadClass('App\\Controllers\\Admin')
 3 APPPATH\Config\Routes.php(565): CodeIgniter\Router\RouteCollection::{closure}('syllabus')
 4 SYSTEMPATH\CodeIgniter.php(872): CodeIgniter\Router\RouteCollection::{closure}('syllabus')
 5 SYSTEMPATH\CodeIgniter.php(480): CodeIgniter\CodeIgniter->startController()
 6 SYSTEMPATH\CodeIgniter.php(340): CodeIgniter\CodeIgniter->handleRequest(null, Object(Config\Cache), false)
 7 SYSTEMPATH\Boot.php(417): CodeIgniter\CodeIgniter->run()
 8 SYSTEMPATH\Boot.php(68): CodeIgniter\Boot::runCodeIgniter(Object(CodeIgniter\CodeIgniter))
 9 FCPATH\index.php(75): CodeIgniter\Boot::bootWeb(Object(Config\Paths))
DEBUG - 2026-04-06 12:17:25 --> Session: Class initialized using 'CodeIgniter\Session\Handlers\FileHandler' driver.
DEBUG - 2026-04-06 12:17:26 --> Total exams not yet taken calculated for school_id 93: 0
DEBUG - 2026-04-06 12:17:29 --> Session: Class initialized using 'CodeIgniter\Session\Handlers\FileHandler' driver.
DEBUG - 2026-04-06 12:17:32 --> Session: Class initialized using 'CodeIgniter\Session\Handlers\FileHandler' driver.
DEBUG - 2026-04-06 12:19:31 --> Session: Class initialized using 'CodeIgniter\Session\Handlers\FileHandler' driver.
DEBUG - 2026-04-06 12:19:31 --> Total exams not yet taken calculated for school_id 93: 0
DEBUG - 2026-04-06 12:28:32 --> Session: Class initialized using 'CodeIgniter\Session\Handlers\FileHandler' driver.
DEBUG - 2026-04-06 12:28:33 --> Total exams not yet taken calculated for school_id 93: 0
DEBUG - 2026-04-06 12:33:15 --> Session: Class initialized using 'CodeIgniter\Session\Handlers\FileHandler' driver.
DEBUG - 2026-04-06 12:33:15 --> calendar() called - admin_login: true, user_type: 'admin', session_id: '881270c920f673096fc1d47407a19fa2', all_session: array (
  '__ci_last_regenerate' => 1775474912,
  '_ci_previous_url' => 'http://localhost/School-Management-De_migration/app/manage_class',
  'user' => 
  (object) array(
     'id' => '266',
     'name' => 'ds55uuuuuuu5qdf55sf sdfsf',
     'email' => 'fattahallam1949@gmail.com',
     'humhub_id' => NULL,
     'password' => 'f7c3bc1d808e04732adf679965ccc34ca7ae3441',
     'role' => 'teacher',
     'address' => 'sdfsfffffffffffffffffffff00',
     'Rue' => 'sqdsqdqd',
     'Numero' => '454545',
     'Ville' => 'casablanca',
     'Codepostal' => '20600',
     'num_vat' => '56555656',
     'phone' => '06058855663',
     'remember_token' => NULL,
     'birthday' => '2024-10-31',
     'gender' => 'Male',
     'school_id' => '112',
     'authentication_key' => NULL,
     'watch_history' => '[{"lesson_id":"113","progress":"1"},{"lesson_id":"110","progress":"1"},{"lesson_id":"111","progress":"1"},{"lesson_id":"112","progress":"1"},{"lesson_id":"114","progress":"1"},{"lesson_id":"116","progress":"1"},{"lesson_id":"115","progress":"1"},{"lesson_id":"71","progress":"1"},{"lesson_id":"159","progress":"1"}]',
     'status' => '1',
     'reset_token' => NULL,
     'reset_expires_at' => NULL,
     'created_date' => '2025-05-15 14:27:15',
     'updated_date' => '2026-04-01 16:02:52',
     'language' => 'english',
     'kb_account_id_perso' => NULL,
     'kb_external_key_perso' => NULL,
  ),
  'password' => '123456789',
  'user_login_type' => true,
  'active_school_id' => '93',
  'school_id' => '93',
  'teacher_login' => false,
  'user_id' => '266',
  'user_name' => 'ds55uuuuuuu5qdf55sf sdfsf',
  'user_type' => 'admin',
  'role' => 'admin',
  'language' => 'english',
  'lang_code' => 'en',
  'superadmin_login' => false,
  'student_login' => false,
  'admin_login' => true,
  'accountant_login' => false,
  'librarian_login' => false,
  'driver_login' => false,
  'parent_login' => false,
)
DEBUG - 2026-04-06 12:33:16 --> Total exams not yet taken calculated for school_id 93: 0
DEBUG - 2026-04-06 12:33:23 --> Session: Class initialized using 'CodeIgniter\Session\Handlers\FileHandler' driver.
DEBUG - 2026-04-06 12:33:23 --> get_events() called - admin_login: true
DEBUG - 2026-04-06 12:33:24 --> Session: Class initialized using 'CodeIgniter\Session\Handlers\FileHandler' driver.
DEBUG - 2026-04-06 12:33:25 --> Session: Class initialized using 'CodeIgniter\Session\Handlers\FileHandler' driver.
DEBUG - 2026-04-06 12:33:26 --> get_events() called - admin_login: true
DEBUG - 2026-04-06 12:33:28 --> Session: Class initialized using 'CodeIgniter\Session\Handlers\FileHandler' driver.
DEBUG - 2026-04-06 12:41:09 --> Session: Class initialized using 'CodeIgniter\Session\Handlers\FileHandler' driver.
DEBUG - 2026-04-06 12:41:09 --> get_events() called - admin_login: true
DEBUG - 2026-04-06 12:41:12 --> Session: Class initialized using 'CodeIgniter\Session\Handlers\FileHandler' driver.
DEBUG - 2026-04-06 12:41:13 --> Total exams not yet taken calculated for school_id 93: 0
DEBUG - 2026-04-06 12:49:03 --> Session: Class initialized using 'CodeIgniter\Session\Handlers\FileHandler' driver.
DEBUG - 2026-04-06 12:49:03 --> Total exams not yet taken calculated for school_id 93: 0
DEBUG - 2026-04-06 12:49:10 --> Session: Class initialized using 'CodeIgniter\Session\Handlers\FileHandler' driver.
DEBUG - 2026-04-06 12:49:13 --> Session: Class initialized using 'CodeIgniter\Session\Handlers\FileHandler' driver.
WARNING - 2026-04-06 12:49:13 --> [DEPRECATED] number_format(): Passing null to parameter #1 ($num) of type float is deprecated in APPPATH\Views\backend\admin\invoice\list.php on line 645.
 1 APPPATH\Views\backend\admin\invoice\list.php(645): number_format(null, 2)
 2 SYSTEMPATH\View\View.php(240): include('C:\\xampp\\htdocs\\School-Management-De_migration\\app\\Views\\backend\\admin\\invoice\\list.php')
 3 SYSTEMPATH\View\View.php(243): CodeIgniter\View\View->CodeIgniter\View\{closure}()
 4 APPPATH\View\View.php(357): CodeIgniter\View\View->render('backend/admin/invoice/list', [], true)
 5 SYSTEMPATH\Common.php(1250): App\View\View->render('backend/admin/invoice/list', [], true)
 6 APPPATH\Controllers\Admin.php(2536): view('backend/admin/invoice/list', [...])
 7 APPPATH\Config\Routes.php(556): App\Controllers\Admin->invoice('list')
 8 APPPATH\Config\Routes.php(565): CodeIgniter\Router\RouteCollection::{closure}('invoice/list')
 9 SYSTEMPATH\CodeIgniter.php(872): CodeIgniter\Router\RouteCollection::{closure}('invoice/list')
10 SYSTEMPATH\CodeIgniter.php(480): CodeIgniter\CodeIgniter->startController()
11 SYSTEMPATH\CodeIgniter.php(340): CodeIgniter\CodeIgniter->handleRequest(null, Object(Config\Cache), false)
12 SYSTEMPATH\Boot.php(417): CodeIgniter\CodeIgniter->run()
13 SYSTEMPATH\Boot.php(68): CodeIgniter\Boot::runCodeIgniter(Object(CodeIgniter\CodeIgniter))
14 FCPATH\index.php(75): CodeIgniter\Boot::bootWeb(Object(Config\Paths))
DEBUG - 2026-04-06 14:43:09 --> Session: Class initialized using 'CodeIgniter\Session\Handlers\FileHandler' driver.
DEBUG - 2026-04-06 14:43:10 --> Total exams not yet taken calculated for school_id 93: 0
DEBUG - 2026-04-06 14:43:18 --> Session: Class initialized using 'CodeIgniter\Session\Handlers\FileHandler' driver.
DEBUG - 2026-04-06 14:43:20 --> Total exams not yet taken calculated for school_id 93: 0
WARNING - 2026-04-06 14:43:24 --> [DEPRECATED] Creation of dynamic property CodeIgniter\Database\MySQLi\Connection::$db_debug is deprecated in APPPATH\Controllers\api\Wall.php on line 31.
 1 SYSTEMPATH\CodeIgniter.php(922): App\Controllers\api\Wall->initController(Object(CodeIgniter\HTTP\IncomingRequest), Object(CodeIgniter\HTTP\Response), Object(CodeIgniter\Log\Logger))
 2 SYSTEMPATH\CodeIgniter.php(488): CodeIgniter\CodeIgniter->createController()
 3 SYSTEMPATH\CodeIgniter.php(340): CodeIgniter\CodeIgniter->handleRequest(null, Object(Config\Cache), false)
 4 SYSTEMPATH\Boot.php(417): CodeIgniter\CodeIgniter->run()
 5 SYSTEMPATH\Boot.php(68): CodeIgniter\Boot::runCodeIgniter(Object(CodeIgniter\CodeIgniter))
 6 FCPATH\index.php(75): CodeIgniter\Boot::bootWeb(Object(Config\Paths))
DEBUG - 2026-04-06 14:43:24 --> Session: Class initialized using 'CodeIgniter\Session\Handlers\FileHandler' driver.
WARNING - 2026-04-06 14:43:25 --> [DEPRECATED] Creation of dynamic property App\Controllers\api\Wall::$wall_model is deprecated in APPPATH\Libraries\REST_Controller.php on line 146.
 1 APPPATH\Controllers\api\Wall.php(33): App\Libraries\REST_Controller->loadModel('Wall_model', 'wall_model')
 2 SYSTEMPATH\CodeIgniter.php(922): App\Controllers\api\Wall->initController(Object(CodeIgniter\HTTP\IncomingRequest), Object(CodeIgniter\HTTP\Response), Object(CodeIgniter\Log\Logger))
 3 SYSTEMPATH\CodeIgniter.php(488): CodeIgniter\CodeIgniter->createController()
 4 SYSTEMPATH\CodeIgniter.php(340): CodeIgniter\CodeIgniter->handleRequest(null, Object(Config\Cache), false)
 5 SYSTEMPATH\Boot.php(417): CodeIgniter\CodeIgniter->run()
 6 SYSTEMPATH\Boot.php(68): CodeIgniter\Boot::runCodeIgniter(Object(CodeIgniter\CodeIgniter))
 7 FCPATH\index.php(75): CodeIgniter\Boot::bootWeb(Object(Config\Paths))
WARNING - 2026-04-06 14:43:25 --> [DEPRECATED] Creation of dynamic property App\Controllers\api\Wall::$user_model is deprecated in APPPATH\Libraries\REST_Controller.php on line 146.
 1 APPPATH\Controllers\api\Wall.php(34): App\Libraries\REST_Controller->loadModel('User_model', 'user_model')
 2 SYSTEMPATH\CodeIgniter.php(922): App\Controllers\api\Wall->initController(Object(CodeIgniter\HTTP\IncomingRequest), Object(CodeIgniter\HTTP\Response), Object(CodeIgniter\Log\Logger))
 3 SYSTEMPATH\CodeIgniter.php(488): CodeIgniter\CodeIgniter->createController()
 4 SYSTEMPATH\CodeIgniter.php(340): CodeIgniter\CodeIgniter->handleRequest(null, Object(Config\Cache), false)
 5 SYSTEMPATH\Boot.php(417): CodeIgniter\CodeIgniter->run()
 6 SYSTEMPATH\Boot.php(68): CodeIgniter\Boot::runCodeIgniter(Object(CodeIgniter\CodeIgniter))
 7 FCPATH\index.php(75): CodeIgniter\Boot::bootWeb(Object(Config\Paths))
WARNING - 2026-04-06 14:43:25 --> [DEPRECATED] Creation of dynamic property App\Controllers\api\Wall::$wallauthorization is deprecated in APPPATH\Controllers\api\Wall.php on line 35.
 1 SYSTEMPATH\CodeIgniter.php(922): App\Controllers\api\Wall->initController(Object(CodeIgniter\HTTP\IncomingRequest), Object(CodeIgniter\HTTP\Response), Object(CodeIgniter\Log\Logger))
 2 SYSTEMPATH\CodeIgniter.php(488): CodeIgniter\CodeIgniter->createController()
 3 SYSTEMPATH\CodeIgniter.php(340): CodeIgniter\CodeIgniter->handleRequest(null, Object(Config\Cache), false)
 4 SYSTEMPATH\Boot.php(417): CodeIgniter\CodeIgniter->run()
 5 SYSTEMPATH\Boot.php(68): CodeIgniter\Boot::runCodeIgniter(Object(CodeIgniter\CodeIgniter))
 6 FCPATH\index.php(75): CodeIgniter\Boot::bootWeb(Object(Config\Paths))
ERROR - 2026-04-06 14:43:25 --> Wall_model::get_wall_posts Query: SELECT `p`.*, `u`.`name` as `author_name`, `u`.`email` as `author_email`
FROM `posts` `p`
LEFT JOIN `users` `u` ON `u`.`id` = `p`.`author_user_id`
WHERE `p`.`wall_id` = '1'
AND `p`.`deleted_at` IS NULL
AND `p`.`status` = 'published'
ORDER BY `p`.`created_at` DESC
 LIMIT 10
ERROR - 2026-04-06 14:43:25 --> Wall_model::get_wall_posts Result Count: 2
DEBUG - 2026-04-06 14:43:27 --> Session: Class initialized using 'CodeIgniter\Session\Handlers\FileHandler' driver.
DEBUG - 2026-04-06 14:43:28 --> Session: Class initialized using 'CodeIgniter\Session\Handlers\FileHandler' driver.
DEBUG - 2026-04-06 14:43:29 --> Session: Class initialized using 'CodeIgniter\Session\Handlers\FileHandler' driver.
DEBUG - 2026-04-06 14:43:29 --> Session: Class initialized using 'CodeIgniter\Session\Handlers\FileHandler' driver.
DEBUG - 2026-04-06 14:43:30 --> Total exams not yet taken calculated for school_id 93: 0
ERROR - 2026-04-06 14:43:31 --> Table 'wayo_db.events' doesn't exist
in SYSTEMPATH\Database\MySQLi\Connection.php on line 300.
 1 SYSTEMPATH\Database\MySQLi\Connection.php(300): mysqli->query('SELECT *
FROM `events`
WHERE `school_id` = \'93\'
AND `date` >= \'2026-04-01\'
AND `date` <= \'2026-04-30\'', 0)
 2 SYSTEMPATH\Database\BaseConnection.php(910): CodeIgniter\Database\MySQLi\Connection->execute('SELECT *
FROM `events`
WHERE `school_id` = \'93\'
AND `date` >= \'2026-04-01\'
AND `date` <= \'2026-04-30\'')
 3 SYSTEMPATH\Database\BaseConnection.php(827): CodeIgniter\Database\BaseConnection->simpleQuery('SELECT *
FROM `events`
WHERE `school_id` = \'93\'
AND `date` >= \'2026-04-01\'
AND `date` <= \'2026-04-30\'')
 4 SYSTEMPATH\Database\BaseBuilder.php(1649): CodeIgniter\Database\BaseConnection->query('SELECT *
FROM `events`
WHERE `school_id` = :school_id:
AND `date` >= :date:
AND `date` <= :date.1:', [...], false)
 5 APPPATH\Models\Crud_model.php(349): CodeIgniter\Database\BaseBuilder->get()
 6 APPPATH\Views\backend\admin\dashboard\index.php(681): App\Models\Crud_model->get_current_month_events()
 7 APPPATH\Views\backend\index.php(147): include('C:\\xampp\\htdocs\\School-Management-De_migration\\app\\Views\\backend\\admin\\dashboard\\index.php')
 8 SYSTEMPATH\View\View.php(240): include('C:\\xampp\\htdocs\\School-Management-De_migration\\app\\Views\\backend\\index.php')
 9 SYSTEMPATH\View\View.php(243): CodeIgniter\View\View->CodeIgniter\View\{closure}()
10 APPPATH\View\View.php(357): CodeIgniter\View\View->render('backend/index', [], true)
11 SYSTEMPATH\Common.php(1250): App\View\View->render('backend/index', [], true)
12 APPPATH\Controllers\Admin.php(108): view('backend/index', [...])
13 APPPATH\Config\Routes.php(335): App\Controllers\Admin->dashboard()
14 SYSTEMPATH\CodeIgniter.php(872): CodeIgniter\Router\RouteCollection::{closure}()
15 SYSTEMPATH\CodeIgniter.php(480): CodeIgniter\CodeIgniter->startController()
16 SYSTEMPATH\CodeIgniter.php(340): CodeIgniter\CodeIgniter->handleRequest(null, Object(Config\Cache), false)
17 SYSTEMPATH\Boot.php(417): CodeIgniter\CodeIgniter->run()
18 SYSTEMPATH\Boot.php(68): CodeIgniter\Boot::runCodeIgniter(Object(CodeIgniter\CodeIgniter))
19 FCPATH\index.php(75): CodeIgniter\Boot::bootWeb(Object(Config\Paths))
ERROR - 2026-04-06 14:43:31 --> Table 'wayo_db.events' doesn't exist
in SYSTEMPATH\Database\MySQLi\Connection.php on line 300.
 1 SYSTEMPATH\Database\MySQLi\Connection.php(300): mysqli->query('SELECT *
FROM `events`
WHERE `school_id` = \'93\'
AND `date` >= \'2026-04-01\'
AND `date` <= \'2026-04-30\'', 0)
 2 SYSTEMPATH\Database\BaseConnection.php(910): CodeIgniter\Database\MySQLi\Connection->execute('SELECT *
FROM `events`
WHERE `school_id` = \'93\'
AND `date` >= \'2026-04-01\'
AND `date` <= \'2026-04-30\'')
 3 SYSTEMPATH\Database\BaseConnection.php(827): CodeIgniter\Database\BaseConnection->simpleQuery('SELECT *
FROM `events`
WHERE `school_id` = \'93\'
AND `date` >= \'2026-04-01\'
AND `date` <= \'2026-04-30\'')
 4 SYSTEMPATH\Database\BaseBuilder.php(1649): CodeIgniter\Database\BaseConnection->query('SELECT *
FROM `events`
WHERE `school_id` = :school_id:
AND `date` >= :date:
AND `date` <= :date.1:', [...], false)
 5 APPPATH\Models\Crud_model.php(349): CodeIgniter\Database\BaseBuilder->get()
 6 APPPATH\Views\backend\admin\dashboard\index.php(719): App\Models\Crud_model->get_current_month_events()
 7 APPPATH\Views\backend\index.php(147): include('C:\\xampp\\htdocs\\School-Management-De_migration\\app\\Views\\backend\\admin\\dashboard\\index.php')
 8 SYSTEMPATH\View\View.php(240): include('C:\\xampp\\htdocs\\School-Management-De_migration\\app\\Views\\backend\\index.php')
 9 SYSTEMPATH\View\View.php(243): CodeIgniter\View\View->CodeIgniter\View\{closure}()
10 APPPATH\View\View.php(357): CodeIgniter\View\View->render('backend/index', [], true)
11 SYSTEMPATH\Common.php(1250): App\View\View->render('backend/index', [], true)
12 APPPATH\Controllers\Admin.php(108): view('backend/index', [...])
13 APPPATH\Config\Routes.php(335): App\Controllers\Admin->dashboard()
14 SYSTEMPATH\CodeIgniter.php(872): CodeIgniter\Router\RouteCollection::{closure}()
15 SYSTEMPATH\CodeIgniter.php(480): CodeIgniter\CodeIgniter->startController()
16 SYSTEMPATH\CodeIgniter.php(340): CodeIgniter\CodeIgniter->handleRequest(null, Object(Config\Cache), false)
17 SYSTEMPATH\Boot.php(417): CodeIgniter\CodeIgniter->run()
18 SYSTEMPATH\Boot.php(68): CodeIgniter\Boot::runCodeIgniter(Object(CodeIgniter\CodeIgniter))
19 FCPATH\index.php(75): CodeIgniter\Boot::bootWeb(Object(Config\Paths))
DEBUG - 2026-04-06 14:43:31 --> Session: Class initialized using 'CodeIgniter\Session\Handlers\FileHandler' driver.
ERROR - 2026-04-06 14:43:31 --> Wall::create_post_action - Creating post: Array
(
    [wall_id] => 1
    [author_user_id] => 266
    [title] => vvvvvvvvvv
    [body] => <p>vvvvvvvvv</p>
    [type] => post
    [status] => published
    [created_at] => 2026-04-06 14:43:31
)

WARNING - 2026-04-06 14:43:34 --> [DEPRECATED] Creation of dynamic property CodeIgniter\Database\MySQLi\Connection::$db_debug is deprecated in APPPATH\Controllers\api\Wall.php on line 31.
 1 SYSTEMPATH\CodeIgniter.php(922): App\Controllers\api\Wall->initController(Object(CodeIgniter\HTTP\IncomingRequest), Object(CodeIgniter\HTTP\Response), Object(CodeIgniter\Log\Logger))
 2 SYSTEMPATH\CodeIgniter.php(488): CodeIgniter\CodeIgniter->createController()
 3 SYSTEMPATH\CodeIgniter.php(340): CodeIgniter\CodeIgniter->handleRequest(null, Object(Config\Cache), false)
 4 SYSTEMPATH\Boot.php(417): CodeIgniter\CodeIgniter->run()
 5 SYSTEMPATH\Boot.php(68): CodeIgniter\Boot::runCodeIgniter(Object(CodeIgniter\CodeIgniter))
 6 FCPATH\index.php(75): CodeIgniter\Boot::bootWeb(Object(Config\Paths))
DEBUG - 2026-04-06 14:43:34 --> Session: Class initialized using 'CodeIgniter\Session\Handlers\FileHandler' driver.
WARNING - 2026-04-06 14:43:34 --> [DEPRECATED] Creation of dynamic property App\Controllers\api\Wall::$wall_model is deprecated in APPPATH\Libraries\REST_Controller.php on line 146.
 1 APPPATH\Controllers\api\Wall.php(33): App\Libraries\REST_Controller->loadModel('Wall_model', 'wall_model')
 2 SYSTEMPATH\CodeIgniter.php(922): App\Controllers\api\Wall->initController(Object(CodeIgniter\HTTP\IncomingRequest), Object(CodeIgniter\HTTP\Response), Object(CodeIgniter\Log\Logger))
 3 SYSTEMPATH\CodeIgniter.php(488): CodeIgniter\CodeIgniter->createController()
 4 SYSTEMPATH\CodeIgniter.php(340): CodeIgniter\CodeIgniter->handleRequest(null, Object(Config\Cache), false)
 5 SYSTEMPATH\Boot.php(417): CodeIgniter\CodeIgniter->run()
 6 SYSTEMPATH\Boot.php(68): CodeIgniter\Boot::runCodeIgniter(Object(CodeIgniter\CodeIgniter))
 7 FCPATH\index.php(75): CodeIgniter\Boot::bootWeb(Object(Config\Paths))
WARNING - 2026-04-06 14:43:34 --> [DEPRECATED] Creation of dynamic property App\Controllers\api\Wall::$user_model is deprecated in APPPATH\Libraries\REST_Controller.php on line 146.
 1 APPPATH\Controllers\api\Wall.php(34): App\Libraries\REST_Controller->loadModel('User_model', 'user_model')
 2 SYSTEMPATH\CodeIgniter.php(922): App\Controllers\api\Wall->initController(Object(CodeIgniter\HTTP\IncomingRequest), Object(CodeIgniter\HTTP\Response), Object(CodeIgniter\Log\Logger))
 3 SYSTEMPATH\CodeIgniter.php(488): CodeIgniter\CodeIgniter->createController()
 4 SYSTEMPATH\CodeIgniter.php(340): CodeIgniter\CodeIgniter->handleRequest(null, Object(Config\Cache), false)
 5 SYSTEMPATH\Boot.php(417): CodeIgniter\CodeIgniter->run()
 6 SYSTEMPATH\Boot.php(68): CodeIgniter\Boot::runCodeIgniter(Object(CodeIgniter\CodeIgniter))
 7 FCPATH\index.php(75): CodeIgniter\Boot::bootWeb(Object(Config\Paths))
WARNING - 2026-04-06 14:43:34 --> [DEPRECATED] Creation of dynamic property App\Controllers\api\Wall::$wallauthorization is deprecated in APPPATH\Controllers\api\Wall.php on line 35.
 1 SYSTEMPATH\CodeIgniter.php(922): App\Controllers\api\Wall->initController(Object(CodeIgniter\HTTP\IncomingRequest), Object(CodeIgniter\HTTP\Response), Object(CodeIgniter\Log\Logger))
 2 SYSTEMPATH\CodeIgniter.php(488): CodeIgniter\CodeIgniter->createController()
 3 SYSTEMPATH\CodeIgniter.php(340): CodeIgniter\CodeIgniter->handleRequest(null, Object(Config\Cache), false)
 4 SYSTEMPATH\Boot.php(417): CodeIgniter\CodeIgniter->run()
 5 SYSTEMPATH\Boot.php(68): CodeIgniter\Boot::runCodeIgniter(Object(CodeIgniter\CodeIgniter))
 6 FCPATH\index.php(75): CodeIgniter\Boot::bootWeb(Object(Config\Paths))
ERROR - 2026-04-06 14:43:34 --> Wall_model::get_wall_posts Query: SELECT `p`.*, `u`.`name` as `author_name`, `u`.`email` as `author_email`
FROM `posts` `p`
LEFT JOIN `users` `u` ON `u`.`id` = `p`.`author_user_id`
WHERE `p`.`wall_id` = '1'
AND `p`.`deleted_at` IS NULL
AND `p`.`status` = 'published'
ORDER BY `p`.`created_at` DESC
 LIMIT 10
ERROR - 2026-04-06 14:43:34 --> Wall_model::get_wall_posts Result Count: 3
DEBUG - 2026-04-06 14:43:36 --> Session: Class initialized using 'CodeIgniter\Session\Handlers\FileHandler' driver.
DEBUG - 2026-04-06 14:43:37 --> Session: Class initialized using 'CodeIgniter\Session\Handlers\FileHandler' driver.
DEBUG - 2026-04-06 14:43:38 --> Session: Class initialized using 'CodeIgniter\Session\Handlers\FileHandler' driver.
DEBUG - 2026-04-06 14:43:38 --> Session: Class initialized using 'CodeIgniter\Session\Handlers\FileHandler' driver.
DEBUG - 2026-04-06 14:43:39 --> Total exams not yet taken calculated for school_id 93: 0
ERROR - 2026-04-06 14:43:39 --> Table 'wayo_db.events' doesn't exist
in SYSTEMPATH\Database\MySQLi\Connection.php on line 300.
 1 SYSTEMPATH\Database\MySQLi\Connection.php(300): mysqli->query('SELECT *
FROM `events`
WHERE `school_id` = \'93\'
AND `date` >= \'2026-04-01\'
AND `date` <= \'2026-04-30\'', 0)
 2 SYSTEMPATH\Database\BaseConnection.php(910): CodeIgniter\Database\MySQLi\Connection->execute('SELECT *
FROM `events`
WHERE `school_id` = \'93\'
AND `date` >= \'2026-04-01\'
AND `date` <= \'2026-04-30\'')
 3 SYSTEMPATH\Database\BaseConnection.php(827): CodeIgniter\Database\BaseConnection->simpleQuery('SELECT *
FROM `events`
WHERE `school_id` = \'93\'
AND `date` >= \'2026-04-01\'
AND `date` <= \'2026-04-30\'')
 4 SYSTEMPATH\Database\BaseBuilder.php(1649): CodeIgniter\Database\BaseConnection->query('SELECT *
FROM `events`
WHERE `school_id` = :school_id:
AND `date` >= :date:
AND `date` <= :date.1:', [...], false)
 5 APPPATH\Models\Crud_model.php(349): CodeIgniter\Database\BaseBuilder->get()
 6 APPPATH\Views\backend\admin\dashboard\index.php(681): App\Models\Crud_model->get_current_month_events()
 7 APPPATH\Views\backend\index.php(147): include('C:\\xampp\\htdocs\\School-Management-De_migration\\app\\Views\\backend\\admin\\dashboard\\index.php')
 8 SYSTEMPATH\View\View.php(240): include('C:\\xampp\\htdocs\\School-Management-De_migration\\app\\Views\\backend\\index.php')
 9 SYSTEMPATH\View\View.php(243): CodeIgniter\View\View->CodeIgniter\View\{closure}()
10 APPPATH\View\View.php(357): CodeIgniter\View\View->render('backend/index', [], true)
11 SYSTEMPATH\Common.php(1250): App\View\View->render('backend/index', [], true)
12 APPPATH\Controllers\Admin.php(108): view('backend/index', [...])
13 APPPATH\Config\Routes.php(335): App\Controllers\Admin->dashboard()
14 SYSTEMPATH\CodeIgniter.php(872): CodeIgniter\Router\RouteCollection::{closure}()
15 SYSTEMPATH\CodeIgniter.php(480): CodeIgniter\CodeIgniter->startController()
16 SYSTEMPATH\CodeIgniter.php(340): CodeIgniter\CodeIgniter->handleRequest(null, Object(Config\Cache), false)
17 SYSTEMPATH\Boot.php(417): CodeIgniter\CodeIgniter->run()
18 SYSTEMPATH\Boot.php(68): CodeIgniter\Boot::runCodeIgniter(Object(CodeIgniter\CodeIgniter))
19 FCPATH\index.php(75): CodeIgniter\Boot::bootWeb(Object(Config\Paths))
ERROR - 2026-04-06 14:43:39 --> Table 'wayo_db.events' doesn't exist
in SYSTEMPATH\Database\MySQLi\Connection.php on line 300.
 1 SYSTEMPATH\Database\MySQLi\Connection.php(300): mysqli->query('SELECT *
FROM `events`
WHERE `school_id` = \'93\'
AND `date` >= \'2026-04-01\'
AND `date` <= \'2026-04-30\'', 0)
 2 SYSTEMPATH\Database\BaseConnection.php(910): CodeIgniter\Database\MySQLi\Connection->execute('SELECT *
FROM `events`
WHERE `school_id` = \'93\'
AND `date` >= \'2026-04-01\'
AND `date` <= \'2026-04-30\'')
 3 SYSTEMPATH\Database\BaseConnection.php(827): CodeIgniter\Database\BaseConnection->simpleQuery('SELECT *
FROM `events`
WHERE `school_id` = \'93\'
AND `date` >= \'2026-04-01\'
AND `date` <= \'2026-04-30\'')
 4 SYSTEMPATH\Database\BaseBuilder.php(1649): CodeIgniter\Database\BaseConnection->query('SELECT *
FROM `events`
WHERE `school_id` = :school_id:
AND `date` >= :date:
AND `date` <= :date.1:', [...], false)
 5 APPPATH\Models\Crud_model.php(349): CodeIgniter\Database\BaseBuilder->get()
 6 APPPATH\Views\backend\admin\dashboard\index.php(719): App\Models\Crud_model->get_current_month_events()
 7 APPPATH\Views\backend\index.php(147): include('C:\\xampp\\htdocs\\School-Management-De_migration\\app\\Views\\backend\\admin\\dashboard\\index.php')
 8 SYSTEMPATH\View\View.php(240): include('C:\\xampp\\htdocs\\School-Management-De_migration\\app\\Views\\backend\\index.php')
 9 SYSTEMPATH\View\View.php(243): CodeIgniter\View\View->CodeIgniter\View\{closure}()
10 APPPATH\View\View.php(357): CodeIgniter\View\View->render('backend/index', [], true)
11 SYSTEMPATH\Common.php(1250): App\View\View->render('backend/index', [], true)
12 APPPATH\Controllers\Admin.php(108): view('backend/index', [...])
13 APPPATH\Config\Routes.php(335): App\Controllers\Admin->dashboard()
14 SYSTEMPATH\CodeIgniter.php(872): CodeIgniter\Router\RouteCollection::{closure}()
15 SYSTEMPATH\CodeIgniter.php(480): CodeIgniter\CodeIgniter->startController()
16 SYSTEMPATH\CodeIgniter.php(340): CodeIgniter\CodeIgniter->handleRequest(null, Object(Config\Cache), false)
17 SYSTEMPATH\Boot.php(417): CodeIgniter\CodeIgniter->run()
18 SYSTEMPATH\Boot.php(68): CodeIgniter\Boot::runCodeIgniter(Object(CodeIgniter\CodeIgniter))
19 FCPATH\index.php(75): CodeIgniter\Boot::bootWeb(Object(Config\Paths))
WARNING - 2026-04-06 14:43:41 --> [DEPRECATED] Creation of dynamic property CodeIgniter\Database\MySQLi\Connection::$db_debug is deprecated in APPPATH\Controllers\api\Wall.php on line 31.
 1 SYSTEMPATH\CodeIgniter.php(922): App\Controllers\api\Wall->initController(Object(CodeIgniter\HTTP\IncomingRequest), Object(CodeIgniter\HTTP\Response), Object(CodeIgniter\Log\Logger))
 2 SYSTEMPATH\CodeIgniter.php(488): CodeIgniter\CodeIgniter->createController()
 3 SYSTEMPATH\CodeIgniter.php(340): CodeIgniter\CodeIgniter->handleRequest(null, Object(Config\Cache), false)
 4 SYSTEMPATH\Boot.php(417): CodeIgniter\CodeIgniter->run()
 5 SYSTEMPATH\Boot.php(68): CodeIgniter\Boot::runCodeIgniter(Object(CodeIgniter\CodeIgniter))
 6 FCPATH\index.php(75): CodeIgniter\Boot::bootWeb(Object(Config\Paths))
DEBUG - 2026-04-06 14:43:41 --> Session: Class initialized using 'CodeIgniter\Session\Handlers\FileHandler' driver.
WARNING - 2026-04-06 14:43:41 --> [DEPRECATED] Creation of dynamic property App\Controllers\api\Wall::$wall_model is deprecated in APPPATH\Libraries\REST_Controller.php on line 146.
 1 APPPATH\Controllers\api\Wall.php(33): App\Libraries\REST_Controller->loadModel('Wall_model', 'wall_model')
 2 SYSTEMPATH\CodeIgniter.php(922): App\Controllers\api\Wall->initController(Object(CodeIgniter\HTTP\IncomingRequest), Object(CodeIgniter\HTTP\Response), Object(CodeIgniter\Log\Logger))
 3 SYSTEMPATH\CodeIgniter.php(488): CodeIgniter\CodeIgniter->createController()
 4 SYSTEMPATH\CodeIgniter.php(340): CodeIgniter\CodeIgniter->handleRequest(null, Object(Config\Cache), false)
 5 SYSTEMPATH\Boot.php(417): CodeIgniter\CodeIgniter->run()
 6 SYSTEMPATH\Boot.php(68): CodeIgniter\Boot::runCodeIgniter(Object(CodeIgniter\CodeIgniter))
 7 FCPATH\index.php(75): CodeIgniter\Boot::bootWeb(Object(Config\Paths))
WARNING - 2026-04-06 14:43:41 --> [DEPRECATED] Creation of dynamic property App\Controllers\api\Wall::$user_model is deprecated in APPPATH\Libraries\REST_Controller.php on line 146.
 1 APPPATH\Controllers\api\Wall.php(34): App\Libraries\REST_Controller->loadModel('User_model', 'user_model')
 2 SYSTEMPATH\CodeIgniter.php(922): App\Controllers\api\Wall->initController(Object(CodeIgniter\HTTP\IncomingRequest), Object(CodeIgniter\HTTP\Response), Object(CodeIgniter\Log\Logger))
 3 SYSTEMPATH\CodeIgniter.php(488): CodeIgniter\CodeIgniter->createController()
 4 SYSTEMPATH\CodeIgniter.php(340): CodeIgniter\CodeIgniter->handleRequest(null, Object(Config\Cache), false)
 5 SYSTEMPATH\Boot.php(417): CodeIgniter\CodeIgniter->run()
 6 SYSTEMPATH\Boot.php(68): CodeIgniter\Boot::runCodeIgniter(Object(CodeIgniter\CodeIgniter))
 7 FCPATH\index.php(75): CodeIgniter\Boot::bootWeb(Object(Config\Paths))
WARNING - 2026-04-06 14:43:41 --> [DEPRECATED] Creation of dynamic property App\Controllers\api\Wall::$wallauthorization is deprecated in APPPATH\Controllers\api\Wall.php on line 35.
 1 SYSTEMPATH\CodeIgniter.php(922): App\Controllers\api\Wall->initController(Object(CodeIgniter\HTTP\IncomingRequest), Object(CodeIgniter\HTTP\Response), Object(CodeIgniter\Log\Logger))
 2 SYSTEMPATH\CodeIgniter.php(488): CodeIgniter\CodeIgniter->createController()
 3 SYSTEMPATH\CodeIgniter.php(340): CodeIgniter\CodeIgniter->handleRequest(null, Object(Config\Cache), false)
 4 SYSTEMPATH\Boot.php(417): CodeIgniter\CodeIgniter->run()
 5 SYSTEMPATH\Boot.php(68): CodeIgniter\Boot::runCodeIgniter(Object(CodeIgniter\CodeIgniter))
 6 FCPATH\index.php(75): CodeIgniter\Boot::bootWeb(Object(Config\Paths))
WARNING - 2026-04-06 14:43:57 --> [DEPRECATED] Creation of dynamic property CodeIgniter\Database\MySQLi\Connection::$db_debug is deprecated in APPPATH\Controllers\api\Wall.php on line 31.
 1 SYSTEMPATH\CodeIgniter.php(922): App\Controllers\api\Wall->initController(Object(CodeIgniter\HTTP\IncomingRequest), Object(CodeIgniter\HTTP\Response), Object(CodeIgniter\Log\Logger))
 2 SYSTEMPATH\CodeIgniter.php(488): CodeIgniter\CodeIgniter->createController()
 3 SYSTEMPATH\CodeIgniter.php(340): CodeIgniter\CodeIgniter->handleRequest(null, Object(Config\Cache), false)
 4 SYSTEMPATH\Boot.php(417): CodeIgniter\CodeIgniter->run()
 5 SYSTEMPATH\Boot.php(68): CodeIgniter\Boot::runCodeIgniter(Object(CodeIgniter\CodeIgniter))
 6 FCPATH\index.php(75): CodeIgniter\Boot::bootWeb(Object(Config\Paths))
DEBUG - 2026-04-06 14:43:57 --> Session: Class initialized using 'CodeIgniter\Session\Handlers\FileHandler' driver.
WARNING - 2026-04-06 14:43:57 --> [DEPRECATED] Creation of dynamic property App\Controllers\api\Wall::$wall_model is deprecated in APPPATH\Libraries\REST_Controller.php on line 146.
 1 APPPATH\Controllers\api\Wall.php(33): App\Libraries\REST_Controller->loadModel('Wall_model', 'wall_model')
 2 SYSTEMPATH\CodeIgniter.php(922): App\Controllers\api\Wall->initController(Object(CodeIgniter\HTTP\IncomingRequest), Object(CodeIgniter\HTTP\Response), Object(CodeIgniter\Log\Logger))
 3 SYSTEMPATH\CodeIgniter.php(488): CodeIgniter\CodeIgniter->createController()
 4 SYSTEMPATH\CodeIgniter.php(340): CodeIgniter\CodeIgniter->handleRequest(null, Object(Config\Cache), false)
 5 SYSTEMPATH\Boot.php(417): CodeIgniter\CodeIgniter->run()
 6 SYSTEMPATH\Boot.php(68): CodeIgniter\Boot::runCodeIgniter(Object(CodeIgniter\CodeIgniter))
 7 FCPATH\index.php(75): CodeIgniter\Boot::bootWeb(Object(Config\Paths))
WARNING - 2026-04-06 14:43:57 --> [DEPRECATED] Creation of dynamic property App\Controllers\api\Wall::$user_model is deprecated in APPPATH\Libraries\REST_Controller.php on line 146.
 1 APPPATH\Controllers\api\Wall.php(34): App\Libraries\REST_Controller->loadModel('User_model', 'user_model')
 2 SYSTEMPATH\CodeIgniter.php(922): App\Controllers\api\Wall->initController(Object(CodeIgniter\HTTP\IncomingRequest), Object(CodeIgniter\HTTP\Response), Object(CodeIgniter\Log\Logger))
 3 SYSTEMPATH\CodeIgniter.php(488): CodeIgniter\CodeIgniter->createController()
 4 SYSTEMPATH\CodeIgniter.php(340): CodeIgniter\CodeIgniter->handleRequest(null, Object(Config\Cache), false)
 5 SYSTEMPATH\Boot.php(417): CodeIgniter\CodeIgniter->run()
 6 SYSTEMPATH\Boot.php(68): CodeIgniter\Boot::runCodeIgniter(Object(CodeIgniter\CodeIgniter))
 7 FCPATH\index.php(75): CodeIgniter\Boot::bootWeb(Object(Config\Paths))
WARNING - 2026-04-06 14:43:57 --> [DEPRECATED] Creation of dynamic property App\Controllers\api\Wall::$wallauthorization is deprecated in APPPATH\Controllers\api\Wall.php on line 35.
 1 SYSTEMPATH\CodeIgniter.php(922): App\Controllers\api\Wall->initController(Object(CodeIgniter\HTTP\IncomingRequest), Object(CodeIgniter\HTTP\Response), Object(CodeIgniter\Log\Logger))
 2 SYSTEMPATH\CodeIgniter.php(488): CodeIgniter\CodeIgniter->createController()
 3 SYSTEMPATH\CodeIgniter.php(340): CodeIgniter\CodeIgniter->handleRequest(null, Object(Config\Cache), false)
 4 SYSTEMPATH\Boot.php(417): CodeIgniter\CodeIgniter->run()
 5 SYSTEMPATH\Boot.php(68): CodeIgniter\Boot::runCodeIgniter(Object(CodeIgniter\CodeIgniter))
 6 FCPATH\index.php(75): CodeIgniter\Boot::bootWeb(Object(Config\Paths))
WARNING - 2026-04-06 14:44:04 --> [DEPRECATED] Creation of dynamic property CodeIgniter\Database\MySQLi\Connection::$db_debug is deprecated in APPPATH\Controllers\api\Wall.php on line 31.
 1 SYSTEMPATH\CodeIgniter.php(922): App\Controllers\api\Wall->initController(Object(CodeIgniter\HTTP\IncomingRequest), Object(CodeIgniter\HTTP\Response), Object(CodeIgniter\Log\Logger))
 2 SYSTEMPATH\CodeIgniter.php(488): CodeIgniter\CodeIgniter->createController()
 3 SYSTEMPATH\CodeIgniter.php(340): CodeIgniter\CodeIgniter->handleRequest(null, Object(Config\Cache), false)
 4 SYSTEMPATH\Boot.php(417): CodeIgniter\CodeIgniter->run()
 5 SYSTEMPATH\Boot.php(68): CodeIgniter\Boot::runCodeIgniter(Object(CodeIgniter\CodeIgniter))
 6 FCPATH\index.php(75): CodeIgniter\Boot::bootWeb(Object(Config\Paths))
DEBUG - 2026-04-06 14:44:04 --> Session: Class initialized using 'CodeIgniter\Session\Handlers\FileHandler' driver.
WARNING - 2026-04-06 14:44:04 --> [DEPRECATED] Creation of dynamic property App\Controllers\api\Wall::$wall_model is deprecated in APPPATH\Libraries\REST_Controller.php on line 146.
 1 APPPATH\Controllers\api\Wall.php(33): App\Libraries\REST_Controller->loadModel('Wall_model', 'wall_model')
 2 SYSTEMPATH\CodeIgniter.php(922): App\Controllers\api\Wall->initController(Object(CodeIgniter\HTTP\IncomingRequest), Object(CodeIgniter\HTTP\Response), Object(CodeIgniter\Log\Logger))
 3 SYSTEMPATH\CodeIgniter.php(488): CodeIgniter\CodeIgniter->createController()
 4 SYSTEMPATH\CodeIgniter.php(340): CodeIgniter\CodeIgniter->handleRequest(null, Object(Config\Cache), false)
 5 SYSTEMPATH\Boot.php(417): CodeIgniter\CodeIgniter->run()
 6 SYSTEMPATH\Boot.php(68): CodeIgniter\Boot::runCodeIgniter(Object(CodeIgniter\CodeIgniter))
 7 FCPATH\index.php(75): CodeIgniter\Boot::bootWeb(Object(Config\Paths))
WARNING - 2026-04-06 14:44:04 --> [DEPRECATED] Creation of dynamic property App\Controllers\api\Wall::$user_model is deprecated in APPPATH\Libraries\REST_Controller.php on line 146.
 1 APPPATH\Controllers\api\Wall.php(34): App\Libraries\REST_Controller->loadModel('User_model', 'user_model')
 2 SYSTEMPATH\CodeIgniter.php(922): App\Controllers\api\Wall->initController(Object(CodeIgniter\HTTP\IncomingRequest), Object(CodeIgniter\HTTP\Response), Object(CodeIgniter\Log\Logger))
 3 SYSTEMPATH\CodeIgniter.php(488): CodeIgniter\CodeIgniter->createController()
 4 SYSTEMPATH\CodeIgniter.php(340): CodeIgniter\CodeIgniter->handleRequest(null, Object(Config\Cache), false)
 5 SYSTEMPATH\Boot.php(417): CodeIgniter\CodeIgniter->run()
 6 SYSTEMPATH\Boot.php(68): CodeIgniter\Boot::runCodeIgniter(Object(CodeIgniter\CodeIgniter))
 7 FCPATH\index.php(75): CodeIgniter\Boot::bootWeb(Object(Config\Paths))
WARNING - 2026-04-06 14:44:04 --> [DEPRECATED] Creation of dynamic property App\Controllers\api\Wall::$wallauthorization is deprecated in APPPATH\Controllers\api\Wall.php on line 35.
 1 SYSTEMPATH\CodeIgniter.php(922): App\Controllers\api\Wall->initController(Object(CodeIgniter\HTTP\IncomingRequest), Object(CodeIgniter\HTTP\Response), Object(CodeIgniter\Log\Logger))
 2 SYSTEMPATH\CodeIgniter.php(488): CodeIgniter\CodeIgniter->createController()
 3 SYSTEMPATH\CodeIgniter.php(340): CodeIgniter\CodeIgniter->handleRequest(null, Object(Config\Cache), false)
 4 SYSTEMPATH\Boot.php(417): CodeIgniter\CodeIgniter->run()
 5 SYSTEMPATH\Boot.php(68): CodeIgniter\Boot::runCodeIgniter(Object(CodeIgniter\CodeIgniter))
 6 FCPATH\index.php(75): CodeIgniter\Boot::bootWeb(Object(Config\Paths))
DEBUG - 2026-04-06 14:44:10 --> Session: Class initialized using 'CodeIgniter\Session\Handlers\FileHandler' driver.
DEBUG - 2026-04-06 14:44:11 --> Total exams not yet taken calculated for school_id 93: 0
WARNING - 2026-04-06 14:44:13 --> [DEPRECATED] Creation of dynamic property CodeIgniter\Database\MySQLi\Connection::$db_debug is deprecated in APPPATH\Controllers\api\Wall.php on line 31.
 1 SYSTEMPATH\CodeIgniter.php(922): App\Controllers\api\Wall->initController(Object(CodeIgniter\HTTP\IncomingRequest), Object(CodeIgniter\HTTP\Response), Object(CodeIgniter\Log\Logger))
 2 SYSTEMPATH\CodeIgniter.php(488): CodeIgniter\CodeIgniter->createController()
 3 SYSTEMPATH\CodeIgniter.php(340): CodeIgniter\CodeIgniter->handleRequest(null, Object(Config\Cache), false)
 4 SYSTEMPATH\Boot.php(417): CodeIgniter\CodeIgniter->run()
 5 SYSTEMPATH\Boot.php(68): CodeIgniter\Boot::runCodeIgniter(Object(CodeIgniter\CodeIgniter))
 6 FCPATH\index.php(75): CodeIgniter\Boot::bootWeb(Object(Config\Paths))
DEBUG - 2026-04-06 14:44:14 --> Session: Class initialized using 'CodeIgniter\Session\Handlers\FileHandler' driver.
WARNING - 2026-04-06 14:44:14 --> [DEPRECATED] Creation of dynamic property App\Controllers\api\Wall::$wall_model is deprecated in APPPATH\Libraries\REST_Controller.php on line 146.
 1 APPPATH\Controllers\api\Wall.php(33): App\Libraries\REST_Controller->loadModel('Wall_model', 'wall_model')
 2 SYSTEMPATH\CodeIgniter.php(922): App\Controllers\api\Wall->initController(Object(CodeIgniter\HTTP\IncomingRequest), Object(CodeIgniter\HTTP\Response), Object(CodeIgniter\Log\Logger))
 3 SYSTEMPATH\CodeIgniter.php(488): CodeIgniter\CodeIgniter->createController()
 4 SYSTEMPATH\CodeIgniter.php(340): CodeIgniter\CodeIgniter->handleRequest(null, Object(Config\Cache), false)
 5 SYSTEMPATH\Boot.php(417): CodeIgniter\CodeIgniter->run()
 6 SYSTEMPATH\Boot.php(68): CodeIgniter\Boot::runCodeIgniter(Object(CodeIgniter\CodeIgniter))
 7 FCPATH\index.php(75): CodeIgniter\Boot::bootWeb(Object(Config\Paths))
WARNING - 2026-04-06 14:44:14 --> [DEPRECATED] Creation of dynamic property App\Controllers\api\Wall::$user_model is deprecated in APPPATH\Libraries\REST_Controller.php on line 146.
 1 APPPATH\Controllers\api\Wall.php(34): App\Libraries\REST_Controller->loadModel('User_model', 'user_model')
 2 SYSTEMPATH\CodeIgniter.php(922): App\Controllers\api\Wall->initController(Object(CodeIgniter\HTTP\IncomingRequest), Object(CodeIgniter\HTTP\Response), Object(CodeIgniter\Log\Logger))
 3 SYSTEMPATH\CodeIgniter.php(488): CodeIgniter\CodeIgniter->createController()
 4 SYSTEMPATH\CodeIgniter.php(340): CodeIgniter\CodeIgniter->handleRequest(null, Object(Config\Cache), false)
 5 SYSTEMPATH\Boot.php(417): CodeIgniter\CodeIgniter->run()
 6 SYSTEMPATH\Boot.php(68): CodeIgniter\Boot::runCodeIgniter(Object(CodeIgniter\CodeIgniter))
 7 FCPATH\index.php(75): CodeIgniter\Boot::bootWeb(Object(Config\Paths))
WARNING - 2026-04-06 14:44:14 --> [DEPRECATED] Creation of dynamic property App\Controllers\api\Wall::$wallauthorization is deprecated in APPPATH\Controllers\api\Wall.php on line 35.
 1 SYSTEMPATH\CodeIgniter.php(922): App\Controllers\api\Wall->initController(Object(CodeIgniter\HTTP\IncomingRequest), Object(CodeIgniter\HTTP\Response), Object(CodeIgniter\Log\Logger))
 2 SYSTEMPATH\CodeIgniter.php(488): CodeIgniter\CodeIgniter->createController()
 3 SYSTEMPATH\CodeIgniter.php(340): CodeIgniter\CodeIgniter->handleRequest(null, Object(Config\Cache), false)
 4 SYSTEMPATH\Boot.php(417): CodeIgniter\CodeIgniter->run()
 5 SYSTEMPATH\Boot.php(68): CodeIgniter\Boot::runCodeIgniter(Object(CodeIgniter\CodeIgniter))
 6 FCPATH\index.php(75): CodeIgniter\Boot::bootWeb(Object(Config\Paths))
ERROR - 2026-04-06 14:44:14 --> Wall_model::get_wall_posts Query: SELECT `p`.*, `u`.`name` as `author_name`, `u`.`email` as `author_email`
FROM `posts` `p`
LEFT JOIN `users` `u` ON `u`.`id` = `p`.`author_user_id`
WHERE `p`.`wall_id` = '1'
AND `p`.`deleted_at` IS NULL
AND `p`.`status` = 'published'
ORDER BY `p`.`created_at` DESC
 LIMIT 10
ERROR - 2026-04-06 14:44:14 --> Wall_model::get_wall_posts Result Count: 2
WARNING - 2026-04-06 14:44:29 --> [DEPRECATED] Creation of dynamic property CodeIgniter\Database\MySQLi\Connection::$db_debug is deprecated in APPPATH\Controllers\api\Wall.php on line 31.
 1 SYSTEMPATH\CodeIgniter.php(922): App\Controllers\api\Wall->initController(Object(CodeIgniter\HTTP\IncomingRequest), Object(CodeIgniter\HTTP\Response), Object(CodeIgniter\Log\Logger))
 2 SYSTEMPATH\CodeIgniter.php(488): CodeIgniter\CodeIgniter->createController()
 3 SYSTEMPATH\CodeIgniter.php(340): CodeIgniter\CodeIgniter->handleRequest(null, Object(Config\Cache), false)
 4 SYSTEMPATH\Boot.php(417): CodeIgniter\CodeIgniter->run()
 5 SYSTEMPATH\Boot.php(68): CodeIgniter\Boot::runCodeIgniter(Object(CodeIgniter\CodeIgniter))
 6 FCPATH\index.php(75): CodeIgniter\Boot::bootWeb(Object(Config\Paths))
DEBUG - 2026-04-06 14:44:29 --> Session: Class initialized using 'CodeIgniter\Session\Handlers\FileHandler' driver.
WARNING - 2026-04-06 14:44:29 --> [DEPRECATED] Creation of dynamic property App\Controllers\api\Wall::$wall_model is deprecated in APPPATH\Libraries\REST_Controller.php on line 146.
 1 APPPATH\Controllers\api\Wall.php(33): App\Libraries\REST_Controller->loadModel('Wall_model', 'wall_model')
 2 SYSTEMPATH\CodeIgniter.php(922): App\Controllers\api\Wall->initController(Object(CodeIgniter\HTTP\IncomingRequest), Object(CodeIgniter\HTTP\Response), Object(CodeIgniter\Log\Logger))
 3 SYSTEMPATH\CodeIgniter.php(488): CodeIgniter\CodeIgniter->createController()
 4 SYSTEMPATH\CodeIgniter.php(340): CodeIgniter\CodeIgniter->handleRequest(null, Object(Config\Cache), false)
 5 SYSTEMPATH\Boot.php(417): CodeIgniter\CodeIgniter->run()
 6 SYSTEMPATH\Boot.php(68): CodeIgniter\Boot::runCodeIgniter(Object(CodeIgniter\CodeIgniter))
 7 FCPATH\index.php(75): CodeIgniter\Boot::bootWeb(Object(Config\Paths))
WARNING - 2026-04-06 14:44:29 --> [DEPRECATED] Creation of dynamic property App\Controllers\api\Wall::$user_model is deprecated in APPPATH\Libraries\REST_Controller.php on line 146.
 1 APPPATH\Controllers\api\Wall.php(34): App\Libraries\REST_Controller->loadModel('User_model', 'user_model')
 2 SYSTEMPATH\CodeIgniter.php(922): App\Controllers\api\Wall->initController(Object(CodeIgniter\HTTP\IncomingRequest), Object(CodeIgniter\HTTP\Response), Object(CodeIgniter\Log\Logger))
 3 SYSTEMPATH\CodeIgniter.php(488): CodeIgniter\CodeIgniter->createController()
 4 SYSTEMPATH\CodeIgniter.php(340): CodeIgniter\CodeIgniter->handleRequest(null, Object(Config\Cache), false)
 5 SYSTEMPATH\Boot.php(417): CodeIgniter\CodeIgniter->run()
 6 SYSTEMPATH\Boot.php(68): CodeIgniter\Boot::runCodeIgniter(Object(CodeIgniter\CodeIgniter))
 7 FCPATH\index.php(75): CodeIgniter\Boot::bootWeb(Object(Config\Paths))
WARNING - 2026-04-06 14:44:29 --> [DEPRECATED] Creation of dynamic property App\Controllers\api\Wall::$wallauthorization is deprecated in APPPATH\Controllers\api\Wall.php on line 35.
 1 SYSTEMPATH\CodeIgniter.php(922): App\Controllers\api\Wall->initController(Object(CodeIgniter\HTTP\IncomingRequest), Object(CodeIgniter\HTTP\Response), Object(CodeIgniter\Log\Logger))
 2 SYSTEMPATH\CodeIgniter.php(488): CodeIgniter\CodeIgniter->createController()
 3 SYSTEMPATH\CodeIgniter.php(340): CodeIgniter\CodeIgniter->handleRequest(null, Object(Config\Cache), false)
 4 SYSTEMPATH\Boot.php(417): CodeIgniter\CodeIgniter->run()
 5 SYSTEMPATH\Boot.php(68): CodeIgniter\Boot::runCodeIgniter(Object(CodeIgniter\CodeIgniter))
 6 FCPATH\index.php(75): CodeIgniter\Boot::bootWeb(Object(Config\Paths))
DEBUG - 2026-04-06 15:12:01 --> Session: Class initialized using 'CodeIgniter\Session\Handlers\FileHandler' driver.
DEBUG - 2026-04-06 15:12:02 --> Total exams not yet taken calculated for school_id 93: 0
DEBUG - 2026-04-06 15:12:46 --> Session: Class initialized using 'CodeIgniter\Session\Handlers\FileHandler' driver.
DEBUG - 2026-04-06 15:12:50 --> Session: Class initialized using 'CodeIgniter\Session\Handlers\FileHandler' driver.
DEBUG - 2026-04-06 15:13:04 --> Session: Class initialized using 'CodeIgniter\Session\Handlers\FileHandler' driver.
DEBUG - 2026-04-06 15:13:13 --> Session: Class initialized using 'CodeIgniter\Session\Handlers\FileHandler' driver.
DEBUG - 2026-04-06 15:13:15 --> Session: Class initialized using 'CodeIgniter\Session\Handlers\FileHandler' driver.
CRITICAL - 2026-04-06 15:13:16 --> Error: Call to undefined function App\Models\get_loggedin_user_id()
[Method: POST, Route: app/invoice/single]
in APPPATH\Models\Audit_log_model.php on line 638.
 1 APPPATH\Models\Crud_model.php(1165): App\Models\Audit_log_model->log_invoice_create(13, [...])
 2 APPPATH\Controllers\Admin.php(2452): App\Models\Crud_model->create_single_invoice()
 3 APPPATH\Config\Routes.php(556): App\Controllers\Admin->invoice('single')
 4 APPPATH\Config\Routes.php(568): CodeIgniter\Router\RouteCollection::{closure}('invoice/single')
 5 SYSTEMPATH\CodeIgniter.php(872): CodeIgniter\Router\RouteCollection::{closure}('invoice/single')
 6 SYSTEMPATH\CodeIgniter.php(480): CodeIgniter\CodeIgniter->startController()
 7 SYSTEMPATH\CodeIgniter.php(340): CodeIgniter\CodeIgniter->handleRequest(null, Object(Config\Cache), false)
 8 SYSTEMPATH\Boot.php(417): CodeIgniter\CodeIgniter->run()
 9 SYSTEMPATH\Boot.php(68): CodeIgniter\Boot::runCodeIgniter(Object(CodeIgniter\CodeIgniter))
10 FCPATH\index.php(75): CodeIgniter\Boot::bootWeb(Object(Config\Paths))
DEBUG - 2026-04-06 15:13:26 --> Session: Class initialized using 'CodeIgniter\Session\Handlers\FileHandler' driver.
DEBUG - 2026-04-06 15:13:28 --> Total exams not yet taken calculated for school_id 93: 0
DEBUG - 2026-04-06 15:13:37 --> Session: Class initialized using 'CodeIgniter\Session\Handlers\FileHandler' driver.
DEBUG - 2026-04-06 15:13:40 --> Session: Class initialized using 'CodeIgniter\Session\Handlers\FileHandler' driver.
DEBUG - 2026-04-06 15:13:43 --> Session: Class initialized using 'CodeIgniter\Session\Handlers\FileHandler' driver.
DEBUG - 2026-04-06 15:13:44 --> Total exams not yet taken calculated for school_id 93: 0
DEBUG - 2026-04-06 15:13:52 --> Session: Class initialized using 'CodeIgniter\Session\Handlers\FileHandler' driver.
DEBUG - 2026-04-06 15:13:53 --> Session: Class initialized using 'CodeIgniter\Session\Handlers\FileHandler' driver.
DEBUG - 2026-04-06 15:13:57 --> Session: Class initialized using 'CodeIgniter\Session\Handlers\FileHandler' driver.
DEBUG - 2026-04-06 15:13:57 --> Total exams not yet taken calculated for school_id 93: 0
DEBUG - 2026-04-06 15:14:29 --> Session: Class initialized using 'CodeIgniter\Session\Handlers\FileHandler' driver.
DEBUG - 2026-04-06 15:14:45 --> Session: Class initialized using 'CodeIgniter\Session\Handlers\FileHandler' driver.
DEBUG - 2026-04-06 15:14:48 --> Session: Class initialized using 'CodeIgniter\Session\Handlers\FileHandler' driver.
DEBUG - 2026-04-06 15:14:50 --> Total exams not yet taken calculated for school_id 93: 0
DEBUG - 2026-04-06 15:15:07 --> Session: Class initialized using 'CodeIgniter\Session\Handlers\FileHandler' driver.
DEBUG - 2026-04-06 15:15:21 --> Session: Class initialized using 'CodeIgniter\Session\Handlers\FileHandler' driver.
DEBUG - 2026-04-06 15:15:24 --> Session: Class initialized using 'CodeIgniter\Session\Handlers\FileHandler' driver.
DEBUG - 2026-04-06 15:15:28 --> Total exams not yet taken calculated for school_id 93: 0
DEBUG - 2026-04-06 15:15:46 --> Session: Class initialized using 'CodeIgniter\Session\Handlers\FileHandler' driver.
DEBUG - 2026-04-06 15:15:47 --> Total exams not yet taken calculated for school_id 93: 0
DEBUG - 2026-04-06 15:15:55 --> Session: Class initialized using 'CodeIgniter\Session\Handlers\FileHandler' driver.
DEBUG - 2026-04-06 15:15:58 --> Session: Class initialized using 'CodeIgniter\Session\Handlers\FileHandler' driver.
DEBUG - 2026-04-06 15:16:00 --> Total exams not yet taken calculated for school_id 93: 0
DEBUG - 2026-04-06 15:16:08 --> Session: Class initialized using 'CodeIgniter\Session\Handlers\FileHandler' driver.
DEBUG - 2026-04-06 15:16:29 --> Session: Class initialized using 'CodeIgniter\Session\Handlers\FileHandler' driver.
ERROR - 2026-04-06 15:16:31 --> Email: sendWithMail threw ErrorException: mail(): Failed to connect to mailserver at &quot;localhost&quot; port 25, verify your &quot;SMTP&quot; and &quot;smtp_port&quot; setting in php.ini or use ini_set() in C:\xampp\htdocs\School-Management-De_migration\vendor\codeigniter4\framework\system\Email\Email.php:1771
Stack trace:
#0 [internal function]: CodeIgniter\Debug\Exceptions->errorHandler(2, 'mail(): Failed ...', 'C:\\xampp\\htdocs...', 1771)
#1 C:\xampp\htdocs\School-Management-De_migration\vendor\codeigniter4\framework\system\Email\Email.php(1771): mail('fattahssallam19...', '=?UTF-8?Q?Final...', 'This is a multi...', 'Date: Mon, 6 Ap...')
#2 C:\xampp\htdocs\School-Management-De_migration\vendor\codeigniter4\framework\system\Email\Email.php(1708): CodeIgniter\Email\Email->sendWithMail()
#3 C:\xampp\htdocs\School-Management-De_migration\vendor\codeigniter4\framework\system\Email\Email.php(1602): CodeIgniter\Email\Email->spoolEmail()
#4 C:\xampp\htdocs\School-Management-De_migration\app\Models\Email_model.php(1574): CodeIgniter\Email\Email->send()
#5 C:\xampp\htdocs\School-Management-De_migration\app\Models\Email_model.php(416): App\Models\Email_model->send_mail_using_smtp('<!DOCTYPE html>...', 'Finalize Your A...', 'fattahssallam19...')
#6 C:\xampp\htdocs\School-Management-De_migration\app\Models\User_model.php(866): App\Models\Email_model->password_send_add_student('http://localhos...', 399)
#7 C:\xampp\htdocs\School-Management-De_migration\app\Controllers\Admin.php(1684): App\Models\User_model->single_student_create()
#8 C:\xampp\htdocs\School-Management-De_migration\vendor\codeigniter4\framework\system\CodeIgniter.php(951): App\Controllers\Admin->student('create_single_s...', 'submit')
#9 C:\xampp\htdocs\School-Management-De_migration\vendor\codeigniter4\framework\system\CodeIgniter.php(497): CodeIgniter\CodeIgniter->runController(Object(App\Controllers\Admin))
#10 C:\xampp\htdocs\School-Management-De_migration\vendor\codeigniter4\framework\system\CodeIgniter.php(340): CodeIgniter\CodeIgniter->handleRequest(NULL, Object(Config\Cache), false)
#11 C:\xampp\htdocs\School-Management-De_migration\vendor\codeigniter4\framework\system\Boot.php(417): CodeIgniter\CodeIgniter->run()
#12 C:\xampp\htdocs\School-Management-De_migration\vendor\codeigniter4\framework\system\Boot.php(68): CodeIgniter\Boot::runCodeIgniter(Object(CodeIgniter\CodeIgniter))
#13 C:\xampp\htdocs\School-Management-De_migration\index.php(75): CodeIgniter\Boot::bootWeb(Object(Config\Paths))
#14 {main}
ERROR - 2026-04-06 15:16:31 --> Email: Unable to send email using PHP mail(). Your server might not be configured to send mail using this method.
ERROR - 2026-04-06 15:16:31 --> 
ERROR - 2026-04-06 15:16:31 --> CI Email Debugger: Unable to send email using PHP mail(). Your server might not be configured to send mail using this method.<br><pre>Date: Mon, 6 Apr 2026 15:16:29 +0100
From: &quot;Wayo Academy 02&quot; &lt;&gt;
Return-Path: &lt;&gt;
Reply-To: &lt;&gt;
User-Agent: CodeIgniter
X-Mailer: CodeIgniter
X-Priority: 3 (Normal)
Message-ID: &lt;69d3c03dcca774.23224443&gt;
Mime-Version: 1.0
Content-Type: multipart/alternative; boundary=&quot;B_ALT_69d3c03dcca955.37345717&quot;
=?UTF-8?Q?Finalize=20Your=20Account=20Creation?=
This is a multi-part message in MIME format.
Your email application may not support this format.

--B_ALT_69d3c03dcca955.37345717
Content-Type: text/plain; charset=UTF-8
Content-Transfer-Encoding: 8bit

Finalize Your Account Creation

Hello sdsdfs,
We are happy to inform you that your account has been successfully created.
Please click the button below to set your password and access your account
to explore our services:

Set Password

If you have any questions or need assistance, please feel free to contact
our support team at: abdelfattah.allam1995@gmail.com.

R320 UM HURAIR SECOND DUB√è EMIRATES fff

¬© 2026 Wayo Academy. All rights reserved.

Tel: +8801234567000


--B_ALT_69d3c03dcca955.37345717
Content-Type: text/html; charset=UTF-8
Content-Transfer-Encoding: quoted-printable

&lt;!DOCTYPE html&gt;=0A&lt;html lang=3D&quot;fr&quot;&gt;=0A&lt;head&gt;=0A=09&lt;meta charset=3D&quot;UTF-8&quot;&gt;=
=0A=09&lt;meta name=3D&quot;viewport&quot; content=3D&quot;width=3Ddevice-width, initial-scal=
e=3D1.0&quot;&gt;=0A=09&lt;title&gt;Finalize Your Account Creation&lt;/title&gt;=0A=09&lt;style&gt;=
=0A=09=09body { =0A=09=09=09margin: 0; =0A=09=09=09padding: 0; =0A=09=09=09=
font-family: Arial, Helvetica, sans-serif; =0A=09=09}=0A=09=09.container { =
=0A=09=09=09background: #ECECEC; =0A=09=09=09padding: 30px 15px; =0A=09=09}=
=0A=09=09.logo { =0A=09=09=09text-align: center; =0A=09=09=09margin-bottom:=
 20px; =0A=09=09}=0A=09=09.logo img { =0A=09=09=09max-width: 150px; =0A=09=
=09=09height: auto; =0A=09=09}=0A=09=09.content-table { =0A=09=09=09max-wid=
th: 700px; =0A=09=09=09width: 100%; =0A=09=09=09margin: 0 auto; =0A=09=09=
=09border-collapse: collapse; =0A=09=09}=0A=09=09.header { =0A=09=09=09back=
ground: #FC7B30; =0A=09=09=09border-radius: 15px 15px 0 0; =0A=09=09=09padd=
ing: 15px; =0A=09=09=09text-align: center; =0A=09=09}=0A=09=09.header span =
{ =0A=09=09=09font-size: 20px; =0A=09=09=09font-weight: bold; =0A=09=09=09c=
olor: #fff; =0A=09=09}=0A=09=09.body { =0A=09=09=09background: #fafbfe; =0A=
=09=09=09padding: 20px; =0A=09=09}=0A=09=09.body p { =0A=09=09=09font-size:=
 14px; =0A=09=09=09color: #000; =0A=09=09=09line-height: 1.5; =0A=09=09=09m=
argin: 15px 0; =0A=09=09}=0A=09=09.body a { =0A=09=09=09color: #0047AB; =0A=
=09=09=09text-decoration: none; =0A=09=09}=0A=09=09.button {=0A=09=09=09dis=
play: inline-block;=0A=09=09=09padding: 15px 25px;=0A=09=09=09font-size: 16=
px;=0A=09=09=09color: #fff !important;=0A=09=09=09background-color: #FC7B30=
;=0A=09=09=09text-decoration: none;=0A=09=09=09border-radius: 5px;=0A=09=09=
=09margin: 20px 0;=0A=09=09=09transition: background-color 0.3s ease;=0A=09=
=09=09font-weight: bold;=0A=09=09}=0A=09=09.button:hover {=0A=09=09=09color=
: #fff !important;=0A=09=09=09background-color: #ee7626;=0A=09=09}=0A=09=09=
.button-container {=0A=09=09=09text-align: center;=0A=09=09}=0A=09=09.foote=
r { =0A=09=09=09background: #FC7B30; =0A=09=09=09border-radius: 0 0 15px 15=
px; =0A=09=09=09color: #fff; =0A=09=09=09font-size: 14px; =0A=09=09}=0A=09=
=09.footer table { =0A=09=09=09width: 100%; =0A=09=09}=0A=09=09.footer td {=
 =0A=09=09=09padding: 10px; =0A=09=09}=0A=09=09@media only screen and (max-=
width: 600px) {=0A=09=09=09.content-table { =0A=09=09=09=09width: 100% !imp=
ortant; =0A=09=09=09}=0A=09=09=09.header span { =0A=09=09=09=09font-size: 1=
8px; =0A=09=09=09}=0A=09=09=09.footer td { =0A=09=09=09=09display: block; =
=0A=09=09=09=09text-align: center !important; =0A=09=09=09=09width: 100% !i=
mportant; =0A=09=09=09}=0A=09=09}=0A=09&lt;/style&gt;=0A&lt;/head&gt;=0A&lt;body&gt;=0A=09&lt;di=
v class=3D&quot;container&quot;&gt;=0A=09=09&lt;div class=3D&quot;logo&quot;&gt;=0A=09=09=09&lt;img src=3D&quot;=
https://wayo.academy/uploads/system/logo/logo-light.png&quot; alt=3D&quot;Wayo Academ=
y Logo&quot;&gt;=0A=09=09&lt;/div&gt;=0A=09=09&lt;table class=3D&quot;content-table&quot;&gt;=0A=09=09=09=
&lt;tr&gt;=0A=09=09=09=09&lt;td class=3D&quot;header&quot;&gt;=0A=09=09=09=09=09&lt;span&gt;Finalize Yo=
ur Account Creation&lt;/span&gt;=0A=09=09=09=09&lt;/td&gt;=0A=09=09=09&lt;/tr&gt;=0A=09=09=09=
&lt;tr&gt;=0A=09=09=09=09&lt;td class=3D&quot;body&quot;&gt;=0A=09=09=09=09=09&lt;p&gt;&lt;strong&gt;Hello sd=
sdfs,&lt;/strong&gt;&lt;/p&gt;=0A=09=09=09=09=09&lt;p&gt;We are happy to inform you that your=
 account has been successfully created.&lt;/p&gt;=0A=09=09=09=09=09&lt;p&gt;Please clic=
k the button below to set your password and access your account to explore =
our services:&lt;/p&gt;=0A=09=09=09=09=09&lt;div class=3D&quot;button-container&quot;&gt;=0A=09=
=09=09=09=09=09&lt;a href=3D&quot;http://localhost/School-Management-De_migration/l=
ogin/new_password_student?user_id=3D399&quot; class=3D&quot;button&quot;&gt;Set Password&lt;/a&gt;=
=0A=09=09=09=09=09&lt;/div&gt;=0A=09=09=09=09=09&lt;p&gt;If you have any questions or n=
eed assistance, please feel free to contact our support team at: &lt;a href=3D=
&quot;mailto:abdelfattah.allam1995@gmail.com&quot;&gt;abdelfattah.allam1995@gmail.com&lt;/a=
&gt;.&lt;/p&gt;=0A=09=09=09=09&lt;/td&gt;=0A=09=09=09&lt;/tr&gt;=0A=09=09=09&lt;tr&gt;=0A=09=09=09=09&lt;=
td class=3D&quot;footer&quot;&gt;=0A=09=09=09=09=09&lt;table&gt;=0A=09=09=09=09=09=09&lt;tr&gt;=0A=
=09=09=09=09=09=09=09&lt;td style=3D&quot;text-align: left; width: 33%;&quot;&gt;=0A=09=09=
=09=09=09=09=09=09&lt;a href=3D&quot;http://localhost/School-Management-De_migratio=
n/home/contact#map&quot; style=3D&quot;color: #fff; text-decoration: none;&quot;&gt;R320 UM H=
URAIR SECOND DUB=C3=8F EMIRATES fff&lt;/a&gt;=0A=09=09=09=09=09=09=09&lt;/td&gt;=0A=09=
=09=09=09=09=09=09&lt;td style=3D&quot;text-align: center; width: 34%;&quot;&gt;=0A=09=09=
=09=09=09=09=09=09=C2=A9 2026 Wayo Academy. All rights reserved.=0A=09=09=
=09=09=09=09=09&lt;/td&gt;=0A=09=09=09=09=09=09=09&lt;td style=3D&quot;text-align: right;=
 width: 33%;&quot;&gt;=0A=09=09=09=09=09=09=09=09Tel: &lt;a href=3D&quot;+8801234567000&quot; st=
yle=3D&quot;color: #fff; text-decoration: none;&quot;&gt;+8801234567000&lt;/a&gt;=0A=09=09=09=
=09=09=09=09&lt;/td&gt;=0A=09=09=09=09=09=09&lt;/tr&gt;=0A=09=09=09=09=09&lt;/table&gt;=0A=09=
=09=09=09&lt;/td&gt;=0A=09=09=09&lt;/tr&gt;=0A=09=09&lt;/table&gt;=0A=09&lt;/div&gt;=0A&lt;/body&gt;=0A&lt;/=
html&gt;

--B_ALT_69d3c03dcca955.37345717--</pre>
ERROR - 2026-04-06 15:16:31 --> Email sending failed for user: 399
DEBUG - 2026-04-06 15:16:34 --> Session: Class initialized using 'CodeIgniter\Session\Handlers\FileHandler' driver.
DEBUG - 2026-04-06 15:16:34 --> Total exams not yet taken calculated for school_id 93: 0
DEBUG - 2026-04-06 15:16:41 --> Session: Class initialized using 'CodeIgniter\Session\Handlers\FileHandler' driver.
DEBUG - 2026-04-06 15:16:43 --> Session: Class initialized using 'CodeIgniter\Session\Handlers\FileHandler' driver.
DEBUG - 2026-04-06 15:16:45 --> Total exams not yet taken calculated for school_id 93: 0
DEBUG - 2026-04-06 15:16:51 --> Session: Class initialized using 'CodeIgniter\Session\Handlers\FileHandler' driver.
DEBUG - 2026-04-06 15:16:55 --> Session: Class initialized using 'CodeIgniter\Session\Handlers\FileHandler' driver.
DEBUG - 2026-04-06 15:17:08 --> Session: Class initialized using 'CodeIgniter\Session\Handlers\FileHandler' driver.
DEBUG - 2026-04-06 15:17:09 --> Total exams not yet taken calculated for school_id 93: 0
DEBUG - 2026-04-06 15:17:17 --> Session: Class initialized using 'CodeIgniter\Session\Handlers\FileHandler' driver.
DEBUG - 2026-04-06 15:17:24 --> Session: Class initialized using 'CodeIgniter\Session\Handlers\FileHandler' driver.
DEBUG - 2026-04-06 15:17:29 --> Session: Class initialized using 'CodeIgniter\Session\Handlers\FileHandler' driver.
DEBUG - 2026-04-06 15:17:30 --> Total exams not yet taken calculated for school_id 93: 0
DEBUG - 2026-04-06 15:17:41 --> Session: Class initialized using 'CodeIgniter\Session\Handlers\FileHandler' driver.
DEBUG - 2026-04-06 16:00:57 --> Session: Class initialized using 'CodeIgniter\Session\Handlers\FileHandler' driver.
DEBUG - 2026-04-06 16:00:57 --> Total exams not yet taken calculated for school_id 93: 0
DEBUG - 2026-04-06 16:01:02 --> Session: Class initialized using 'CodeIgniter\Session\Handlers\FileHandler' driver.
DEBUG - 2026-04-06 16:05:48 --> Session: Class initialized using 'CodeIgniter\Session\Handlers\FileHandler' driver.
DEBUG - 2026-04-06 16:05:48 --> Total exams not yet taken calculated for school_id 93: 0
DEBUG - 2026-04-06 16:05:52 --> Session: Class initialized using 'CodeIgniter\Session\Handlers\FileHandler' driver.
DEBUG - 2026-04-06 16:06:06 --> Session: Class initialized using 'CodeIgniter\Session\Handlers\FileHandler' driver.
DEBUG - 2026-04-06 16:06:06 --> Total exams not yet taken calculated for school_id 93: 0
DEBUG - 2026-04-06 16:06:09 --> Session: Class initialized using 'CodeIgniter\Session\Handlers\FileHandler' driver.
DEBUG - 2026-04-06 16:06:10 --> Session: Class initialized using 'CodeIgniter\Session\Handlers\FileHandler' driver.
DEBUG - 2026-04-06 16:06:15 --> Session: Class initialized using 'CodeIgniter\Session\Handlers\FileHandler' driver.
DEBUG - 2026-04-06 16:06:22 --> Session: Class initialized using 'CodeIgniter\Session\Handlers\FileHandler' driver.
DEBUG - 2026-04-06 16:06:34 --> Session: Class initialized using 'CodeIgniter\Session\Handlers\FileHandler' driver.
DEBUG - 2026-04-06 16:06:36 --> Session: Class initialized using 'CodeIgniter\Session\Handlers\FileHandler' driver.
DEBUG - 2026-04-06 16:06:43 --> Session: Class initialized using 'CodeIgniter\Session\Handlers\FileHandler' driver.
DEBUG - 2026-04-06 16:06:45 --> Session: Class initialized using 'CodeIgniter\Session\Handlers\FileHandler' driver.
DEBUG - 2026-04-06 16:06:45 --> Total exams not yet taken calculated for school_id 93: 0
DEBUG - 2026-04-06 16:07:20 --> Session: Class initialized using 'CodeIgniter\Session\Handlers\FileHandler' driver.
DEBUG - 2026-04-06 16:07:21 --> Total exams not yet taken calculated for school_id 93: 0
DEBUG - 2026-04-06 16:07:30 --> Session: Class initialized using 'CodeIgniter\Session\Handlers\FileHandler' driver.
DEBUG - 2026-04-06 16:09:04 --> Session: Class initialized using 'CodeIgniter\Session\Handlers\FileHandler' driver.
DEBUG - 2026-04-06 16:09:05 --> Total exams not yet taken calculated for school_id 93: 0
DEBUG - 2026-04-06 16:09:10 --> Session: Class initialized using 'CodeIgniter\Session\Handlers\FileHandler' driver.
DEBUG - 2026-04-06 16:25:21 --> Session: Class initialized using 'CodeIgniter\Session\Handlers\FileHandler' driver.
DEBUG - 2026-04-06 16:25:21 --> Total exams not yet taken calculated for school_id 93: 0
DEBUG - 2026-04-06 16:25:24 --> Session: Class initialized using 'CodeIgniter\Session\Handlers\FileHandler' driver.
DEBUG - 2026-04-06 16:34:25 --> Session: Class initialized using 'CodeIgniter\Session\Handlers\FileHandler' driver.
DEBUG - 2026-04-06 16:34:28 --> Session: Class initialized using 'CodeIgniter\Session\Handlers\FileHandler' driver.
DEBUG - 2026-04-06 16:34:28 --> Total exams not yet taken calculated for school_id 93: 0
DEBUG - 2026-04-06 16:34:33 --> Session: Class initialized using 'CodeIgniter\Session\Handlers\FileHandler' driver.
DEBUG - 2026-04-06 16:34:52 --> Session: Class initialized using 'CodeIgniter\Session\Handlers\FileHandler' driver.
DEBUG - 2026-04-06 16:34:59 --> Session: Class initialized using 'CodeIgniter\Session\Handlers\FileHandler' driver.
DEBUG - 2026-04-06 16:34:59 --> Session: Class initialized using 'CodeIgniter\Session\Handlers\FileHandler' driver.
DEBUG - 2026-04-06 16:34:59 --> Session: Class initialized using 'CodeIgniter\Session\Handlers\FileHandler' driver.
DEBUG - 2026-04-06 16:35:00 --> Session: Class initialized using 'CodeIgniter\Session\Handlers\FileHandler' driver.
DEBUG - 2026-04-06 16:35:00 --> Session: Class initialized using 'CodeIgniter\Session\Handlers\FileHandler' driver.
DEBUG - 2026-04-06 16:35:00 --> Session: Class initialized using 'CodeIgniter\Session\Handlers\FileHandler' driver.
DEBUG - 2026-04-06 16:52:09 --> Session: Class initialized using 'CodeIgniter\Session\Handlers\FileHandler' driver.
DEBUG - 2026-04-06 16:52:12 --> Session: Class initialized using 'CodeIgniter\Session\Handlers\FileHandler' driver.
DEBUG - 2026-04-06 16:52:12 --> Session: Class initialized using 'CodeIgniter\Session\Handlers\FileHandler' driver.
DEBUG - 2026-04-06 16:52:12 --> Session: Class initialized using 'CodeIgniter\Session\Handlers\FileHandler' driver.
DEBUG - 2026-04-06 16:52:14 --> Session: Class initialized using 'CodeIgniter\Session\Handlers\FileHandler' driver.
DEBUG - 2026-04-06 16:52:15 --> Session: Class initialized using 'CodeIgniter\Session\Handlers\FileHandler' driver.
DEBUG - 2026-04-06 16:52:58 --> Session: Class initialized using 'CodeIgniter\Session\Handlers\FileHandler' driver.
DEBUG - 2026-04-06 16:52:58 --> Total exams not yet taken calculated for school_id 93: 0
DEBUG - 2026-04-06 16:53:02 --> Session: Class initialized using 'CodeIgniter\Session\Handlers\FileHandler' driver.
DEBUG - 2026-04-06 16:56:20 --> Session: Class initialized using 'CodeIgniter\Session\Handlers\FileHandler' driver.
DEBUG - 2026-04-06 16:56:20 --> Total exams not yet taken calculated for school_id 93: 0
DEBUG - 2026-04-06 16:56:24 --> Session: Class initialized using 'CodeIgniter\Session\Handlers\FileHandler' driver.
DEBUG - 2026-04-06 16:56:26 --> Total exams not yet taken calculated for school_id 93: 0
DEBUG - 2026-04-06 16:56:34 --> Session: Class initialized using 'CodeIgniter\Session\Handlers\FileHandler' driver.
DEBUG - 2026-04-06 17:08:05 --> Session: Class initialized using 'CodeIgniter\Session\Handlers\FileHandler' driver.
DEBUG - 2026-04-06 17:08:05 --> Total exams not yet taken calculated for school_id 93: 0
DEBUG - 2026-04-06 17:08:10 --> Session: Class initialized using 'CodeIgniter\Session\Handlers\FileHandler' driver.
DEBUG - 2026-04-06 17:19:20 --> Session: Class initialized using 'CodeIgniter\Session\Handlers\FileHandler' driver.
DEBUG - 2026-04-06 17:19:21 --> Total exams not yet taken calculated for school_id 93: 0
DEBUG - 2026-04-06 17:19:27 --> Session: Class initialized using 'CodeIgniter\Session\Handlers\FileHandler' driver.
DEBUG - 2026-04-06 17:19:30 --> Session: Class initialized using 'CodeIgniter\Session\Handlers\FileHandler' driver.
DEBUG - 2026-04-06 17:19:34 --> Session: Class initialized using 'CodeIgniter\Session\Handlers\FileHandler' driver.
DEBUG - 2026-04-06 17:19:34 --> Total exams not yet taken calculated for school_id 93: 0
DEBUG - 2026-04-06 17:19:37 --> Session: Class initialized using 'CodeIgniter\Session\Handlers\FileHandler' driver.
DEBUG - 2026-04-06 17:19:40 --> Session: Class initialized using 'CodeIgniter\Session\Handlers\FileHandler' driver.
DEBUG - 2026-04-06 17:19:42 --> Session: Class initialized using 'CodeIgniter\Session\Handlers\FileHandler' driver.
DEBUG - 2026-04-06 17:28:57 --> Session: Class initialized using 'CodeIgniter\Session\Handlers\FileHandler' driver.
DEBUG - 2026-04-06 17:29:00 --> Total exams not yet taken calculated for school_id 93: 0
DEBUG - 2026-04-06 17:29:09 --> Session: Class initialized using 'CodeIgniter\Session\Handlers\FileHandler' driver.
DEBUG - 2026-04-06 17:29:15 --> Session: Class initialized using 'CodeIgniter\Session\Handlers\FileHandler' driver.
DEBUG - 2026-04-06 17:29:17 --> Session: Class initialized using 'CodeIgniter\Session\Handlers\FileHandler' driver.
INFO - 2026-04-06 17:29:17 --> Permission created by user_id:  for teacher_id: 23, class_id: 133, initial values: {"marks":1}, school_id: 93
ERROR - 2026-04-06 17:29:17 --> Table 'wayo_db.permission_history' doesn't exist
in SYSTEMPATH\Database\MySQLi\Connection.php on line 300.
 1 SYSTEMPATH\Database\MySQLi\Connection.php(300): mysqli->query('INSERT INTO `permission_history` (`teacher_id`, `class_id`, `column_name`, `old_value`, `new_value`, `changed_by`, `school_id`) VALUES (23, 133, \'marks\', 0, 1, NULL, \'93\')', 0)
 2 SYSTEMPATH\Database\BaseConnection.php(910): CodeIgniter\Database\MySQLi\Connection->execute('INSERT INTO `permission_history` (`teacher_id`, `class_id`, `column_name`, `old_value`, `new_value`, `changed_by`, `school_id`) VALUES (23, 133, \'marks\', 0, 1, NULL, \'93\')')
 3 SYSTEMPATH\Database\BaseConnection.php(827): CodeIgniter\Database\BaseConnection->simpleQuery('INSERT INTO `permission_history` (`teacher_id`, `class_id`, `column_name`, `old_value`, `new_value`, `changed_by`, `school_id`) VALUES (23, 133, \'marks\', 0, 1, NULL, \'93\')')
 4 SYSTEMPATH\Database\BaseBuilder.php(2345): CodeIgniter\Database\BaseConnection->query('INSERT INTO `permission_history` (`teacher_id`, `class_id`, `column_name`, `old_value`, `new_value`, `changed_by`, `school_id`) VALUES (:teacher_id:, :class_id:, :column_name:, :old_value:, :new_value:, :changed_by:, :school_id:)', [...], false)
 5 APPPATH\Models\User_model.php(637): CodeIgniter\Database\BaseBuilder->insert([...])
 6 APPPATH\Models\User_model.php(613): App\Models\User_model->log_permission_changes(23, 133, 'marks', [...], [...], null, '93')
 7 APPPATH\Controllers\Admin.php(580): App\Models\User_model->teacher_permission()
 8 APPPATH\Config\Routes.php(556): App\Controllers\Admin->permission('modify_permission')
 9 APPPATH\Config\Routes.php(568): CodeIgniter\Router\RouteCollection::{closure}('permission/modify_permission')
10 SYSTEMPATH\CodeIgniter.php(872): CodeIgniter\Router\RouteCollection::{closure}('permission/modify_permission')
11 SYSTEMPATH\CodeIgniter.php(480): CodeIgniter\CodeIgniter->startController()
12 SYSTEMPATH\CodeIgniter.php(340): CodeIgniter\CodeIgniter->handleRequest(null, Object(Config\Cache), false)
13 SYSTEMPATH\Boot.php(417): CodeIgniter\CodeIgniter->run()
14 SYSTEMPATH\Boot.php(68): CodeIgniter\Boot::runCodeIgniter(Object(CodeIgniter\CodeIgniter))
15 FCPATH\index.php(75): CodeIgniter\Boot::bootWeb(Object(Config\Paths))
CRITICAL - 2026-04-06 17:29:17 --> CodeIgniter\Database\Exceptions\DatabaseException: Table 'wayo_db.permission_history' doesn't exist
[Method: POST, Route: app/permission/modify_permission]
in SYSTEMPATH\Database\BaseConnection.php on line 865.
 1 SYSTEMPATH\Database\BaseBuilder.php(2345): CodeIgniter\Database\BaseConnection->query('INSERT INTO `permission_history` (`teacher_id`, `class_id`, `column_name`, `old_value`, `new_value`, `changed_by`, `school_id`) VALUES (:teacher_id:, :class_id:, :column_name:, :old_value:, :new_value:, :changed_by:, :school_id:)', [...], false)
 2 APPPATH\Models\User_model.php(637): CodeIgniter\Database\BaseBuilder->insert([...])
 3 APPPATH\Models\User_model.php(613): App\Models\User_model->log_permission_changes(23, 133, 'marks', [...], [...], null, '93')
 4 APPPATH\Controllers\Admin.php(580): App\Models\User_model->teacher_permission()
 5 APPPATH\Config\Routes.php(556): App\Controllers\Admin->permission('modify_permission')
 6 APPPATH\Config\Routes.php(568): CodeIgniter\Router\RouteCollection::{closure}('permission/modify_permission')
 7 SYSTEMPATH\CodeIgniter.php(872): CodeIgniter\Router\RouteCollection::{closure}('permission/modify_permission')
 8 SYSTEMPATH\CodeIgniter.php(480): CodeIgniter\CodeIgniter->startController()
 9 SYSTEMPATH\CodeIgniter.php(340): CodeIgniter\CodeIgniter->handleRequest(null, Object(Config\Cache), false)
10 SYSTEMPATH\Boot.php(417): CodeIgniter\CodeIgniter->run()
11 SYSTEMPATH\Boot.php(68): CodeIgniter\Boot::runCodeIgniter(Object(CodeIgniter\CodeIgniter))
12 FCPATH\index.php(75): CodeIgniter\Boot::bootWeb(Object(Config\Paths))
CRITICAL - 2026-04-06 17:29:17 --> [Caused by] CodeIgniter\Database\Exceptions\DatabaseException: Table 'wayo_db.permission_history' doesn't exist
in SYSTEMPATH\Database\MySQLi\Connection.php on line 310.
 1 SYSTEMPATH\Database\BaseConnection.php(910): CodeIgniter\Database\MySQLi\Connection->execute('INSERT INTO `permission_history` (`teacher_id`, `class_id`, `column_name`, `old_value`, `new_value`, `changed_by`, `school_id`) VALUES (23, 133, \'marks\', 0, 1, NULL, \'93\')')
 2 SYSTEMPATH\Database\BaseConnection.php(827): CodeIgniter\Database\BaseConnection->simpleQuery('INSERT INTO `permission_history` (`teacher_id`, `class_id`, `column_name`, `old_value`, `new_value`, `changed_by`, `school_id`) VALUES (23, 133, \'marks\', 0, 1, NULL, \'93\')')
 3 SYSTEMPATH\Database\BaseBuilder.php(2345): CodeIgniter\Database\BaseConnection->query('INSERT INTO `permission_history` (`teacher_id`, `class_id`, `column_name`, `old_value`, `new_value`, `changed_by`, `school_id`) VALUES (:teacher_id:, :class_id:, :column_name:, :old_value:, :new_value:, :changed_by:, :school_id:)', [...], false)
 4 APPPATH\Models\User_model.php(637): CodeIgniter\Database\BaseBuilder->insert([...])
 5 APPPATH\Models\User_model.php(613): App\Models\User_model->log_permission_changes(23, 133, 'marks', [...], [...], null, '93')
 6 APPPATH\Controllers\Admin.php(580): App\Models\User_model->teacher_permission()
 7 APPPATH\Config\Routes.php(556): App\Controllers\Admin->permission('modify_permission')
 8 APPPATH\Config\Routes.php(568): CodeIgniter\Router\RouteCollection::{closure}('permission/modify_permission')
 9 SYSTEMPATH\CodeIgniter.php(872): CodeIgniter\Router\RouteCollection::{closure}('permission/modify_permission')
10 SYSTEMPATH\CodeIgniter.php(480): CodeIgniter\CodeIgniter->startController()
11 SYSTEMPATH\CodeIgniter.php(340): CodeIgniter\CodeIgniter->handleRequest(null, Object(Config\Cache), false)
12 SYSTEMPATH\Boot.php(417): CodeIgniter\CodeIgniter->run()
13 SYSTEMPATH\Boot.php(68): CodeIgniter\Boot::runCodeIgniter(Object(CodeIgniter\CodeIgniter))
14 FCPATH\index.php(75): CodeIgniter\Boot::bootWeb(Object(Config\Paths))
CRITICAL - 2026-04-06 17:29:17 --> [Caused by] mysqli_sql_exception: Table 'wayo_db.permission_history' doesn't exist
in SYSTEMPATH\Database\MySQLi\Connection.php on line 300.
 1 SYSTEMPATH\Database\MySQLi\Connection.php(300): mysqli->query('INSERT INTO `permission_history` (`teacher_id`, `class_id`, `column_name`, `old_value`, `new_value`, `changed_by`, `school_id`) VALUES (23, 133, \'marks\', 0, 1, NULL, \'93\')', 0)
 2 SYSTEMPATH\Database\BaseConnection.php(910): CodeIgniter\Database\MySQLi\Connection->execute('INSERT INTO `permission_history` (`teacher_id`, `class_id`, `column_name`, `old_value`, `new_value`, `changed_by`, `school_id`) VALUES (23, 133, \'marks\', 0, 1, NULL, \'93\')')
 3 SYSTEMPATH\Database\BaseConnection.php(827): CodeIgniter\Database\BaseConnection->simpleQuery('INSERT INTO `permission_history` (`teacher_id`, `class_id`, `column_name`, `old_value`, `new_value`, `changed_by`, `school_id`) VALUES (23, 133, \'marks\', 0, 1, NULL, \'93\')')
 4 SYSTEMPATH\Database\BaseBuilder.php(2345): CodeIgniter\Database\BaseConnection->query('INSERT INTO `permission_history` (`teacher_id`, `class_id`, `column_name`, `old_value`, `new_value`, `changed_by`, `school_id`) VALUES (:teacher_id:, :class_id:, :column_name:, :old_value:, :new_value:, :changed_by:, :school_id:)', [...], false)
 5 APPPATH\Models\User_model.php(637): CodeIgniter\Database\BaseBuilder->insert([...])
 6 APPPATH\Models\User_model.php(613): App\Models\User_model->log_permission_changes(23, 133, 'marks', [...], [...], null, '93')
 7 APPPATH\Controllers\Admin.php(580): App\Models\User_model->teacher_permission()
 8 APPPATH\Config\Routes.php(556): App\Controllers\Admin->permission('modify_permission')
 9 APPPATH\Config\Routes.php(568): CodeIgniter\Router\RouteCollection::{closure}('permission/modify_permission')
10 SYSTEMPATH\CodeIgniter.php(872): CodeIgniter\Router\RouteCollection::{closure}('permission/modify_permission')
11 SYSTEMPATH\CodeIgniter.php(480): CodeIgniter\CodeIgniter->startController()
12 SYSTEMPATH\CodeIgniter.php(340): CodeIgniter\CodeIgniter->handleRequest(null, Object(Config\Cache), false)
13 SYSTEMPATH\Boot.php(417): CodeIgniter\CodeIgniter->run()
14 SYSTEMPATH\Boot.php(68): CodeIgniter\Boot::runCodeIgniter(Object(CodeIgniter\CodeIgniter))
15 FCPATH\index.php(75): CodeIgniter\Boot::bootWeb(Object(Config\Paths))
DEBUG - 2026-04-06 17:39:09 --> Session: Class initialized using 'CodeIgniter\Session\Handlers\FileHandler' driver.
DEBUG - 2026-04-06 17:39:11 --> Total exams not yet taken calculated for school_id 93: 0
DEBUG - 2026-04-06 17:39:17 --> Session: Class initialized using 'CodeIgniter\Session\Handlers\FileHandler' driver.
DEBUG - 2026-04-06 17:39:20 --> Session: Class initialized using 'CodeIgniter\Session\Handlers\FileHandler' driver.
INFO - 2026-04-06 17:39:21 --> Permission created by user_id:  for teacher_id: 23, class_id: 132, initial values: {"marks":1}, school_id: 93
ERROR - 2026-04-06 17:39:21 --> Table 'wayo_db.permission_history' doesn't exist
in SYSTEMPATH\Database\MySQLi\Connection.php on line 300.
 1 SYSTEMPATH\Database\MySQLi\Connection.php(300): mysqli->query('INSERT INTO `permission_history` (`teacher_id`, `class_id`, `column_name`, `old_value`, `new_value`, `changed_by`, `school_id`) VALUES (23, 132, \'marks\', 0, 1, NULL, \'93\')', 0)
 2 SYSTEMPATH\Database\BaseConnection.php(910): CodeIgniter\Database\MySQLi\Connection->execute('INSERT INTO `permission_history` (`teacher_id`, `class_id`, `column_name`, `old_value`, `new_value`, `changed_by`, `school_id`) VALUES (23, 132, \'marks\', 0, 1, NULL, \'93\')')
 3 SYSTEMPATH\Database\BaseConnection.php(827): CodeIgniter\Database\BaseConnection->simpleQuery('INSERT INTO `permission_history` (`teacher_id`, `class_id`, `column_name`, `old_value`, `new_value`, `changed_by`, `school_id`) VALUES (23, 132, \'marks\', 0, 1, NULL, \'93\')')
 4 SYSTEMPATH\Database\BaseBuilder.php(2345): CodeIgniter\Database\BaseConnection->query('INSERT INTO `permission_history` (`teacher_id`, `class_id`, `column_name`, `old_value`, `new_value`, `changed_by`, `school_id`) VALUES (:teacher_id:, :class_id:, :column_name:, :old_value:, :new_value:, :changed_by:, :school_id:)', [...], false)
 5 APPPATH\Models\User_model.php(637): CodeIgniter\Database\BaseBuilder->insert([...])
 6 APPPATH\Models\User_model.php(613): App\Models\User_model->log_permission_changes(23, 132, 'marks', [...], [...], null, '93')
 7 APPPATH\Controllers\Admin.php(580): App\Models\User_model->teacher_permission()
 8 APPPATH\Config\Routes.php(556): App\Controllers\Admin->permission('modify_permission')
 9 APPPATH\Config\Routes.php(568): CodeIgniter\Router\RouteCollection::{closure}('permission/modify_permission')
10 SYSTEMPATH\CodeIgniter.php(872): CodeIgniter\Router\RouteCollection::{closure}('permission/modify_permission')
11 SYSTEMPATH\CodeIgniter.php(480): CodeIgniter\CodeIgniter->startController()
12 SYSTEMPATH\CodeIgniter.php(340): CodeIgniter\CodeIgniter->handleRequest(null, Object(Config\Cache), false)
13 SYSTEMPATH\Boot.php(417): CodeIgniter\CodeIgniter->run()
14 SYSTEMPATH\Boot.php(68): CodeIgniter\Boot::runCodeIgniter(Object(CodeIgniter\CodeIgniter))
15 FCPATH\index.php(75): CodeIgniter\Boot::bootWeb(Object(Config\Paths))
CRITICAL - 2026-04-06 17:39:21 --> CodeIgniter\Database\Exceptions\DatabaseException: Table 'wayo_db.permission_history' doesn't exist
[Method: POST, Route: app/permission/modify_permission]
in SYSTEMPATH\Database\BaseConnection.php on line 865.
 1 SYSTEMPATH\Database\BaseBuilder.php(2345): CodeIgniter\Database\BaseConnection->query('INSERT INTO `permission_history` (`teacher_id`, `class_id`, `column_name`, `old_value`, `new_value`, `changed_by`, `school_id`) VALUES (:teacher_id:, :class_id:, :column_name:, :old_value:, :new_value:, :changed_by:, :school_id:)', [...], false)
 2 APPPATH\Models\User_model.php(637): CodeIgniter\Database\BaseBuilder->insert([...])
 3 APPPATH\Models\User_model.php(613): App\Models\User_model->log_permission_changes(23, 132, 'marks', [...], [...], null, '93')
 4 APPPATH\Controllers\Admin.php(580): App\Models\User_model->teacher_permission()
 5 APPPATH\Config\Routes.php(556): App\Controllers\Admin->permission('modify_permission')
 6 APPPATH\Config\Routes.php(568): CodeIgniter\Router\RouteCollection::{closure}('permission/modify_permission')
 7 SYSTEMPATH\CodeIgniter.php(872): CodeIgniter\Router\RouteCollection::{closure}('permission/modify_permission')
 8 SYSTEMPATH\CodeIgniter.php(480): CodeIgniter\CodeIgniter->startController()
 9 SYSTEMPATH\CodeIgniter.php(340): CodeIgniter\CodeIgniter->handleRequest(null, Object(Config\Cache), false)
10 SYSTEMPATH\Boot.php(417): CodeIgniter\CodeIgniter->run()
11 SYSTEMPATH\Boot.php(68): CodeIgniter\Boot::runCodeIgniter(Object(CodeIgniter\CodeIgniter))
12 FCPATH\index.php(75): CodeIgniter\Boot::bootWeb(Object(Config\Paths))
CRITICAL - 2026-04-06 17:39:21 --> [Caused by] CodeIgniter\Database\Exceptions\DatabaseException: Table 'wayo_db.permission_history' doesn't exist
in SYSTEMPATH\Database\MySQLi\Connection.php on line 310.
 1 SYSTEMPATH\Database\BaseConnection.php(910): CodeIgniter\Database\MySQLi\Connection->execute('INSERT INTO `permission_history` (`teacher_id`, `class_id`, `column_name`, `old_value`, `new_value`, `changed_by`, `school_id`) VALUES (23, 132, \'marks\', 0, 1, NULL, \'93\')')
 2 SYSTEMPATH\Database\BaseConnection.php(827): CodeIgniter\Database\BaseConnection->simpleQuery('INSERT INTO `permission_history` (`teacher_id`, `class_id`, `column_name`, `old_value`, `new_value`, `changed_by`, `school_id`) VALUES (23, 132, \'marks\', 0, 1, NULL, \'93\')')
 3 SYSTEMPATH\Database\BaseBuilder.php(2345): CodeIgniter\Database\BaseConnection->query('INSERT INTO `permission_history` (`teacher_id`, `class_id`, `column_name`, `old_value`, `new_value`, `changed_by`, `school_id`) VALUES (:teacher_id:, :class_id:, :column_name:, :old_value:, :new_value:, :changed_by:, :school_id:)', [...], false)
 4 APPPATH\Models\User_model.php(637): CodeIgniter\Database\BaseBuilder->insert([...])
 5 APPPATH\Models\User_model.php(613): App\Models\User_model->log_permission_changes(23, 132, 'marks', [...], [...], null, '93')
 6 APPPATH\Controllers\Admin.php(580): App\Models\User_model->teacher_permission()
 7 APPPATH\Config\Routes.php(556): App\Controllers\Admin->permission('modify_permission')
 8 APPPATH\Config\Routes.php(568): CodeIgniter\Router\RouteCollection::{closure}('permission/modify_permission')
 9 SYSTEMPATH\CodeIgniter.php(872): CodeIgniter\Router\RouteCollection::{closure}('permission/modify_permission')
10 SYSTEMPATH\CodeIgniter.php(480): CodeIgniter\CodeIgniter->startController()
11 SYSTEMPATH\CodeIgniter.php(340): CodeIgniter\CodeIgniter->handleRequest(null, Object(Config\Cache), false)
12 SYSTEMPATH\Boot.php(417): CodeIgniter\CodeIgniter->run()
13 SYSTEMPATH\Boot.php(68): CodeIgniter\Boot::runCodeIgniter(Object(CodeIgniter\CodeIgniter))
14 FCPATH\index.php(75): CodeIgniter\Boot::bootWeb(Object(Config\Paths))
CRITICAL - 2026-04-06 17:39:21 --> [Caused by] mysqli_sql_exception: Table 'wayo_db.permission_history' doesn't exist
in SYSTEMPATH\Database\MySQLi\Connection.php on line 300.
 1 SYSTEMPATH\Database\MySQLi\Connection.php(300): mysqli->query('INSERT INTO `permission_history` (`teacher_id`, `class_id`, `column_name`, `old_value`, `new_value`, `changed_by`, `school_id`) VALUES (23, 132, \'marks\', 0, 1, NULL, \'93\')', 0)
 2 SYSTEMPATH\Database\BaseConnection.php(910): CodeIgniter\Database\MySQLi\Connection->execute('INSERT INTO `permission_history` (`teacher_id`, `class_id`, `column_name`, `old_value`, `new_value`, `changed_by`, `school_id`) VALUES (23, 132, \'marks\', 0, 1, NULL, \'93\')')
 3 SYSTEMPATH\Database\BaseConnection.php(827): CodeIgniter\Database\BaseConnection->simpleQuery('INSERT INTO `permission_history` (`teacher_id`, `class_id`, `column_name`, `old_value`, `new_value`, `changed_by`, `school_id`) VALUES (23, 132, \'marks\', 0, 1, NULL, \'93\')')
 4 SYSTEMPATH\Database\BaseBuilder.php(2345): CodeIgniter\Database\BaseConnection->query('INSERT INTO `permission_history` (`teacher_id`, `class_id`, `column_name`, `old_value`, `new_value`, `changed_by`, `school_id`) VALUES (:teacher_id:, :class_id:, :column_name:, :old_value:, :new_value:, :changed_by:, :school_id:)', [...], false)
 5 APPPATH\Models\User_model.php(637): CodeIgniter\Database\BaseBuilder->insert([...])
 6 APPPATH\Models\User_model.php(613): App\Models\User_model->log_permission_changes(23, 132, 'marks', [...], [...], null, '93')
 7 APPPATH\Controllers\Admin.php(580): App\Models\User_model->teacher_permission()
 8 APPPATH\Config\Routes.php(556): App\Controllers\Admin->permission('modify_permission')
 9 APPPATH\Config\Routes.php(568): CodeIgniter\Router\RouteCollection::{closure}('permission/modify_permission')
10 SYSTEMPATH\CodeIgniter.php(872): CodeIgniter\Router\RouteCollection::{closure}('permission/modify_permission')
11 SYSTEMPATH\CodeIgniter.php(480): CodeIgniter\CodeIgniter->startController()
12 SYSTEMPATH\CodeIgniter.php(340): CodeIgniter\CodeIgniter->handleRequest(null, Object(Config\Cache), false)
13 SYSTEMPATH\Boot.php(417): CodeIgniter\CodeIgniter->run()
14 SYSTEMPATH\Boot.php(68): CodeIgniter\Boot::runCodeIgniter(Object(CodeIgniter\CodeIgniter))
15 FCPATH\index.php(75): CodeIgniter\Boot::bootWeb(Object(Config\Paths))
DEBUG - 2026-04-06 17:40:36 --> Session: Class initialized using 'CodeIgniter\Session\Handlers\FileHandler' driver.
INFO - 2026-04-06 17:40:36 --> Permission modified by user_id:  for teacher_id: 23, class_id: 132, changes: {"marks":1}, school_id: 93
DEBUG - 2026-04-06 17:40:44 --> Session: Class initialized using 'CodeIgniter\Session\Handlers\FileHandler' driver.
INFO - 2026-04-06 17:40:44 --> Permission modified by user_id:  for teacher_id: 23, class_id: 132, changes: {"attendance":1}, school_id: 93
ERROR - 2026-04-06 17:40:44 --> Column 'changed_by' cannot be null
in SYSTEMPATH\Database\MySQLi\Connection.php on line 300.
 1 SYSTEMPATH\Database\MySQLi\Connection.php(300): mysqli->query('INSERT INTO `permission_history` (`teacher_id`, `class_id`, `column_name`, `old_value`, `new_value`, `changed_by`, `school_id`) VALUES (23, 132, \'attendance\', 0, 1, NULL, \'93\')', 0)
 2 SYSTEMPATH\Database\BaseConnection.php(910): CodeIgniter\Database\MySQLi\Connection->execute('INSERT INTO `permission_history` (`teacher_id`, `class_id`, `column_name`, `old_value`, `new_value`, `changed_by`, `school_id`) VALUES (23, 132, \'attendance\', 0, 1, NULL, \'93\')')
 3 SYSTEMPATH\Database\BaseConnection.php(827): CodeIgniter\Database\BaseConnection->simpleQuery('INSERT INTO `permission_history` (`teacher_id`, `class_id`, `column_name`, `old_value`, `new_value`, `changed_by`, `school_id`) VALUES (23, 132, \'attendance\', 0, 1, NULL, \'93\')')
 4 SYSTEMPATH\Database\BaseBuilder.php(2345): CodeIgniter\Database\BaseConnection->query('INSERT INTO `permission_history` (`teacher_id`, `class_id`, `column_name`, `old_value`, `new_value`, `changed_by`, `school_id`) VALUES (:teacher_id:, :class_id:, :column_name:, :old_value:, :new_value:, :changed_by:, :school_id:)', [...], false)
 5 APPPATH\Models\User_model.php(637): CodeIgniter\Database\BaseBuilder->insert([...])
 6 APPPATH\Models\User_model.php(596): App\Models\User_model->log_permission_changes(23, 132, 'attendance', [...], [...], null, '93')
 7 APPPATH\Controllers\Admin.php(580): App\Models\User_model->teacher_permission()
 8 APPPATH\Config\Routes.php(556): App\Controllers\Admin->permission('modify_permission')
 9 APPPATH\Config\Routes.php(568): CodeIgniter\Router\RouteCollection::{closure}('permission/modify_permission')
10 SYSTEMPATH\CodeIgniter.php(872): CodeIgniter\Router\RouteCollection::{closure}('permission/modify_permission')
11 SYSTEMPATH\CodeIgniter.php(480): CodeIgniter\CodeIgniter->startController()
12 SYSTEMPATH\CodeIgniter.php(340): CodeIgniter\CodeIgniter->handleRequest(null, Object(Config\Cache), false)
13 SYSTEMPATH\Boot.php(417): CodeIgniter\CodeIgniter->run()
14 SYSTEMPATH\Boot.php(68): CodeIgniter\Boot::runCodeIgniter(Object(CodeIgniter\CodeIgniter))
15 FCPATH\index.php(75): CodeIgniter\Boot::bootWeb(Object(Config\Paths))
CRITICAL - 2026-04-06 17:40:44 --> CodeIgniter\Database\Exceptions\DatabaseException: Column 'changed_by' cannot be null
[Method: POST, Route: app/permission/modify_permission]
in SYSTEMPATH\Database\BaseConnection.php on line 865.
 1 SYSTEMPATH\Database\BaseBuilder.php(2345): CodeIgniter\Database\BaseConnection->query('INSERT INTO `permission_history` (`teacher_id`, `class_id`, `column_name`, `old_value`, `new_value`, `changed_by`, `school_id`) VALUES (:teacher_id:, :class_id:, :column_name:, :old_value:, :new_value:, :changed_by:, :school_id:)', [...], false)
 2 APPPATH\Models\User_model.php(637): CodeIgniter\Database\BaseBuilder->insert([...])
 3 APPPATH\Models\User_model.php(596): App\Models\User_model->log_permission_changes(23, 132, 'attendance', [...], [...], null, '93')
 4 APPPATH\Controllers\Admin.php(580): App\Models\User_model->teacher_permission()
 5 APPPATH\Config\Routes.php(556): App\Controllers\Admin->permission('modify_permission')
 6 APPPATH\Config\Routes.php(568): CodeIgniter\Router\RouteCollection::{closure}('permission/modify_permission')
 7 SYSTEMPATH\CodeIgniter.php(872): CodeIgniter\Router\RouteCollection::{closure}('permission/modify_permission')
 8 SYSTEMPATH\CodeIgniter.php(480): CodeIgniter\CodeIgniter->startController()
 9 SYSTEMPATH\CodeIgniter.php(340): CodeIgniter\CodeIgniter->handleRequest(null, Object(Config\Cache), false)
10 SYSTEMPATH\Boot.php(417): CodeIgniter\CodeIgniter->run()
11 SYSTEMPATH\Boot.php(68): CodeIgniter\Boot::runCodeIgniter(Object(CodeIgniter\CodeIgniter))
12 FCPATH\index.php(75): CodeIgniter\Boot::bootWeb(Object(Config\Paths))
CRITICAL - 2026-04-06 17:40:44 --> [Caused by] CodeIgniter\Database\Exceptions\DatabaseException: Column 'changed_by' cannot be null
in SYSTEMPATH\Database\MySQLi\Connection.php on line 310.
 1 SYSTEMPATH\Database\BaseConnection.php(910): CodeIgniter\Database\MySQLi\Connection->execute('INSERT INTO `permission_history` (`teacher_id`, `class_id`, `column_name`, `old_value`, `new_value`, `changed_by`, `school_id`) VALUES (23, 132, \'attendance\', 0, 1, NULL, \'93\')')
 2 SYSTEMPATH\Database\BaseConnection.php(827): CodeIgniter\Database\BaseConnection->simpleQuery('INSERT INTO `permission_history` (`teacher_id`, `class_id`, `column_name`, `old_value`, `new_value`, `changed_by`, `school_id`) VALUES (23, 132, \'attendance\', 0, 1, NULL, \'93\')')
 3 SYSTEMPATH\Database\BaseBuilder.php(2345): CodeIgniter\Database\BaseConnection->query('INSERT INTO `permission_history` (`teacher_id`, `class_id`, `column_name`, `old_value`, `new_value`, `changed_by`, `school_id`) VALUES (:teacher_id:, :class_id:, :column_name:, :old_value:, :new_value:, :changed_by:, :school_id:)', [...], false)
 4 APPPATH\Models\User_model.php(637): CodeIgniter\Database\BaseBuilder->insert([...])
 5 APPPATH\Models\User_model.php(596): App\Models\User_model->log_permission_changes(23, 132, 'attendance', [...], [...], null, '93')
 6 APPPATH\Controllers\Admin.php(580): App\Models\User_model->teacher_permission()
 7 APPPATH\Config\Routes.php(556): App\Controllers\Admin->permission('modify_permission')
 8 APPPATH\Config\Routes.php(568): CodeIgniter\Router\RouteCollection::{closure}('permission/modify_permission')
 9 SYSTEMPATH\CodeIgniter.php(872): CodeIgniter\Router\RouteCollection::{closure}('permission/modify_permission')
10 SYSTEMPATH\CodeIgniter.php(480): CodeIgniter\CodeIgniter->startController()
11 SYSTEMPATH\CodeIgniter.php(340): CodeIgniter\CodeIgniter->handleRequest(null, Object(Config\Cache), false)
12 SYSTEMPATH\Boot.php(417): CodeIgniter\CodeIgniter->run()
13 SYSTEMPATH\Boot.php(68): CodeIgniter\Boot::runCodeIgniter(Object(CodeIgniter\CodeIgniter))
14 FCPATH\index.php(75): CodeIgniter\Boot::bootWeb(Object(Config\Paths))
CRITICAL - 2026-04-06 17:40:44 --> [Caused by] mysqli_sql_exception: Column 'changed_by' cannot be null
in SYSTEMPATH\Database\MySQLi\Connection.php on line 300.
 1 SYSTEMPATH\Database\MySQLi\Connection.php(300): mysqli->query('INSERT INTO `permission_history` (`teacher_id`, `class_id`, `column_name`, `old_value`, `new_value`, `changed_by`, `school_id`) VALUES (23, 132, \'attendance\', 0, 1, NULL, \'93\')', 0)
 2 SYSTEMPATH\Database\BaseConnection.php(910): CodeIgniter\Database\MySQLi\Connection->execute('INSERT INTO `permission_history` (`teacher_id`, `class_id`, `column_name`, `old_value`, `new_value`, `changed_by`, `school_id`) VALUES (23, 132, \'attendance\', 0, 1, NULL, \'93\')')
 3 SYSTEMPATH\Database\BaseConnection.php(827): CodeIgniter\Database\BaseConnection->simpleQuery('INSERT INTO `permission_history` (`teacher_id`, `class_id`, `column_name`, `old_value`, `new_value`, `changed_by`, `school_id`) VALUES (23, 132, \'attendance\', 0, 1, NULL, \'93\')')
 4 SYSTEMPATH\Database\BaseBuilder.php(2345): CodeIgniter\Database\BaseConnection->query('INSERT INTO `permission_history` (`teacher_id`, `class_id`, `column_name`, `old_value`, `new_value`, `changed_by`, `school_id`) VALUES (:teacher_id:, :class_id:, :column_name:, :old_value:, :new_value:, :changed_by:, :school_id:)', [...], false)
 5 APPPATH\Models\User_model.php(637): CodeIgniter\Database\BaseBuilder->insert([...])
 6 APPPATH\Models\User_model.php(596): App\Models\User_model->log_permission_changes(23, 132, 'attendance', [...], [...], null, '93')
 7 APPPATH\Controllers\Admin.php(580): App\Models\User_model->teacher_permission()
 8 APPPATH\Config\Routes.php(556): App\Controllers\Admin->permission('modify_permission')
 9 APPPATH\Config\Routes.php(568): CodeIgniter\Router\RouteCollection::{closure}('permission/modify_permission')
10 SYSTEMPATH\CodeIgniter.php(872): CodeIgniter\Router\RouteCollection::{closure}('permission/modify_permission')
11 SYSTEMPATH\CodeIgniter.php(480): CodeIgniter\CodeIgniter->startController()
12 SYSTEMPATH\CodeIgniter.php(340): CodeIgniter\CodeIgniter->handleRequest(null, Object(Config\Cache), false)
13 SYSTEMPATH\Boot.php(417): CodeIgniter\CodeIgniter->run()
14 SYSTEMPATH\Boot.php(68): CodeIgniter\Boot::runCodeIgniter(Object(CodeIgniter\CodeIgniter))
15 FCPATH\index.php(75): CodeIgniter\Boot::bootWeb(Object(Config\Paths))
DEBUG - 2026-04-06 17:45:35 --> Session: Class initialized using 'CodeIgniter\Session\Handlers\FileHandler' driver.
DEBUG - 2026-04-06 17:45:36 --> Total exams not yet taken calculated for school_id 93: 0
DEBUG - 2026-04-06 17:45:43 --> Session: Class initialized using 'CodeIgniter\Session\Handlers\FileHandler' driver.
DEBUG - 2026-04-06 17:47:30 --> Session: Class initialized using 'CodeIgniter\Session\Handlers\FileHandler' driver.
INFO - 2026-04-06 17:47:30 --> Permission created by user_id: 266 for teacher_id: 28, class_id: 132, initial values: {"marks":1,"attendance":1}, school_id: 93
DEBUG - 2026-04-06 17:47:32 --> Session: Class initialized using 'CodeIgniter\Session\Handlers\FileHandler' driver.
INFO - 2026-04-06 17:47:32 --> Permission created by user_id: 266 for teacher_id: 29, class_id: 132, initial values: {"marks":1,"attendance":1}, school_id: 93
DEBUG - 2026-04-06 17:47:34 --> Session: Class initialized using 'CodeIgniter\Session\Handlers\FileHandler' driver.
INFO - 2026-04-06 17:47:34 --> Permission modified by user_id: 266 for teacher_id: 29, class_id: 132, changes: {"marks":0,"attendance":0}, school_id: 93
DEBUG - 2026-04-06 17:47:36 --> Session: Class initialized using 'CodeIgniter\Session\Handlers\FileHandler' driver.
DEBUG - 2026-04-06 17:47:47 --> Session: Class initialized using 'CodeIgniter\Session\Handlers\FileHandler' driver.
DEBUG - 2026-04-06 17:47:48 --> Total exams not yet taken calculated for school_id 93: 0
DEBUG - 2026-04-06 17:47:55 --> Session: Class initialized using 'CodeIgniter\Session\Handlers\FileHandler' driver.
DEBUG - 2026-04-06 17:50:20 --> Session: Class initialized using 'CodeIgniter\Session\Handlers\FileHandler' driver.
DEBUG - 2026-04-06 17:50:28 --> Session: Class initialized using 'CodeIgniter\Session\Handlers\FileHandler' driver.
DEBUG - 2026-04-06 17:50:28 --> Total exams not yet taken calculated for school_id 93: 0
DEBUG - 2026-04-06 17:50:33 --> Session: Class initialized using 'CodeIgniter\Session\Handlers\FileHandler' driver.
DEBUG - 2026-04-06 17:50:36 --> Session: Class initialized using 'CodeIgniter\Session\Handlers\FileHandler' driver.
DEBUG - 2026-04-06 17:50:37 --> Total exams not yet taken calculated for school_id 93: 0
