DEBUG - 2026-04-08 08:45:43 --> Session: Class initialized using 'CodeIgniter\Session\Handlers\FileHandler' driver.
DEBUG - 2026-04-08 08:45:44 --> Session: Class initialized using 'CodeIgniter\Session\Handlers\FileHandler' driver.
DEBUG - 2026-04-08 08:49:14 --> Session: Class initialized using 'CodeIgniter\Session\Handlers\FileHandler' driver.
DEBUG - 2026-04-08 08:49:16 --> Session: Class initialized using 'CodeIgniter\Session\Handlers\FileHandler' driver.
DEBUG - 2026-04-08 08:49:18 --> Total exams not yet taken calculated for school_id 93: 0
ERROR - 2026-04-08 08:49:19 --> Table 'wayo_db.events' doesn't exist
in SYSTEMPATH\Database\MySQLi\Connection.php on line 300.
 1 SYSTEMPATH\Database\MySQLi\Connection.php(300): mysqli->query('SELECT *
FROM `events`
WHERE `school_id` = \'93\'
AND `date` >= \'2026-04-01\'
AND `date` <= \'2026-04-30\'', 0)
 2 SYSTEMPATH\Database\BaseConnection.php(910): CodeIgniter\Database\MySQLi\Connection->execute('SELECT *
FROM `events`
WHERE `school_id` = \'93\'
AND `date` >= \'2026-04-01\'
AND `date` <= \'2026-04-30\'')
 3 SYSTEMPATH\Database\BaseConnection.php(827): CodeIgniter\Database\BaseConnection->simpleQuery('SELECT *
FROM `events`
WHERE `school_id` = \'93\'
AND `date` >= \'2026-04-01\'
AND `date` <= \'2026-04-30\'')
 4 SYSTEMPATH\Database\BaseBuilder.php(1649): CodeIgniter\Database\BaseConnection->query('SELECT *
FROM `events`
WHERE `school_id` = :school_id:
AND `date` >= :date:
AND `date` <= :date.1:', [...], false)
 5 APPPATH\Models\Crud_model.php(349): CodeIgniter\Database\BaseBuilder->get()
 6 APPPATH\Views\backend\admin\dashboard\index.php(681): App\Models\Crud_model->get_current_month_events()
 7 APPPATH\Views\backend\index.php(147): include('C:\\xampp\\htdocs\\School-Management-De_migration\\app\\Views\\backend\\admin\\dashboard\\index.php')
 8 SYSTEMPATH\View\View.php(240): include('C:\\xampp\\htdocs\\School-Management-De_migration\\app\\Views\\backend\\index.php')
 9 SYSTEMPATH\View\View.php(243): CodeIgniter\View\View->CodeIgniter\View\{closure}()
10 APPPATH\View\View.php(357): CodeIgniter\View\View->render('backend/index', [], true)
11 SYSTEMPATH\Common.php(1250): App\View\View->render('backend/index', [], true)
12 APPPATH\Controllers\Admin.php(108): view('backend/index', [...])
13 APPPATH\Config\Routes.php(335): App\Controllers\Admin->dashboard()
14 SYSTEMPATH\CodeIgniter.php(872): CodeIgniter\Router\RouteCollection::{closure}()
15 SYSTEMPATH\CodeIgniter.php(480): CodeIgniter\CodeIgniter->startController()
16 SYSTEMPATH\CodeIgniter.php(340): CodeIgniter\CodeIgniter->handleRequest(null, Object(Config\Cache), false)
17 SYSTEMPATH\Boot.php(417): CodeIgniter\CodeIgniter->run()
18 SYSTEMPATH\Boot.php(68): CodeIgniter\Boot::runCodeIgniter(Object(CodeIgniter\CodeIgniter))
19 FCPATH\index.php(75): CodeIgniter\Boot::bootWeb(Object(Config\Paths))
ERROR - 2026-04-08 08:49:19 --> Table 'wayo_db.events' doesn't exist
in SYSTEMPATH\Database\MySQLi\Connection.php on line 300.
 1 SYSTEMPATH\Database\MySQLi\Connection.php(300): mysqli->query('SELECT *
FROM `events`
WHERE `school_id` = \'93\'
AND `date` >= \'2026-04-01\'
AND `date` <= \'2026-04-30\'', 0)
 2 SYSTEMPATH\Database\BaseConnection.php(910): CodeIgniter\Database\MySQLi\Connection->execute('SELECT *
FROM `events`
WHERE `school_id` = \'93\'
AND `date` >= \'2026-04-01\'
AND `date` <= \'2026-04-30\'')
 3 SYSTEMPATH\Database\BaseConnection.php(827): CodeIgniter\Database\BaseConnection->simpleQuery('SELECT *
FROM `events`
WHERE `school_id` = \'93\'
AND `date` >= \'2026-04-01\'
AND `date` <= \'2026-04-30\'')
 4 SYSTEMPATH\Database\BaseBuilder.php(1649): CodeIgniter\Database\BaseConnection->query('SELECT *
FROM `events`
WHERE `school_id` = :school_id:
AND `date` >= :date:
AND `date` <= :date.1:', [...], false)
 5 APPPATH\Models\Crud_model.php(349): CodeIgniter\Database\BaseBuilder->get()
 6 APPPATH\Views\backend\admin\dashboard\index.php(719): App\Models\Crud_model->get_current_month_events()
 7 APPPATH\Views\backend\index.php(147): include('C:\\xampp\\htdocs\\School-Management-De_migration\\app\\Views\\backend\\admin\\dashboard\\index.php')
 8 SYSTEMPATH\View\View.php(240): include('C:\\xampp\\htdocs\\School-Management-De_migration\\app\\Views\\backend\\index.php')
 9 SYSTEMPATH\View\View.php(243): CodeIgniter\View\View->CodeIgniter\View\{closure}()
10 APPPATH\View\View.php(357): CodeIgniter\View\View->render('backend/index', [], true)
11 SYSTEMPATH\Common.php(1250): App\View\View->render('backend/index', [], true)
12 APPPATH\Controllers\Admin.php(108): view('backend/index', [...])
13 APPPATH\Config\Routes.php(335): App\Controllers\Admin->dashboard()
14 SYSTEMPATH\CodeIgniter.php(872): CodeIgniter\Router\RouteCollection::{closure}()
15 SYSTEMPATH\CodeIgniter.php(480): CodeIgniter\CodeIgniter->startController()
16 SYSTEMPATH\CodeIgniter.php(340): CodeIgniter\CodeIgniter->handleRequest(null, Object(Config\Cache), false)
17 SYSTEMPATH\Boot.php(417): CodeIgniter\CodeIgniter->run()
18 SYSTEMPATH\Boot.php(68): CodeIgniter\Boot::runCodeIgniter(Object(CodeIgniter\CodeIgniter))
19 FCPATH\index.php(75): CodeIgniter\Boot::bootWeb(Object(Config\Paths))
DEBUG - 2026-04-08 08:49:35 --> Session: Class initialized using 'CodeIgniter\Session\Handlers\FileHandler' driver.
DEBUG - 2026-04-08 08:49:35 --> Total exams not yet taken calculated for school_id 93: 0
DEBUG - 2026-04-08 08:49:37 --> Session: Class initialized using 'CodeIgniter\Session\Handlers\FileHandler' driver.
DEBUG - 2026-04-08 08:49:44 --> Session: Class initialized using 'CodeIgniter\Session\Handlers\FileHandler' driver.
DEBUG - 2026-04-08 08:49:44 --> Total exams not yet taken calculated for school_id 93: 0
DEBUG - 2026-04-08 08:49:46 --> Session: Class initialized using 'CodeIgniter\Session\Handlers\FileHandler' driver.
INFO - 2026-04-08 08:49:46 --> Permission history viewed by user_id: 266 for teacher_id: 23, class_id: 132
ERROR - 2026-04-08 08:49:46 --> Unknown column 't.name' in 'field list'
in SYSTEMPATH\Database\MySQLi\Connection.php on line 300.
 1 SYSTEMPATH\Database\MySQLi\Connection.php(300): mysqli->query('SELECT `ph`.*, `t`.`name` as `teacher_name`, `c`.`name` as `class_name`, `u`.`name` as `changed_by_name`
FROM `permission_history` `ph`
JOIN `teachers` `t` ON `ph`.`teacher_id` = `t`.`id`
JOIN `classes` `c` ON `ph`.`class_id` = `c`.`id`
JOIN `users` `u` ON `ph`.`changed_by` = `u`.`id`
WHERE `ph`.`teacher_id` = 23
AND `ph`.`class_id` = 132
AND `ph`.`school_id` = \'93\'
ORDER BY `ph`.`created_at` DESC
 LIMIT 50', 0)
 2 SYSTEMPATH\Database\BaseConnection.php(910): CodeIgniter\Database\MySQLi\Connection->execute('SELECT `ph`.*, `t`.`name` as `teacher_name`, `c`.`name` as `class_name`, `u`.`name` as `changed_by_name`
FROM `permission_history` `ph`
JOIN `teachers` `t` ON `ph`.`teacher_id` = `t`.`id`
JOIN `classes` `c` ON `ph`.`class_id` = `c`.`id`
JOIN `users` `u` ON `ph`.`changed_by` = `u`.`id`
WHERE `ph`.`teacher_id` = 23
AND `ph`.`class_id` = 132
AND `ph`.`school_id` = \'93\'
ORDER BY `ph`.`created_at` DESC
 LIMIT 50')
 3 SYSTEMPATH\Database\BaseConnection.php(827): CodeIgniter\Database\BaseConnection->simpleQuery('SELECT `ph`.*, `t`.`name` as `teacher_name`, `c`.`name` as `class_name`, `u`.`name` as `changed_by_name`
FROM `permission_history` `ph`
JOIN `teachers` `t` ON `ph`.`teacher_id` = `t`.`id`
JOIN `classes` `c` ON `ph`.`class_id` = `c`.`id`
JOIN `users` `u` ON `ph`.`changed_by` = `u`.`id`
WHERE `ph`.`teacher_id` = 23
AND `ph`.`class_id` = 132
AND `ph`.`school_id` = \'93\'
ORDER BY `ph`.`created_at` DESC
 LIMIT 50')
 4 SYSTEMPATH\Database\BaseBuilder.php(1649): CodeIgniter\Database\BaseConnection->query('SELECT `ph`.*, `t`.`name` as `teacher_name`, `c`.`name` as `class_name`, `u`.`name` as `changed_by_name`
FROM `permission_history` `ph`
JOIN `teachers` `t` ON `ph`.`teacher_id` = `t`.`id`
JOIN `classes` `c` ON `ph`.`class_id` = `c`.`id`
JOIN `users` `u` ON `ph`.`changed_by` = `u`.`id`
WHERE `ph`.`teacher_id` = :ph.teacher_id:
AND `ph`.`class_id` = :ph.class_id:
AND `ph`.`school_id` = :ph.school_id:
ORDER BY `ph`.`created_at` DESC
 LIMIT 50', [...], false)
 5 APPPATH\View\DatabaseCompat.php(326): CodeIgniter\Database\BaseBuilder->get()
 6 APPPATH\Controllers\Admin.php(707): App\View\BuilderCompat->get()
 7 APPPATH\Config\Routes.php(556): App\Controllers\Admin->get_permission_history()
 8 APPPATH\Config\Routes.php(568): CodeIgniter\Router\RouteCollection::{closure}('get_permission_history')
 9 SYSTEMPATH\CodeIgniter.php(872): CodeIgniter\Router\RouteCollection::{closure}('get_permission_history')
10 SYSTEMPATH\CodeIgniter.php(480): CodeIgniter\CodeIgniter->startController()
11 SYSTEMPATH\CodeIgniter.php(340): CodeIgniter\CodeIgniter->handleRequest(null, Object(Config\Cache), false)
12 SYSTEMPATH\Boot.php(417): CodeIgniter\CodeIgniter->run()
13 SYSTEMPATH\Boot.php(68): CodeIgniter\Boot::runCodeIgniter(Object(CodeIgniter\CodeIgniter))
14 FCPATH\index.php(75): CodeIgniter\Boot::bootWeb(Object(Config\Paths))
CRITICAL - 2026-04-08 08:49:46 --> CodeIgniter\Database\Exceptions\DatabaseException: Unknown column 't.name' in 'field list'
[Method: POST, Route: app/get_permission_history]
in SYSTEMPATH\Database\BaseConnection.php on line 865.
 1 SYSTEMPATH\Database\BaseBuilder.php(1649): CodeIgniter\Database\BaseConnection->query('SELECT `ph`.*, `t`.`name` as `teacher_name`, `c`.`name` as `class_name`, `u`.`name` as `changed_by_name`
FROM `permission_history` `ph`
JOIN `teachers` `t` ON `ph`.`teacher_id` = `t`.`id`
JOIN `classes` `c` ON `ph`.`class_id` = `c`.`id`
JOIN `users` `u` ON `ph`.`changed_by` = `u`.`id`
WHERE `ph`.`teacher_id` = :ph.teacher_id:
AND `ph`.`class_id` = :ph.class_id:
AND `ph`.`school_id` = :ph.school_id:
ORDER BY `ph`.`created_at` DESC
 LIMIT 50', [...], false)
 2 APPPATH\View\DatabaseCompat.php(326): CodeIgniter\Database\BaseBuilder->get()
 3 APPPATH\Controllers\Admin.php(707): App\View\BuilderCompat->get()
 4 APPPATH\Config\Routes.php(556): App\Controllers\Admin->get_permission_history()
 5 APPPATH\Config\Routes.php(568): CodeIgniter\Router\RouteCollection::{closure}('get_permission_history')
 6 SYSTEMPATH\CodeIgniter.php(872): CodeIgniter\Router\RouteCollection::{closure}('get_permission_history')
 7 SYSTEMPATH\CodeIgniter.php(480): CodeIgniter\CodeIgniter->startController()
 8 SYSTEMPATH\CodeIgniter.php(340): CodeIgniter\CodeIgniter->handleRequest(null, Object(Config\Cache), false)
 9 SYSTEMPATH\Boot.php(417): CodeIgniter\CodeIgniter->run()
10 SYSTEMPATH\Boot.php(68): CodeIgniter\Boot::runCodeIgniter(Object(CodeIgniter\CodeIgniter))
11 FCPATH\index.php(75): CodeIgniter\Boot::bootWeb(Object(Config\Paths))
CRITICAL - 2026-04-08 08:49:46 --> [Caused by] CodeIgniter\Database\Exceptions\DatabaseException: Unknown column 't.name' in 'field list'
in SYSTEMPATH\Database\MySQLi\Connection.php on line 310.
 1 SYSTEMPATH\Database\BaseConnection.php(910): CodeIgniter\Database\MySQLi\Connection->execute('SELECT `ph`.*, `t`.`name` as `teacher_name`, `c`.`name` as `class_name`, `u`.`name` as `changed_by_name`
FROM `permission_history` `ph`
JOIN `teachers` `t` ON `ph`.`teacher_id` = `t`.`id`
JOIN `classes` `c` ON `ph`.`class_id` = `c`.`id`
JOIN `users` `u` ON `ph`.`changed_by` = `u`.`id`
WHERE `ph`.`teacher_id` = 23
AND `ph`.`class_id` = 132
AND `ph`.`school_id` = \'93\'
ORDER BY `ph`.`created_at` DESC
 LIMIT 50')
 2 SYSTEMPATH\Database\BaseConnection.php(827): CodeIgniter\Database\BaseConnection->simpleQuery('SELECT `ph`.*, `t`.`name` as `teacher_name`, `c`.`name` as `class_name`, `u`.`name` as `changed_by_name`
FROM `permission_history` `ph`
JOIN `teachers` `t` ON `ph`.`teacher_id` = `t`.`id`
JOIN `classes` `c` ON `ph`.`class_id` = `c`.`id`
JOIN `users` `u` ON `ph`.`changed_by` = `u`.`id`
WHERE `ph`.`teacher_id` = 23
AND `ph`.`class_id` = 132
AND `ph`.`school_id` = \'93\'
ORDER BY `ph`.`created_at` DESC
 LIMIT 50')
 3 SYSTEMPATH\Database\BaseBuilder.php(1649): CodeIgniter\Database\BaseConnection->query('SELECT `ph`.*, `t`.`name` as `teacher_name`, `c`.`name` as `class_name`, `u`.`name` as `changed_by_name`
FROM `permission_history` `ph`
JOIN `teachers` `t` ON `ph`.`teacher_id` = `t`.`id`
JOIN `classes` `c` ON `ph`.`class_id` = `c`.`id`
JOIN `users` `u` ON `ph`.`changed_by` = `u`.`id`
WHERE `ph`.`teacher_id` = :ph.teacher_id:
AND `ph`.`class_id` = :ph.class_id:
AND `ph`.`school_id` = :ph.school_id:
ORDER BY `ph`.`created_at` DESC
 LIMIT 50', [...], false)
 4 APPPATH\View\DatabaseCompat.php(326): CodeIgniter\Database\BaseBuilder->get()
 5 APPPATH\Controllers\Admin.php(707): App\View\BuilderCompat->get()
 6 APPPATH\Config\Routes.php(556): App\Controllers\Admin->get_permission_history()
 7 APPPATH\Config\Routes.php(568): CodeIgniter\Router\RouteCollection::{closure}('get_permission_history')
 8 SYSTEMPATH\CodeIgniter.php(872): CodeIgniter\Router\RouteCollection::{closure}('get_permission_history')
 9 SYSTEMPATH\CodeIgniter.php(480): CodeIgniter\CodeIgniter->startController()
10 SYSTEMPATH\CodeIgniter.php(340): CodeIgniter\CodeIgniter->handleRequest(null, Object(Config\Cache), false)
11 SYSTEMPATH\Boot.php(417): CodeIgniter\CodeIgniter->run()
12 SYSTEMPATH\Boot.php(68): CodeIgniter\Boot::runCodeIgniter(Object(CodeIgniter\CodeIgniter))
13 FCPATH\index.php(75): CodeIgniter\Boot::bootWeb(Object(Config\Paths))
CRITICAL - 2026-04-08 08:49:46 --> [Caused by] mysqli_sql_exception: Unknown column 't.name' in 'field list'
in SYSTEMPATH\Database\MySQLi\Connection.php on line 300.
 1 SYSTEMPATH\Database\MySQLi\Connection.php(300): mysqli->query('SELECT `ph`.*, `t`.`name` as `teacher_name`, `c`.`name` as `class_name`, `u`.`name` as `changed_by_name`
FROM `permission_history` `ph`
JOIN `teachers` `t` ON `ph`.`teacher_id` = `t`.`id`
JOIN `classes` `c` ON `ph`.`class_id` = `c`.`id`
JOIN `users` `u` ON `ph`.`changed_by` = `u`.`id`
WHERE `ph`.`teacher_id` = 23
AND `ph`.`class_id` = 132
AND `ph`.`school_id` = \'93\'
ORDER BY `ph`.`created_at` DESC
 LIMIT 50', 0)
 2 SYSTEMPATH\Database\BaseConnection.php(910): CodeIgniter\Database\MySQLi\Connection->execute('SELECT `ph`.*, `t`.`name` as `teacher_name`, `c`.`name` as `class_name`, `u`.`name` as `changed_by_name`
FROM `permission_history` `ph`
JOIN `teachers` `t` ON `ph`.`teacher_id` = `t`.`id`
JOIN `classes` `c` ON `ph`.`class_id` = `c`.`id`
JOIN `users` `u` ON `ph`.`changed_by` = `u`.`id`
WHERE `ph`.`teacher_id` = 23
AND `ph`.`class_id` = 132
AND `ph`.`school_id` = \'93\'
ORDER BY `ph`.`created_at` DESC
 LIMIT 50')
 3 SYSTEMPATH\Database\BaseConnection.php(827): CodeIgniter\Database\BaseConnection->simpleQuery('SELECT `ph`.*, `t`.`name` as `teacher_name`, `c`.`name` as `class_name`, `u`.`name` as `changed_by_name`
FROM `permission_history` `ph`
JOIN `teachers` `t` ON `ph`.`teacher_id` = `t`.`id`
JOIN `classes` `c` ON `ph`.`class_id` = `c`.`id`
JOIN `users` `u` ON `ph`.`changed_by` = `u`.`id`
WHERE `ph`.`teacher_id` = 23
AND `ph`.`class_id` = 132
AND `ph`.`school_id` = \'93\'
ORDER BY `ph`.`created_at` DESC
 LIMIT 50')
 4 SYSTEMPATH\Database\BaseBuilder.php(1649): CodeIgniter\Database\BaseConnection->query('SELECT `ph`.*, `t`.`name` as `teacher_name`, `c`.`name` as `class_name`, `u`.`name` as `changed_by_name`
FROM `permission_history` `ph`
JOIN `teachers` `t` ON `ph`.`teacher_id` = `t`.`id`
JOIN `classes` `c` ON `ph`.`class_id` = `c`.`id`
JOIN `users` `u` ON `ph`.`changed_by` = `u`.`id`
WHERE `ph`.`teacher_id` = :ph.teacher_id:
AND `ph`.`class_id` = :ph.class_id:
AND `ph`.`school_id` = :ph.school_id:
ORDER BY `ph`.`created_at` DESC
 LIMIT 50', [...], false)
 5 APPPATH\View\DatabaseCompat.php(326): CodeIgniter\Database\BaseBuilder->get()
 6 APPPATH\Controllers\Admin.php(707): App\View\BuilderCompat->get()
 7 APPPATH\Config\Routes.php(556): App\Controllers\Admin->get_permission_history()
 8 APPPATH\Config\Routes.php(568): CodeIgniter\Router\RouteCollection::{closure}('get_permission_history')
 9 SYSTEMPATH\CodeIgniter.php(872): CodeIgniter\Router\RouteCollection::{closure}('get_permission_history')
10 SYSTEMPATH\CodeIgniter.php(480): CodeIgniter\CodeIgniter->startController()
11 SYSTEMPATH\CodeIgniter.php(340): CodeIgniter\CodeIgniter->handleRequest(null, Object(Config\Cache), false)
12 SYSTEMPATH\Boot.php(417): CodeIgniter\CodeIgniter->run()
13 SYSTEMPATH\Boot.php(68): CodeIgniter\Boot::runCodeIgniter(Object(CodeIgniter\CodeIgniter))
14 FCPATH\index.php(75): CodeIgniter\Boot::bootWeb(Object(Config\Paths))
DEBUG - 2026-04-08 09:01:20 --> Session: Class initialized using 'CodeIgniter\Session\Handlers\FileHandler' driver.
DEBUG - 2026-04-08 09:01:23 --> Total exams not yet taken calculated for school_id 93: 0
DEBUG - 2026-04-08 09:01:26 --> Session: Class initialized using 'CodeIgniter\Session\Handlers\FileHandler' driver.
INFO - 2026-04-08 09:01:26 --> Permission history viewed by user_id: 266 for teacher_id: 23, class_id: 132
DEBUG - 2026-04-08 09:01:31 --> Session: Class initialized using 'CodeIgniter\Session\Handlers\FileHandler' driver.
DEBUG - 2026-04-08 09:01:31 --> Total exams not yet taken calculated for school_id 93: 0
DEBUG - 2026-04-08 09:01:33 --> Session: Class initialized using 'CodeIgniter\Session\Handlers\FileHandler' driver.
DEBUG - 2026-04-08 09:01:39 --> Session: Class initialized using 'CodeIgniter\Session\Handlers\FileHandler' driver.
INFO - 2026-04-08 09:01:39 --> Permission modified by user_id: 266 for teacher_id: 29, class_id: 132, changes: {"marks":1,"attendance":1}, school_id: 93
DEBUG - 2026-04-08 09:01:40 --> Session: Class initialized using 'CodeIgniter\Session\Handlers\FileHandler' driver.
DEBUG - 2026-04-08 09:01:41 --> Total exams not yet taken calculated for school_id 93: 0
DEBUG - 2026-04-08 09:01:42 --> Session: Class initialized using 'CodeIgniter\Session\Handlers\FileHandler' driver.
INFO - 2026-04-08 09:01:42 --> Permission history viewed by user_id: 266 for teacher_id: 29, class_id: 132
DEBUG - 2026-04-08 09:31:06 --> Session: Class initialized using 'CodeIgniter\Session\Handlers\FileHandler' driver.
DEBUG - 2026-04-08 09:31:06 --> Total exams not yet taken calculated for school_id 93: 0
DEBUG - 2026-04-08 09:31:08 --> Session: Class initialized using 'CodeIgniter\Session\Handlers\FileHandler' driver.
INFO - 2026-04-08 09:31:08 --> Permission history viewed by user_id: 266 for teacher_id: 29, class_id: 132
DEBUG - 2026-04-08 09:31:16 --> Session: Class initialized using 'CodeIgniter\Session\Handlers\FileHandler' driver.
DEBUG - 2026-04-08 09:31:16 --> Total exams not yet taken calculated for school_id 93: 0
DEBUG - 2026-04-08 09:31:17 --> Session: Class initialized using 'CodeIgniter\Session\Handlers\FileHandler' driver.
DEBUG - 2026-04-08 09:31:29 --> Session: Class initialized using 'CodeIgniter\Session\Handlers\FileHandler' driver.
DEBUG - 2026-04-08 09:31:29 --> Total exams not yet taken calculated for school_id 93: 0
CRITICAL - 2026-04-08 09:31:30 --> Error: Call to undefined method CodeIgniter\Database\MySQLi\Builder::getResultArray()
[Method: GET, Route: app/school_settings]
in APPPATH\Views\backend\admin\settings\school_settings.php on line 149.
 1 APPPATH\Views\backend\admin\settings\index.php(19): include()
 2 APPPATH\Views\backend\index.php(147): include('C:\\xampp\\htdocs\\School-Management-De_migration\\app\\Views\\backend\\admin\\settings\\index.php')
 3 SYSTEMPATH\View\View.php(240): include('C:\\xampp\\htdocs\\School-Management-De_migration\\app\\Views\\backend\\index.php')
 4 SYSTEMPATH\View\View.php(243): CodeIgniter\View\View->CodeIgniter\View\{closure}()
 5 APPPATH\View\View.php(357): CodeIgniter\View\View->render('backend/index', [], true)
 6 SYSTEMPATH\Common.php(1250): App\View\View->render('backend/index', [], true)
 7 APPPATH\Controllers\Admin.php(4260): view('backend/index', [...])
 8 APPPATH\Config\Routes.php(556): App\Controllers\Admin->school_settings()
 9 APPPATH\Config\Routes.php(565): CodeIgniter\Router\RouteCollection::{closure}('school_settings')
10 SYSTEMPATH\CodeIgniter.php(872): CodeIgniter\Router\RouteCollection::{closure}('school_settings')
11 SYSTEMPATH\CodeIgniter.php(480): CodeIgniter\CodeIgniter->startController()
12 SYSTEMPATH\CodeIgniter.php(340): CodeIgniter\CodeIgniter->handleRequest(null, Object(Config\Cache), false)
13 SYSTEMPATH\Boot.php(417): CodeIgniter\CodeIgniter->run()
14 SYSTEMPATH\Boot.php(68): CodeIgniter\Boot::runCodeIgniter(Object(CodeIgniter\CodeIgniter))
15 FCPATH\index.php(75): CodeIgniter\Boot::bootWeb(Object(Config\Paths))
DEBUG - 2026-04-08 09:55:30 --> Session: Class initialized using 'CodeIgniter\Session\Handlers\FileHandler' driver.
DEBUG - 2026-04-08 09:55:34 --> Total exams not yet taken calculated for school_id 93: 0
DEBUG - 2026-04-08 09:55:37 --> Session: Class initialized using 'CodeIgniter\Session\Handlers\FileHandler' driver.
INFO - 2026-04-08 09:55:37 --> Permission history viewed by user_id: 266 for teacher_id: 23, class_id: 132
DEBUG - 2026-04-08 09:55:52 --> Session: Class initialized using 'CodeIgniter\Session\Handlers\FileHandler' driver.
DEBUG - 2026-04-08 09:55:54 --> Total exams not yet taken calculated for school_id 93: 0
DEBUG - 2026-04-08 09:56:02 --> Session: Class initialized using 'CodeIgniter\Session\Handlers\FileHandler' driver.
DEBUG - 2026-04-08 09:56:05 --> Session: Class initialized using 'CodeIgniter\Session\Handlers\FileHandler' driver.
DEBUG - 2026-04-08 09:56:08 --> Total exams not yet taken calculated for school_id 93: 0
DEBUG - 2026-04-08 09:56:18 --> Session: Class initialized using 'CodeIgniter\Session\Handlers\FileHandler' driver.
INFO - 2026-04-08 09:56:19 --> Permission history viewed by user_id: 266 for teacher_id: 29, class_id: 132
DEBUG - 2026-04-08 10:14:51 --> Session: Class initialized using 'CodeIgniter\Session\Handlers\FileHandler' driver.
DEBUG - 2026-04-08 10:14:51 --> Total exams not yet taken calculated for school_id 93: 0
DEBUG - 2026-04-08 10:14:53 --> Session: Class initialized using 'CodeIgniter\Session\Handlers\FileHandler' driver.
INFO - 2026-04-08 10:14:53 --> Permission history viewed by user_id: 266 for teacher_id: 29, class_id: 132
DEBUG - 2026-04-08 10:18:41 --> Session: Class initialized using 'CodeIgniter\Session\Handlers\FileHandler' driver.
DEBUG - 2026-04-08 10:18:42 --> Total exams not yet taken calculated for school_id 93: 0
DEBUG - 2026-04-08 10:18:43 --> Session: Class initialized using 'CodeIgniter\Session\Handlers\FileHandler' driver.
INFO - 2026-04-08 10:18:43 --> Permission history viewed by user_id: 266 for teacher_id: 29, class_id: 132
DEBUG - 2026-04-08 10:18:49 --> Session: Class initialized using 'CodeIgniter\Session\Handlers\FileHandler' driver.
DEBUG - 2026-04-08 10:18:50 --> Total exams not yet taken calculated for school_id 93: 0
DEBUG - 2026-04-08 10:18:53 --> Session: Class initialized using 'CodeIgniter\Session\Handlers\FileHandler' driver.
INFO - 2026-04-08 10:18:53 --> Permission history viewed by user_id: 266 for teacher_id: 29, class_id: 132
DEBUG - 2026-04-08 10:18:54 --> Session: Class initialized using 'CodeIgniter\Session\Handlers\FileHandler' driver.
DEBUG - 2026-04-08 10:18:56 --> Session: Class initialized using 'CodeIgniter\Session\Handlers\FileHandler' driver.
DEBUG - 2026-04-08 10:18:56 --> Session: Class initialized using 'CodeIgniter\Session\Handlers\FileHandler' driver.
DEBUG - 2026-04-08 10:18:57 --> Total exams not yet taken calculated for school_id 93: 0
DEBUG - 2026-04-08 10:19:00 --> Session: Class initialized using 'CodeIgniter\Session\Handlers\FileHandler' driver.
INFO - 2026-04-08 10:19:00 --> Permission history viewed by user_id: 266 for teacher_id: 29, class_id: 132
DEBUG - 2026-04-08 10:19:11 --> Session: Class initialized using 'CodeIgniter\Session\Handlers\FileHandler' driver.
DEBUG - 2026-04-08 10:19:13 --> Session: Class initialized using 'CodeIgniter\Session\Handlers\FileHandler' driver.
DEBUG - 2026-04-08 10:19:14 --> Session: Class initialized using 'CodeIgniter\Session\Handlers\FileHandler' driver.
DEBUG - 2026-04-08 10:19:14 --> Session: Class initialized using 'CodeIgniter\Session\Handlers\FileHandler' driver.
DEBUG - 2026-04-08 10:19:14 --> Total exams not yet taken calculated for school_id 93: 0
DEBUG - 2026-04-08 10:19:16 --> Session: Class initialized using 'CodeIgniter\Session\Handlers\FileHandler' driver.
INFO - 2026-04-08 10:19:16 --> Permission history viewed by user_id: 266 for teacher_id: 29, class_id: 132
DEBUG - 2026-04-08 10:19:20 --> Session: Class initialized using 'CodeIgniter\Session\Handlers\FileHandler' driver.
DEBUG - 2026-04-08 10:19:21 --> Session: Class initialized using 'CodeIgniter\Session\Handlers\FileHandler' driver.
DEBUG - 2026-04-08 10:19:21 --> Session: Class initialized using 'CodeIgniter\Session\Handlers\FileHandler' driver.
DEBUG - 2026-04-08 10:19:21 --> Total exams not yet taken calculated for school_id 93: 0
DEBUG - 2026-04-08 10:19:23 --> Session: Class initialized using 'CodeIgniter\Session\Handlers\FileHandler' driver.
INFO - 2026-04-08 10:19:23 --> Permission history viewed by user_id: 266 for teacher_id: 29, class_id: 132
DEBUG - 2026-04-08 10:19:25 --> Session: Class initialized using 'CodeIgniter\Session\Handlers\FileHandler' driver.
DEBUG - 2026-04-08 10:19:26 --> Session: Class initialized using 'CodeIgniter\Session\Handlers\FileHandler' driver.
DEBUG - 2026-04-08 10:19:26 --> Session: Class initialized using 'CodeIgniter\Session\Handlers\FileHandler' driver.
DEBUG - 2026-04-08 10:19:27 --> Total exams not yet taken calculated for school_id 93: 0
DEBUG - 2026-04-08 10:19:28 --> Session: Class initialized using 'CodeIgniter\Session\Handlers\FileHandler' driver.
INFO - 2026-04-08 10:19:28 --> Permission history viewed by user_id: 266 for teacher_id: 29, class_id: 132
DEBUG - 2026-04-08 10:22:49 --> Session: Class initialized using 'CodeIgniter\Session\Handlers\FileHandler' driver.
DEBUG - 2026-04-08 10:22:50 --> Total exams not yet taken calculated for school_id 93: 0
DEBUG - 2026-04-08 10:22:52 --> Session: Class initialized using 'CodeIgniter\Session\Handlers\FileHandler' driver.
INFO - 2026-04-08 10:22:53 --> Permission history viewed by user_id: 266 for teacher_id: 29, class_id: 132
DEBUG - 2026-04-08 10:22:59 --> Session: Class initialized using 'CodeIgniter\Session\Handlers\FileHandler' driver.
DEBUG - 2026-04-08 10:23:01 --> Session: Class initialized using 'CodeIgniter\Session\Handlers\FileHandler' driver.
DEBUG - 2026-04-08 10:23:01 --> Session: Class initialized using 'CodeIgniter\Session\Handlers\FileHandler' driver.
DEBUG - 2026-04-08 10:23:02 --> Total exams not yet taken calculated for school_id 93: 0
DEBUG - 2026-04-08 10:23:05 --> Session: Class initialized using 'CodeIgniter\Session\Handlers\FileHandler' driver.
INFO - 2026-04-08 10:23:05 --> Permission history viewed by user_id: 266 for teacher_id: 29, class_id: 132
DEBUG - 2026-04-08 10:34:47 --> Session: Class initialized using 'CodeIgniter\Session\Handlers\FileHandler' driver.
DEBUG - 2026-04-08 10:34:47 --> Total exams not yet taken calculated for school_id 93: 0
DEBUG - 2026-04-08 10:40:03 --> Session: Class initialized using 'CodeIgniter\Session\Handlers\FileHandler' driver.
DEBUG - 2026-04-08 10:40:05 --> Total exams not yet taken calculated for school_id 93: 0
DEBUG - 2026-04-08 10:40:35 --> Session: Class initialized using 'CodeIgniter\Session\Handlers\FileHandler' driver.
DEBUG - 2026-04-08 10:40:37 --> Session: Class initialized using 'CodeIgniter\Session\Handlers\FileHandler' driver.
DEBUG - 2026-04-08 10:40:38 --> Total exams not yet taken calculated for school_id 93: 0
DEBUG - 2026-04-08 10:41:22 --> Session: Class initialized using 'CodeIgniter\Session\Handlers\FileHandler' driver.
DEBUG - 2026-04-08 10:41:30 --> Session: Class initialized using 'CodeIgniter\Session\Handlers\FileHandler' driver.
DEBUG - 2026-04-08 10:41:30 --> Session: Class initialized using 'CodeIgniter\Session\Handlers\FileHandler' driver.
DEBUG - 2026-04-08 10:41:30 --> Session: Class initialized using 'CodeIgniter\Session\Handlers\FileHandler' driver.
DEBUG - 2026-04-08 10:41:30 --> Session: Class initialized using 'CodeIgniter\Session\Handlers\FileHandler' driver.
WARNING - 2026-04-08 10:41:31 --> [DEPRECATED] sha1(): Passing null to parameter #1 ($string) of type string is deprecated in APPPATH\Controllers\Login.php on line 205.
 1 APPPATH\Controllers\Login.php(205): sha1(null)
 2 SYSTEMPATH\CodeIgniter.php(951): App\Controllers\Login->validate_login_frontend()
 3 SYSTEMPATH\CodeIgniter.php(497): CodeIgniter\CodeIgniter->runController(Object(App\Controllers\Login))
 4 SYSTEMPATH\CodeIgniter.php(340): CodeIgniter\CodeIgniter->handleRequest(null, Object(Config\Cache), false)
 5 SYSTEMPATH\Boot.php(417): CodeIgniter\CodeIgniter->run()
 6 SYSTEMPATH\Boot.php(68): CodeIgniter\Boot::runCodeIgniter(Object(CodeIgniter\CodeIgniter))
 7 FCPATH\index.php(75): CodeIgniter\Boot::bootWeb(Object(Config\Paths))
DEBUG - 2026-04-08 10:41:31 --> Session: Class initialized using 'CodeIgniter\Session\Handlers\FileHandler' driver.
WARNING - 2026-04-08 10:41:31 --> [DEPRECATED] sha1(): Passing null to parameter #1 ($string) of type string is deprecated in APPPATH\Controllers\Login.php on line 205.
 1 APPPATH\Controllers\Login.php(205): sha1(null)
 2 SYSTEMPATH\CodeIgniter.php(951): App\Controllers\Login->validate_login_frontend()
 3 SYSTEMPATH\CodeIgniter.php(497): CodeIgniter\CodeIgniter->runController(Object(App\Controllers\Login))
 4 SYSTEMPATH\CodeIgniter.php(340): CodeIgniter\CodeIgniter->handleRequest(null, Object(Config\Cache), false)
 5 SYSTEMPATH\Boot.php(417): CodeIgniter\CodeIgniter->run()
 6 SYSTEMPATH\Boot.php(68): CodeIgniter\Boot::runCodeIgniter(Object(CodeIgniter\CodeIgniter))
 7 FCPATH\index.php(75): CodeIgniter\Boot::bootWeb(Object(Config\Paths))
DEBUG - 2026-04-08 10:41:31 --> Session: Class initialized using 'CodeIgniter\Session\Handlers\FileHandler' driver.
WARNING - 2026-04-08 10:41:31 --> [DEPRECATED] sha1(): Passing null to parameter #1 ($string) of type string is deprecated in APPPATH\Controllers\Login.php on line 205.
 1 APPPATH\Controllers\Login.php(205): sha1(null)
 2 SYSTEMPATH\CodeIgniter.php(951): App\Controllers\Login->validate_login_frontend()
 3 SYSTEMPATH\CodeIgniter.php(497): CodeIgniter\CodeIgniter->runController(Object(App\Controllers\Login))
 4 SYSTEMPATH\CodeIgniter.php(340): CodeIgniter\CodeIgniter->handleRequest(null, Object(Config\Cache), false)
 5 SYSTEMPATH\Boot.php(417): CodeIgniter\CodeIgniter->run()
 6 SYSTEMPATH\Boot.php(68): CodeIgniter\Boot::runCodeIgniter(Object(CodeIgniter\CodeIgniter))
 7 FCPATH\index.php(75): CodeIgniter\Boot::bootWeb(Object(Config\Paths))
DEBUG - 2026-04-08 10:51:33 --> Session: Class initialized using 'CodeIgniter\Session\Handlers\FileHandler' driver.
DEBUG - 2026-04-08 10:51:40 --> Session: Class initialized using 'CodeIgniter\Session\Handlers\FileHandler' driver.
DEBUG - 2026-04-08 10:51:41 --> Session: Class initialized using 'CodeIgniter\Session\Handlers\FileHandler' driver.
CRITICAL - 2026-04-08 10:51:42 --> ErrorException: filesize(): stat failed for C:\xampp\htdocs\School-Management-De_migration\writable\session/ci_session0702318c622da9e5bdcf9e918c6d4c06
[Method: POST, Route: login/validate_login]
in SYSTEMPATH\Session\Handlers\FileHandler.php on line 157.
 1 [internal function]: CodeIgniter\Debug\Exceptions->errorHandler(2, 'filesize(): stat failed for C:\\xampp\\htdocs\\School-Management-De_migration\\writable\\session/ci_session0702318c622da9e5bdcf9e918c6d4c06', 'C:\\xampp\\htdocs\\School-Management-De_migration\\vendor\\codeigniter4\\framework\\system\\Session\\Handlers\\FileHandler.php', 157)
 2 SYSTEMPATH\Session\Handlers\FileHandler.php(157): filesize('C:\\xampp\\htdocs\\School-Management-De_migration\\writable\\session/ci_session0702318c622da9e5bdcf9e918c6d4c06')
 3 [internal function]: CodeIgniter\Session\Handlers\FileHandler->read('0702318c622da9e5bdcf9e918c6d4c06')
 4 SYSTEMPATH\Session\Session.php(625): session_start()
 5 SYSTEMPATH\Session\Session.php(120): CodeIgniter\Session\Session->startSession()
 6 SYSTEMPATH\Config\Services.php(715): CodeIgniter\Session\Session->start()
 7 SYSTEMPATH\Config\BaseService.php(325): CodeIgniter\Config\Services::session(Object(Config\Session), false)
 8 SYSTEMPATH\Config\BaseService.php(264): CodeIgniter\Config\BaseService::__callStatic('session', [...])
 9 SYSTEMPATH\Config\Services.php(668): CodeIgniter\Config\BaseService::getSharedInstance('session', null)
10 SYSTEMPATH\Config\BaseService.php(334): CodeIgniter\Config\Services::session()
11 APPPATH\Controllers\BaseController.php(88): CodeIgniter\Config\BaseService::__callStatic('session', [])
12 APPPATH\Controllers\Login.php(18): App\Controllers\BaseController->initController(Object(CodeIgniter\HTTP\IncomingRequest), Object(CodeIgniter\HTTP\Response), Object(CodeIgniter\Log\Logger))
13 SYSTEMPATH\CodeIgniter.php(922): App\Controllers\Login->initController(Object(CodeIgniter\HTTP\IncomingRequest), Object(CodeIgniter\HTTP\Response), Object(CodeIgniter\Log\Logger))
14 SYSTEMPATH\CodeIgniter.php(488): CodeIgniter\CodeIgniter->createController()
15 SYSTEMPATH\CodeIgniter.php(340): CodeIgniter\CodeIgniter->handleRequest(null, Object(Config\Cache), false)
16 SYSTEMPATH\Boot.php(417): CodeIgniter\CodeIgniter->run()
17 SYSTEMPATH\Boot.php(68): CodeIgniter\Boot::runCodeIgniter(Object(CodeIgniter\CodeIgniter))
18 FCPATH\index.php(75): CodeIgniter\Boot::bootWeb(Object(Config\Paths))
DEBUG - 2026-04-08 10:51:43 --> Session: Class initialized using 'CodeIgniter\Session\Handlers\FileHandler' driver.
DEBUG - 2026-04-08 10:51:44 --> Session: Class initialized using 'CodeIgniter\Session\Handlers\FileHandler' driver.
DEBUG - 2026-04-08 10:51:45 --> Session: Class initialized using 'CodeIgniter\Session\Handlers\FileHandler' driver.
DEBUG - 2026-04-08 10:51:46 --> Session: Class initialized using 'CodeIgniter\Session\Handlers\FileHandler' driver.
DEBUG - 2026-04-08 10:51:49 --> Total exams not yet taken calculated for school_id 93: 0
ERROR - 2026-04-08 10:51:49 --> Table 'wayo_db.events' doesn't exist
in SYSTEMPATH\Database\MySQLi\Connection.php on line 300.
 1 SYSTEMPATH\Database\MySQLi\Connection.php(300): mysqli->query('SELECT *
FROM `events`
WHERE `school_id` = \'93\'
AND `date` >= \'2026-04-01\'
AND `date` <= \'2026-04-30\'', 0)
 2 SYSTEMPATH\Database\BaseConnection.php(910): CodeIgniter\Database\MySQLi\Connection->execute('SELECT *
FROM `events`
WHERE `school_id` = \'93\'
AND `date` >= \'2026-04-01\'
AND `date` <= \'2026-04-30\'')
 3 SYSTEMPATH\Database\BaseConnection.php(827): CodeIgniter\Database\BaseConnection->simpleQuery('SELECT *
FROM `events`
WHERE `school_id` = \'93\'
AND `date` >= \'2026-04-01\'
AND `date` <= \'2026-04-30\'')
 4 SYSTEMPATH\Database\BaseBuilder.php(1649): CodeIgniter\Database\BaseConnection->query('SELECT *
FROM `events`
WHERE `school_id` = :school_id:
AND `date` >= :date:
AND `date` <= :date.1:', [...], false)
 5 APPPATH\Models\Crud_model.php(349): CodeIgniter\Database\BaseBuilder->get()
 6 APPPATH\Views\backend\admin\dashboard\index.php(681): App\Models\Crud_model->get_current_month_events()
 7 APPPATH\Views\backend\index.php(147): include('C:\\xampp\\htdocs\\School-Management-De_migration\\app\\Views\\backend\\admin\\dashboard\\index.php')
 8 SYSTEMPATH\View\View.php(240): include('C:\\xampp\\htdocs\\School-Management-De_migration\\app\\Views\\backend\\index.php')
 9 SYSTEMPATH\View\View.php(243): CodeIgniter\View\View->CodeIgniter\View\{closure}()
10 APPPATH\View\View.php(357): CodeIgniter\View\View->render('backend/index', [], true)
11 SYSTEMPATH\Common.php(1250): App\View\View->render('backend/index', [], true)
12 APPPATH\Controllers\Admin.php(108): view('backend/index', [...])
13 APPPATH\Config\Routes.php(335): App\Controllers\Admin->dashboard()
14 SYSTEMPATH\CodeIgniter.php(872): CodeIgniter\Router\RouteCollection::{closure}()
15 SYSTEMPATH\CodeIgniter.php(480): CodeIgniter\CodeIgniter->startController()
16 SYSTEMPATH\CodeIgniter.php(340): CodeIgniter\CodeIgniter->handleRequest(null, Object(Config\Cache), false)
17 SYSTEMPATH\Boot.php(417): CodeIgniter\CodeIgniter->run()
18 SYSTEMPATH\Boot.php(68): CodeIgniter\Boot::runCodeIgniter(Object(CodeIgniter\CodeIgniter))
19 FCPATH\index.php(75): CodeIgniter\Boot::bootWeb(Object(Config\Paths))
ERROR - 2026-04-08 10:51:50 --> Table 'wayo_db.events' doesn't exist
in SYSTEMPATH\Database\MySQLi\Connection.php on line 300.
 1 SYSTEMPATH\Database\MySQLi\Connection.php(300): mysqli->query('SELECT *
FROM `events`
WHERE `school_id` = \'93\'
AND `date` >= \'2026-04-01\'
AND `date` <= \'2026-04-30\'', 0)
 2 SYSTEMPATH\Database\BaseConnection.php(910): CodeIgniter\Database\MySQLi\Connection->execute('SELECT *
FROM `events`
WHERE `school_id` = \'93\'
AND `date` >= \'2026-04-01\'
AND `date` <= \'2026-04-30\'')
 3 SYSTEMPATH\Database\BaseConnection.php(827): CodeIgniter\Database\BaseConnection->simpleQuery('SELECT *
FROM `events`
WHERE `school_id` = \'93\'
AND `date` >= \'2026-04-01\'
AND `date` <= \'2026-04-30\'')
 4 SYSTEMPATH\Database\BaseBuilder.php(1649): CodeIgniter\Database\BaseConnection->query('SELECT *
FROM `events`
WHERE `school_id` = :school_id:
AND `date` >= :date:
AND `date` <= :date.1:', [...], false)
 5 APPPATH\Models\Crud_model.php(349): CodeIgniter\Database\BaseBuilder->get()
 6 APPPATH\Views\backend\admin\dashboard\index.php(719): App\Models\Crud_model->get_current_month_events()
 7 APPPATH\Views\backend\index.php(147): include('C:\\xampp\\htdocs\\School-Management-De_migration\\app\\Views\\backend\\admin\\dashboard\\index.php')
 8 SYSTEMPATH\View\View.php(240): include('C:\\xampp\\htdocs\\School-Management-De_migration\\app\\Views\\backend\\index.php')
 9 SYSTEMPATH\View\View.php(243): CodeIgniter\View\View->CodeIgniter\View\{closure}()
10 APPPATH\View\View.php(357): CodeIgniter\View\View->render('backend/index', [], true)
11 SYSTEMPATH\Common.php(1250): App\View\View->render('backend/index', [], true)
12 APPPATH\Controllers\Admin.php(108): view('backend/index', [...])
13 APPPATH\Config\Routes.php(335): App\Controllers\Admin->dashboard()
14 SYSTEMPATH\CodeIgniter.php(872): CodeIgniter\Router\RouteCollection::{closure}()
15 SYSTEMPATH\CodeIgniter.php(480): CodeIgniter\CodeIgniter->startController()
16 SYSTEMPATH\CodeIgniter.php(340): CodeIgniter\CodeIgniter->handleRequest(null, Object(Config\Cache), false)
17 SYSTEMPATH\Boot.php(417): CodeIgniter\CodeIgniter->run()
18 SYSTEMPATH\Boot.php(68): CodeIgniter\Boot::runCodeIgniter(Object(CodeIgniter\CodeIgniter))
19 FCPATH\index.php(75): CodeIgniter\Boot::bootWeb(Object(Config\Paths))
DEBUG - 2026-04-08 10:51:57 --> Session: Class initialized using 'CodeIgniter\Session\Handlers\FileHandler' driver.
DEBUG - 2026-04-08 10:52:01 --> Session: Class initialized using 'CodeIgniter\Session\Handlers\FileHandler' driver.
DEBUG - 2026-04-08 10:52:01 --> Session: Class initialized using 'CodeIgniter\Session\Handlers\FileHandler' driver.
DEBUG - 2026-04-08 10:52:02 --> Total exams not yet taken calculated for school_id 110: 0
ERROR - 2026-04-08 10:52:02 --> Table 'wayo_db.events' doesn't exist
in SYSTEMPATH\Database\MySQLi\Connection.php on line 300.
 1 SYSTEMPATH\Database\MySQLi\Connection.php(300): mysqli->query('SELECT *
FROM `events`
WHERE `school_id` = \'110\'
AND `date` >= \'2026-04-01\'
AND `date` <= \'2026-04-30\'', 0)
 2 SYSTEMPATH\Database\BaseConnection.php(910): CodeIgniter\Database\MySQLi\Connection->execute('SELECT *
FROM `events`
WHERE `school_id` = \'110\'
AND `date` >= \'2026-04-01\'
AND `date` <= \'2026-04-30\'')
 3 SYSTEMPATH\Database\BaseConnection.php(827): CodeIgniter\Database\BaseConnection->simpleQuery('SELECT *
FROM `events`
WHERE `school_id` = \'110\'
AND `date` >= \'2026-04-01\'
AND `date` <= \'2026-04-30\'')
 4 SYSTEMPATH\Database\BaseBuilder.php(1649): CodeIgniter\Database\BaseConnection->query('SELECT *
FROM `events`
WHERE `school_id` = :school_id:
AND `date` >= :date:
AND `date` <= :date.1:', [...], false)
 5 APPPATH\Models\Crud_model.php(349): CodeIgniter\Database\BaseBuilder->get()
 6 APPPATH\Views\backend\student\dashboard\index.php(983): App\Models\Crud_model->get_current_month_events()
 7 APPPATH\Views\backend\index.php(147): include('C:\\xampp\\htdocs\\School-Management-De_migration\\app\\Views\\backend\\student\\dashboard\\index.php')
 8 SYSTEMPATH\View\View.php(240): include('C:\\xampp\\htdocs\\School-Management-De_migration\\app\\Views\\backend\\index.php')
 9 SYSTEMPATH\View\View.php(243): CodeIgniter\View\View->CodeIgniter\View\{closure}()
10 APPPATH\View\View.php(357): CodeIgniter\View\View->render('backend/index', [], true)
11 SYSTEMPATH\Common.php(1250): App\View\View->render('backend/index', [], true)
12 APPPATH\Controllers\Student.php(294): view('backend/index', [...])
13 APPPATH\Config\Routes.php(335): App\Controllers\Student->dashboard()
14 SYSTEMPATH\CodeIgniter.php(872): CodeIgniter\Router\RouteCollection::{closure}()
15 SYSTEMPATH\CodeIgniter.php(480): CodeIgniter\CodeIgniter->startController()
16 SYSTEMPATH\CodeIgniter.php(340): CodeIgniter\CodeIgniter->handleRequest(null, Object(Config\Cache), false)
17 SYSTEMPATH\Boot.php(417): CodeIgniter\CodeIgniter->run()
18 SYSTEMPATH\Boot.php(68): CodeIgniter\Boot::runCodeIgniter(Object(CodeIgniter\CodeIgniter))
19 FCPATH\index.php(75): CodeIgniter\Boot::bootWeb(Object(Config\Paths))
DEBUG - 2026-04-08 10:55:20 --> Session: Class initialized using 'CodeIgniter\Session\Handlers\FileHandler' driver.
DEBUG - 2026-04-08 10:55:21 --> Total exams not yet taken calculated for school_id 110: 0
DEBUG - 2026-04-08 10:55:27 --> Session: Class initialized using 'CodeIgniter\Session\Handlers\FileHandler' driver.
DEBUG - 2026-04-08 10:55:27 --> Session: Class initialized using 'CodeIgniter\Session\Handlers\FileHandler' driver.
DEBUG - 2026-04-08 10:55:27 --> Session: Class initialized using 'CodeIgniter\Session\Handlers\FileHandler' driver.
DEBUG - 2026-04-08 10:55:27 --> Session: Class initialized using 'CodeIgniter\Session\Handlers\FileHandler' driver.
DEBUG - 2026-04-08 10:55:28 --> Session: Class initialized using 'CodeIgniter\Session\Handlers\FileHandler' driver.
DEBUG - 2026-04-08 10:55:28 --> Session: Class initialized using 'CodeIgniter\Session\Handlers\FileHandler' driver.
DEBUG - 2026-04-08 10:55:28 --> Session: Class initialized using 'CodeIgniter\Session\Handlers\FileHandler' driver.
DEBUG - 2026-04-08 10:55:29 --> Total exams not yet taken calculated for school_id 110: 0
ERROR - 2026-04-08 10:55:30 --> Table 'wayo_db.events' doesn't exist
in SYSTEMPATH\Database\MySQLi\Connection.php on line 300.
 1 SYSTEMPATH\Database\MySQLi\Connection.php(300): mysqli->query('SELECT *
FROM `events`
WHERE `school_id` = \'110\'
AND `date` >= \'2026-04-01\'
AND `date` <= \'2026-04-30\'', 0)
 2 SYSTEMPATH\Database\BaseConnection.php(910): CodeIgniter\Database\MySQLi\Connection->execute('SELECT *
FROM `events`
WHERE `school_id` = \'110\'
AND `date` >= \'2026-04-01\'
AND `date` <= \'2026-04-30\'')
 3 SYSTEMPATH\Database\BaseConnection.php(827): CodeIgniter\Database\BaseConnection->simpleQuery('SELECT *
FROM `events`
WHERE `school_id` = \'110\'
AND `date` >= \'2026-04-01\'
AND `date` <= \'2026-04-30\'')
 4 SYSTEMPATH\Database\BaseBuilder.php(1649): CodeIgniter\Database\BaseConnection->query('SELECT *
FROM `events`
WHERE `school_id` = :school_id:
AND `date` >= :date:
AND `date` <= :date.1:', [...], false)
 5 APPPATH\Models\Crud_model.php(349): CodeIgniter\Database\BaseBuilder->get()
 6 APPPATH\Views\backend\student\dashboard\index.php(983): App\Models\Crud_model->get_current_month_events()
 7 APPPATH\Views\backend\index.php(147): include('C:\\xampp\\htdocs\\School-Management-De_migration\\app\\Views\\backend\\student\\dashboard\\index.php')
 8 SYSTEMPATH\View\View.php(240): include('C:\\xampp\\htdocs\\School-Management-De_migration\\app\\Views\\backend\\index.php')
 9 SYSTEMPATH\View\View.php(243): CodeIgniter\View\View->CodeIgniter\View\{closure}()
10 APPPATH\View\View.php(357): CodeIgniter\View\View->render('backend/index', [], true)
11 SYSTEMPATH\Common.php(1250): App\View\View->render('backend/index', [], true)
12 APPPATH\Controllers\Student.php(294): view('backend/index', [...])
13 APPPATH\Config\Routes.php(335): App\Controllers\Student->dashboard()
14 SYSTEMPATH\CodeIgniter.php(872): CodeIgniter\Router\RouteCollection::{closure}()
15 SYSTEMPATH\CodeIgniter.php(480): CodeIgniter\CodeIgniter->startController()
16 SYSTEMPATH\CodeIgniter.php(340): CodeIgniter\CodeIgniter->handleRequest(null, Object(Config\Cache), false)
17 SYSTEMPATH\Boot.php(417): CodeIgniter\CodeIgniter->run()
18 SYSTEMPATH\Boot.php(68): CodeIgniter\Boot::runCodeIgniter(Object(CodeIgniter\CodeIgniter))
19 FCPATH\index.php(75): CodeIgniter\Boot::bootWeb(Object(Config\Paths))
DEBUG - 2026-04-08 10:55:30 --> Session: Class initialized using 'CodeIgniter\Session\Handlers\FileHandler' driver.
DEBUG - 2026-04-08 10:55:31 --> Total exams not yet taken calculated for school_id 110: 0
ERROR - 2026-04-08 10:55:32 --> Table 'wayo_db.events' doesn't exist
in SYSTEMPATH\Database\MySQLi\Connection.php on line 300.
 1 SYSTEMPATH\Database\MySQLi\Connection.php(300): mysqli->query('SELECT *
FROM `events`
WHERE `school_id` = \'110\'
AND `date` >= \'2026-04-01\'
AND `date` <= \'2026-04-30\'', 0)
 2 SYSTEMPATH\Database\BaseConnection.php(910): CodeIgniter\Database\MySQLi\Connection->execute('SELECT *
FROM `events`
WHERE `school_id` = \'110\'
AND `date` >= \'2026-04-01\'
AND `date` <= \'2026-04-30\'')
 3 SYSTEMPATH\Database\BaseConnection.php(827): CodeIgniter\Database\BaseConnection->simpleQuery('SELECT *
FROM `events`
WHERE `school_id` = \'110\'
AND `date` >= \'2026-04-01\'
AND `date` <= \'2026-04-30\'')
 4 SYSTEMPATH\Database\BaseBuilder.php(1649): CodeIgniter\Database\BaseConnection->query('SELECT *
FROM `events`
WHERE `school_id` = :school_id:
AND `date` >= :date:
AND `date` <= :date.1:', [...], false)
 5 APPPATH\Models\Crud_model.php(349): CodeIgniter\Database\BaseBuilder->get()
 6 APPPATH\Views\backend\student\dashboard\index.php(983): App\Models\Crud_model->get_current_month_events()
 7 APPPATH\Views\backend\index.php(147): include('C:\\xampp\\htdocs\\School-Management-De_migration\\app\\Views\\backend\\student\\dashboard\\index.php')
 8 SYSTEMPATH\View\View.php(240): include('C:\\xampp\\htdocs\\School-Management-De_migration\\app\\Views\\backend\\index.php')
 9 SYSTEMPATH\View\View.php(243): CodeIgniter\View\View->CodeIgniter\View\{closure}()
10 APPPATH\View\View.php(357): CodeIgniter\View\View->render('backend/index', [], true)
11 SYSTEMPATH\Common.php(1250): App\View\View->render('backend/index', [], true)
12 APPPATH\Controllers\Student.php(294): view('backend/index', [...])
13 APPPATH\Config\Routes.php(335): App\Controllers\Student->dashboard()
14 SYSTEMPATH\CodeIgniter.php(872): CodeIgniter\Router\RouteCollection::{closure}()
15 SYSTEMPATH\CodeIgniter.php(480): CodeIgniter\CodeIgniter->startController()
16 SYSTEMPATH\CodeIgniter.php(340): CodeIgniter\CodeIgniter->handleRequest(null, Object(Config\Cache), false)
17 SYSTEMPATH\Boot.php(417): CodeIgniter\CodeIgniter->run()
18 SYSTEMPATH\Boot.php(68): CodeIgniter\Boot::runCodeIgniter(Object(CodeIgniter\CodeIgniter))
19 FCPATH\index.php(75): CodeIgniter\Boot::bootWeb(Object(Config\Paths))
DEBUG - 2026-04-08 10:55:32 --> Session: Class initialized using 'CodeIgniter\Session\Handlers\FileHandler' driver.
DEBUG - 2026-04-08 10:55:34 --> Total exams not yet taken calculated for school_id 110: 0
ERROR - 2026-04-08 10:55:35 --> Table 'wayo_db.events' doesn't exist
in SYSTEMPATH\Database\MySQLi\Connection.php on line 300.
 1 SYSTEMPATH\Database\MySQLi\Connection.php(300): mysqli->query('SELECT *
FROM `events`
WHERE `school_id` = \'110\'
AND `date` >= \'2026-04-01\'
AND `date` <= \'2026-04-30\'', 0)
 2 SYSTEMPATH\Database\BaseConnection.php(910): CodeIgniter\Database\MySQLi\Connection->execute('SELECT *
FROM `events`
WHERE `school_id` = \'110\'
AND `date` >= \'2026-04-01\'
AND `date` <= \'2026-04-30\'')
 3 SYSTEMPATH\Database\BaseConnection.php(827): CodeIgniter\Database\BaseConnection->simpleQuery('SELECT *
FROM `events`
WHERE `school_id` = \'110\'
AND `date` >= \'2026-04-01\'
AND `date` <= \'2026-04-30\'')
 4 SYSTEMPATH\Database\BaseBuilder.php(1649): CodeIgniter\Database\BaseConnection->query('SELECT *
FROM `events`
WHERE `school_id` = :school_id:
AND `date` >= :date:
AND `date` <= :date.1:', [...], false)
 5 APPPATH\Models\Crud_model.php(349): CodeIgniter\Database\BaseBuilder->get()
 6 APPPATH\Views\backend\student\dashboard\index.php(983): App\Models\Crud_model->get_current_month_events()
 7 APPPATH\Views\backend\index.php(147): include('C:\\xampp\\htdocs\\School-Management-De_migration\\app\\Views\\backend\\student\\dashboard\\index.php')
 8 SYSTEMPATH\View\View.php(240): include('C:\\xampp\\htdocs\\School-Management-De_migration\\app\\Views\\backend\\index.php')
 9 SYSTEMPATH\View\View.php(243): CodeIgniter\View\View->CodeIgniter\View\{closure}()
10 APPPATH\View\View.php(357): CodeIgniter\View\View->render('backend/index', [], true)
11 SYSTEMPATH\Common.php(1250): App\View\View->render('backend/index', [], true)
12 APPPATH\Controllers\Student.php(294): view('backend/index', [...])
13 APPPATH\Config\Routes.php(335): App\Controllers\Student->dashboard()
14 SYSTEMPATH\CodeIgniter.php(872): CodeIgniter\Router\RouteCollection::{closure}()
15 SYSTEMPATH\CodeIgniter.php(480): CodeIgniter\CodeIgniter->startController()
16 SYSTEMPATH\CodeIgniter.php(340): CodeIgniter\CodeIgniter->handleRequest(null, Object(Config\Cache), false)
17 SYSTEMPATH\Boot.php(417): CodeIgniter\CodeIgniter->run()
18 SYSTEMPATH\Boot.php(68): CodeIgniter\Boot::runCodeIgniter(Object(CodeIgniter\CodeIgniter))
19 FCPATH\index.php(75): CodeIgniter\Boot::bootWeb(Object(Config\Paths))
DEBUG - 2026-04-08 10:55:36 --> Session: Class initialized using 'CodeIgniter\Session\Handlers\FileHandler' driver.
DEBUG - 2026-04-08 10:55:36 --> Session: Class initialized using 'CodeIgniter\Session\Handlers\FileHandler' driver.
DEBUG - 2026-04-08 10:55:37 --> Session: Class initialized using 'CodeIgniter\Session\Handlers\FileHandler' driver.
DEBUG - 2026-04-08 10:55:37 --> Session: Class initialized using 'CodeIgniter\Session\Handlers\FileHandler' driver.
DEBUG - 2026-04-08 10:55:37 --> Session: Class initialized using 'CodeIgniter\Session\Handlers\FileHandler' driver.
DEBUG - 2026-04-08 10:55:39 --> Total exams not yet taken calculated for school_id 110: 0
ERROR - 2026-04-08 10:55:40 --> Table 'wayo_db.events' doesn't exist
in SYSTEMPATH\Database\MySQLi\Connection.php on line 300.
 1 SYSTEMPATH\Database\MySQLi\Connection.php(300): mysqli->query('SELECT *
FROM `events`
WHERE `school_id` = \'110\'
AND `date` >= \'2026-04-01\'
AND `date` <= \'2026-04-30\'', 0)
 2 SYSTEMPATH\Database\BaseConnection.php(910): CodeIgniter\Database\MySQLi\Connection->execute('SELECT *
FROM `events`
WHERE `school_id` = \'110\'
AND `date` >= \'2026-04-01\'
AND `date` <= \'2026-04-30\'')
 3 SYSTEMPATH\Database\BaseConnection.php(827): CodeIgniter\Database\BaseConnection->simpleQuery('SELECT *
FROM `events`
WHERE `school_id` = \'110\'
AND `date` >= \'2026-04-01\'
AND `date` <= \'2026-04-30\'')
 4 SYSTEMPATH\Database\BaseBuilder.php(1649): CodeIgniter\Database\BaseConnection->query('SELECT *
FROM `events`
WHERE `school_id` = :school_id:
AND `date` >= :date:
AND `date` <= :date.1:', [...], false)
 5 APPPATH\Models\Crud_model.php(349): CodeIgniter\Database\BaseBuilder->get()
 6 APPPATH\Views\backend\student\dashboard\index.php(983): App\Models\Crud_model->get_current_month_events()
 7 APPPATH\Views\backend\index.php(147): include('C:\\xampp\\htdocs\\School-Management-De_migration\\app\\Views\\backend\\student\\dashboard\\index.php')
 8 SYSTEMPATH\View\View.php(240): include('C:\\xampp\\htdocs\\School-Management-De_migration\\app\\Views\\backend\\index.php')
 9 SYSTEMPATH\View\View.php(243): CodeIgniter\View\View->CodeIgniter\View\{closure}()
10 APPPATH\View\View.php(357): CodeIgniter\View\View->render('backend/index', [], true)
11 SYSTEMPATH\Common.php(1250): App\View\View->render('backend/index', [], true)
12 APPPATH\Controllers\Student.php(294): view('backend/index', [...])
13 APPPATH\Config\Routes.php(335): App\Controllers\Student->dashboard()
14 SYSTEMPATH\CodeIgniter.php(872): CodeIgniter\Router\RouteCollection::{closure}()
15 SYSTEMPATH\CodeIgniter.php(480): CodeIgniter\CodeIgniter->startController()
16 SYSTEMPATH\CodeIgniter.php(340): CodeIgniter\CodeIgniter->handleRequest(null, Object(Config\Cache), false)
17 SYSTEMPATH\Boot.php(417): CodeIgniter\CodeIgniter->run()
18 SYSTEMPATH\Boot.php(68): CodeIgniter\Boot::runCodeIgniter(Object(CodeIgniter\CodeIgniter))
19 FCPATH\index.php(75): CodeIgniter\Boot::bootWeb(Object(Config\Paths))
DEBUG - 2026-04-08 10:55:40 --> Session: Class initialized using 'CodeIgniter\Session\Handlers\FileHandler' driver.
DEBUG - 2026-04-08 10:55:42 --> Total exams not yet taken calculated for school_id 110: 0
ERROR - 2026-04-08 10:55:43 --> Table 'wayo_db.events' doesn't exist
in SYSTEMPATH\Database\MySQLi\Connection.php on line 300.
 1 SYSTEMPATH\Database\MySQLi\Connection.php(300): mysqli->query('SELECT *
FROM `events`
WHERE `school_id` = \'110\'
AND `date` >= \'2026-04-01\'
AND `date` <= \'2026-04-30\'', 0)
 2 SYSTEMPATH\Database\BaseConnection.php(910): CodeIgniter\Database\MySQLi\Connection->execute('SELECT *
FROM `events`
WHERE `school_id` = \'110\'
AND `date` >= \'2026-04-01\'
AND `date` <= \'2026-04-30\'')
 3 SYSTEMPATH\Database\BaseConnection.php(827): CodeIgniter\Database\BaseConnection->simpleQuery('SELECT *
FROM `events`
WHERE `school_id` = \'110\'
AND `date` >= \'2026-04-01\'
AND `date` <= \'2026-04-30\'')
 4 SYSTEMPATH\Database\BaseBuilder.php(1649): CodeIgniter\Database\BaseConnection->query('SELECT *
FROM `events`
WHERE `school_id` = :school_id:
AND `date` >= :date:
AND `date` <= :date.1:', [...], false)
 5 APPPATH\Models\Crud_model.php(349): CodeIgniter\Database\BaseBuilder->get()
 6 APPPATH\Views\backend\student\dashboard\index.php(983): App\Models\Crud_model->get_current_month_events()
 7 APPPATH\Views\backend\index.php(147): include('C:\\xampp\\htdocs\\School-Management-De_migration\\app\\Views\\backend\\student\\dashboard\\index.php')
 8 SYSTEMPATH\View\View.php(240): include('C:\\xampp\\htdocs\\School-Management-De_migration\\app\\Views\\backend\\index.php')
 9 SYSTEMPATH\View\View.php(243): CodeIgniter\View\View->CodeIgniter\View\{closure}()
10 APPPATH\View\View.php(357): CodeIgniter\View\View->render('backend/index', [], true)
11 SYSTEMPATH\Common.php(1250): App\View\View->render('backend/index', [], true)
12 APPPATH\Controllers\Student.php(294): view('backend/index', [...])
13 APPPATH\Config\Routes.php(335): App\Controllers\Student->dashboard()
14 SYSTEMPATH\CodeIgniter.php(872): CodeIgniter\Router\RouteCollection::{closure}()
15 SYSTEMPATH\CodeIgniter.php(480): CodeIgniter\CodeIgniter->startController()
16 SYSTEMPATH\CodeIgniter.php(340): CodeIgniter\CodeIgniter->handleRequest(null, Object(Config\Cache), false)
17 SYSTEMPATH\Boot.php(417): CodeIgniter\CodeIgniter->run()
18 SYSTEMPATH\Boot.php(68): CodeIgniter\Boot::runCodeIgniter(Object(CodeIgniter\CodeIgniter))
19 FCPATH\index.php(75): CodeIgniter\Boot::bootWeb(Object(Config\Paths))
DEBUG - 2026-04-08 10:55:46 --> Session: Class initialized using 'CodeIgniter\Session\Handlers\FileHandler' driver.
DEBUG - 2026-04-08 10:55:47 --> Session: Class initialized using 'CodeIgniter\Session\Handlers\FileHandler' driver.
DEBUG - 2026-04-08 10:55:48 --> Session: Class initialized using 'CodeIgniter\Session\Handlers\FileHandler' driver.
DEBUG - 2026-04-08 10:55:49 --> Total exams not yet taken calculated for school_id 110: 0
ERROR - 2026-04-08 10:55:49 --> Table 'wayo_db.events' doesn't exist
in SYSTEMPATH\Database\MySQLi\Connection.php on line 300.
 1 SYSTEMPATH\Database\MySQLi\Connection.php(300): mysqli->query('SELECT *
FROM `events`
WHERE `school_id` = \'110\'
AND `date` >= \'2026-04-01\'
AND `date` <= \'2026-04-30\'', 0)
 2 SYSTEMPATH\Database\BaseConnection.php(910): CodeIgniter\Database\MySQLi\Connection->execute('SELECT *
FROM `events`
WHERE `school_id` = \'110\'
AND `date` >= \'2026-04-01\'
AND `date` <= \'2026-04-30\'')
 3 SYSTEMPATH\Database\BaseConnection.php(827): CodeIgniter\Database\BaseConnection->simpleQuery('SELECT *
FROM `events`
WHERE `school_id` = \'110\'
AND `date` >= \'2026-04-01\'
AND `date` <= \'2026-04-30\'')
 4 SYSTEMPATH\Database\BaseBuilder.php(1649): CodeIgniter\Database\BaseConnection->query('SELECT *
FROM `events`
WHERE `school_id` = :school_id:
AND `date` >= :date:
AND `date` <= :date.1:', [...], false)
 5 APPPATH\Models\Crud_model.php(349): CodeIgniter\Database\BaseBuilder->get()
 6 APPPATH\Views\backend\student\dashboard\index.php(983): App\Models\Crud_model->get_current_month_events()
 7 APPPATH\Views\backend\index.php(147): include('C:\\xampp\\htdocs\\School-Management-De_migration\\app\\Views\\backend\\student\\dashboard\\index.php')
 8 SYSTEMPATH\View\View.php(240): include('C:\\xampp\\htdocs\\School-Management-De_migration\\app\\Views\\backend\\index.php')
 9 SYSTEMPATH\View\View.php(243): CodeIgniter\View\View->CodeIgniter\View\{closure}()
10 APPPATH\View\View.php(357): CodeIgniter\View\View->render('backend/index', [], true)
11 SYSTEMPATH\Common.php(1250): App\View\View->render('backend/index', [], true)
12 APPPATH\Controllers\Student.php(294): view('backend/index', [...])
13 APPPATH\Config\Routes.php(335): App\Controllers\Student->dashboard()
14 SYSTEMPATH\CodeIgniter.php(872): CodeIgniter\Router\RouteCollection::{closure}()
15 SYSTEMPATH\CodeIgniter.php(480): CodeIgniter\CodeIgniter->startController()
16 SYSTEMPATH\CodeIgniter.php(340): CodeIgniter\CodeIgniter->handleRequest(null, Object(Config\Cache), false)
17 SYSTEMPATH\Boot.php(417): CodeIgniter\CodeIgniter->run()
18 SYSTEMPATH\Boot.php(68): CodeIgniter\Boot::runCodeIgniter(Object(CodeIgniter\CodeIgniter))
19 FCPATH\index.php(75): CodeIgniter\Boot::bootWeb(Object(Config\Paths))
DEBUG - 2026-04-08 10:57:16 --> Session: Class initialized using 'CodeIgniter\Session\Handlers\FileHandler' driver.
DEBUG - 2026-04-08 10:57:17 --> Session: Class initialized using 'CodeIgniter\Session\Handlers\FileHandler' driver.
DEBUG - 2026-04-08 10:57:18 --> Session: Class initialized using 'CodeIgniter\Session\Handlers\FileHandler' driver.
DEBUG - 2026-04-08 10:57:20 --> Total exams not yet taken calculated for school_id 110: 0
ERROR - 2026-04-08 10:57:20 --> Table 'wayo_db.events' doesn't exist
in SYSTEMPATH\Database\MySQLi\Connection.php on line 300.
 1 SYSTEMPATH\Database\MySQLi\Connection.php(300): mysqli->query('SELECT *
FROM `events`
WHERE `school_id` = \'110\'
AND `date` >= \'2026-04-01\'
AND `date` <= \'2026-04-30\'', 0)
 2 SYSTEMPATH\Database\BaseConnection.php(910): CodeIgniter\Database\MySQLi\Connection->execute('SELECT *
FROM `events`
WHERE `school_id` = \'110\'
AND `date` >= \'2026-04-01\'
AND `date` <= \'2026-04-30\'')
 3 SYSTEMPATH\Database\BaseConnection.php(827): CodeIgniter\Database\BaseConnection->simpleQuery('SELECT *
FROM `events`
WHERE `school_id` = \'110\'
AND `date` >= \'2026-04-01\'
AND `date` <= \'2026-04-30\'')
 4 SYSTEMPATH\Database\BaseBuilder.php(1649): CodeIgniter\Database\BaseConnection->query('SELECT *
FROM `events`
WHERE `school_id` = :school_id:
AND `date` >= :date:
AND `date` <= :date.1:', [...], false)
 5 APPPATH\Models\Crud_model.php(349): CodeIgniter\Database\BaseBuilder->get()
 6 APPPATH\Views\backend\student\dashboard\index.php(983): App\Models\Crud_model->get_current_month_events()
 7 APPPATH\Views\backend\index.php(147): include('C:\\xampp\\htdocs\\School-Management-De_migration\\app\\Views\\backend\\student\\dashboard\\index.php')
 8 SYSTEMPATH\View\View.php(240): include('C:\\xampp\\htdocs\\School-Management-De_migration\\app\\Views\\backend\\index.php')
 9 SYSTEMPATH\View\View.php(243): CodeIgniter\View\View->CodeIgniter\View\{closure}()
10 APPPATH\View\View.php(357): CodeIgniter\View\View->render('backend/index', [], true)
11 SYSTEMPATH\Common.php(1250): App\View\View->render('backend/index', [], true)
12 APPPATH\Controllers\Student.php(294): view('backend/index', [...])
13 APPPATH\Config\Routes.php(335): App\Controllers\Student->dashboard()
14 SYSTEMPATH\CodeIgniter.php(872): CodeIgniter\Router\RouteCollection::{closure}()
15 SYSTEMPATH\CodeIgniter.php(480): CodeIgniter\CodeIgniter->startController()
16 SYSTEMPATH\CodeIgniter.php(340): CodeIgniter\CodeIgniter->handleRequest(null, Object(Config\Cache), false)
17 SYSTEMPATH\Boot.php(417): CodeIgniter\CodeIgniter->run()
18 SYSTEMPATH\Boot.php(68): CodeIgniter\Boot::runCodeIgniter(Object(CodeIgniter\CodeIgniter))
19 FCPATH\index.php(75): CodeIgniter\Boot::bootWeb(Object(Config\Paths))
DEBUG - 2026-04-08 10:59:54 --> Session: Class initialized using 'CodeIgniter\Session\Handlers\FileHandler' driver.
DEBUG - 2026-04-08 10:59:55 --> Session: Class initialized using 'CodeIgniter\Session\Handlers\FileHandler' driver.
DEBUG - 2026-04-08 10:59:55 --> Session: Class initialized using 'CodeIgniter\Session\Handlers\FileHandler' driver.
DEBUG - 2026-04-08 10:59:56 --> Session: Class initialized using 'CodeIgniter\Session\Handlers\FileHandler' driver.
DEBUG - 2026-04-08 10:59:57 --> Total exams not yet taken calculated for school_id 110: 0
DEBUG - 2026-04-08 10:59:57 --> Total exams not yet taken calculated for school_id 110: 0
ERROR - 2026-04-08 10:59:57 --> Table 'wayo_db.events' doesn't exist
in SYSTEMPATH\Database\MySQLi\Connection.php on line 300.
 1 SYSTEMPATH\Database\MySQLi\Connection.php(300): mysqli->query('SELECT *
FROM `events`
WHERE `school_id` = \'110\'
AND `date` >= \'2026-04-01\'
AND `date` <= \'2026-04-30\'', 0)
 2 SYSTEMPATH\Database\BaseConnection.php(910): CodeIgniter\Database\MySQLi\Connection->execute('SELECT *
FROM `events`
WHERE `school_id` = \'110\'
AND `date` >= \'2026-04-01\'
AND `date` <= \'2026-04-30\'')
 3 SYSTEMPATH\Database\BaseConnection.php(827): CodeIgniter\Database\BaseConnection->simpleQuery('SELECT *
FROM `events`
WHERE `school_id` = \'110\'
AND `date` >= \'2026-04-01\'
AND `date` <= \'2026-04-30\'')
 4 SYSTEMPATH\Database\BaseBuilder.php(1649): CodeIgniter\Database\BaseConnection->query('SELECT *
FROM `events`
WHERE `school_id` = :school_id:
AND `date` >= :date:
AND `date` <= :date.1:', [...], false)
 5 APPPATH\Models\Crud_model.php(349): CodeIgniter\Database\BaseBuilder->get()
 6 APPPATH\Views\backend\student\dashboard\index.php(983): App\Models\Crud_model->get_current_month_events()
 7 APPPATH\Views\backend\index.php(147): include('C:\\xampp\\htdocs\\School-Management-De_migration\\app\\Views\\backend\\student\\dashboard\\index.php')
 8 SYSTEMPATH\View\View.php(240): include('C:\\xampp\\htdocs\\School-Management-De_migration\\app\\Views\\backend\\index.php')
 9 SYSTEMPATH\View\View.php(243): CodeIgniter\View\View->CodeIgniter\View\{closure}()
10 APPPATH\View\View.php(357): CodeIgniter\View\View->render('backend/index', [], true)
11 SYSTEMPATH\Common.php(1250): App\View\View->render('backend/index', [], true)
12 APPPATH\Controllers\Student.php(294): view('backend/index', [...])
13 APPPATH\Config\Routes.php(335): App\Controllers\Student->dashboard()
14 SYSTEMPATH\CodeIgniter.php(872): CodeIgniter\Router\RouteCollection::{closure}()
15 SYSTEMPATH\CodeIgniter.php(480): CodeIgniter\CodeIgniter->startController()
16 SYSTEMPATH\CodeIgniter.php(340): CodeIgniter\CodeIgniter->handleRequest(null, Object(Config\Cache), false)
17 SYSTEMPATH\Boot.php(417): CodeIgniter\CodeIgniter->run()
18 SYSTEMPATH\Boot.php(68): CodeIgniter\Boot::runCodeIgniter(Object(CodeIgniter\CodeIgniter))
19 FCPATH\index.php(75): CodeIgniter\Boot::bootWeb(Object(Config\Paths))
DEBUG - 2026-04-08 11:00:01 --> Session: Class initialized using 'CodeIgniter\Session\Handlers\FileHandler' driver.
DEBUG - 2026-04-08 11:00:01 --> Session: Class initialized using 'CodeIgniter\Session\Handlers\FileHandler' driver.
DEBUG - 2026-04-08 11:00:01 --> Session: Class initialized using 'CodeIgniter\Session\Handlers\FileHandler' driver.
DEBUG - 2026-04-08 11:00:02 --> Session: Class initialized using 'CodeIgniter\Session\Handlers\FileHandler' driver.
DEBUG - 2026-04-08 11:00:02 --> Session: Class initialized using 'CodeIgniter\Session\Handlers\FileHandler' driver.
DEBUG - 2026-04-08 11:00:02 --> Session: Class initialized using 'CodeIgniter\Session\Handlers\FileHandler' driver.
DEBUG - 2026-04-08 11:00:02 --> Session: Class initialized using 'CodeIgniter\Session\Handlers\FileHandler' driver.
DEBUG - 2026-04-08 11:00:04 --> Total exams not yet taken calculated for school_id 110: 0
ERROR - 2026-04-08 11:00:05 --> Table 'wayo_db.events' doesn't exist
in SYSTEMPATH\Database\MySQLi\Connection.php on line 300.
 1 SYSTEMPATH\Database\MySQLi\Connection.php(300): mysqli->query('SELECT *
FROM `events`
WHERE `school_id` = \'110\'
AND `date` >= \'2026-04-01\'
AND `date` <= \'2026-04-30\'', 0)
 2 SYSTEMPATH\Database\BaseConnection.php(910): CodeIgniter\Database\MySQLi\Connection->execute('SELECT *
FROM `events`
WHERE `school_id` = \'110\'
AND `date` >= \'2026-04-01\'
AND `date` <= \'2026-04-30\'')
 3 SYSTEMPATH\Database\BaseConnection.php(827): CodeIgniter\Database\BaseConnection->simpleQuery('SELECT *
FROM `events`
WHERE `school_id` = \'110\'
AND `date` >= \'2026-04-01\'
AND `date` <= \'2026-04-30\'')
 4 SYSTEMPATH\Database\BaseBuilder.php(1649): CodeIgniter\Database\BaseConnection->query('SELECT *
FROM `events`
WHERE `school_id` = :school_id:
AND `date` >= :date:
AND `date` <= :date.1:', [...], false)
 5 APPPATH\Models\Crud_model.php(349): CodeIgniter\Database\BaseBuilder->get()
 6 APPPATH\Views\backend\student\dashboard\index.php(983): App\Models\Crud_model->get_current_month_events()
 7 APPPATH\Views\backend\index.php(147): include('C:\\xampp\\htdocs\\School-Management-De_migration\\app\\Views\\backend\\student\\dashboard\\index.php')
 8 SYSTEMPATH\View\View.php(240): include('C:\\xampp\\htdocs\\School-Management-De_migration\\app\\Views\\backend\\index.php')
 9 SYSTEMPATH\View\View.php(243): CodeIgniter\View\View->CodeIgniter\View\{closure}()
10 APPPATH\View\View.php(357): CodeIgniter\View\View->render('backend/index', [], true)
11 SYSTEMPATH\Common.php(1250): App\View\View->render('backend/index', [], true)
12 APPPATH\Controllers\Student.php(294): view('backend/index', [...])
13 APPPATH\Config\Routes.php(335): App\Controllers\Student->dashboard()
14 SYSTEMPATH\CodeIgniter.php(872): CodeIgniter\Router\RouteCollection::{closure}()
15 SYSTEMPATH\CodeIgniter.php(480): CodeIgniter\CodeIgniter->startController()
16 SYSTEMPATH\CodeIgniter.php(340): CodeIgniter\CodeIgniter->handleRequest(null, Object(Config\Cache), false)
17 SYSTEMPATH\Boot.php(417): CodeIgniter\CodeIgniter->run()
18 SYSTEMPATH\Boot.php(68): CodeIgniter\Boot::runCodeIgniter(Object(CodeIgniter\CodeIgniter))
19 FCPATH\index.php(75): CodeIgniter\Boot::bootWeb(Object(Config\Paths))
DEBUG - 2026-04-08 11:00:05 --> Session: Class initialized using 'CodeIgniter\Session\Handlers\FileHandler' driver.
DEBUG - 2026-04-08 11:00:06 --> Total exams not yet taken calculated for school_id 110: 0
ERROR - 2026-04-08 11:00:07 --> Table 'wayo_db.events' doesn't exist
in SYSTEMPATH\Database\MySQLi\Connection.php on line 300.
 1 SYSTEMPATH\Database\MySQLi\Connection.php(300): mysqli->query('SELECT *
FROM `events`
WHERE `school_id` = \'110\'
AND `date` >= \'2026-04-01\'
AND `date` <= \'2026-04-30\'', 0)
 2 SYSTEMPATH\Database\BaseConnection.php(910): CodeIgniter\Database\MySQLi\Connection->execute('SELECT *
FROM `events`
WHERE `school_id` = \'110\'
AND `date` >= \'2026-04-01\'
AND `date` <= \'2026-04-30\'')
 3 SYSTEMPATH\Database\BaseConnection.php(827): CodeIgniter\Database\BaseConnection->simpleQuery('SELECT *
FROM `events`
WHERE `school_id` = \'110\'
AND `date` >= \'2026-04-01\'
AND `date` <= \'2026-04-30\'')
 4 SYSTEMPATH\Database\BaseBuilder.php(1649): CodeIgniter\Database\BaseConnection->query('SELECT *
FROM `events`
WHERE `school_id` = :school_id:
AND `date` >= :date:
AND `date` <= :date.1:', [...], false)
 5 APPPATH\Models\Crud_model.php(349): CodeIgniter\Database\BaseBuilder->get()
 6 APPPATH\Views\backend\student\dashboard\index.php(983): App\Models\Crud_model->get_current_month_events()
 7 APPPATH\Views\backend\index.php(147): include('C:\\xampp\\htdocs\\School-Management-De_migration\\app\\Views\\backend\\student\\dashboard\\index.php')
 8 SYSTEMPATH\View\View.php(240): include('C:\\xampp\\htdocs\\School-Management-De_migration\\app\\Views\\backend\\index.php')
 9 SYSTEMPATH\View\View.php(243): CodeIgniter\View\View->CodeIgniter\View\{closure}()
10 APPPATH\View\View.php(357): CodeIgniter\View\View->render('backend/index', [], true)
11 SYSTEMPATH\Common.php(1250): App\View\View->render('backend/index', [], true)
12 APPPATH\Controllers\Student.php(294): view('backend/index', [...])
13 APPPATH\Config\Routes.php(335): App\Controllers\Student->dashboard()
14 SYSTEMPATH\CodeIgniter.php(872): CodeIgniter\Router\RouteCollection::{closure}()
15 SYSTEMPATH\CodeIgniter.php(480): CodeIgniter\CodeIgniter->startController()
16 SYSTEMPATH\CodeIgniter.php(340): CodeIgniter\CodeIgniter->handleRequest(null, Object(Config\Cache), false)
17 SYSTEMPATH\Boot.php(417): CodeIgniter\CodeIgniter->run()
18 SYSTEMPATH\Boot.php(68): CodeIgniter\Boot::runCodeIgniter(Object(CodeIgniter\CodeIgniter))
19 FCPATH\index.php(75): CodeIgniter\Boot::bootWeb(Object(Config\Paths))
DEBUG - 2026-04-08 11:00:07 --> Session: Class initialized using 'CodeIgniter\Session\Handlers\FileHandler' driver.
DEBUG - 2026-04-08 11:00:08 --> Total exams not yet taken calculated for school_id 110: 0
ERROR - 2026-04-08 11:00:09 --> Table 'wayo_db.events' doesn't exist
in SYSTEMPATH\Database\MySQLi\Connection.php on line 300.
 1 SYSTEMPATH\Database\MySQLi\Connection.php(300): mysqli->query('SELECT *
FROM `events`
WHERE `school_id` = \'110\'
AND `date` >= \'2026-04-01\'
AND `date` <= \'2026-04-30\'', 0)
 2 SYSTEMPATH\Database\BaseConnection.php(910): CodeIgniter\Database\MySQLi\Connection->execute('SELECT *
FROM `events`
WHERE `school_id` = \'110\'
AND `date` >= \'2026-04-01\'
AND `date` <= \'2026-04-30\'')
 3 SYSTEMPATH\Database\BaseConnection.php(827): CodeIgniter\Database\BaseConnection->simpleQuery('SELECT *
FROM `events`
WHERE `school_id` = \'110\'
AND `date` >= \'2026-04-01\'
AND `date` <= \'2026-04-30\'')
 4 SYSTEMPATH\Database\BaseBuilder.php(1649): CodeIgniter\Database\BaseConnection->query('SELECT *
FROM `events`
WHERE `school_id` = :school_id:
AND `date` >= :date:
AND `date` <= :date.1:', [...], false)
 5 APPPATH\Models\Crud_model.php(349): CodeIgniter\Database\BaseBuilder->get()
 6 APPPATH\Views\backend\student\dashboard\index.php(983): App\Models\Crud_model->get_current_month_events()
 7 APPPATH\Views\backend\index.php(147): include('C:\\xampp\\htdocs\\School-Management-De_migration\\app\\Views\\backend\\student\\dashboard\\index.php')
 8 SYSTEMPATH\View\View.php(240): include('C:\\xampp\\htdocs\\School-Management-De_migration\\app\\Views\\backend\\index.php')
 9 SYSTEMPATH\View\View.php(243): CodeIgniter\View\View->CodeIgniter\View\{closure}()
10 APPPATH\View\View.php(357): CodeIgniter\View\View->render('backend/index', [], true)
11 SYSTEMPATH\Common.php(1250): App\View\View->render('backend/index', [], true)
12 APPPATH\Controllers\Student.php(294): view('backend/index', [...])
13 APPPATH\Config\Routes.php(335): App\Controllers\Student->dashboard()
14 SYSTEMPATH\CodeIgniter.php(872): CodeIgniter\Router\RouteCollection::{closure}()
15 SYSTEMPATH\CodeIgniter.php(480): CodeIgniter\CodeIgniter->startController()
16 SYSTEMPATH\CodeIgniter.php(340): CodeIgniter\CodeIgniter->handleRequest(null, Object(Config\Cache), false)
17 SYSTEMPATH\Boot.php(417): CodeIgniter\CodeIgniter->run()
18 SYSTEMPATH\Boot.php(68): CodeIgniter\Boot::runCodeIgniter(Object(CodeIgniter\CodeIgniter))
19 FCPATH\index.php(75): CodeIgniter\Boot::bootWeb(Object(Config\Paths))
DEBUG - 2026-04-08 11:00:09 --> Session: Class initialized using 'CodeIgniter\Session\Handlers\FileHandler' driver.
DEBUG - 2026-04-08 11:00:10 --> Session: Class initialized using 'CodeIgniter\Session\Handlers\FileHandler' driver.
DEBUG - 2026-04-08 11:00:10 --> Session: Class initialized using 'CodeIgniter\Session\Handlers\FileHandler' driver.
DEBUG - 2026-04-08 11:00:11 --> Total exams not yet taken calculated for school_id 110: 0
ERROR - 2026-04-08 11:00:12 --> Table 'wayo_db.events' doesn't exist
in SYSTEMPATH\Database\MySQLi\Connection.php on line 300.
 1 SYSTEMPATH\Database\MySQLi\Connection.php(300): mysqli->query('SELECT *
FROM `events`
WHERE `school_id` = \'110\'
AND `date` >= \'2026-04-01\'
AND `date` <= \'2026-04-30\'', 0)
 2 SYSTEMPATH\Database\BaseConnection.php(910): CodeIgniter\Database\MySQLi\Connection->execute('SELECT *
FROM `events`
WHERE `school_id` = \'110\'
AND `date` >= \'2026-04-01\'
AND `date` <= \'2026-04-30\'')
 3 SYSTEMPATH\Database\BaseConnection.php(827): CodeIgniter\Database\BaseConnection->simpleQuery('SELECT *
FROM `events`
WHERE `school_id` = \'110\'
AND `date` >= \'2026-04-01\'
AND `date` <= \'2026-04-30\'')
 4 SYSTEMPATH\Database\BaseBuilder.php(1649): CodeIgniter\Database\BaseConnection->query('SELECT *
FROM `events`
WHERE `school_id` = :school_id:
AND `date` >= :date:
AND `date` <= :date.1:', [...], false)
 5 APPPATH\Models\Crud_model.php(349): CodeIgniter\Database\BaseBuilder->get()
 6 APPPATH\Views\backend\student\dashboard\index.php(983): App\Models\Crud_model->get_current_month_events()
 7 APPPATH\Views\backend\index.php(147): include('C:\\xampp\\htdocs\\School-Management-De_migration\\app\\Views\\backend\\student\\dashboard\\index.php')
 8 SYSTEMPATH\View\View.php(240): include('C:\\xampp\\htdocs\\School-Management-De_migration\\app\\Views\\backend\\index.php')
 9 SYSTEMPATH\View\View.php(243): CodeIgniter\View\View->CodeIgniter\View\{closure}()
10 APPPATH\View\View.php(357): CodeIgniter\View\View->render('backend/index', [], true)
11 SYSTEMPATH\Common.php(1250): App\View\View->render('backend/index', [], true)
12 APPPATH\Controllers\Student.php(294): view('backend/index', [...])
13 APPPATH\Config\Routes.php(335): App\Controllers\Student->dashboard()
14 SYSTEMPATH\CodeIgniter.php(872): CodeIgniter\Router\RouteCollection::{closure}()
15 SYSTEMPATH\CodeIgniter.php(480): CodeIgniter\CodeIgniter->startController()
16 SYSTEMPATH\CodeIgniter.php(340): CodeIgniter\CodeIgniter->handleRequest(null, Object(Config\Cache), false)
17 SYSTEMPATH\Boot.php(417): CodeIgniter\CodeIgniter->run()
18 SYSTEMPATH\Boot.php(68): CodeIgniter\Boot::runCodeIgniter(Object(CodeIgniter\CodeIgniter))
19 FCPATH\index.php(75): CodeIgniter\Boot::bootWeb(Object(Config\Paths))
DEBUG - 2026-04-08 11:00:12 --> Session: Class initialized using 'CodeIgniter\Session\Handlers\FileHandler' driver.
DEBUG - 2026-04-08 11:00:12 --> Session: Class initialized using 'CodeIgniter\Session\Handlers\FileHandler' driver.
DEBUG - 2026-04-08 11:00:13 --> Session: Class initialized using 'CodeIgniter\Session\Handlers\FileHandler' driver.
DEBUG - 2026-04-08 11:00:14 --> Total exams not yet taken calculated for school_id 110: 0
ERROR - 2026-04-08 11:00:15 --> Table 'wayo_db.events' doesn't exist
in SYSTEMPATH\Database\MySQLi\Connection.php on line 300.
 1 SYSTEMPATH\Database\MySQLi\Connection.php(300): mysqli->query('SELECT *
FROM `events`
WHERE `school_id` = \'110\'
AND `date` >= \'2026-04-01\'
AND `date` <= \'2026-04-30\'', 0)
 2 SYSTEMPATH\Database\BaseConnection.php(910): CodeIgniter\Database\MySQLi\Connection->execute('SELECT *
FROM `events`
WHERE `school_id` = \'110\'
AND `date` >= \'2026-04-01\'
AND `date` <= \'2026-04-30\'')
 3 SYSTEMPATH\Database\BaseConnection.php(827): CodeIgniter\Database\BaseConnection->simpleQuery('SELECT *
FROM `events`
WHERE `school_id` = \'110\'
AND `date` >= \'2026-04-01\'
AND `date` <= \'2026-04-30\'')
 4 SYSTEMPATH\Database\BaseBuilder.php(1649): CodeIgniter\Database\BaseConnection->query('SELECT *
FROM `events`
WHERE `school_id` = :school_id:
AND `date` >= :date:
AND `date` <= :date.1:', [...], false)
 5 APPPATH\Models\Crud_model.php(349): CodeIgniter\Database\BaseBuilder->get()
 6 APPPATH\Views\backend\student\dashboard\index.php(983): App\Models\Crud_model->get_current_month_events()
 7 APPPATH\Views\backend\index.php(147): include('C:\\xampp\\htdocs\\School-Management-De_migration\\app\\Views\\backend\\student\\dashboard\\index.php')
 8 SYSTEMPATH\View\View.php(240): include('C:\\xampp\\htdocs\\School-Management-De_migration\\app\\Views\\backend\\index.php')
 9 SYSTEMPATH\View\View.php(243): CodeIgniter\View\View->CodeIgniter\View\{closure}()
10 APPPATH\View\View.php(357): CodeIgniter\View\View->render('backend/index', [], true)
11 SYSTEMPATH\Common.php(1250): App\View\View->render('backend/index', [], true)
12 APPPATH\Controllers\Student.php(294): view('backend/index', [...])
13 APPPATH\Config\Routes.php(335): App\Controllers\Student->dashboard()
14 SYSTEMPATH\CodeIgniter.php(872): CodeIgniter\Router\RouteCollection::{closure}()
15 SYSTEMPATH\CodeIgniter.php(480): CodeIgniter\CodeIgniter->startController()
16 SYSTEMPATH\CodeIgniter.php(340): CodeIgniter\CodeIgniter->handleRequest(null, Object(Config\Cache), false)
17 SYSTEMPATH\Boot.php(417): CodeIgniter\CodeIgniter->run()
18 SYSTEMPATH\Boot.php(68): CodeIgniter\Boot::runCodeIgniter(Object(CodeIgniter\CodeIgniter))
19 FCPATH\index.php(75): CodeIgniter\Boot::bootWeb(Object(Config\Paths))
DEBUG - 2026-04-08 11:00:16 --> Session: Class initialized using 'CodeIgniter\Session\Handlers\FileHandler' driver.
DEBUG - 2026-04-08 11:00:16 --> Session: Class initialized using 'CodeIgniter\Session\Handlers\FileHandler' driver.
DEBUG - 2026-04-08 11:00:18 --> Session: Class initialized using 'CodeIgniter\Session\Handlers\FileHandler' driver.
DEBUG - 2026-04-08 11:00:21 --> Total exams not yet taken calculated for school_id 110: 0
ERROR - 2026-04-08 11:00:23 --> Table 'wayo_db.events' doesn't exist
in SYSTEMPATH\Database\MySQLi\Connection.php on line 300.
 1 SYSTEMPATH\Database\MySQLi\Connection.php(300): mysqli->query('SELECT *
FROM `events`
WHERE `school_id` = \'110\'
AND `date` >= \'2026-04-01\'
AND `date` <= \'2026-04-30\'', 0)
 2 SYSTEMPATH\Database\BaseConnection.php(910): CodeIgniter\Database\MySQLi\Connection->execute('SELECT *
FROM `events`
WHERE `school_id` = \'110\'
AND `date` >= \'2026-04-01\'
AND `date` <= \'2026-04-30\'')
 3 SYSTEMPATH\Database\BaseConnection.php(827): CodeIgniter\Database\BaseConnection->simpleQuery('SELECT *
FROM `events`
WHERE `school_id` = \'110\'
AND `date` >= \'2026-04-01\'
AND `date` <= \'2026-04-30\'')
 4 SYSTEMPATH\Database\BaseBuilder.php(1649): CodeIgniter\Database\BaseConnection->query('SELECT *
FROM `events`
WHERE `school_id` = :school_id:
AND `date` >= :date:
AND `date` <= :date.1:', [...], false)
 5 APPPATH\Models\Crud_model.php(349): CodeIgniter\Database\BaseBuilder->get()
 6 APPPATH\Views\backend\student\dashboard\index.php(983): App\Models\Crud_model->get_current_month_events()
 7 APPPATH\Views\backend\index.php(147): include('C:\\xampp\\htdocs\\School-Management-De_migration\\app\\Views\\backend\\student\\dashboard\\index.php')
 8 SYSTEMPATH\View\View.php(240): include('C:\\xampp\\htdocs\\School-Management-De_migration\\app\\Views\\backend\\index.php')
 9 SYSTEMPATH\View\View.php(243): CodeIgniter\View\View->CodeIgniter\View\{closure}()
10 APPPATH\View\View.php(357): CodeIgniter\View\View->render('backend/index', [], true)
11 SYSTEMPATH\Common.php(1250): App\View\View->render('backend/index', [], true)
12 APPPATH\Controllers\Student.php(294): view('backend/index', [...])
13 APPPATH\Config\Routes.php(335): App\Controllers\Student->dashboard()
14 SYSTEMPATH\CodeIgniter.php(872): CodeIgniter\Router\RouteCollection::{closure}()
15 SYSTEMPATH\CodeIgniter.php(480): CodeIgniter\CodeIgniter->startController()
16 SYSTEMPATH\CodeIgniter.php(340): CodeIgniter\CodeIgniter->handleRequest(null, Object(Config\Cache), false)
17 SYSTEMPATH\Boot.php(417): CodeIgniter\CodeIgniter->run()
18 SYSTEMPATH\Boot.php(68): CodeIgniter\Boot::runCodeIgniter(Object(CodeIgniter\CodeIgniter))
19 FCPATH\index.php(75): CodeIgniter\Boot::bootWeb(Object(Config\Paths))
DEBUG - 2026-04-08 11:00:23 --> Session: Class initialized using 'CodeIgniter\Session\Handlers\FileHandler' driver.
DEBUG - 2026-04-08 11:00:24 --> Session: Class initialized using 'CodeIgniter\Session\Handlers\FileHandler' driver.
DEBUG - 2026-04-08 11:00:25 --> Session: Class initialized using 'CodeIgniter\Session\Handlers\FileHandler' driver.
DEBUG - 2026-04-08 11:00:30 --> Total exams not yet taken calculated for school_id 110: 0
ERROR - 2026-04-08 11:00:33 --> Table 'wayo_db.events' doesn't exist
in SYSTEMPATH\Database\MySQLi\Connection.php on line 300.
 1 SYSTEMPATH\Database\MySQLi\Connection.php(300): mysqli->query('SELECT *
FROM `events`
WHERE `school_id` = \'110\'
AND `date` >= \'2026-04-01\'
AND `date` <= \'2026-04-30\'', 0)
 2 SYSTEMPATH\Database\BaseConnection.php(910): CodeIgniter\Database\MySQLi\Connection->execute('SELECT *
FROM `events`
WHERE `school_id` = \'110\'
AND `date` >= \'2026-04-01\'
AND `date` <= \'2026-04-30\'')
 3 SYSTEMPATH\Database\BaseConnection.php(827): CodeIgniter\Database\BaseConnection->simpleQuery('SELECT *
FROM `events`
WHERE `school_id` = \'110\'
AND `date` >= \'2026-04-01\'
AND `date` <= \'2026-04-30\'')
 4 SYSTEMPATH\Database\BaseBuilder.php(1649): CodeIgniter\Database\BaseConnection->query('SELECT *
FROM `events`
WHERE `school_id` = :school_id:
AND `date` >= :date:
AND `date` <= :date.1:', [...], false)
 5 APPPATH\Models\Crud_model.php(349): CodeIgniter\Database\BaseBuilder->get()
 6 APPPATH\Views\backend\student\dashboard\index.php(983): App\Models\Crud_model->get_current_month_events()
 7 APPPATH\Views\backend\index.php(147): include('C:\\xampp\\htdocs\\School-Management-De_migration\\app\\Views\\backend\\student\\dashboard\\index.php')
 8 SYSTEMPATH\View\View.php(240): include('C:\\xampp\\htdocs\\School-Management-De_migration\\app\\Views\\backend\\index.php')
 9 SYSTEMPATH\View\View.php(243): CodeIgniter\View\View->CodeIgniter\View\{closure}()
10 APPPATH\View\View.php(357): CodeIgniter\View\View->render('backend/index', [], true)
11 SYSTEMPATH\Common.php(1250): App\View\View->render('backend/index', [], true)
12 APPPATH\Controllers\Student.php(294): view('backend/index', [...])
13 APPPATH\Config\Routes.php(335): App\Controllers\Student->dashboard()
14 SYSTEMPATH\CodeIgniter.php(872): CodeIgniter\Router\RouteCollection::{closure}()
15 SYSTEMPATH\CodeIgniter.php(480): CodeIgniter\CodeIgniter->startController()
16 SYSTEMPATH\CodeIgniter.php(340): CodeIgniter\CodeIgniter->handleRequest(null, Object(Config\Cache), false)
17 SYSTEMPATH\Boot.php(417): CodeIgniter\CodeIgniter->run()
18 SYSTEMPATH\Boot.php(68): CodeIgniter\Boot::runCodeIgniter(Object(CodeIgniter\CodeIgniter))
19 FCPATH\index.php(75): CodeIgniter\Boot::bootWeb(Object(Config\Paths))
DEBUG - 2026-04-08 11:00:33 --> Session: Class initialized using 'CodeIgniter\Session\Handlers\FileHandler' driver.
DEBUG - 2026-04-08 11:00:38 --> Session: Class initialized using 'CodeIgniter\Session\Handlers\FileHandler' driver.
DEBUG - 2026-04-08 11:00:41 --> Session: Class initialized using 'CodeIgniter\Session\Handlers\FileHandler' driver.
DEBUG - 2026-04-08 11:00:44 --> Total exams not yet taken calculated for school_id 110: 0
ERROR - 2026-04-08 11:00:45 --> Table 'wayo_db.events' doesn't exist
in SYSTEMPATH\Database\MySQLi\Connection.php on line 300.
 1 SYSTEMPATH\Database\MySQLi\Connection.php(300): mysqli->query('SELECT *
FROM `events`
WHERE `school_id` = \'110\'
AND `date` >= \'2026-04-01\'
AND `date` <= \'2026-04-30\'', 0)
 2 SYSTEMPATH\Database\BaseConnection.php(910): CodeIgniter\Database\MySQLi\Connection->execute('SELECT *
FROM `events`
WHERE `school_id` = \'110\'
AND `date` >= \'2026-04-01\'
AND `date` <= \'2026-04-30\'')
 3 SYSTEMPATH\Database\BaseConnection.php(827): CodeIgniter\Database\BaseConnection->simpleQuery('SELECT *
FROM `events`
WHERE `school_id` = \'110\'
AND `date` >= \'2026-04-01\'
AND `date` <= \'2026-04-30\'')
 4 SYSTEMPATH\Database\BaseBuilder.php(1649): CodeIgniter\Database\BaseConnection->query('SELECT *
FROM `events`
WHERE `school_id` = :school_id:
AND `date` >= :date:
AND `date` <= :date.1:', [...], false)
 5 APPPATH\Models\Crud_model.php(349): CodeIgniter\Database\BaseBuilder->get()
 6 APPPATH\Views\backend\student\dashboard\index.php(983): App\Models\Crud_model->get_current_month_events()
 7 APPPATH\Views\backend\index.php(147): include('C:\\xampp\\htdocs\\School-Management-De_migration\\app\\Views\\backend\\student\\dashboard\\index.php')
 8 SYSTEMPATH\View\View.php(240): include('C:\\xampp\\htdocs\\School-Management-De_migration\\app\\Views\\backend\\index.php')
 9 SYSTEMPATH\View\View.php(243): CodeIgniter\View\View->CodeIgniter\View\{closure}()
10 APPPATH\View\View.php(357): CodeIgniter\View\View->render('backend/index', [], true)
11 SYSTEMPATH\Common.php(1250): App\View\View->render('backend/index', [], true)
12 APPPATH\Controllers\Student.php(294): view('backend/index', [...])
13 APPPATH\Config\Routes.php(335): App\Controllers\Student->dashboard()
14 SYSTEMPATH\CodeIgniter.php(872): CodeIgniter\Router\RouteCollection::{closure}()
15 SYSTEMPATH\CodeIgniter.php(480): CodeIgniter\CodeIgniter->startController()
16 SYSTEMPATH\CodeIgniter.php(340): CodeIgniter\CodeIgniter->handleRequest(null, Object(Config\Cache), false)
17 SYSTEMPATH\Boot.php(417): CodeIgniter\CodeIgniter->run()
18 SYSTEMPATH\Boot.php(68): CodeIgniter\Boot::runCodeIgniter(Object(CodeIgniter\CodeIgniter))
19 FCPATH\index.php(75): CodeIgniter\Boot::bootWeb(Object(Config\Paths))
DEBUG - 2026-04-08 11:02:52 --> Session: Class initialized using 'CodeIgniter\Session\Handlers\FileHandler' driver.
DEBUG - 2026-04-08 11:02:56 --> Session: Class initialized using 'CodeIgniter\Session\Handlers\FileHandler' driver.
DEBUG - 2026-04-08 11:02:58 --> Session: Class initialized using 'CodeIgniter\Session\Handlers\FileHandler' driver.
DEBUG - 2026-04-08 11:03:00 --> Total exams not yet taken calculated for school_id 110: 0
ERROR - 2026-04-08 11:03:01 --> Table 'wayo_db.events' doesn't exist
in SYSTEMPATH\Database\MySQLi\Connection.php on line 300.
 1 SYSTEMPATH\Database\MySQLi\Connection.php(300): mysqli->query('SELECT *
FROM `events`
WHERE `school_id` = \'110\'
AND `date` >= \'2026-04-01\'
AND `date` <= \'2026-04-30\'', 0)
 2 SYSTEMPATH\Database\BaseConnection.php(910): CodeIgniter\Database\MySQLi\Connection->execute('SELECT *
FROM `events`
WHERE `school_id` = \'110\'
AND `date` >= \'2026-04-01\'
AND `date` <= \'2026-04-30\'')
 3 SYSTEMPATH\Database\BaseConnection.php(827): CodeIgniter\Database\BaseConnection->simpleQuery('SELECT *
FROM `events`
WHERE `school_id` = \'110\'
AND `date` >= \'2026-04-01\'
AND `date` <= \'2026-04-30\'')
 4 SYSTEMPATH\Database\BaseBuilder.php(1649): CodeIgniter\Database\BaseConnection->query('SELECT *
FROM `events`
WHERE `school_id` = :school_id:
AND `date` >= :date:
AND `date` <= :date.1:', [...], false)
 5 APPPATH\Models\Crud_model.php(349): CodeIgniter\Database\BaseBuilder->get()
 6 APPPATH\Views\backend\student\dashboard\index.php(983): App\Models\Crud_model->get_current_month_events()
 7 APPPATH\Views\backend\index.php(147): include('C:\\xampp\\htdocs\\School-Management-De_migration\\app\\Views\\backend\\student\\dashboard\\index.php')
 8 SYSTEMPATH\View\View.php(240): include('C:\\xampp\\htdocs\\School-Management-De_migration\\app\\Views\\backend\\index.php')
 9 SYSTEMPATH\View\View.php(243): CodeIgniter\View\View->CodeIgniter\View\{closure}()
10 APPPATH\View\View.php(357): CodeIgniter\View\View->render('backend/index', [], true)
11 SYSTEMPATH\Common.php(1250): App\View\View->render('backend/index', [], true)
12 APPPATH\Controllers\Student.php(294): view('backend/index', [...])
13 APPPATH\Config\Routes.php(335): App\Controllers\Student->dashboard()
14 SYSTEMPATH\CodeIgniter.php(872): CodeIgniter\Router\RouteCollection::{closure}()
15 SYSTEMPATH\CodeIgniter.php(480): CodeIgniter\CodeIgniter->startController()
16 SYSTEMPATH\CodeIgniter.php(340): CodeIgniter\CodeIgniter->handleRequest(null, Object(Config\Cache), false)
17 SYSTEMPATH\Boot.php(417): CodeIgniter\CodeIgniter->run()
18 SYSTEMPATH\Boot.php(68): CodeIgniter\Boot::runCodeIgniter(Object(CodeIgniter\CodeIgniter))
19 FCPATH\index.php(75): CodeIgniter\Boot::bootWeb(Object(Config\Paths))
DEBUG - 2026-04-08 11:03:35 --> Session: Class initialized using 'CodeIgniter\Session\Handlers\FileHandler' driver.
DEBUG - 2026-04-08 11:03:36 --> Session: Class initialized using 'CodeIgniter\Session\Handlers\FileHandler' driver.
DEBUG - 2026-04-08 11:03:36 --> Session: Class initialized using 'CodeIgniter\Session\Handlers\FileHandler' driver.
DEBUG - 2026-04-08 11:03:37 --> Total exams not yet taken calculated for school_id 110: 0
DEBUG - 2026-04-08 11:03:38 --> Session: Class initialized using 'CodeIgniter\Session\Handlers\FileHandler' driver.
DEBUG - 2026-04-08 11:03:40 --> Total exams not yet taken calculated for school_id 110: 0
ERROR - 2026-04-08 11:03:41 --> Table 'wayo_db.events' doesn't exist
in SYSTEMPATH\Database\MySQLi\Connection.php on line 300.
 1 SYSTEMPATH\Database\MySQLi\Connection.php(300): mysqli->query('SELECT *
FROM `events`
WHERE `school_id` = \'110\'
AND `date` >= \'2026-04-01\'
AND `date` <= \'2026-04-30\'', 0)
 2 SYSTEMPATH\Database\BaseConnection.php(910): CodeIgniter\Database\MySQLi\Connection->execute('SELECT *
FROM `events`
WHERE `school_id` = \'110\'
AND `date` >= \'2026-04-01\'
AND `date` <= \'2026-04-30\'')
 3 SYSTEMPATH\Database\BaseConnection.php(827): CodeIgniter\Database\BaseConnection->simpleQuery('SELECT *
FROM `events`
WHERE `school_id` = \'110\'
AND `date` >= \'2026-04-01\'
AND `date` <= \'2026-04-30\'')
 4 SYSTEMPATH\Database\BaseBuilder.php(1649): CodeIgniter\Database\BaseConnection->query('SELECT *
FROM `events`
WHERE `school_id` = :school_id:
AND `date` >= :date:
AND `date` <= :date.1:', [...], false)
 5 APPPATH\Models\Crud_model.php(349): CodeIgniter\Database\BaseBuilder->get()
 6 APPPATH\Views\backend\student\dashboard\index.php(983): App\Models\Crud_model->get_current_month_events()
 7 APPPATH\Views\backend\index.php(147): include('C:\\xampp\\htdocs\\School-Management-De_migration\\app\\Views\\backend\\student\\dashboard\\index.php')
 8 SYSTEMPATH\View\View.php(240): include('C:\\xampp\\htdocs\\School-Management-De_migration\\app\\Views\\backend\\index.php')
 9 SYSTEMPATH\View\View.php(243): CodeIgniter\View\View->CodeIgniter\View\{closure}()
10 APPPATH\View\View.php(357): CodeIgniter\View\View->render('backend/index', [], true)
11 SYSTEMPATH\Common.php(1250): App\View\View->render('backend/index', [], true)
12 APPPATH\Controllers\Student.php(294): view('backend/index', [...])
13 APPPATH\Config\Routes.php(335): App\Controllers\Student->dashboard()
14 SYSTEMPATH\CodeIgniter.php(872): CodeIgniter\Router\RouteCollection::{closure}()
15 SYSTEMPATH\CodeIgniter.php(480): CodeIgniter\CodeIgniter->startController()
16 SYSTEMPATH\CodeIgniter.php(340): CodeIgniter\CodeIgniter->handleRequest(null, Object(Config\Cache), false)
17 SYSTEMPATH\Boot.php(417): CodeIgniter\CodeIgniter->run()
18 SYSTEMPATH\Boot.php(68): CodeIgniter\Boot::runCodeIgniter(Object(CodeIgniter\CodeIgniter))
19 FCPATH\index.php(75): CodeIgniter\Boot::bootWeb(Object(Config\Paths))
DEBUG - 2026-04-08 11:03:43 --> Session: Class initialized using 'CodeIgniter\Session\Handlers\FileHandler' driver.
DEBUG - 2026-04-08 11:03:44 --> Session: Class initialized using 'CodeIgniter\Session\Handlers\FileHandler' driver.
DEBUG - 2026-04-08 11:03:44 --> Session: Class initialized using 'CodeIgniter\Session\Handlers\FileHandler' driver.
DEBUG - 2026-04-08 11:03:44 --> Session: Class initialized using 'CodeIgniter\Session\Handlers\FileHandler' driver.
DEBUG - 2026-04-08 11:03:44 --> Session: Class initialized using 'CodeIgniter\Session\Handlers\FileHandler' driver.
DEBUG - 2026-04-08 11:03:45 --> Session: Class initialized using 'CodeIgniter\Session\Handlers\FileHandler' driver.
DEBUG - 2026-04-08 11:03:45 --> Session: Class initialized using 'CodeIgniter\Session\Handlers\FileHandler' driver.
DEBUG - 2026-04-08 11:03:46 --> Total exams not yet taken calculated for school_id 110: 0
ERROR - 2026-04-08 11:03:46 --> Table 'wayo_db.events' doesn't exist
in SYSTEMPATH\Database\MySQLi\Connection.php on line 300.
 1 SYSTEMPATH\Database\MySQLi\Connection.php(300): mysqli->query('SELECT *
FROM `events`
WHERE `school_id` = \'110\'
AND `date` >= \'2026-04-01\'
AND `date` <= \'2026-04-30\'', 0)
 2 SYSTEMPATH\Database\BaseConnection.php(910): CodeIgniter\Database\MySQLi\Connection->execute('SELECT *
FROM `events`
WHERE `school_id` = \'110\'
AND `date` >= \'2026-04-01\'
AND `date` <= \'2026-04-30\'')
 3 SYSTEMPATH\Database\BaseConnection.php(827): CodeIgniter\Database\BaseConnection->simpleQuery('SELECT *
FROM `events`
WHERE `school_id` = \'110\'
AND `date` >= \'2026-04-01\'
AND `date` <= \'2026-04-30\'')
 4 SYSTEMPATH\Database\BaseBuilder.php(1649): CodeIgniter\Database\BaseConnection->query('SELECT *
FROM `events`
WHERE `school_id` = :school_id:
AND `date` >= :date:
AND `date` <= :date.1:', [...], false)
 5 APPPATH\Models\Crud_model.php(349): CodeIgniter\Database\BaseBuilder->get()
 6 APPPATH\Views\backend\student\dashboard\index.php(983): App\Models\Crud_model->get_current_month_events()
 7 APPPATH\Views\backend\index.php(147): include('C:\\xampp\\htdocs\\School-Management-De_migration\\app\\Views\\backend\\student\\dashboard\\index.php')
 8 SYSTEMPATH\View\View.php(240): include('C:\\xampp\\htdocs\\School-Management-De_migration\\app\\Views\\backend\\index.php')
 9 SYSTEMPATH\View\View.php(243): CodeIgniter\View\View->CodeIgniter\View\{closure}()
10 APPPATH\View\View.php(357): CodeIgniter\View\View->render('backend/index', [], true)
11 SYSTEMPATH\Common.php(1250): App\View\View->render('backend/index', [], true)
12 APPPATH\Controllers\Student.php(294): view('backend/index', [...])
13 APPPATH\Config\Routes.php(335): App\Controllers\Student->dashboard()
14 SYSTEMPATH\CodeIgniter.php(872): CodeIgniter\Router\RouteCollection::{closure}()
15 SYSTEMPATH\CodeIgniter.php(480): CodeIgniter\CodeIgniter->startController()
16 SYSTEMPATH\CodeIgniter.php(340): CodeIgniter\CodeIgniter->handleRequest(null, Object(Config\Cache), false)
17 SYSTEMPATH\Boot.php(417): CodeIgniter\CodeIgniter->run()
18 SYSTEMPATH\Boot.php(68): CodeIgniter\Boot::runCodeIgniter(Object(CodeIgniter\CodeIgniter))
19 FCPATH\index.php(75): CodeIgniter\Boot::bootWeb(Object(Config\Paths))
DEBUG - 2026-04-08 11:03:46 --> Session: Class initialized using 'CodeIgniter\Session\Handlers\FileHandler' driver.
DEBUG - 2026-04-08 11:03:47 --> Total exams not yet taken calculated for school_id 110: 0
ERROR - 2026-04-08 11:03:48 --> Table 'wayo_db.events' doesn't exist
in SYSTEMPATH\Database\MySQLi\Connection.php on line 300.
 1 SYSTEMPATH\Database\MySQLi\Connection.php(300): mysqli->query('SELECT *
FROM `events`
WHERE `school_id` = \'110\'
AND `date` >= \'2026-04-01\'
AND `date` <= \'2026-04-30\'', 0)
 2 SYSTEMPATH\Database\BaseConnection.php(910): CodeIgniter\Database\MySQLi\Connection->execute('SELECT *
FROM `events`
WHERE `school_id` = \'110\'
AND `date` >= \'2026-04-01\'
AND `date` <= \'2026-04-30\'')
 3 SYSTEMPATH\Database\BaseConnection.php(827): CodeIgniter\Database\BaseConnection->simpleQuery('SELECT *
FROM `events`
WHERE `school_id` = \'110\'
AND `date` >= \'2026-04-01\'
AND `date` <= \'2026-04-30\'')
 4 SYSTEMPATH\Database\BaseBuilder.php(1649): CodeIgniter\Database\BaseConnection->query('SELECT *
FROM `events`
WHERE `school_id` = :school_id:
AND `date` >= :date:
AND `date` <= :date.1:', [...], false)
 5 APPPATH\Models\Crud_model.php(349): CodeIgniter\Database\BaseBuilder->get()
 6 APPPATH\Views\backend\student\dashboard\index.php(983): App\Models\Crud_model->get_current_month_events()
 7 APPPATH\Views\backend\index.php(147): include('C:\\xampp\\htdocs\\School-Management-De_migration\\app\\Views\\backend\\student\\dashboard\\index.php')
 8 SYSTEMPATH\View\View.php(240): include('C:\\xampp\\htdocs\\School-Management-De_migration\\app\\Views\\backend\\index.php')
 9 SYSTEMPATH\View\View.php(243): CodeIgniter\View\View->CodeIgniter\View\{closure}()
10 APPPATH\View\View.php(357): CodeIgniter\View\View->render('backend/index', [], true)
11 SYSTEMPATH\Common.php(1250): App\View\View->render('backend/index', [], true)
12 APPPATH\Controllers\Student.php(294): view('backend/index', [...])
13 APPPATH\Config\Routes.php(335): App\Controllers\Student->dashboard()
14 SYSTEMPATH\CodeIgniter.php(872): CodeIgniter\Router\RouteCollection::{closure}()
15 SYSTEMPATH\CodeIgniter.php(480): CodeIgniter\CodeIgniter->startController()
16 SYSTEMPATH\CodeIgniter.php(340): CodeIgniter\CodeIgniter->handleRequest(null, Object(Config\Cache), false)
17 SYSTEMPATH\Boot.php(417): CodeIgniter\CodeIgniter->run()
18 SYSTEMPATH\Boot.php(68): CodeIgniter\Boot::runCodeIgniter(Object(CodeIgniter\CodeIgniter))
19 FCPATH\index.php(75): CodeIgniter\Boot::bootWeb(Object(Config\Paths))
DEBUG - 2026-04-08 11:03:48 --> Session: Class initialized using 'CodeIgniter\Session\Handlers\FileHandler' driver.
DEBUG - 2026-04-08 11:03:49 --> Total exams not yet taken calculated for school_id 110: 0
ERROR - 2026-04-08 11:03:49 --> Table 'wayo_db.events' doesn't exist
in SYSTEMPATH\Database\MySQLi\Connection.php on line 300.
 1 SYSTEMPATH\Database\MySQLi\Connection.php(300): mysqli->query('SELECT *
FROM `events`
WHERE `school_id` = \'110\'
AND `date` >= \'2026-04-01\'
AND `date` <= \'2026-04-30\'', 0)
 2 SYSTEMPATH\Database\BaseConnection.php(910): CodeIgniter\Database\MySQLi\Connection->execute('SELECT *
FROM `events`
WHERE `school_id` = \'110\'
AND `date` >= \'2026-04-01\'
AND `date` <= \'2026-04-30\'')
 3 SYSTEMPATH\Database\BaseConnection.php(827): CodeIgniter\Database\BaseConnection->simpleQuery('SELECT *
FROM `events`
WHERE `school_id` = \'110\'
AND `date` >= \'2026-04-01\'
AND `date` <= \'2026-04-30\'')
 4 SYSTEMPATH\Database\BaseBuilder.php(1649): CodeIgniter\Database\BaseConnection->query('SELECT *
FROM `events`
WHERE `school_id` = :school_id:
AND `date` >= :date:
AND `date` <= :date.1:', [...], false)
 5 APPPATH\Models\Crud_model.php(349): CodeIgniter\Database\BaseBuilder->get()
 6 APPPATH\Views\backend\student\dashboard\index.php(983): App\Models\Crud_model->get_current_month_events()
 7 APPPATH\Views\backend\index.php(147): include('C:\\xampp\\htdocs\\School-Management-De_migration\\app\\Views\\backend\\student\\dashboard\\index.php')
 8 SYSTEMPATH\View\View.php(240): include('C:\\xampp\\htdocs\\School-Management-De_migration\\app\\Views\\backend\\index.php')
 9 SYSTEMPATH\View\View.php(243): CodeIgniter\View\View->CodeIgniter\View\{closure}()
10 APPPATH\View\View.php(357): CodeIgniter\View\View->render('backend/index', [], true)
11 SYSTEMPATH\Common.php(1250): App\View\View->render('backend/index', [], true)
12 APPPATH\Controllers\Student.php(294): view('backend/index', [...])
13 APPPATH\Config\Routes.php(335): App\Controllers\Student->dashboard()
14 SYSTEMPATH\CodeIgniter.php(872): CodeIgniter\Router\RouteCollection::{closure}()
15 SYSTEMPATH\CodeIgniter.php(480): CodeIgniter\CodeIgniter->startController()
16 SYSTEMPATH\CodeIgniter.php(340): CodeIgniter\CodeIgniter->handleRequest(null, Object(Config\Cache), false)
17 SYSTEMPATH\Boot.php(417): CodeIgniter\CodeIgniter->run()
18 SYSTEMPATH\Boot.php(68): CodeIgniter\Boot::runCodeIgniter(Object(CodeIgniter\CodeIgniter))
19 FCPATH\index.php(75): CodeIgniter\Boot::bootWeb(Object(Config\Paths))
DEBUG - 2026-04-08 11:03:50 --> Session: Class initialized using 'CodeIgniter\Session\Handlers\FileHandler' driver.
DEBUG - 2026-04-08 11:03:50 --> Session: Class initialized using 'CodeIgniter\Session\Handlers\FileHandler' driver.
DEBUG - 2026-04-08 11:03:50 --> Session: Class initialized using 'CodeIgniter\Session\Handlers\FileHandler' driver.
DEBUG - 2026-04-08 11:03:51 --> Total exams not yet taken calculated for school_id 110: 0
ERROR - 2026-04-08 11:03:51 --> Table 'wayo_db.events' doesn't exist
in SYSTEMPATH\Database\MySQLi\Connection.php on line 300.
 1 SYSTEMPATH\Database\MySQLi\Connection.php(300): mysqli->query('SELECT *
FROM `events`
WHERE `school_id` = \'110\'
AND `date` >= \'2026-04-01\'
AND `date` <= \'2026-04-30\'', 0)
 2 SYSTEMPATH\Database\BaseConnection.php(910): CodeIgniter\Database\MySQLi\Connection->execute('SELECT *
FROM `events`
WHERE `school_id` = \'110\'
AND `date` >= \'2026-04-01\'
AND `date` <= \'2026-04-30\'')
 3 SYSTEMPATH\Database\BaseConnection.php(827): CodeIgniter\Database\BaseConnection->simpleQuery('SELECT *
FROM `events`
WHERE `school_id` = \'110\'
AND `date` >= \'2026-04-01\'
AND `date` <= \'2026-04-30\'')
 4 SYSTEMPATH\Database\BaseBuilder.php(1649): CodeIgniter\Database\BaseConnection->query('SELECT *
FROM `events`
WHERE `school_id` = :school_id:
AND `date` >= :date:
AND `date` <= :date.1:', [...], false)
 5 APPPATH\Models\Crud_model.php(349): CodeIgniter\Database\BaseBuilder->get()
 6 APPPATH\Views\backend\student\dashboard\index.php(983): App\Models\Crud_model->get_current_month_events()
 7 APPPATH\Views\backend\index.php(147): include('C:\\xampp\\htdocs\\School-Management-De_migration\\app\\Views\\backend\\student\\dashboard\\index.php')
 8 SYSTEMPATH\View\View.php(240): include('C:\\xampp\\htdocs\\School-Management-De_migration\\app\\Views\\backend\\index.php')
 9 SYSTEMPATH\View\View.php(243): CodeIgniter\View\View->CodeIgniter\View\{closure}()
10 APPPATH\View\View.php(357): CodeIgniter\View\View->render('backend/index', [], true)
11 SYSTEMPATH\Common.php(1250): App\View\View->render('backend/index', [], true)
12 APPPATH\Controllers\Student.php(294): view('backend/index', [...])
13 APPPATH\Config\Routes.php(335): App\Controllers\Student->dashboard()
14 SYSTEMPATH\CodeIgniter.php(872): CodeIgniter\Router\RouteCollection::{closure}()
15 SYSTEMPATH\CodeIgniter.php(480): CodeIgniter\CodeIgniter->startController()
16 SYSTEMPATH\CodeIgniter.php(340): CodeIgniter\CodeIgniter->handleRequest(null, Object(Config\Cache), false)
17 SYSTEMPATH\Boot.php(417): CodeIgniter\CodeIgniter->run()
18 SYSTEMPATH\Boot.php(68): CodeIgniter\Boot::runCodeIgniter(Object(CodeIgniter\CodeIgniter))
19 FCPATH\index.php(75): CodeIgniter\Boot::bootWeb(Object(Config\Paths))
DEBUG - 2026-04-08 11:03:52 --> Session: Class initialized using 'CodeIgniter\Session\Handlers\FileHandler' driver.
DEBUG - 2026-04-08 11:03:52 --> Session: Class initialized using 'CodeIgniter\Session\Handlers\FileHandler' driver.
DEBUG - 2026-04-08 11:03:53 --> Session: Class initialized using 'CodeIgniter\Session\Handlers\FileHandler' driver.
DEBUG - 2026-04-08 11:03:53 --> Total exams not yet taken calculated for school_id 110: 0
ERROR - 2026-04-08 11:03:53 --> Table 'wayo_db.events' doesn't exist
in SYSTEMPATH\Database\MySQLi\Connection.php on line 300.
 1 SYSTEMPATH\Database\MySQLi\Connection.php(300): mysqli->query('SELECT *
FROM `events`
WHERE `school_id` = \'110\'
AND `date` >= \'2026-04-01\'
AND `date` <= \'2026-04-30\'', 0)
 2 SYSTEMPATH\Database\BaseConnection.php(910): CodeIgniter\Database\MySQLi\Connection->execute('SELECT *
FROM `events`
WHERE `school_id` = \'110\'
AND `date` >= \'2026-04-01\'
AND `date` <= \'2026-04-30\'')
 3 SYSTEMPATH\Database\BaseConnection.php(827): CodeIgniter\Database\BaseConnection->simpleQuery('SELECT *
FROM `events`
WHERE `school_id` = \'110\'
AND `date` >= \'2026-04-01\'
AND `date` <= \'2026-04-30\'')
 4 SYSTEMPATH\Database\BaseBuilder.php(1649): CodeIgniter\Database\BaseConnection->query('SELECT *
FROM `events`
WHERE `school_id` = :school_id:
AND `date` >= :date:
AND `date` <= :date.1:', [...], false)
 5 APPPATH\Models\Crud_model.php(349): CodeIgniter\Database\BaseBuilder->get()
 6 APPPATH\Views\backend\student\dashboard\index.php(983): App\Models\Crud_model->get_current_month_events()
 7 APPPATH\Views\backend\index.php(147): include('C:\\xampp\\htdocs\\School-Management-De_migration\\app\\Views\\backend\\student\\dashboard\\index.php')
 8 SYSTEMPATH\View\View.php(240): include('C:\\xampp\\htdocs\\School-Management-De_migration\\app\\Views\\backend\\index.php')
 9 SYSTEMPATH\View\View.php(243): CodeIgniter\View\View->CodeIgniter\View\{closure}()
10 APPPATH\View\View.php(357): CodeIgniter\View\View->render('backend/index', [], true)
11 SYSTEMPATH\Common.php(1250): App\View\View->render('backend/index', [], true)
12 APPPATH\Controllers\Student.php(294): view('backend/index', [...])
13 APPPATH\Config\Routes.php(335): App\Controllers\Student->dashboard()
14 SYSTEMPATH\CodeIgniter.php(872): CodeIgniter\Router\RouteCollection::{closure}()
15 SYSTEMPATH\CodeIgniter.php(480): CodeIgniter\CodeIgniter->startController()
16 SYSTEMPATH\CodeIgniter.php(340): CodeIgniter\CodeIgniter->handleRequest(null, Object(Config\Cache), false)
17 SYSTEMPATH\Boot.php(417): CodeIgniter\CodeIgniter->run()
18 SYSTEMPATH\Boot.php(68): CodeIgniter\Boot::runCodeIgniter(Object(CodeIgniter\CodeIgniter))
19 FCPATH\index.php(75): CodeIgniter\Boot::bootWeb(Object(Config\Paths))
DEBUG - 2026-04-08 11:03:57 --> Session: Class initialized using 'CodeIgniter\Session\Handlers\FileHandler' driver.
DEBUG - 2026-04-08 11:03:57 --> Session: Class initialized using 'CodeIgniter\Session\Handlers\FileHandler' driver.
DEBUG - 2026-04-08 11:03:58 --> Session: Class initialized using 'CodeIgniter\Session\Handlers\FileHandler' driver.
DEBUG - 2026-04-08 11:03:58 --> Total exams not yet taken calculated for school_id 110: 0
ERROR - 2026-04-08 11:03:58 --> Table 'wayo_db.events' doesn't exist
in SYSTEMPATH\Database\MySQLi\Connection.php on line 300.
 1 SYSTEMPATH\Database\MySQLi\Connection.php(300): mysqli->query('SELECT *
FROM `events`
WHERE `school_id` = \'110\'
AND `date` >= \'2026-04-01\'
AND `date` <= \'2026-04-30\'', 0)
 2 SYSTEMPATH\Database\BaseConnection.php(910): CodeIgniter\Database\MySQLi\Connection->execute('SELECT *
FROM `events`
WHERE `school_id` = \'110\'
AND `date` >= \'2026-04-01\'
AND `date` <= \'2026-04-30\'')
 3 SYSTEMPATH\Database\BaseConnection.php(827): CodeIgniter\Database\BaseConnection->simpleQuery('SELECT *
FROM `events`
WHERE `school_id` = \'110\'
AND `date` >= \'2026-04-01\'
AND `date` <= \'2026-04-30\'')
 4 SYSTEMPATH\Database\BaseBuilder.php(1649): CodeIgniter\Database\BaseConnection->query('SELECT *
FROM `events`
WHERE `school_id` = :school_id:
AND `date` >= :date:
AND `date` <= :date.1:', [...], false)
 5 APPPATH\Models\Crud_model.php(349): CodeIgniter\Database\BaseBuilder->get()
 6 APPPATH\Views\backend\student\dashboard\index.php(983): App\Models\Crud_model->get_current_month_events()
 7 APPPATH\Views\backend\index.php(147): include('C:\\xampp\\htdocs\\School-Management-De_migration\\app\\Views\\backend\\student\\dashboard\\index.php')
 8 SYSTEMPATH\View\View.php(240): include('C:\\xampp\\htdocs\\School-Management-De_migration\\app\\Views\\backend\\index.php')
 9 SYSTEMPATH\View\View.php(243): CodeIgniter\View\View->CodeIgniter\View\{closure}()
10 APPPATH\View\View.php(357): CodeIgniter\View\View->render('backend/index', [], true)
11 SYSTEMPATH\Common.php(1250): App\View\View->render('backend/index', [], true)
12 APPPATH\Controllers\Student.php(294): view('backend/index', [...])
13 APPPATH\Config\Routes.php(335): App\Controllers\Student->dashboard()
14 SYSTEMPATH\CodeIgniter.php(872): CodeIgniter\Router\RouteCollection::{closure}()
15 SYSTEMPATH\CodeIgniter.php(480): CodeIgniter\CodeIgniter->startController()
16 SYSTEMPATH\CodeIgniter.php(340): CodeIgniter\CodeIgniter->handleRequest(null, Object(Config\Cache), false)
17 SYSTEMPATH\Boot.php(417): CodeIgniter\CodeIgniter->run()
18 SYSTEMPATH\Boot.php(68): CodeIgniter\Boot::runCodeIgniter(Object(CodeIgniter\CodeIgniter))
19 FCPATH\index.php(75): CodeIgniter\Boot::bootWeb(Object(Config\Paths))
DEBUG - 2026-04-08 11:04:02 --> Session: Class initialized using 'CodeIgniter\Session\Handlers\FileHandler' driver.
DEBUG - 2026-04-08 11:04:03 --> Session: Class initialized using 'CodeIgniter\Session\Handlers\FileHandler' driver.
DEBUG - 2026-04-08 11:04:03 --> Session: Class initialized using 'CodeIgniter\Session\Handlers\FileHandler' driver.
DEBUG - 2026-04-08 11:04:04 --> Total exams not yet taken calculated for school_id 110: 0
ERROR - 2026-04-08 11:04:04 --> Table 'wayo_db.events' doesn't exist
in SYSTEMPATH\Database\MySQLi\Connection.php on line 300.
 1 SYSTEMPATH\Database\MySQLi\Connection.php(300): mysqli->query('SELECT *
FROM `events`
WHERE `school_id` = \'110\'
AND `date` >= \'2026-04-01\'
AND `date` <= \'2026-04-30\'', 0)
 2 SYSTEMPATH\Database\BaseConnection.php(910): CodeIgniter\Database\MySQLi\Connection->execute('SELECT *
FROM `events`
WHERE `school_id` = \'110\'
AND `date` >= \'2026-04-01\'
AND `date` <= \'2026-04-30\'')
 3 SYSTEMPATH\Database\BaseConnection.php(827): CodeIgniter\Database\BaseConnection->simpleQuery('SELECT *
FROM `events`
WHERE `school_id` = \'110\'
AND `date` >= \'2026-04-01\'
AND `date` <= \'2026-04-30\'')
 4 SYSTEMPATH\Database\BaseBuilder.php(1649): CodeIgniter\Database\BaseConnection->query('SELECT *
FROM `events`
WHERE `school_id` = :school_id:
AND `date` >= :date:
AND `date` <= :date.1:', [...], false)
 5 APPPATH\Models\Crud_model.php(349): CodeIgniter\Database\BaseBuilder->get()
 6 APPPATH\Views\backend\student\dashboard\index.php(983): App\Models\Crud_model->get_current_month_events()
 7 APPPATH\Views\backend\index.php(147): include('C:\\xampp\\htdocs\\School-Management-De_migration\\app\\Views\\backend\\student\\dashboard\\index.php')
 8 SYSTEMPATH\View\View.php(240): include('C:\\xampp\\htdocs\\School-Management-De_migration\\app\\Views\\backend\\index.php')
 9 SYSTEMPATH\View\View.php(243): CodeIgniter\View\View->CodeIgniter\View\{closure}()
10 APPPATH\View\View.php(357): CodeIgniter\View\View->render('backend/index', [], true)
11 SYSTEMPATH\Common.php(1250): App\View\View->render('backend/index', [], true)
12 APPPATH\Controllers\Student.php(294): view('backend/index', [...])
13 APPPATH\Config\Routes.php(335): App\Controllers\Student->dashboard()
14 SYSTEMPATH\CodeIgniter.php(872): CodeIgniter\Router\RouteCollection::{closure}()
15 SYSTEMPATH\CodeIgniter.php(480): CodeIgniter\CodeIgniter->startController()
16 SYSTEMPATH\CodeIgniter.php(340): CodeIgniter\CodeIgniter->handleRequest(null, Object(Config\Cache), false)
17 SYSTEMPATH\Boot.php(417): CodeIgniter\CodeIgniter->run()
18 SYSTEMPATH\Boot.php(68): CodeIgniter\Boot::runCodeIgniter(Object(CodeIgniter\CodeIgniter))
19 FCPATH\index.php(75): CodeIgniter\Boot::bootWeb(Object(Config\Paths))
DEBUG - 2026-04-08 11:04:07 --> Session: Class initialized using 'CodeIgniter\Session\Handlers\FileHandler' driver.
DEBUG - 2026-04-08 11:04:08 --> Session: Class initialized using 'CodeIgniter\Session\Handlers\FileHandler' driver.
DEBUG - 2026-04-08 11:04:08 --> Session: Class initialized using 'CodeIgniter\Session\Handlers\FileHandler' driver.
DEBUG - 2026-04-08 11:04:08 --> Total exams not yet taken calculated for school_id 110: 0
ERROR - 2026-04-08 11:04:09 --> Table 'wayo_db.events' doesn't exist
in SYSTEMPATH\Database\MySQLi\Connection.php on line 300.
 1 SYSTEMPATH\Database\MySQLi\Connection.php(300): mysqli->query('SELECT *
FROM `events`
WHERE `school_id` = \'110\'
AND `date` >= \'2026-04-01\'
AND `date` <= \'2026-04-30\'', 0)
 2 SYSTEMPATH\Database\BaseConnection.php(910): CodeIgniter\Database\MySQLi\Connection->execute('SELECT *
FROM `events`
WHERE `school_id` = \'110\'
AND `date` >= \'2026-04-01\'
AND `date` <= \'2026-04-30\'')
 3 SYSTEMPATH\Database\BaseConnection.php(827): CodeIgniter\Database\BaseConnection->simpleQuery('SELECT *
FROM `events`
WHERE `school_id` = \'110\'
AND `date` >= \'2026-04-01\'
AND `date` <= \'2026-04-30\'')
 4 SYSTEMPATH\Database\BaseBuilder.php(1649): CodeIgniter\Database\BaseConnection->query('SELECT *
FROM `events`
WHERE `school_id` = :school_id:
AND `date` >= :date:
AND `date` <= :date.1:', [...], false)
 5 APPPATH\Models\Crud_model.php(349): CodeIgniter\Database\BaseBuilder->get()
 6 APPPATH\Views\backend\student\dashboard\index.php(983): App\Models\Crud_model->get_current_month_events()
 7 APPPATH\Views\backend\index.php(147): include('C:\\xampp\\htdocs\\School-Management-De_migration\\app\\Views\\backend\\student\\dashboard\\index.php')
 8 SYSTEMPATH\View\View.php(240): include('C:\\xampp\\htdocs\\School-Management-De_migration\\app\\Views\\backend\\index.php')
 9 SYSTEMPATH\View\View.php(243): CodeIgniter\View\View->CodeIgniter\View\{closure}()
10 APPPATH\View\View.php(357): CodeIgniter\View\View->render('backend/index', [], true)
11 SYSTEMPATH\Common.php(1250): App\View\View->render('backend/index', [], true)
12 APPPATH\Controllers\Student.php(294): view('backend/index', [...])
13 APPPATH\Config\Routes.php(335): App\Controllers\Student->dashboard()
14 SYSTEMPATH\CodeIgniter.php(872): CodeIgniter\Router\RouteCollection::{closure}()
15 SYSTEMPATH\CodeIgniter.php(480): CodeIgniter\CodeIgniter->startController()
16 SYSTEMPATH\CodeIgniter.php(340): CodeIgniter\CodeIgniter->handleRequest(null, Object(Config\Cache), false)
17 SYSTEMPATH\Boot.php(417): CodeIgniter\CodeIgniter->run()
18 SYSTEMPATH\Boot.php(68): CodeIgniter\Boot::runCodeIgniter(Object(CodeIgniter\CodeIgniter))
19 FCPATH\index.php(75): CodeIgniter\Boot::bootWeb(Object(Config\Paths))
DEBUG - 2026-04-08 11:04:12 --> Session: Class initialized using 'CodeIgniter\Session\Handlers\FileHandler' driver.
DEBUG - 2026-04-08 11:04:13 --> Session: Class initialized using 'CodeIgniter\Session\Handlers\FileHandler' driver.
DEBUG - 2026-04-08 11:04:13 --> Session: Class initialized using 'CodeIgniter\Session\Handlers\FileHandler' driver.
DEBUG - 2026-04-08 11:04:14 --> Total exams not yet taken calculated for school_id 110: 0
ERROR - 2026-04-08 11:04:14 --> Table 'wayo_db.events' doesn't exist
in SYSTEMPATH\Database\MySQLi\Connection.php on line 300.
 1 SYSTEMPATH\Database\MySQLi\Connection.php(300): mysqli->query('SELECT *
FROM `events`
WHERE `school_id` = \'110\'
AND `date` >= \'2026-04-01\'
AND `date` <= \'2026-04-30\'', 0)
 2 SYSTEMPATH\Database\BaseConnection.php(910): CodeIgniter\Database\MySQLi\Connection->execute('SELECT *
FROM `events`
WHERE `school_id` = \'110\'
AND `date` >= \'2026-04-01\'
AND `date` <= \'2026-04-30\'')
 3 SYSTEMPATH\Database\BaseConnection.php(827): CodeIgniter\Database\BaseConnection->simpleQuery('SELECT *
FROM `events`
WHERE `school_id` = \'110\'
AND `date` >= \'2026-04-01\'
AND `date` <= \'2026-04-30\'')
 4 SYSTEMPATH\Database\BaseBuilder.php(1649): CodeIgniter\Database\BaseConnection->query('SELECT *
FROM `events`
WHERE `school_id` = :school_id:
AND `date` >= :date:
AND `date` <= :date.1:', [...], false)
 5 APPPATH\Models\Crud_model.php(349): CodeIgniter\Database\BaseBuilder->get()
 6 APPPATH\Views\backend\student\dashboard\index.php(983): App\Models\Crud_model->get_current_month_events()
 7 APPPATH\Views\backend\index.php(147): include('C:\\xampp\\htdocs\\School-Management-De_migration\\app\\Views\\backend\\student\\dashboard\\index.php')
 8 SYSTEMPATH\View\View.php(240): include('C:\\xampp\\htdocs\\School-Management-De_migration\\app\\Views\\backend\\index.php')
 9 SYSTEMPATH\View\View.php(243): CodeIgniter\View\View->CodeIgniter\View\{closure}()
10 APPPATH\View\View.php(357): CodeIgniter\View\View->render('backend/index', [], true)
11 SYSTEMPATH\Common.php(1250): App\View\View->render('backend/index', [], true)
12 APPPATH\Controllers\Student.php(294): view('backend/index', [...])
13 APPPATH\Config\Routes.php(335): App\Controllers\Student->dashboard()
14 SYSTEMPATH\CodeIgniter.php(872): CodeIgniter\Router\RouteCollection::{closure}()
15 SYSTEMPATH\CodeIgniter.php(480): CodeIgniter\CodeIgniter->startController()
16 SYSTEMPATH\CodeIgniter.php(340): CodeIgniter\CodeIgniter->handleRequest(null, Object(Config\Cache), false)
17 SYSTEMPATH\Boot.php(417): CodeIgniter\CodeIgniter->run()
18 SYSTEMPATH\Boot.php(68): CodeIgniter\Boot::runCodeIgniter(Object(CodeIgniter\CodeIgniter))
19 FCPATH\index.php(75): CodeIgniter\Boot::bootWeb(Object(Config\Paths))
DEBUG - 2026-04-08 11:06:19 --> Session: Class initialized using 'CodeIgniter\Session\Handlers\FileHandler' driver.
DEBUG - 2026-04-08 11:06:20 --> Session: Class initialized using 'CodeIgniter\Session\Handlers\FileHandler' driver.
DEBUG - 2026-04-08 11:06:21 --> Session: Class initialized using 'CodeIgniter\Session\Handlers\FileHandler' driver.
DEBUG - 2026-04-08 11:06:23 --> Total exams not yet taken calculated for school_id 110: 0
ERROR - 2026-04-08 11:06:23 --> Table 'wayo_db.events' doesn't exist
in SYSTEMPATH\Database\MySQLi\Connection.php on line 300.
 1 SYSTEMPATH\Database\MySQLi\Connection.php(300): mysqli->query('SELECT *
FROM `events`
WHERE `school_id` = \'110\'
AND `date` >= \'2026-04-01\'
AND `date` <= \'2026-04-30\'', 0)
 2 SYSTEMPATH\Database\BaseConnection.php(910): CodeIgniter\Database\MySQLi\Connection->execute('SELECT *
FROM `events`
WHERE `school_id` = \'110\'
AND `date` >= \'2026-04-01\'
AND `date` <= \'2026-04-30\'')
 3 SYSTEMPATH\Database\BaseConnection.php(827): CodeIgniter\Database\BaseConnection->simpleQuery('SELECT *
FROM `events`
WHERE `school_id` = \'110\'
AND `date` >= \'2026-04-01\'
AND `date` <= \'2026-04-30\'')
 4 SYSTEMPATH\Database\BaseBuilder.php(1649): CodeIgniter\Database\BaseConnection->query('SELECT *
FROM `events`
WHERE `school_id` = :school_id:
AND `date` >= :date:
AND `date` <= :date.1:', [...], false)
 5 APPPATH\Models\Crud_model.php(349): CodeIgniter\Database\BaseBuilder->get()
 6 APPPATH\Views\backend\student\dashboard\index.php(983): App\Models\Crud_model->get_current_month_events()
 7 APPPATH\Views\backend\index.php(147): include('C:\\xampp\\htdocs\\School-Management-De_migration\\app\\Views\\backend\\student\\dashboard\\index.php')
 8 SYSTEMPATH\View\View.php(240): include('C:\\xampp\\htdocs\\School-Management-De_migration\\app\\Views\\backend\\index.php')
 9 SYSTEMPATH\View\View.php(243): CodeIgniter\View\View->CodeIgniter\View\{closure}()
10 APPPATH\View\View.php(357): CodeIgniter\View\View->render('backend/index', [], true)
11 SYSTEMPATH\Common.php(1250): App\View\View->render('backend/index', [], true)
12 APPPATH\Controllers\Student.php(294): view('backend/index', [...])
13 APPPATH\Config\Routes.php(335): App\Controllers\Student->dashboard()
14 SYSTEMPATH\CodeIgniter.php(872): CodeIgniter\Router\RouteCollection::{closure}()
15 SYSTEMPATH\CodeIgniter.php(480): CodeIgniter\CodeIgniter->startController()
16 SYSTEMPATH\CodeIgniter.php(340): CodeIgniter\CodeIgniter->handleRequest(null, Object(Config\Cache), false)
17 SYSTEMPATH\Boot.php(417): CodeIgniter\CodeIgniter->run()
18 SYSTEMPATH\Boot.php(68): CodeIgniter\Boot::runCodeIgniter(Object(CodeIgniter\CodeIgniter))
19 FCPATH\index.php(75): CodeIgniter\Boot::bootWeb(Object(Config\Paths))
DEBUG - 2026-04-08 11:06:24 --> Session: Class initialized using 'CodeIgniter\Session\Handlers\FileHandler' driver.
DEBUG - 2026-04-08 11:06:25 --> Total exams not yet taken calculated for school_id 110: 0
DEBUG - 2026-04-08 11:06:30 --> Session: Class initialized using 'CodeIgniter\Session\Handlers\FileHandler' driver.
DEBUG - 2026-04-08 11:06:30 --> Session: Class initialized using 'CodeIgniter\Session\Handlers\FileHandler' driver.
DEBUG - 2026-04-08 11:06:30 --> Session: Class initialized using 'CodeIgniter\Session\Handlers\FileHandler' driver.
DEBUG - 2026-04-08 11:08:01 --> Session: Class initialized using 'CodeIgniter\Session\Handlers\FileHandler' driver.
DEBUG - 2026-04-08 11:08:05 --> Session: Class initialized using 'CodeIgniter\Session\Handlers\FileHandler' driver.
DEBUG - 2026-04-08 11:08:06 --> Total exams not yet taken calculated for school_id 110: 0
DEBUG - 2026-04-08 11:08:09 --> Session: Class initialized using 'CodeIgniter\Session\Handlers\FileHandler' driver.
DEBUG - 2026-04-08 11:08:10 --> Session: Class initialized using 'CodeIgniter\Session\Handlers\FileHandler' driver.
DEBUG - 2026-04-08 11:08:10 --> Session: Class initialized using 'CodeIgniter\Session\Handlers\FileHandler' driver.
DEBUG - 2026-04-08 11:08:37 --> Session: Class initialized using 'CodeIgniter\Session\Handlers\FileHandler' driver.
DEBUG - 2026-04-08 11:08:37 --> Total exams not yet taken calculated for school_id 110: 0
DEBUG - 2026-04-08 11:08:40 --> Session: Class initialized using 'CodeIgniter\Session\Handlers\FileHandler' driver.
DEBUG - 2026-04-08 11:08:40 --> Session: Class initialized using 'CodeIgniter\Session\Handlers\FileHandler' driver.
DEBUG - 2026-04-08 11:08:40 --> Session: Class initialized using 'CodeIgniter\Session\Handlers\FileHandler' driver.
DEBUG - 2026-04-08 11:08:50 --> Session: Class initialized using 'CodeIgniter\Session\Handlers\FileHandler' driver.
DEBUG - 2026-04-08 11:08:52 --> Session: Class initialized using 'CodeIgniter\Session\Handlers\FileHandler' driver.
DEBUG - 2026-04-08 11:08:52 --> Session: Class initialized using 'CodeIgniter\Session\Handlers\FileHandler' driver.
DEBUG - 2026-04-08 11:08:52 --> Total exams not yet taken calculated for school_id 111: 0
ERROR - 2026-04-08 11:08:53 --> Table 'wayo_db.events' doesn't exist
in SYSTEMPATH\Database\MySQLi\Connection.php on line 300.
 1 SYSTEMPATH\Database\MySQLi\Connection.php(300): mysqli->query('SELECT *
FROM `events`
WHERE `school_id` = \'111\'
AND `date` >= \'2026-04-01\'
AND `date` <= \'2026-04-30\'', 0)
 2 SYSTEMPATH\Database\BaseConnection.php(910): CodeIgniter\Database\MySQLi\Connection->execute('SELECT *
FROM `events`
WHERE `school_id` = \'111\'
AND `date` >= \'2026-04-01\'
AND `date` <= \'2026-04-30\'')
 3 SYSTEMPATH\Database\BaseConnection.php(827): CodeIgniter\Database\BaseConnection->simpleQuery('SELECT *
FROM `events`
WHERE `school_id` = \'111\'
AND `date` >= \'2026-04-01\'
AND `date` <= \'2026-04-30\'')
 4 SYSTEMPATH\Database\BaseBuilder.php(1649): CodeIgniter\Database\BaseConnection->query('SELECT *
FROM `events`
WHERE `school_id` = :school_id:
AND `date` >= :date:
AND `date` <= :date.1:', [...], false)
 5 APPPATH\Models\Crud_model.php(349): CodeIgniter\Database\BaseBuilder->get()
 6 APPPATH\Views\backend\student\dashboard\index.php(983): App\Models\Crud_model->get_current_month_events()
 7 APPPATH\Views\backend\index.php(147): include('C:\\xampp\\htdocs\\School-Management-De_migration\\app\\Views\\backend\\student\\dashboard\\index.php')
 8 SYSTEMPATH\View\View.php(240): include('C:\\xampp\\htdocs\\School-Management-De_migration\\app\\Views\\backend\\index.php')
 9 SYSTEMPATH\View\View.php(243): CodeIgniter\View\View->CodeIgniter\View\{closure}()
10 APPPATH\View\View.php(357): CodeIgniter\View\View->render('backend/index', [], true)
11 SYSTEMPATH\Common.php(1250): App\View\View->render('backend/index', [], true)
12 APPPATH\Controllers\Student.php(294): view('backend/index', [...])
13 APPPATH\Config\Routes.php(335): App\Controllers\Student->dashboard()
14 SYSTEMPATH\CodeIgniter.php(872): CodeIgniter\Router\RouteCollection::{closure}()
15 SYSTEMPATH\CodeIgniter.php(480): CodeIgniter\CodeIgniter->startController()
16 SYSTEMPATH\CodeIgniter.php(340): CodeIgniter\CodeIgniter->handleRequest(null, Object(Config\Cache), false)
17 SYSTEMPATH\Boot.php(417): CodeIgniter\CodeIgniter->run()
18 SYSTEMPATH\Boot.php(68): CodeIgniter\Boot::runCodeIgniter(Object(CodeIgniter\CodeIgniter))
19 FCPATH\index.php(75): CodeIgniter\Boot::bootWeb(Object(Config\Paths))
DEBUG - 2026-04-08 11:08:56 --> Session: Class initialized using 'CodeIgniter\Session\Handlers\FileHandler' driver.
DEBUG - 2026-04-08 11:08:57 --> Total exams not yet taken calculated for school_id 111: 0
DEBUG - 2026-04-08 11:08:59 --> Session: Class initialized using 'CodeIgniter\Session\Handlers\FileHandler' driver.
DEBUG - 2026-04-08 11:08:59 --> Session: Class initialized using 'CodeIgniter\Session\Handlers\FileHandler' driver.
DEBUG - 2026-04-08 11:08:59 --> Session: Class initialized using 'CodeIgniter\Session\Handlers\FileHandler' driver.
DEBUG - 2026-04-08 11:09:04 --> Session: Class initialized using 'CodeIgniter\Session\Handlers\FileHandler' driver.
DEBUG - 2026-04-08 11:09:06 --> Session: Class initialized using 'CodeIgniter\Session\Handlers\FileHandler' driver.
DEBUG - 2026-04-08 11:09:06 --> Session: Class initialized using 'CodeIgniter\Session\Handlers\FileHandler' driver.
DEBUG - 2026-04-08 11:09:07 --> Total exams not yet taken calculated for school_id 110: 0
ERROR - 2026-04-08 11:09:07 --> Table 'wayo_db.events' doesn't exist
in SYSTEMPATH\Database\MySQLi\Connection.php on line 300.
 1 SYSTEMPATH\Database\MySQLi\Connection.php(300): mysqli->query('SELECT *
FROM `events`
WHERE `school_id` = \'110\'
AND `date` >= \'2026-04-01\'
AND `date` <= \'2026-04-30\'', 0)
 2 SYSTEMPATH\Database\BaseConnection.php(910): CodeIgniter\Database\MySQLi\Connection->execute('SELECT *
FROM `events`
WHERE `school_id` = \'110\'
AND `date` >= \'2026-04-01\'
AND `date` <= \'2026-04-30\'')
 3 SYSTEMPATH\Database\BaseConnection.php(827): CodeIgniter\Database\BaseConnection->simpleQuery('SELECT *
FROM `events`
WHERE `school_id` = \'110\'
AND `date` >= \'2026-04-01\'
AND `date` <= \'2026-04-30\'')
 4 SYSTEMPATH\Database\BaseBuilder.php(1649): CodeIgniter\Database\BaseConnection->query('SELECT *
FROM `events`
WHERE `school_id` = :school_id:
AND `date` >= :date:
AND `date` <= :date.1:', [...], false)
 5 APPPATH\Models\Crud_model.php(349): CodeIgniter\Database\BaseBuilder->get()
 6 APPPATH\Views\backend\student\dashboard\index.php(983): App\Models\Crud_model->get_current_month_events()
 7 APPPATH\Views\backend\index.php(147): include('C:\\xampp\\htdocs\\School-Management-De_migration\\app\\Views\\backend\\student\\dashboard\\index.php')
 8 SYSTEMPATH\View\View.php(240): include('C:\\xampp\\htdocs\\School-Management-De_migration\\app\\Views\\backend\\index.php')
 9 SYSTEMPATH\View\View.php(243): CodeIgniter\View\View->CodeIgniter\View\{closure}()
10 APPPATH\View\View.php(357): CodeIgniter\View\View->render('backend/index', [], true)
11 SYSTEMPATH\Common.php(1250): App\View\View->render('backend/index', [], true)
12 APPPATH\Controllers\Student.php(294): view('backend/index', [...])
13 APPPATH\Config\Routes.php(335): App\Controllers\Student->dashboard()
14 SYSTEMPATH\CodeIgniter.php(872): CodeIgniter\Router\RouteCollection::{closure}()
15 SYSTEMPATH\CodeIgniter.php(480): CodeIgniter\CodeIgniter->startController()
16 SYSTEMPATH\CodeIgniter.php(340): CodeIgniter\CodeIgniter->handleRequest(null, Object(Config\Cache), false)
17 SYSTEMPATH\Boot.php(417): CodeIgniter\CodeIgniter->run()
18 SYSTEMPATH\Boot.php(68): CodeIgniter\Boot::runCodeIgniter(Object(CodeIgniter\CodeIgniter))
19 FCPATH\index.php(75): CodeIgniter\Boot::bootWeb(Object(Config\Paths))
DEBUG - 2026-04-08 11:09:15 --> Session: Class initialized using 'CodeIgniter\Session\Handlers\FileHandler' driver.
DEBUG - 2026-04-08 11:09:15 --> Total exams not yet taken calculated for school_id 110: 0
DEBUG - 2026-04-08 11:09:18 --> Session: Class initialized using 'CodeIgniter\Session\Handlers\FileHandler' driver.
DEBUG - 2026-04-08 11:09:18 --> Session: Class initialized using 'CodeIgniter\Session\Handlers\FileHandler' driver.
DEBUG - 2026-04-08 11:09:18 --> Session: Class initialized using 'CodeIgniter\Session\Handlers\FileHandler' driver.
DEBUG - 2026-04-08 11:11:42 --> Session: Class initialized using 'CodeIgniter\Session\Handlers\FileHandler' driver.
DEBUG - 2026-04-08 11:11:43 --> Session: Class initialized using 'CodeIgniter\Session\Handlers\FileHandler' driver.
DEBUG - 2026-04-08 11:11:46 --> Session: Class initialized using 'CodeIgniter\Session\Handlers\FileHandler' driver.
DEBUG - 2026-04-08 11:11:47 --> Total exams not yet taken calculated for school_id 110: 0
DEBUG - 2026-04-08 11:11:50 --> Session: Class initialized using 'CodeIgniter\Session\Handlers\FileHandler' driver.
DEBUG - 2026-04-08 11:11:50 --> Session: Class initialized using 'CodeIgniter\Session\Handlers\FileHandler' driver.
DEBUG - 2026-04-08 11:11:51 --> Session: Class initialized using 'CodeIgniter\Session\Handlers\FileHandler' driver.
DEBUG - 2026-04-08 11:12:41 --> Session: Class initialized using 'CodeIgniter\Session\Handlers\FileHandler' driver.
DEBUG - 2026-04-08 11:12:44 --> Session: Class initialized using 'CodeIgniter\Session\Handlers\FileHandler' driver.
DEBUG - 2026-04-08 11:12:45 --> Total exams not yet taken calculated for school_id 110: 0
DEBUG - 2026-04-08 11:12:47 --> Session: Class initialized using 'CodeIgniter\Session\Handlers\FileHandler' driver.
DEBUG - 2026-04-08 11:12:48 --> Session: Class initialized using 'CodeIgniter\Session\Handlers\FileHandler' driver.
DEBUG - 2026-04-08 11:12:48 --> Session: Class initialized using 'CodeIgniter\Session\Handlers\FileHandler' driver.
DEBUG - 2026-04-08 11:12:48 --> Session: Class initialized using 'CodeIgniter\Session\Handlers\FileHandler' driver.
DEBUG - 2026-04-08 11:12:49 --> Session: Class initialized using 'CodeIgniter\Session\Handlers\FileHandler' driver.
DEBUG - 2026-04-08 11:12:49 --> Session: Class initialized using 'CodeIgniter\Session\Handlers\FileHandler' driver.
DEBUG - 2026-04-08 11:12:49 --> Total exams not yet taken calculated for school_id 110: 0
ERROR - 2026-04-08 11:12:50 --> Table 'wayo_db.events' doesn't exist
in SYSTEMPATH\Database\MySQLi\Connection.php on line 300.
 1 SYSTEMPATH\Database\MySQLi\Connection.php(300): mysqli->query('SELECT *
FROM `events`
WHERE `school_id` = \'110\'
AND `date` >= \'2026-04-01\'
AND `date` <= \'2026-04-30\'', 0)
 2 SYSTEMPATH\Database\BaseConnection.php(910): CodeIgniter\Database\MySQLi\Connection->execute('SELECT *
FROM `events`
WHERE `school_id` = \'110\'
AND `date` >= \'2026-04-01\'
AND `date` <= \'2026-04-30\'')
 3 SYSTEMPATH\Database\BaseConnection.php(827): CodeIgniter\Database\BaseConnection->simpleQuery('SELECT *
FROM `events`
WHERE `school_id` = \'110\'
AND `date` >= \'2026-04-01\'
AND `date` <= \'2026-04-30\'')
 4 SYSTEMPATH\Database\BaseBuilder.php(1649): CodeIgniter\Database\BaseConnection->query('SELECT *
FROM `events`
WHERE `school_id` = :school_id:
AND `date` >= :date:
AND `date` <= :date.1:', [...], false)
 5 APPPATH\Models\Crud_model.php(349): CodeIgniter\Database\BaseBuilder->get()
 6 APPPATH\Views\backend\student\dashboard\index.php(983): App\Models\Crud_model->get_current_month_events()
 7 APPPATH\Views\backend\index.php(147): include('C:\\xampp\\htdocs\\School-Management-De_migration\\app\\Views\\backend\\student\\dashboard\\index.php')
 8 SYSTEMPATH\View\View.php(240): include('C:\\xampp\\htdocs\\School-Management-De_migration\\app\\Views\\backend\\index.php')
 9 SYSTEMPATH\View\View.php(243): CodeIgniter\View\View->CodeIgniter\View\{closure}()
10 APPPATH\View\View.php(357): CodeIgniter\View\View->render('backend/index', [], true)
11 SYSTEMPATH\Common.php(1250): App\View\View->render('backend/index', [], true)
12 APPPATH\Controllers\Student.php(294): view('backend/index', [...])
13 APPPATH\Config\Routes.php(335): App\Controllers\Student->dashboard()
14 SYSTEMPATH\CodeIgniter.php(872): CodeIgniter\Router\RouteCollection::{closure}()
15 SYSTEMPATH\CodeIgniter.php(480): CodeIgniter\CodeIgniter->startController()
16 SYSTEMPATH\CodeIgniter.php(340): CodeIgniter\CodeIgniter->handleRequest(null, Object(Config\Cache), false)
17 SYSTEMPATH\Boot.php(417): CodeIgniter\CodeIgniter->run()
18 SYSTEMPATH\Boot.php(68): CodeIgniter\Boot::runCodeIgniter(Object(CodeIgniter\CodeIgniter))
19 FCPATH\index.php(75): CodeIgniter\Boot::bootWeb(Object(Config\Paths))
DEBUG - 2026-04-08 11:12:54 --> Session: Class initialized using 'CodeIgniter\Session\Handlers\FileHandler' driver.
DEBUG - 2026-04-08 11:12:54 --> Total exams not yet taken calculated for school_id 110: 0
DEBUG - 2026-04-08 11:12:55 --> Session: Class initialized using 'CodeIgniter\Session\Handlers\FileHandler' driver.
DEBUG - 2026-04-08 11:12:55 --> Session: Class initialized using 'CodeIgniter\Session\Handlers\FileHandler' driver.
DEBUG - 2026-04-08 11:12:56 --> Session: Class initialized using 'CodeIgniter\Session\Handlers\FileHandler' driver.
DEBUG - 2026-04-08 11:12:56 --> Session: Class initialized using 'CodeIgniter\Session\Handlers\FileHandler' driver.
DEBUG - 2026-04-08 11:12:56 --> Session: Class initialized using 'CodeIgniter\Session\Handlers\FileHandler' driver.
DEBUG - 2026-04-08 11:12:57 --> Session: Class initialized using 'CodeIgniter\Session\Handlers\FileHandler' driver.
DEBUG - 2026-04-08 11:12:57 --> Total exams not yet taken calculated for school_id 110: 0
ERROR - 2026-04-08 11:12:57 --> Table 'wayo_db.events' doesn't exist
in SYSTEMPATH\Database\MySQLi\Connection.php on line 300.
 1 SYSTEMPATH\Database\MySQLi\Connection.php(300): mysqli->query('SELECT *
FROM `events`
WHERE `school_id` = \'110\'
AND `date` >= \'2026-04-01\'
AND `date` <= \'2026-04-30\'', 0)
 2 SYSTEMPATH\Database\BaseConnection.php(910): CodeIgniter\Database\MySQLi\Connection->execute('SELECT *
FROM `events`
WHERE `school_id` = \'110\'
AND `date` >= \'2026-04-01\'
AND `date` <= \'2026-04-30\'')
 3 SYSTEMPATH\Database\BaseConnection.php(827): CodeIgniter\Database\BaseConnection->simpleQuery('SELECT *
FROM `events`
WHERE `school_id` = \'110\'
AND `date` >= \'2026-04-01\'
AND `date` <= \'2026-04-30\'')
 4 SYSTEMPATH\Database\BaseBuilder.php(1649): CodeIgniter\Database\BaseConnection->query('SELECT *
FROM `events`
WHERE `school_id` = :school_id:
AND `date` >= :date:
AND `date` <= :date.1:', [...], false)
 5 APPPATH\Models\Crud_model.php(349): CodeIgniter\Database\BaseBuilder->get()
 6 APPPATH\Views\backend\student\dashboard\index.php(983): App\Models\Crud_model->get_current_month_events()
 7 APPPATH\Views\backend\index.php(147): include('C:\\xampp\\htdocs\\School-Management-De_migration\\app\\Views\\backend\\student\\dashboard\\index.php')
 8 SYSTEMPATH\View\View.php(240): include('C:\\xampp\\htdocs\\School-Management-De_migration\\app\\Views\\backend\\index.php')
 9 SYSTEMPATH\View\View.php(243): CodeIgniter\View\View->CodeIgniter\View\{closure}()
10 APPPATH\View\View.php(357): CodeIgniter\View\View->render('backend/index', [], true)
11 SYSTEMPATH\Common.php(1250): App\View\View->render('backend/index', [], true)
12 APPPATH\Controllers\Student.php(294): view('backend/index', [...])
13 APPPATH\Config\Routes.php(335): App\Controllers\Student->dashboard()
14 SYSTEMPATH\CodeIgniter.php(872): CodeIgniter\Router\RouteCollection::{closure}()
15 SYSTEMPATH\CodeIgniter.php(480): CodeIgniter\CodeIgniter->startController()
16 SYSTEMPATH\CodeIgniter.php(340): CodeIgniter\CodeIgniter->handleRequest(null, Object(Config\Cache), false)
17 SYSTEMPATH\Boot.php(417): CodeIgniter\CodeIgniter->run()
18 SYSTEMPATH\Boot.php(68): CodeIgniter\Boot::runCodeIgniter(Object(CodeIgniter\CodeIgniter))
19 FCPATH\index.php(75): CodeIgniter\Boot::bootWeb(Object(Config\Paths))
DEBUG - 2026-04-08 11:18:23 --> Session: Class initialized using 'CodeIgniter\Session\Handlers\FileHandler' driver.
DEBUG - 2026-04-08 11:18:24 --> Total exams not yet taken calculated for school_id 110: 0
ERROR - 2026-04-08 11:18:25 --> Table 'wayo_db.events' doesn't exist
in SYSTEMPATH\Database\MySQLi\Connection.php on line 300.
 1 SYSTEMPATH\Database\MySQLi\Connection.php(300): mysqli->query('SELECT *
FROM `events`
WHERE `school_id` = \'110\'
AND `date` >= \'2026-04-01\'
AND `date` <= \'2026-04-30\'', 0)
 2 SYSTEMPATH\Database\BaseConnection.php(910): CodeIgniter\Database\MySQLi\Connection->execute('SELECT *
FROM `events`
WHERE `school_id` = \'110\'
AND `date` >= \'2026-04-01\'
AND `date` <= \'2026-04-30\'')
 3 SYSTEMPATH\Database\BaseConnection.php(827): CodeIgniter\Database\BaseConnection->simpleQuery('SELECT *
FROM `events`
WHERE `school_id` = \'110\'
AND `date` >= \'2026-04-01\'
AND `date` <= \'2026-04-30\'')
 4 SYSTEMPATH\Database\BaseBuilder.php(1649): CodeIgniter\Database\BaseConnection->query('SELECT *
FROM `events`
WHERE `school_id` = :school_id:
AND `date` >= :date:
AND `date` <= :date.1:', [...], false)
 5 APPPATH\Models\Crud_model.php(349): CodeIgniter\Database\BaseBuilder->get()
 6 APPPATH\Views\backend\student\dashboard\index.php(983): App\Models\Crud_model->get_current_month_events()
 7 APPPATH\Views\backend\index.php(147): include('C:\\xampp\\htdocs\\School-Management-De_migration\\app\\Views\\backend\\student\\dashboard\\index.php')
 8 SYSTEMPATH\View\View.php(240): include('C:\\xampp\\htdocs\\School-Management-De_migration\\app\\Views\\backend\\index.php')
 9 SYSTEMPATH\View\View.php(243): CodeIgniter\View\View->CodeIgniter\View\{closure}()
10 APPPATH\View\View.php(357): CodeIgniter\View\View->render('backend/index', [], true)
11 SYSTEMPATH\Common.php(1250): App\View\View->render('backend/index', [], true)
12 APPPATH\Controllers\Student.php(294): view('backend/index', [...])
13 APPPATH\Config\Routes.php(335): App\Controllers\Student->dashboard()
14 SYSTEMPATH\CodeIgniter.php(872): CodeIgniter\Router\RouteCollection::{closure}()
15 SYSTEMPATH\CodeIgniter.php(480): CodeIgniter\CodeIgniter->startController()
16 SYSTEMPATH\CodeIgniter.php(340): CodeIgniter\CodeIgniter->handleRequest(null, Object(Config\Cache), false)
17 SYSTEMPATH\Boot.php(417): CodeIgniter\CodeIgniter->run()
18 SYSTEMPATH\Boot.php(68): CodeIgniter\Boot::runCodeIgniter(Object(CodeIgniter\CodeIgniter))
19 FCPATH\index.php(75): CodeIgniter\Boot::bootWeb(Object(Config\Paths))
DEBUG - 2026-04-08 11:18:32 --> Session: Class initialized using 'CodeIgniter\Session\Handlers\FileHandler' driver.
DEBUG - 2026-04-08 11:18:32 --> Total exams not yet taken calculated for school_id 110: 0
DEBUG - 2026-04-08 11:18:36 --> Session: Class initialized using 'CodeIgniter\Session\Handlers\FileHandler' driver.
DEBUG - 2026-04-08 11:18:36 --> Session: Class initialized using 'CodeIgniter\Session\Handlers\FileHandler' driver.
DEBUG - 2026-04-08 11:18:37 --> Session: Class initialized using 'CodeIgniter\Session\Handlers\FileHandler' driver.
DEBUG - 2026-04-08 11:18:37 --> Session: Class initialized using 'CodeIgniter\Session\Handlers\FileHandler' driver.
DEBUG - 2026-04-08 11:18:38 --> Session: Class initialized using 'CodeIgniter\Session\Handlers\FileHandler' driver.
DEBUG - 2026-04-08 11:18:38 --> Session: Class initialized using 'CodeIgniter\Session\Handlers\FileHandler' driver.
DEBUG - 2026-04-08 11:18:39 --> Total exams not yet taken calculated for school_id 110: 0
ERROR - 2026-04-08 11:18:39 --> Table 'wayo_db.events' doesn't exist
in SYSTEMPATH\Database\MySQLi\Connection.php on line 300.
 1 SYSTEMPATH\Database\MySQLi\Connection.php(300): mysqli->query('SELECT *
FROM `events`
WHERE `school_id` = \'110\'
AND `date` >= \'2026-04-01\'
AND `date` <= \'2026-04-30\'', 0)
 2 SYSTEMPATH\Database\BaseConnection.php(910): CodeIgniter\Database\MySQLi\Connection->execute('SELECT *
FROM `events`
WHERE `school_id` = \'110\'
AND `date` >= \'2026-04-01\'
AND `date` <= \'2026-04-30\'')
 3 SYSTEMPATH\Database\BaseConnection.php(827): CodeIgniter\Database\BaseConnection->simpleQuery('SELECT *
FROM `events`
WHERE `school_id` = \'110\'
AND `date` >= \'2026-04-01\'
AND `date` <= \'2026-04-30\'')
 4 SYSTEMPATH\Database\BaseBuilder.php(1649): CodeIgniter\Database\BaseConnection->query('SELECT *
FROM `events`
WHERE `school_id` = :school_id:
AND `date` >= :date:
AND `date` <= :date.1:', [...], false)
 5 APPPATH\Models\Crud_model.php(349): CodeIgniter\Database\BaseBuilder->get()
 6 APPPATH\Views\backend\student\dashboard\index.php(983): App\Models\Crud_model->get_current_month_events()
 7 APPPATH\Views\backend\index.php(147): include('C:\\xampp\\htdocs\\School-Management-De_migration\\app\\Views\\backend\\student\\dashboard\\index.php')
 8 SYSTEMPATH\View\View.php(240): include('C:\\xampp\\htdocs\\School-Management-De_migration\\app\\Views\\backend\\index.php')
 9 SYSTEMPATH\View\View.php(243): CodeIgniter\View\View->CodeIgniter\View\{closure}()
10 APPPATH\View\View.php(357): CodeIgniter\View\View->render('backend/index', [], true)
11 SYSTEMPATH\Common.php(1250): App\View\View->render('backend/index', [], true)
12 APPPATH\Controllers\Student.php(294): view('backend/index', [...])
13 APPPATH\Config\Routes.php(335): App\Controllers\Student->dashboard()
14 SYSTEMPATH\CodeIgniter.php(872): CodeIgniter\Router\RouteCollection::{closure}()
15 SYSTEMPATH\CodeIgniter.php(480): CodeIgniter\CodeIgniter->startController()
16 SYSTEMPATH\CodeIgniter.php(340): CodeIgniter\CodeIgniter->handleRequest(null, Object(Config\Cache), false)
17 SYSTEMPATH\Boot.php(417): CodeIgniter\CodeIgniter->run()
18 SYSTEMPATH\Boot.php(68): CodeIgniter\Boot::runCodeIgniter(Object(CodeIgniter\CodeIgniter))
19 FCPATH\index.php(75): CodeIgniter\Boot::bootWeb(Object(Config\Paths))
DEBUG - 2026-04-08 11:26:12 --> Session: Class initialized using 'CodeIgniter\Session\Handlers\FileHandler' driver.
DEBUG - 2026-04-08 11:26:15 --> Total exams not yet taken calculated for school_id 110: 0
DEBUG - 2026-04-08 11:26:20 --> Session: Class initialized using 'CodeIgniter\Session\Handlers\FileHandler' driver.
DEBUG - 2026-04-08 11:26:21 --> Session: Class initialized using 'CodeIgniter\Session\Handlers\FileHandler' driver.
DEBUG - 2026-04-08 11:26:21 --> Session: Class initialized using 'CodeIgniter\Session\Handlers\FileHandler' driver.
DEBUG - 2026-04-08 11:26:21 --> Session: Class initialized using 'CodeIgniter\Session\Handlers\FileHandler' driver.
DEBUG - 2026-04-08 11:26:23 --> Session: Class initialized using 'CodeIgniter\Session\Handlers\FileHandler' driver.
DEBUG - 2026-04-08 11:26:24 --> Session: Class initialized using 'CodeIgniter\Session\Handlers\FileHandler' driver.
DEBUG - 2026-04-08 11:26:26 --> Total exams not yet taken calculated for school_id 110: 0
ERROR - 2026-04-08 11:26:27 --> Table 'wayo_db.events' doesn't exist
in SYSTEMPATH\Database\MySQLi\Connection.php on line 300.
 1 SYSTEMPATH\Database\MySQLi\Connection.php(300): mysqli->query('SELECT *
FROM `events`
WHERE `school_id` = \'110\'
AND `date` >= \'2026-04-01\'
AND `date` <= \'2026-04-30\'', 0)
 2 SYSTEMPATH\Database\BaseConnection.php(910): CodeIgniter\Database\MySQLi\Connection->execute('SELECT *
FROM `events`
WHERE `school_id` = \'110\'
AND `date` >= \'2026-04-01\'
AND `date` <= \'2026-04-30\'')
 3 SYSTEMPATH\Database\BaseConnection.php(827): CodeIgniter\Database\BaseConnection->simpleQuery('SELECT *
FROM `events`
WHERE `school_id` = \'110\'
AND `date` >= \'2026-04-01\'
AND `date` <= \'2026-04-30\'')
 4 SYSTEMPATH\Database\BaseBuilder.php(1649): CodeIgniter\Database\BaseConnection->query('SELECT *
FROM `events`
WHERE `school_id` = :school_id:
AND `date` >= :date:
AND `date` <= :date.1:', [...], false)
 5 APPPATH\Models\Crud_model.php(349): CodeIgniter\Database\BaseBuilder->get()
 6 APPPATH\Views\backend\student\dashboard\index.php(983): App\Models\Crud_model->get_current_month_events()
 7 APPPATH\Views\backend\index.php(147): include('C:\\xampp\\htdocs\\School-Management-De_migration\\app\\Views\\backend\\student\\dashboard\\index.php')
 8 SYSTEMPATH\View\View.php(240): include('C:\\xampp\\htdocs\\School-Management-De_migration\\app\\Views\\backend\\index.php')
 9 SYSTEMPATH\View\View.php(243): CodeIgniter\View\View->CodeIgniter\View\{closure}()
10 APPPATH\View\View.php(357): CodeIgniter\View\View->render('backend/index', [], true)
11 SYSTEMPATH\Common.php(1250): App\View\View->render('backend/index', [], true)
12 APPPATH\Controllers\Student.php(294): view('backend/index', [...])
13 APPPATH\Config\Routes.php(335): App\Controllers\Student->dashboard()
14 SYSTEMPATH\CodeIgniter.php(872): CodeIgniter\Router\RouteCollection::{closure}()
15 SYSTEMPATH\CodeIgniter.php(480): CodeIgniter\CodeIgniter->startController()
16 SYSTEMPATH\CodeIgniter.php(340): CodeIgniter\CodeIgniter->handleRequest(null, Object(Config\Cache), false)
17 SYSTEMPATH\Boot.php(417): CodeIgniter\CodeIgniter->run()
18 SYSTEMPATH\Boot.php(68): CodeIgniter\Boot::runCodeIgniter(Object(CodeIgniter\CodeIgniter))
19 FCPATH\index.php(75): CodeIgniter\Boot::bootWeb(Object(Config\Paths))
DEBUG - 2026-04-08 11:27:19 --> Session: Class initialized using 'CodeIgniter\Session\Handlers\FileHandler' driver.
DEBUG - 2026-04-08 11:27:21 --> Total exams not yet taken calculated for school_id 93: 0
CRITICAL - 2026-04-08 11:27:22 --> Error: Call to undefined method CodeIgniter\Database\MySQLi\Builder::getResultArray()
[Method: GET, Route: app/school_settings]
in APPPATH\Views\backend\admin\settings\school_settings.php on line 149.
 1 APPPATH\Views\backend\admin\settings\index.php(19): include()
 2 APPPATH\Views\backend\index.php(147): include('C:\\xampp\\htdocs\\School-Management-De_migration\\app\\Views\\backend\\admin\\settings\\index.php')
 3 SYSTEMPATH\View\View.php(240): include('C:\\xampp\\htdocs\\School-Management-De_migration\\app\\Views\\backend\\index.php')
 4 SYSTEMPATH\View\View.php(243): CodeIgniter\View\View->CodeIgniter\View\{closure}()
 5 APPPATH\View\View.php(357): CodeIgniter\View\View->render('backend/index', [], true)
 6 SYSTEMPATH\Common.php(1250): App\View\View->render('backend/index', [], true)
 7 APPPATH\Controllers\Admin.php(4267): view('backend/index', [...])
 8 APPPATH\Config\Routes.php(556): App\Controllers\Admin->school_settings()
 9 APPPATH\Config\Routes.php(565): CodeIgniter\Router\RouteCollection::{closure}('school_settings')
10 SYSTEMPATH\CodeIgniter.php(872): CodeIgniter\Router\RouteCollection::{closure}('school_settings')
11 SYSTEMPATH\CodeIgniter.php(480): CodeIgniter\CodeIgniter->startController()
12 SYSTEMPATH\CodeIgniter.php(340): CodeIgniter\CodeIgniter->handleRequest(null, Object(Config\Cache), false)
13 SYSTEMPATH\Boot.php(417): CodeIgniter\CodeIgniter->run()
14 SYSTEMPATH\Boot.php(68): CodeIgniter\Boot::runCodeIgniter(Object(CodeIgniter\CodeIgniter))
15 FCPATH\index.php(75): CodeIgniter\Boot::bootWeb(Object(Config\Paths))
DEBUG - 2026-04-08 11:28:21 --> Session: Class initialized using 'CodeIgniter\Session\Handlers\FileHandler' driver.
DEBUG - 2026-04-08 11:28:22 --> Total exams not yet taken calculated for school_id 110: 0
DEBUG - 2026-04-08 11:28:31 --> Session: Class initialized using 'CodeIgniter\Session\Handlers\FileHandler' driver.
DEBUG - 2026-04-08 11:28:31 --> Session: Class initialized using 'CodeIgniter\Session\Handlers\FileHandler' driver.
DEBUG - 2026-04-08 11:28:32 --> Session: Class initialized using 'CodeIgniter\Session\Handlers\FileHandler' driver.
DEBUG - 2026-04-08 11:28:34 --> Session: Class initialized using 'CodeIgniter\Session\Handlers\FileHandler' driver.
DEBUG - 2026-04-08 11:28:35 --> Total exams not yet taken calculated for school_id 101: 0
DEBUG - 2026-04-08 11:28:39 --> Session: Class initialized using 'CodeIgniter\Session\Handlers\FileHandler' driver.
DEBUG - 2026-04-08 11:28:40 --> Session: Class initialized using 'CodeIgniter\Session\Handlers\FileHandler' driver.
DEBUG - 2026-04-08 11:28:40 --> Session: Class initialized using 'CodeIgniter\Session\Handlers\FileHandler' driver.
DEBUG - 2026-04-08 11:28:57 --> Session: Class initialized using 'CodeIgniter\Session\Handlers\FileHandler' driver.
DEBUG - 2026-04-08 11:28:58 --> Session: Class initialized using 'CodeIgniter\Session\Handlers\FileHandler' driver.
DEBUG - 2026-04-08 11:28:58 --> Session: Class initialized using 'CodeIgniter\Session\Handlers\FileHandler' driver.
DEBUG - 2026-04-08 11:28:59 --> Session: Class initialized using 'CodeIgniter\Session\Handlers\FileHandler' driver.
DEBUG - 2026-04-08 11:29:01 --> Session: Class initialized using 'CodeIgniter\Session\Handlers\FileHandler' driver.
DEBUG - 2026-04-08 11:29:01 --> Session: Class initialized using 'CodeIgniter\Session\Handlers\FileHandler' driver.
DEBUG - 2026-04-08 11:29:02 --> Session: Class initialized using 'CodeIgniter\Session\Handlers\FileHandler' driver.
DEBUG - 2026-04-08 11:29:02 --> Session: Class initialized using 'CodeIgniter\Session\Handlers\FileHandler' driver.
DEBUG - 2026-04-08 11:29:02 --> Session: Class initialized using 'CodeIgniter\Session\Handlers\FileHandler' driver.
DEBUG - 2026-04-08 11:29:03 --> Session: Class initialized using 'CodeIgniter\Session\Handlers\FileHandler' driver.
DEBUG - 2026-04-08 11:29:03 --> Session: Class initialized using 'CodeIgniter\Session\Handlers\FileHandler' driver.
DEBUG - 2026-04-08 11:29:04 --> Session: Class initialized using 'CodeIgniter\Session\Handlers\FileHandler' driver.
DEBUG - 2026-04-08 11:29:04 --> Session: Class initialized using 'CodeIgniter\Session\Handlers\FileHandler' driver.
DEBUG - 2026-04-08 11:29:04 --> Session: Class initialized using 'CodeIgniter\Session\Handlers\FileHandler' driver.
DEBUG - 2026-04-08 11:29:05 --> Session: Class initialized using 'CodeIgniter\Session\Handlers\FileHandler' driver.
DEBUG - 2026-04-08 11:29:07 --> Session: Class initialized using 'CodeIgniter\Session\Handlers\FileHandler' driver.
DEBUG - 2026-04-08 11:29:07 --> Session: Class initialized using 'CodeIgniter\Session\Handlers\FileHandler' driver.
DEBUG - 2026-04-08 11:29:07 --> Session: Class initialized using 'CodeIgniter\Session\Handlers\FileHandler' driver.
DEBUG - 2026-04-08 11:29:08 --> Session: Class initialized using 'CodeIgniter\Session\Handlers\FileHandler' driver.
DEBUG - 2026-04-08 11:29:10 --> Session: Class initialized using 'CodeIgniter\Session\Handlers\FileHandler' driver.
DEBUG - 2026-04-08 11:29:10 --> Session: Class initialized using 'CodeIgniter\Session\Handlers\FileHandler' driver.
DEBUG - 2026-04-08 11:29:11 --> Total exams not yet taken calculated for school_id 110: 0
ERROR - 2026-04-08 11:29:11 --> Table 'wayo_db.events' doesn't exist
in SYSTEMPATH\Database\MySQLi\Connection.php on line 300.
 1 SYSTEMPATH\Database\MySQLi\Connection.php(300): mysqli->query('SELECT *
FROM `events`
WHERE `school_id` = \'110\'
AND `date` >= \'2026-04-01\'
AND `date` <= \'2026-04-30\'', 0)
 2 SYSTEMPATH\Database\BaseConnection.php(910): CodeIgniter\Database\MySQLi\Connection->execute('SELECT *
FROM `events`
WHERE `school_id` = \'110\'
AND `date` >= \'2026-04-01\'
AND `date` <= \'2026-04-30\'')
 3 SYSTEMPATH\Database\BaseConnection.php(827): CodeIgniter\Database\BaseConnection->simpleQuery('SELECT *
FROM `events`
WHERE `school_id` = \'110\'
AND `date` >= \'2026-04-01\'
AND `date` <= \'2026-04-30\'')
 4 SYSTEMPATH\Database\BaseBuilder.php(1649): CodeIgniter\Database\BaseConnection->query('SELECT *
FROM `events`
WHERE `school_id` = :school_id:
AND `date` >= :date:
AND `date` <= :date.1:', [...], false)
 5 APPPATH\Models\Crud_model.php(349): CodeIgniter\Database\BaseBuilder->get()
 6 APPPATH\Views\backend\student\dashboard\index.php(983): App\Models\Crud_model->get_current_month_events()
 7 APPPATH\Views\backend\index.php(147): include('C:\\xampp\\htdocs\\School-Management-De_migration\\app\\Views\\backend\\student\\dashboard\\index.php')
 8 SYSTEMPATH\View\View.php(240): include('C:\\xampp\\htdocs\\School-Management-De_migration\\app\\Views\\backend\\index.php')
 9 SYSTEMPATH\View\View.php(243): CodeIgniter\View\View->CodeIgniter\View\{closure}()
10 APPPATH\View\View.php(357): CodeIgniter\View\View->render('backend/index', [], true)
11 SYSTEMPATH\Common.php(1250): App\View\View->render('backend/index', [], true)
12 APPPATH\Controllers\Student.php(294): view('backend/index', [...])
13 APPPATH\Config\Routes.php(335): App\Controllers\Student->dashboard()
14 SYSTEMPATH\CodeIgniter.php(872): CodeIgniter\Router\RouteCollection::{closure}()
15 SYSTEMPATH\CodeIgniter.php(480): CodeIgniter\CodeIgniter->startController()
16 SYSTEMPATH\CodeIgniter.php(340): CodeIgniter\CodeIgniter->handleRequest(null, Object(Config\Cache), false)
17 SYSTEMPATH\Boot.php(417): CodeIgniter\CodeIgniter->run()
18 SYSTEMPATH\Boot.php(68): CodeIgniter\Boot::runCodeIgniter(Object(CodeIgniter\CodeIgniter))
19 FCPATH\index.php(75): CodeIgniter\Boot::bootWeb(Object(Config\Paths))
DEBUG - 2026-04-08 11:29:15 --> Session: Class initialized using 'CodeIgniter\Session\Handlers\FileHandler' driver.
DEBUG - 2026-04-08 11:29:15 --> Total exams not yet taken calculated for school_id 110: 0
DEBUG - 2026-04-08 11:29:17 --> Session: Class initialized using 'CodeIgniter\Session\Handlers\FileHandler' driver.
DEBUG - 2026-04-08 11:29:17 --> Session: Class initialized using 'CodeIgniter\Session\Handlers\FileHandler' driver.
DEBUG - 2026-04-08 11:29:18 --> Session: Class initialized using 'CodeIgniter\Session\Handlers\FileHandler' driver.
DEBUG - 2026-04-08 11:29:22 --> Session: Class initialized using 'CodeIgniter\Session\Handlers\FileHandler' driver.
DEBUG - 2026-04-08 11:29:22 --> Session: Class initialized using 'CodeIgniter\Session\Handlers\FileHandler' driver.
DEBUG - 2026-04-08 11:29:22 --> Session: Class initialized using 'CodeIgniter\Session\Handlers\FileHandler' driver.
DEBUG - 2026-04-08 11:29:23 --> Session: Class initialized using 'CodeIgniter\Session\Handlers\FileHandler' driver.
DEBUG - 2026-04-08 11:29:23 --> Session: Class initialized using 'CodeIgniter\Session\Handlers\FileHandler' driver.
DEBUG - 2026-04-08 11:29:23 --> Session: Class initialized using 'CodeIgniter\Session\Handlers\FileHandler' driver.
DEBUG - 2026-04-08 11:29:23 --> Session: Class initialized using 'CodeIgniter\Session\Handlers\FileHandler' driver.
DEBUG - 2026-04-08 11:29:23 --> Session: Class initialized using 'CodeIgniter\Session\Handlers\FileHandler' driver.
DEBUG - 2026-04-08 11:29:24 --> Session: Class initialized using 'CodeIgniter\Session\Handlers\FileHandler' driver.
DEBUG - 2026-04-08 11:29:24 --> Session: Class initialized using 'CodeIgniter\Session\Handlers\FileHandler' driver.
DEBUG - 2026-04-08 11:29:24 --> Session: Class initialized using 'CodeIgniter\Session\Handlers\FileHandler' driver.
DEBUG - 2026-04-08 11:29:24 --> Session: Class initialized using 'CodeIgniter\Session\Handlers\FileHandler' driver.
DEBUG - 2026-04-08 11:29:24 --> Session: Class initialized using 'CodeIgniter\Session\Handlers\FileHandler' driver.
DEBUG - 2026-04-08 11:29:24 --> Session: Class initialized using 'CodeIgniter\Session\Handlers\FileHandler' driver.
DEBUG - 2026-04-08 11:29:25 --> Session: Class initialized using 'CodeIgniter\Session\Handlers\FileHandler' driver.
DEBUG - 2026-04-08 11:29:25 --> Session: Class initialized using 'CodeIgniter\Session\Handlers\FileHandler' driver.
DEBUG - 2026-04-08 11:29:25 --> Session: Class initialized using 'CodeIgniter\Session\Handlers\FileHandler' driver.
DEBUG - 2026-04-08 11:29:25 --> Session: Class initialized using 'CodeIgniter\Session\Handlers\FileHandler' driver.
DEBUG - 2026-04-08 11:29:25 --> Session: Class initialized using 'CodeIgniter\Session\Handlers\FileHandler' driver.
DEBUG - 2026-04-08 11:29:25 --> Session: Class initialized using 'CodeIgniter\Session\Handlers\FileHandler' driver.
DEBUG - 2026-04-08 11:29:25 --> Session: Class initialized using 'CodeIgniter\Session\Handlers\FileHandler' driver.
DEBUG - 2026-04-08 11:29:26 --> Session: Class initialized using 'CodeIgniter\Session\Handlers\FileHandler' driver.
DEBUG - 2026-04-08 11:29:26 --> Session: Class initialized using 'CodeIgniter\Session\Handlers\FileHandler' driver.
DEBUG - 2026-04-08 11:29:26 --> Session: Class initialized using 'CodeIgniter\Session\Handlers\FileHandler' driver.
DEBUG - 2026-04-08 11:29:26 --> Session: Class initialized using 'CodeIgniter\Session\Handlers\FileHandler' driver.
DEBUG - 2026-04-08 11:29:26 --> Session: Class initialized using 'CodeIgniter\Session\Handlers\FileHandler' driver.
DEBUG - 2026-04-08 11:29:27 --> Session: Class initialized using 'CodeIgniter\Session\Handlers\FileHandler' driver.
DEBUG - 2026-04-08 11:29:27 --> Session: Class initialized using 'CodeIgniter\Session\Handlers\FileHandler' driver.
DEBUG - 2026-04-08 11:29:27 --> Session: Class initialized using 'CodeIgniter\Session\Handlers\FileHandler' driver.
DEBUG - 2026-04-08 11:29:27 --> Session: Class initialized using 'CodeIgniter\Session\Handlers\FileHandler' driver.
DEBUG - 2026-04-08 11:29:27 --> Session: Class initialized using 'CodeIgniter\Session\Handlers\FileHandler' driver.
DEBUG - 2026-04-08 11:29:27 --> Session: Class initialized using 'CodeIgniter\Session\Handlers\FileHandler' driver.
DEBUG - 2026-04-08 11:29:28 --> Session: Class initialized using 'CodeIgniter\Session\Handlers\FileHandler' driver.
DEBUG - 2026-04-08 11:29:28 --> Session: Class initialized using 'CodeIgniter\Session\Handlers\FileHandler' driver.
DEBUG - 2026-04-08 11:29:28 --> Session: Class initialized using 'CodeIgniter\Session\Handlers\FileHandler' driver.
DEBUG - 2026-04-08 11:29:29 --> Session: Class initialized using 'CodeIgniter\Session\Handlers\FileHandler' driver.
DEBUG - 2026-04-08 11:29:29 --> Session: Class initialized using 'CodeIgniter\Session\Handlers\FileHandler' driver.
DEBUG - 2026-04-08 11:29:29 --> Session: Class initialized using 'CodeIgniter\Session\Handlers\FileHandler' driver.
DEBUG - 2026-04-08 11:29:29 --> Session: Class initialized using 'CodeIgniter\Session\Handlers\FileHandler' driver.
DEBUG - 2026-04-08 11:29:30 --> Session: Class initialized using 'CodeIgniter\Session\Handlers\FileHandler' driver.
DEBUG - 2026-04-08 11:29:30 --> Session: Class initialized using 'CodeIgniter\Session\Handlers\FileHandler' driver.
DEBUG - 2026-04-08 11:29:30 --> Session: Class initialized using 'CodeIgniter\Session\Handlers\FileHandler' driver.
DEBUG - 2026-04-08 11:29:30 --> Session: Class initialized using 'CodeIgniter\Session\Handlers\FileHandler' driver.
DEBUG - 2026-04-08 11:29:31 --> Session: Class initialized using 'CodeIgniter\Session\Handlers\FileHandler' driver.
DEBUG - 2026-04-08 11:29:32 --> Total exams not yet taken calculated for school_id 101: 0
DEBUG - 2026-04-08 11:29:44 --> Session: Class initialized using 'CodeIgniter\Session\Handlers\FileHandler' driver.
DEBUG - 2026-04-08 11:29:44 --> Total exams not yet taken calculated for school_id 101: 0
DEBUG - 2026-04-08 11:29:46 --> Session: Class initialized using 'CodeIgniter\Session\Handlers\FileHandler' driver.
DEBUG - 2026-04-08 11:29:46 --> Session: Class initialized using 'CodeIgniter\Session\Handlers\FileHandler' driver.
DEBUG - 2026-04-08 11:29:47 --> Session: Class initialized using 'CodeIgniter\Session\Handlers\FileHandler' driver.
DEBUG - 2026-04-08 11:29:50 --> Session: Class initialized using 'CodeIgniter\Session\Handlers\FileHandler' driver.
DEBUG - 2026-04-08 11:29:53 --> Session: Class initialized using 'CodeIgniter\Session\Handlers\FileHandler' driver.
DEBUG - 2026-04-08 11:29:53 --> Session: Class initialized using 'CodeIgniter\Session\Handlers\FileHandler' driver.
DEBUG - 2026-04-08 11:29:54 --> Total exams not yet taken calculated for school_id 110: 0
ERROR - 2026-04-08 11:29:54 --> Table 'wayo_db.events' doesn't exist
in SYSTEMPATH\Database\MySQLi\Connection.php on line 300.
 1 SYSTEMPATH\Database\MySQLi\Connection.php(300): mysqli->query('SELECT *
FROM `events`
WHERE `school_id` = \'110\'
AND `date` >= \'2026-04-01\'
AND `date` <= \'2026-04-30\'', 0)
 2 SYSTEMPATH\Database\BaseConnection.php(910): CodeIgniter\Database\MySQLi\Connection->execute('SELECT *
FROM `events`
WHERE `school_id` = \'110\'
AND `date` >= \'2026-04-01\'
AND `date` <= \'2026-04-30\'')
 3 SYSTEMPATH\Database\BaseConnection.php(827): CodeIgniter\Database\BaseConnection->simpleQuery('SELECT *
FROM `events`
WHERE `school_id` = \'110\'
AND `date` >= \'2026-04-01\'
AND `date` <= \'2026-04-30\'')
 4 SYSTEMPATH\Database\BaseBuilder.php(1649): CodeIgniter\Database\BaseConnection->query('SELECT *
FROM `events`
WHERE `school_id` = :school_id:
AND `date` >= :date:
AND `date` <= :date.1:', [...], false)
 5 APPPATH\Models\Crud_model.php(349): CodeIgniter\Database\BaseBuilder->get()
 6 APPPATH\Views\backend\student\dashboard\index.php(983): App\Models\Crud_model->get_current_month_events()
 7 APPPATH\Views\backend\index.php(147): include('C:\\xampp\\htdocs\\School-Management-De_migration\\app\\Views\\backend\\student\\dashboard\\index.php')
 8 SYSTEMPATH\View\View.php(240): include('C:\\xampp\\htdocs\\School-Management-De_migration\\app\\Views\\backend\\index.php')
 9 SYSTEMPATH\View\View.php(243): CodeIgniter\View\View->CodeIgniter\View\{closure}()
10 APPPATH\View\View.php(357): CodeIgniter\View\View->render('backend/index', [], true)
11 SYSTEMPATH\Common.php(1250): App\View\View->render('backend/index', [], true)
12 APPPATH\Controllers\Student.php(294): view('backend/index', [...])
13 APPPATH\Config\Routes.php(335): App\Controllers\Student->dashboard()
14 SYSTEMPATH\CodeIgniter.php(872): CodeIgniter\Router\RouteCollection::{closure}()
15 SYSTEMPATH\CodeIgniter.php(480): CodeIgniter\CodeIgniter->startController()
16 SYSTEMPATH\CodeIgniter.php(340): CodeIgniter\CodeIgniter->handleRequest(null, Object(Config\Cache), false)
17 SYSTEMPATH\Boot.php(417): CodeIgniter\CodeIgniter->run()
18 SYSTEMPATH\Boot.php(68): CodeIgniter\Boot::runCodeIgniter(Object(CodeIgniter\CodeIgniter))
19 FCPATH\index.php(75): CodeIgniter\Boot::bootWeb(Object(Config\Paths))
DEBUG - 2026-04-08 11:29:58 --> Session: Class initialized using 'CodeIgniter\Session\Handlers\FileHandler' driver.
DEBUG - 2026-04-08 11:29:59 --> Total exams not yet taken calculated for school_id 110: 0
DEBUG - 2026-04-08 11:30:06 --> Session: Class initialized using 'CodeIgniter\Session\Handlers\FileHandler' driver.
DEBUG - 2026-04-08 11:30:09 --> Total exams not yet taken calculated for school_id 110: 0
DEBUG - 2026-04-08 11:30:10 --> Session: Class initialized using 'CodeIgniter\Session\Handlers\FileHandler' driver.
DEBUG - 2026-04-08 11:30:11 --> Session: Class initialized using 'CodeIgniter\Session\Handlers\FileHandler' driver.
DEBUG - 2026-04-08 11:30:12 --> Session: Class initialized using 'CodeIgniter\Session\Handlers\FileHandler' driver.
DEBUG - 2026-04-08 11:30:14 --> Session: Class initialized using 'CodeIgniter\Session\Handlers\FileHandler' driver.
DEBUG - 2026-04-08 11:30:17 --> Session: Class initialized using 'CodeIgniter\Session\Handlers\FileHandler' driver.
DEBUG - 2026-04-08 11:30:31 --> Session: Class initialized using 'CodeIgniter\Session\Handlers\FileHandler' driver.
DEBUG - 2026-04-08 11:30:34 --> Total exams not yet taken calculated for school_id 101: 0
DEBUG - 2026-04-08 11:31:23 --> Session: Class initialized using 'CodeIgniter\Session\Handlers\FileHandler' driver.
DEBUG - 2026-04-08 11:31:25 --> Session: Class initialized using 'CodeIgniter\Session\Handlers\FileHandler' driver.
DEBUG - 2026-04-08 11:31:25 --> Session: Class initialized using 'CodeIgniter\Session\Handlers\FileHandler' driver.
DEBUG - 2026-04-08 11:31:26 --> Total exams not yet taken calculated for school_id 111: 0
ERROR - 2026-04-08 11:31:26 --> Table 'wayo_db.events' doesn't exist
in SYSTEMPATH\Database\MySQLi\Connection.php on line 300.
 1 SYSTEMPATH\Database\MySQLi\Connection.php(300): mysqli->query('SELECT *
FROM `events`
WHERE `school_id` = \'111\'
AND `date` >= \'2026-04-01\'
AND `date` <= \'2026-04-30\'', 0)
 2 SYSTEMPATH\Database\BaseConnection.php(910): CodeIgniter\Database\MySQLi\Connection->execute('SELECT *
FROM `events`
WHERE `school_id` = \'111\'
AND `date` >= \'2026-04-01\'
AND `date` <= \'2026-04-30\'')
 3 SYSTEMPATH\Database\BaseConnection.php(827): CodeIgniter\Database\BaseConnection->simpleQuery('SELECT *
FROM `events`
WHERE `school_id` = \'111\'
AND `date` >= \'2026-04-01\'
AND `date` <= \'2026-04-30\'')
 4 SYSTEMPATH\Database\BaseBuilder.php(1649): CodeIgniter\Database\BaseConnection->query('SELECT *
FROM `events`
WHERE `school_id` = :school_id:
AND `date` >= :date:
AND `date` <= :date.1:', [...], false)
 5 APPPATH\Models\Crud_model.php(349): CodeIgniter\Database\BaseBuilder->get()
 6 APPPATH\Views\backend\student\dashboard\index.php(983): App\Models\Crud_model->get_current_month_events()
 7 APPPATH\Views\backend\index.php(147): include('C:\\xampp\\htdocs\\School-Management-De_migration\\app\\Views\\backend\\student\\dashboard\\index.php')
 8 SYSTEMPATH\View\View.php(240): include('C:\\xampp\\htdocs\\School-Management-De_migration\\app\\Views\\backend\\index.php')
 9 SYSTEMPATH\View\View.php(243): CodeIgniter\View\View->CodeIgniter\View\{closure}()
10 APPPATH\View\View.php(357): CodeIgniter\View\View->render('backend/index', [], true)
11 SYSTEMPATH\Common.php(1250): App\View\View->render('backend/index', [], true)
12 APPPATH\Controllers\Student.php(294): view('backend/index', [...])
13 APPPATH\Config\Routes.php(335): App\Controllers\Student->dashboard()
14 SYSTEMPATH\CodeIgniter.php(872): CodeIgniter\Router\RouteCollection::{closure}()
15 SYSTEMPATH\CodeIgniter.php(480): CodeIgniter\CodeIgniter->startController()
16 SYSTEMPATH\CodeIgniter.php(340): CodeIgniter\CodeIgniter->handleRequest(null, Object(Config\Cache), false)
17 SYSTEMPATH\Boot.php(417): CodeIgniter\CodeIgniter->run()
18 SYSTEMPATH\Boot.php(68): CodeIgniter\Boot::runCodeIgniter(Object(CodeIgniter\CodeIgniter))
19 FCPATH\index.php(75): CodeIgniter\Boot::bootWeb(Object(Config\Paths))
DEBUG - 2026-04-08 11:31:32 --> Session: Class initialized using 'CodeIgniter\Session\Handlers\FileHandler' driver.
DEBUG - 2026-04-08 11:31:33 --> Total exams not yet taken calculated for school_id 111: 0
DEBUG - 2026-04-08 11:31:40 --> Session: Class initialized using 'CodeIgniter\Session\Handlers\FileHandler' driver.
DEBUG - 2026-04-08 11:31:41 --> Total exams not yet taken calculated for school_id 111: 0
DEBUG - 2026-04-08 11:31:43 --> Session: Class initialized using 'CodeIgniter\Session\Handlers\FileHandler' driver.
DEBUG - 2026-04-08 11:31:44 --> Total exams not yet taken calculated for school_id 111: 0
DEBUG - 2026-04-08 11:31:49 --> Session: Class initialized using 'CodeIgniter\Session\Handlers\FileHandler' driver.
DEBUG - 2026-04-08 11:31:49 --> Session: Class initialized using 'CodeIgniter\Session\Handlers\FileHandler' driver.
DEBUG - 2026-04-08 11:31:50 --> Total exams not yet taken calculated for school_id 111: 0
DEBUG - 2026-04-08 11:31:55 --> Session: Class initialized using 'CodeIgniter\Session\Handlers\FileHandler' driver.
DEBUG - 2026-04-08 11:31:56 --> Session: Class initialized using 'CodeIgniter\Session\Handlers\FileHandler' driver.
DEBUG - 2026-04-08 11:31:56 --> Session: Class initialized using 'CodeIgniter\Session\Handlers\FileHandler' driver.
DEBUG - 2026-04-08 11:31:58 --> Session: Class initialized using 'CodeIgniter\Session\Handlers\FileHandler' driver.
DEBUG - 2026-04-08 11:31:59 --> Total exams not yet taken calculated for school_id 101: 0
DEBUG - 2026-04-08 11:34:04 --> Session: Class initialized using 'CodeIgniter\Session\Handlers\FileHandler' driver.
DEBUG - 2026-04-08 11:34:05 --> Total exams not yet taken calculated for school_id 93: 0
DEBUG - 2026-04-08 11:34:10 --> Session: Class initialized using 'CodeIgniter\Session\Handlers\FileHandler' driver.
DEBUG - 2026-04-08 11:34:12 --> Session: Class initialized using 'CodeIgniter\Session\Handlers\FileHandler' driver.
DEBUG - 2026-04-08 11:34:12 --> Total exams not yet taken calculated for school_id 93: 0
DEBUG - 2026-04-08 11:34:27 --> Session: Class initialized using 'CodeIgniter\Session\Handlers\FileHandler' driver.
DEBUG - 2026-04-08 11:34:29 --> Session: Class initialized using 'CodeIgniter\Session\Handlers\FileHandler' driver.
DEBUG - 2026-04-08 11:34:29 --> Total exams not yet taken calculated for school_id 93: 0
DEBUG - 2026-04-08 11:54:01 --> Session: Class initialized using 'CodeIgniter\Session\Handlers\FileHandler' driver.
DEBUG - 2026-04-08 11:54:03 --> Session: Class initialized using 'CodeIgniter\Session\Handlers\FileHandler' driver.
DEBUG - 2026-04-08 11:54:03 --> Session: Class initialized using 'CodeIgniter\Session\Handlers\FileHandler' driver.
DEBUG - 2026-04-08 11:54:04 --> Total exams not yet taken calculated for school_id 111: 0
ERROR - 2026-04-08 11:54:04 --> Table 'wayo_db.events' doesn't exist
in SYSTEMPATH\Database\MySQLi\Connection.php on line 300.
 1 SYSTEMPATH\Database\MySQLi\Connection.php(300): mysqli->query('SELECT *
FROM `events`
WHERE `school_id` = \'111\'
AND `date` >= \'2026-04-01\'
AND `date` <= \'2026-04-30\'', 0)
 2 SYSTEMPATH\Database\BaseConnection.php(910): CodeIgniter\Database\MySQLi\Connection->execute('SELECT *
FROM `events`
WHERE `school_id` = \'111\'
AND `date` >= \'2026-04-01\'
AND `date` <= \'2026-04-30\'')
 3 SYSTEMPATH\Database\BaseConnection.php(827): CodeIgniter\Database\BaseConnection->simpleQuery('SELECT *
FROM `events`
WHERE `school_id` = \'111\'
AND `date` >= \'2026-04-01\'
AND `date` <= \'2026-04-30\'')
 4 SYSTEMPATH\Database\BaseBuilder.php(1649): CodeIgniter\Database\BaseConnection->query('SELECT *
FROM `events`
WHERE `school_id` = :school_id:
AND `date` >= :date:
AND `date` <= :date.1:', [...], false)
 5 APPPATH\Models\Crud_model.php(349): CodeIgniter\Database\BaseBuilder->get()
 6 APPPATH\Views\backend\student\dashboard\index.php(983): App\Models\Crud_model->get_current_month_events()
 7 APPPATH\Views\backend\index.php(147): include('C:\\xampp\\htdocs\\School-Management-De_migration\\app\\Views\\backend\\student\\dashboard\\index.php')
 8 SYSTEMPATH\View\View.php(240): include('C:\\xampp\\htdocs\\School-Management-De_migration\\app\\Views\\backend\\index.php')
 9 SYSTEMPATH\View\View.php(243): CodeIgniter\View\View->CodeIgniter\View\{closure}()
10 APPPATH\View\View.php(357): CodeIgniter\View\View->render('backend/index', [], true)
11 SYSTEMPATH\Common.php(1250): App\View\View->render('backend/index', [], true)
12 APPPATH\Controllers\Student.php(294): view('backend/index', [...])
13 APPPATH\Config\Routes.php(335): App\Controllers\Student->dashboard()
14 SYSTEMPATH\CodeIgniter.php(872): CodeIgniter\Router\RouteCollection::{closure}()
15 SYSTEMPATH\CodeIgniter.php(480): CodeIgniter\CodeIgniter->startController()
16 SYSTEMPATH\CodeIgniter.php(340): CodeIgniter\CodeIgniter->handleRequest(null, Object(Config\Cache), false)
17 SYSTEMPATH\Boot.php(417): CodeIgniter\CodeIgniter->run()
18 SYSTEMPATH\Boot.php(68): CodeIgniter\Boot::runCodeIgniter(Object(CodeIgniter\CodeIgniter))
19 FCPATH\index.php(75): CodeIgniter\Boot::bootWeb(Object(Config\Paths))
DEBUG - 2026-04-08 11:54:14 --> Session: Class initialized using 'CodeIgniter\Session\Handlers\FileHandler' driver.
DEBUG - 2026-04-08 11:54:14 --> Total exams not yet taken calculated for school_id 111: 0
DEBUG - 2026-04-08 11:54:18 --> Session: Class initialized using 'CodeIgniter\Session\Handlers\FileHandler' driver.
DEBUG - 2026-04-08 11:54:18 --> Session: Class initialized using 'CodeIgniter\Session\Handlers\FileHandler' driver.
DEBUG - 2026-04-08 11:54:19 --> Session: Class initialized using 'CodeIgniter\Session\Handlers\FileHandler' driver.
DEBUG - 2026-04-08 11:54:19 --> Session: Class initialized using 'CodeIgniter\Session\Handlers\FileHandler' driver.
DEBUG - 2026-04-08 11:54:19 --> Session: Class initialized using 'CodeIgniter\Session\Handlers\FileHandler' driver.
DEBUG - 2026-04-08 11:54:20 --> Session: Class initialized using 'CodeIgniter\Session\Handlers\FileHandler' driver.
DEBUG - 2026-04-08 11:54:20 --> Total exams not yet taken calculated for school_id 111: 0
ERROR - 2026-04-08 11:54:21 --> Table 'wayo_db.events' doesn't exist
in SYSTEMPATH\Database\MySQLi\Connection.php on line 300.
 1 SYSTEMPATH\Database\MySQLi\Connection.php(300): mysqli->query('SELECT *
FROM `events`
WHERE `school_id` = \'111\'
AND `date` >= \'2026-04-01\'
AND `date` <= \'2026-04-30\'', 0)
 2 SYSTEMPATH\Database\BaseConnection.php(910): CodeIgniter\Database\MySQLi\Connection->execute('SELECT *
FROM `events`
WHERE `school_id` = \'111\'
AND `date` >= \'2026-04-01\'
AND `date` <= \'2026-04-30\'')
 3 SYSTEMPATH\Database\BaseConnection.php(827): CodeIgniter\Database\BaseConnection->simpleQuery('SELECT *
FROM `events`
WHERE `school_id` = \'111\'
AND `date` >= \'2026-04-01\'
AND `date` <= \'2026-04-30\'')
 4 SYSTEMPATH\Database\BaseBuilder.php(1649): CodeIgniter\Database\BaseConnection->query('SELECT *
FROM `events`
WHERE `school_id` = :school_id:
AND `date` >= :date:
AND `date` <= :date.1:', [...], false)
 5 APPPATH\Models\Crud_model.php(349): CodeIgniter\Database\BaseBuilder->get()
 6 APPPATH\Views\backend\student\dashboard\index.php(983): App\Models\Crud_model->get_current_month_events()
 7 APPPATH\Views\backend\index.php(147): include('C:\\xampp\\htdocs\\School-Management-De_migration\\app\\Views\\backend\\student\\dashboard\\index.php')
 8 SYSTEMPATH\View\View.php(240): include('C:\\xampp\\htdocs\\School-Management-De_migration\\app\\Views\\backend\\index.php')
 9 SYSTEMPATH\View\View.php(243): CodeIgniter\View\View->CodeIgniter\View\{closure}()
10 APPPATH\View\View.php(357): CodeIgniter\View\View->render('backend/index', [], true)
11 SYSTEMPATH\Common.php(1250): App\View\View->render('backend/index', [], true)
12 APPPATH\Controllers\Student.php(294): view('backend/index', [...])
13 APPPATH\Config\Routes.php(335): App\Controllers\Student->dashboard()
14 SYSTEMPATH\CodeIgniter.php(872): CodeIgniter\Router\RouteCollection::{closure}()
15 SYSTEMPATH\CodeIgniter.php(480): CodeIgniter\CodeIgniter->startController()
16 SYSTEMPATH\CodeIgniter.php(340): CodeIgniter\CodeIgniter->handleRequest(null, Object(Config\Cache), false)
17 SYSTEMPATH\Boot.php(417): CodeIgniter\CodeIgniter->run()
18 SYSTEMPATH\Boot.php(68): CodeIgniter\Boot::runCodeIgniter(Object(CodeIgniter\CodeIgniter))
19 FCPATH\index.php(75): CodeIgniter\Boot::bootWeb(Object(Config\Paths))
DEBUG - 2026-04-08 11:54:27 --> Session: Class initialized using 'CodeIgniter\Session\Handlers\FileHandler' driver.
DEBUG - 2026-04-08 11:54:27 --> Total exams not yet taken calculated for school_id 111: 0
DEBUG - 2026-04-08 11:54:31 --> Session: Class initialized using 'CodeIgniter\Session\Handlers\FileHandler' driver.
DEBUG - 2026-04-08 11:54:32 --> Total exams not yet taken calculated for school_id 111: 0
DEBUG - 2026-04-08 11:54:36 --> Session: Class initialized using 'CodeIgniter\Session\Handlers\FileHandler' driver.
DEBUG - 2026-04-08 11:54:36 --> Session: Class initialized using 'CodeIgniter\Session\Handlers\FileHandler' driver.
DEBUG - 2026-04-08 11:54:36 --> Session: Class initialized using 'CodeIgniter\Session\Handlers\FileHandler' driver.
DEBUG - 2026-04-08 11:54:36 --> Session: Class initialized using 'CodeIgniter\Session\Handlers\FileHandler' driver.
DEBUG - 2026-04-08 11:54:37 --> Session: Class initialized using 'CodeIgniter\Session\Handlers\FileHandler' driver.
DEBUG - 2026-04-08 11:54:37 --> Session: Class initialized using 'CodeIgniter\Session\Handlers\FileHandler' driver.
DEBUG - 2026-04-08 11:54:38 --> Total exams not yet taken calculated for school_id 111: 0
ERROR - 2026-04-08 11:54:38 --> Table 'wayo_db.events' doesn't exist
in SYSTEMPATH\Database\MySQLi\Connection.php on line 300.
 1 SYSTEMPATH\Database\MySQLi\Connection.php(300): mysqli->query('SELECT *
FROM `events`
WHERE `school_id` = \'111\'
AND `date` >= \'2026-04-01\'
AND `date` <= \'2026-04-30\'', 0)
 2 SYSTEMPATH\Database\BaseConnection.php(910): CodeIgniter\Database\MySQLi\Connection->execute('SELECT *
FROM `events`
WHERE `school_id` = \'111\'
AND `date` >= \'2026-04-01\'
AND `date` <= \'2026-04-30\'')
 3 SYSTEMPATH\Database\BaseConnection.php(827): CodeIgniter\Database\BaseConnection->simpleQuery('SELECT *
FROM `events`
WHERE `school_id` = \'111\'
AND `date` >= \'2026-04-01\'
AND `date` <= \'2026-04-30\'')
 4 SYSTEMPATH\Database\BaseBuilder.php(1649): CodeIgniter\Database\BaseConnection->query('SELECT *
FROM `events`
WHERE `school_id` = :school_id:
AND `date` >= :date:
AND `date` <= :date.1:', [...], false)
 5 APPPATH\Models\Crud_model.php(349): CodeIgniter\Database\BaseBuilder->get()
 6 APPPATH\Views\backend\student\dashboard\index.php(983): App\Models\Crud_model->get_current_month_events()
 7 APPPATH\Views\backend\index.php(147): include('C:\\xampp\\htdocs\\School-Management-De_migration\\app\\Views\\backend\\student\\dashboard\\index.php')
 8 SYSTEMPATH\View\View.php(240): include('C:\\xampp\\htdocs\\School-Management-De_migration\\app\\Views\\backend\\index.php')
 9 SYSTEMPATH\View\View.php(243): CodeIgniter\View\View->CodeIgniter\View\{closure}()
10 APPPATH\View\View.php(357): CodeIgniter\View\View->render('backend/index', [], true)
11 SYSTEMPATH\Common.php(1250): App\View\View->render('backend/index', [], true)
12 APPPATH\Controllers\Student.php(294): view('backend/index', [...])
13 APPPATH\Config\Routes.php(335): App\Controllers\Student->dashboard()
14 SYSTEMPATH\CodeIgniter.php(872): CodeIgniter\Router\RouteCollection::{closure}()
15 SYSTEMPATH\CodeIgniter.php(480): CodeIgniter\CodeIgniter->startController()
16 SYSTEMPATH\CodeIgniter.php(340): CodeIgniter\CodeIgniter->handleRequest(null, Object(Config\Cache), false)
17 SYSTEMPATH\Boot.php(417): CodeIgniter\CodeIgniter->run()
18 SYSTEMPATH\Boot.php(68): CodeIgniter\Boot::runCodeIgniter(Object(CodeIgniter\CodeIgniter))
19 FCPATH\index.php(75): CodeIgniter\Boot::bootWeb(Object(Config\Paths))
DEBUG - 2026-04-08 11:54:42 --> Session: Class initialized using 'CodeIgniter\Session\Handlers\FileHandler' driver.
DEBUG - 2026-04-08 11:54:42 --> Total exams not yet taken calculated for school_id 111: 0
DEBUG - 2026-04-08 11:54:47 --> Session: Class initialized using 'CodeIgniter\Session\Handlers\FileHandler' driver.
DEBUG - 2026-04-08 11:54:48 --> Total exams not yet taken calculated for school_id 111: 0
DEBUG - 2026-04-08 11:54:49 --> Session: Class initialized using 'CodeIgniter\Session\Handlers\FileHandler' driver.
DEBUG - 2026-04-08 11:54:50 --> Total exams not yet taken calculated for school_id 111: 0
DEBUG - 2026-04-08 11:54:50 --> Session: Class initialized using 'CodeIgniter\Session\Handlers\FileHandler' driver.
DEBUG - 2026-04-08 11:54:51 --> Total exams not yet taken calculated for school_id 111: 0
DEBUG - 2026-04-08 11:54:53 --> Session: Class initialized using 'CodeIgniter\Session\Handlers\FileHandler' driver.
DEBUG - 2026-04-08 11:56:04 --> Session: Class initialized using 'CodeIgniter\Session\Handlers\FileHandler' driver.
DEBUG - 2026-04-08 11:56:04 --> Total exams not yet taken calculated for school_id 111: 0
DEBUG - 2026-04-08 11:56:05 --> Session: Class initialized using 'CodeIgniter\Session\Handlers\FileHandler' driver.
DEBUG - 2026-04-08 11:56:05 --> Session: Class initialized using 'CodeIgniter\Session\Handlers\FileHandler' driver.
DEBUG - 2026-04-08 11:56:06 --> Session: Class initialized using 'CodeIgniter\Session\Handlers\FileHandler' driver.
DEBUG - 2026-04-08 11:56:06 --> Session: Class initialized using 'CodeIgniter\Session\Handlers\FileHandler' driver.
DEBUG - 2026-04-08 11:56:06 --> Session: Class initialized using 'CodeIgniter\Session\Handlers\FileHandler' driver.
DEBUG - 2026-04-08 11:56:06 --> Session: Class initialized using 'CodeIgniter\Session\Handlers\FileHandler' driver.
DEBUG - 2026-04-08 11:56:07 --> Total exams not yet taken calculated for school_id 111: 0
ERROR - 2026-04-08 11:56:07 --> Table 'wayo_db.events' doesn't exist
in SYSTEMPATH\Database\MySQLi\Connection.php on line 300.
 1 SYSTEMPATH\Database\MySQLi\Connection.php(300): mysqli->query('SELECT *
FROM `events`
WHERE `school_id` = \'111\'
AND `date` >= \'2026-04-01\'
AND `date` <= \'2026-04-30\'', 0)
 2 SYSTEMPATH\Database\BaseConnection.php(910): CodeIgniter\Database\MySQLi\Connection->execute('SELECT *
FROM `events`
WHERE `school_id` = \'111\'
AND `date` >= \'2026-04-01\'
AND `date` <= \'2026-04-30\'')
 3 SYSTEMPATH\Database\BaseConnection.php(827): CodeIgniter\Database\BaseConnection->simpleQuery('SELECT *
FROM `events`
WHERE `school_id` = \'111\'
AND `date` >= \'2026-04-01\'
AND `date` <= \'2026-04-30\'')
 4 SYSTEMPATH\Database\BaseBuilder.php(1649): CodeIgniter\Database\BaseConnection->query('SELECT *
FROM `events`
WHERE `school_id` = :school_id:
AND `date` >= :date:
AND `date` <= :date.1:', [...], false)
 5 APPPATH\Models\Crud_model.php(349): CodeIgniter\Database\BaseBuilder->get()
 6 APPPATH\Views\backend\student\dashboard\index.php(983): App\Models\Crud_model->get_current_month_events()
 7 APPPATH\Views\backend\index.php(147): include('C:\\xampp\\htdocs\\School-Management-De_migration\\app\\Views\\backend\\student\\dashboard\\index.php')
 8 SYSTEMPATH\View\View.php(240): include('C:\\xampp\\htdocs\\School-Management-De_migration\\app\\Views\\backend\\index.php')
 9 SYSTEMPATH\View\View.php(243): CodeIgniter\View\View->CodeIgniter\View\{closure}()
10 APPPATH\View\View.php(357): CodeIgniter\View\View->render('backend/index', [], true)
11 SYSTEMPATH\Common.php(1250): App\View\View->render('backend/index', [], true)
12 APPPATH\Controllers\Student.php(294): view('backend/index', [...])
13 APPPATH\Config\Routes.php(335): App\Controllers\Student->dashboard()
14 SYSTEMPATH\CodeIgniter.php(872): CodeIgniter\Router\RouteCollection::{closure}()
15 SYSTEMPATH\CodeIgniter.php(480): CodeIgniter\CodeIgniter->startController()
16 SYSTEMPATH\CodeIgniter.php(340): CodeIgniter\CodeIgniter->handleRequest(null, Object(Config\Cache), false)
17 SYSTEMPATH\Boot.php(417): CodeIgniter\CodeIgniter->run()
18 SYSTEMPATH\Boot.php(68): CodeIgniter\Boot::runCodeIgniter(Object(CodeIgniter\CodeIgniter))
19 FCPATH\index.php(75): CodeIgniter\Boot::bootWeb(Object(Config\Paths))
DEBUG - 2026-04-08 11:56:10 --> Session: Class initialized using 'CodeIgniter\Session\Handlers\FileHandler' driver.
DEBUG - 2026-04-08 11:56:11 --> Total exams not yet taken calculated for school_id 111: 0
DEBUG - 2026-04-08 11:56:14 --> Session: Class initialized using 'CodeIgniter\Session\Handlers\FileHandler' driver.
DEBUG - 2026-04-08 11:56:14 --> Session: Class initialized using 'CodeIgniter\Session\Handlers\FileHandler' driver.
DEBUG - 2026-04-08 11:56:14 --> Session: Class initialized using 'CodeIgniter\Session\Handlers\FileHandler' driver.
DEBUG - 2026-04-08 11:56:15 --> Session: Class initialized using 'CodeIgniter\Session\Handlers\FileHandler' driver.
DEBUG - 2026-04-08 11:56:15 --> Session: Class initialized using 'CodeIgniter\Session\Handlers\FileHandler' driver.
DEBUG - 2026-04-08 11:56:16 --> Session: Class initialized using 'CodeIgniter\Session\Handlers\FileHandler' driver.
DEBUG - 2026-04-08 11:56:16 --> Total exams not yet taken calculated for school_id 111: 0
ERROR - 2026-04-08 11:56:17 --> Table 'wayo_db.events' doesn't exist
in SYSTEMPATH\Database\MySQLi\Connection.php on line 300.
 1 SYSTEMPATH\Database\MySQLi\Connection.php(300): mysqli->query('SELECT *
FROM `events`
WHERE `school_id` = \'111\'
AND `date` >= \'2026-04-01\'
AND `date` <= \'2026-04-30\'', 0)
 2 SYSTEMPATH\Database\BaseConnection.php(910): CodeIgniter\Database\MySQLi\Connection->execute('SELECT *
FROM `events`
WHERE `school_id` = \'111\'
AND `date` >= \'2026-04-01\'
AND `date` <= \'2026-04-30\'')
 3 SYSTEMPATH\Database\BaseConnection.php(827): CodeIgniter\Database\BaseConnection->simpleQuery('SELECT *
FROM `events`
WHERE `school_id` = \'111\'
AND `date` >= \'2026-04-01\'
AND `date` <= \'2026-04-30\'')
 4 SYSTEMPATH\Database\BaseBuilder.php(1649): CodeIgniter\Database\BaseConnection->query('SELECT *
FROM `events`
WHERE `school_id` = :school_id:
AND `date` >= :date:
AND `date` <= :date.1:', [...], false)
 5 APPPATH\Models\Crud_model.php(349): CodeIgniter\Database\BaseBuilder->get()
 6 APPPATH\Views\backend\student\dashboard\index.php(983): App\Models\Crud_model->get_current_month_events()
 7 APPPATH\Views\backend\index.php(147): include('C:\\xampp\\htdocs\\School-Management-De_migration\\app\\Views\\backend\\student\\dashboard\\index.php')
 8 SYSTEMPATH\View\View.php(240): include('C:\\xampp\\htdocs\\School-Management-De_migration\\app\\Views\\backend\\index.php')
 9 SYSTEMPATH\View\View.php(243): CodeIgniter\View\View->CodeIgniter\View\{closure}()
10 APPPATH\View\View.php(357): CodeIgniter\View\View->render('backend/index', [], true)
11 SYSTEMPATH\Common.php(1250): App\View\View->render('backend/index', [], true)
12 APPPATH\Controllers\Student.php(294): view('backend/index', [...])
13 APPPATH\Config\Routes.php(335): App\Controllers\Student->dashboard()
14 SYSTEMPATH\CodeIgniter.php(872): CodeIgniter\Router\RouteCollection::{closure}()
15 SYSTEMPATH\CodeIgniter.php(480): CodeIgniter\CodeIgniter->startController()
16 SYSTEMPATH\CodeIgniter.php(340): CodeIgniter\CodeIgniter->handleRequest(null, Object(Config\Cache), false)
17 SYSTEMPATH\Boot.php(417): CodeIgniter\CodeIgniter->run()
18 SYSTEMPATH\Boot.php(68): CodeIgniter\Boot::runCodeIgniter(Object(CodeIgniter\CodeIgniter))
19 FCPATH\index.php(75): CodeIgniter\Boot::bootWeb(Object(Config\Paths))
DEBUG - 2026-04-08 11:56:44 --> Session: Class initialized using 'CodeIgniter\Session\Handlers\FileHandler' driver.
DEBUG - 2026-04-08 11:56:45 --> Total exams not yet taken calculated for school_id 111: 0
ERROR - 2026-04-08 11:56:45 --> Table 'wayo_db.events' doesn't exist
in SYSTEMPATH\Database\MySQLi\Connection.php on line 300.
 1 SYSTEMPATH\Database\MySQLi\Connection.php(300): mysqli->query('SELECT *
FROM `events`
WHERE `school_id` = \'111\'
AND `date` >= \'2026-04-01\'
AND `date` <= \'2026-04-30\'', 0)
 2 SYSTEMPATH\Database\BaseConnection.php(910): CodeIgniter\Database\MySQLi\Connection->execute('SELECT *
FROM `events`
WHERE `school_id` = \'111\'
AND `date` >= \'2026-04-01\'
AND `date` <= \'2026-04-30\'')
 3 SYSTEMPATH\Database\BaseConnection.php(827): CodeIgniter\Database\BaseConnection->simpleQuery('SELECT *
FROM `events`
WHERE `school_id` = \'111\'
AND `date` >= \'2026-04-01\'
AND `date` <= \'2026-04-30\'')
 4 SYSTEMPATH\Database\BaseBuilder.php(1649): CodeIgniter\Database\BaseConnection->query('SELECT *
FROM `events`
WHERE `school_id` = :school_id:
AND `date` >= :date:
AND `date` <= :date.1:', [...], false)
 5 APPPATH\Models\Crud_model.php(349): CodeIgniter\Database\BaseBuilder->get()
 6 APPPATH\Views\backend\student\dashboard\index.php(983): App\Models\Crud_model->get_current_month_events()
 7 APPPATH\Views\backend\index.php(147): include('C:\\xampp\\htdocs\\School-Management-De_migration\\app\\Views\\backend\\student\\dashboard\\index.php')
 8 SYSTEMPATH\View\View.php(240): include('C:\\xampp\\htdocs\\School-Management-De_migration\\app\\Views\\backend\\index.php')
 9 SYSTEMPATH\View\View.php(243): CodeIgniter\View\View->CodeIgniter\View\{closure}()
10 APPPATH\View\View.php(357): CodeIgniter\View\View->render('backend/index', [], true)
11 SYSTEMPATH\Common.php(1250): App\View\View->render('backend/index', [], true)
12 APPPATH\Controllers\Student.php(294): view('backend/index', [...])
13 APPPATH\Config\Routes.php(335): App\Controllers\Student->dashboard()
14 SYSTEMPATH\CodeIgniter.php(872): CodeIgniter\Router\RouteCollection::{closure}()
15 SYSTEMPATH\CodeIgniter.php(480): CodeIgniter\CodeIgniter->startController()
16 SYSTEMPATH\CodeIgniter.php(340): CodeIgniter\CodeIgniter->handleRequest(null, Object(Config\Cache), false)
17 SYSTEMPATH\Boot.php(417): CodeIgniter\CodeIgniter->run()
18 SYSTEMPATH\Boot.php(68): CodeIgniter\Boot::runCodeIgniter(Object(CodeIgniter\CodeIgniter))
19 FCPATH\index.php(75): CodeIgniter\Boot::bootWeb(Object(Config\Paths))
DEBUG - 2026-04-08 11:56:45 --> Session: Class initialized using 'CodeIgniter\Session\Handlers\FileHandler' driver.
DEBUG - 2026-04-08 11:56:46 --> Total exams not yet taken calculated for school_id 111: 0
DEBUG - 2026-04-08 11:56:50 --> Session: Class initialized using 'CodeIgniter\Session\Handlers\FileHandler' driver.
DEBUG - 2026-04-08 11:56:51 --> Session: Class initialized using 'CodeIgniter\Session\Handlers\FileHandler' driver.
DEBUG - 2026-04-08 11:56:51 --> Session: Class initialized using 'CodeIgniter\Session\Handlers\FileHandler' driver.
DEBUG - 2026-04-08 11:58:11 --> Session: Class initialized using 'CodeIgniter\Session\Handlers\FileHandler' driver.
DEBUG - 2026-04-08 11:58:13 --> Session: Class initialized using 'CodeIgniter\Session\Handlers\FileHandler' driver.
CRITICAL - 2026-04-08 11:58:14 --> Error: Call to undefined method CodeIgniter\Database\MySQLi\Builder::getResultArray()
[Method: GET, Route: en/communities]
in APPPATH\Views\frontend\ultimate\partials\communities_grid.php on line 44.
 1 APPPATH\Views\frontend\ultimate\communities.php(1113): include()
 2 APPPATH\Views\frontend\ultimate\index.php(121): include('C:\\xampp\\htdocs\\School-Management-De_migration\\app\\Views\\frontend\\ultimate\\communities.php')
 3 SYSTEMPATH\View\View.php(240): include('C:\\xampp\\htdocs\\School-Management-De_migration\\app\\Views\\frontend\\ultimate\\index.php')
 4 SYSTEMPATH\View\View.php(243): CodeIgniter\View\View->CodeIgniter\View\{closure}()
 5 APPPATH\View\View.php(357): CodeIgniter\View\View->render('frontend/ultimate/index', [], true)
 6 SYSTEMPATH\Common.php(1250): App\View\View->render('frontend/ultimate/index', [], true)
 7 APPPATH\Controllers\Home.php(217): view('frontend/ultimate/index', [...])
 8 SYSTEMPATH\CodeIgniter.php(951): App\Controllers\Home->communities()
 9 SYSTEMPATH\CodeIgniter.php(497): CodeIgniter\CodeIgniter->runController(Object(App\Controllers\Home))
10 SYSTEMPATH\CodeIgniter.php(340): CodeIgniter\CodeIgniter->handleRequest(null, Object(Config\Cache), false)
11 SYSTEMPATH\Boot.php(417): CodeIgniter\CodeIgniter->run()
12 SYSTEMPATH\Boot.php(68): CodeIgniter\Boot::runCodeIgniter(Object(CodeIgniter\CodeIgniter))
13 FCPATH\index.php(75): CodeIgniter\Boot::bootWeb(Object(Config\Paths))
DEBUG - 2026-04-08 12:18:13 --> Session: Class initialized using 'CodeIgniter\Session\Handlers\FileHandler' driver.
DEBUG - 2026-04-08 12:18:15 --> Session: Class initialized using 'CodeIgniter\Session\Handlers\FileHandler' driver.
DEBUG - 2026-04-08 12:18:15 --> Session: Class initialized using 'CodeIgniter\Session\Handlers\FileHandler' driver.
DEBUG - 2026-04-08 12:18:30 --> Session: Class initialized using 'CodeIgniter\Session\Handlers\FileHandler' driver.
CRITICAL - 2026-04-08 12:18:30 --> Error: Call to undefined method CodeIgniter\Database\MySQLi\Builder::getResultArray()
[Method: GET, Route: en/community_details/112]
in APPPATH\Views\frontend\ultimate\community_details.php on line 1342.
 1 APPPATH\Views\frontend\ultimate\index.php(121): include()
 2 SYSTEMPATH\View\View.php(240): include('C:\\xampp\\htdocs\\School-Management-De_migration\\app\\Views\\frontend\\ultimate\\index.php')
 3 SYSTEMPATH\View\View.php(243): CodeIgniter\View\View->CodeIgniter\View\{closure}()
 4 APPPATH\View\View.php(357): CodeIgniter\View\View->render('frontend/ultimate/index', [], true)
 5 SYSTEMPATH\Common.php(1250): App\View\View->render('frontend/ultimate/index', [], true)
 6 APPPATH\Controllers\Home.php(280): view('frontend/ultimate/index', [...])
 7 SYSTEMPATH\CodeIgniter.php(951): App\Controllers\Home->community_details('112')
 8 SYSTEMPATH\CodeIgniter.php(497): CodeIgniter\CodeIgniter->runController(Object(App\Controllers\Home))
 9 SYSTEMPATH\CodeIgniter.php(340): CodeIgniter\CodeIgniter->handleRequest(null, Object(Config\Cache), false)
10 SYSTEMPATH\Boot.php(417): CodeIgniter\CodeIgniter->run()
11 SYSTEMPATH\Boot.php(68): CodeIgniter\Boot::runCodeIgniter(Object(CodeIgniter\CodeIgniter))
12 FCPATH\index.php(75): CodeIgniter\Boot::bootWeb(Object(Config\Paths))
DEBUG - 2026-04-08 12:25:49 --> Session: Class initialized using 'CodeIgniter\Session\Handlers\FileHandler' driver.
CRITICAL - 2026-04-08 12:25:49 --> Error: Call to undefined method CodeIgniter\Database\MySQLi\Builder::getNumRows()
[Method: GET, Route: en/community_details/112]
in APPPATH\Views\frontend\ultimate\community_details.php on line 1359.
 1 APPPATH\Views\frontend\ultimate\index.php(121): include()
 2 SYSTEMPATH\View\View.php(240): include('C:\\xampp\\htdocs\\School-Management-De_migration\\app\\Views\\frontend\\ultimate\\index.php')
 3 SYSTEMPATH\View\View.php(243): CodeIgniter\View\View->CodeIgniter\View\{closure}()
 4 APPPATH\View\View.php(357): CodeIgniter\View\View->render('frontend/ultimate/index', [], true)
 5 SYSTEMPATH\Common.php(1250): App\View\View->render('frontend/ultimate/index', [], true)
 6 APPPATH\Controllers\Home.php(280): view('frontend/ultimate/index', [...])
 7 SYSTEMPATH\CodeIgniter.php(951): App\Controllers\Home->community_details('112')
 8 SYSTEMPATH\CodeIgniter.php(497): CodeIgniter\CodeIgniter->runController(Object(App\Controllers\Home))
 9 SYSTEMPATH\CodeIgniter.php(340): CodeIgniter\CodeIgniter->handleRequest(null, Object(Config\Cache), false)
10 SYSTEMPATH\Boot.php(417): CodeIgniter\CodeIgniter->run()
11 SYSTEMPATH\Boot.php(68): CodeIgniter\Boot::runCodeIgniter(Object(CodeIgniter\CodeIgniter))
12 FCPATH\index.php(75): CodeIgniter\Boot::bootWeb(Object(Config\Paths))
DEBUG - 2026-04-08 12:25:52 --> Session: Class initialized using 'CodeIgniter\Session\Handlers\FileHandler' driver.
CRITICAL - 2026-04-08 12:25:53 --> Error: Call to undefined method CodeIgniter\Database\MySQLi\Builder::getNumRows()
[Method: GET, Route: en/community_details/112]
in APPPATH\Views\frontend\ultimate\community_details.php on line 1359.
 1 APPPATH\Views\frontend\ultimate\index.php(121): include()
 2 SYSTEMPATH\View\View.php(240): include('C:\\xampp\\htdocs\\School-Management-De_migration\\app\\Views\\frontend\\ultimate\\index.php')
 3 SYSTEMPATH\View\View.php(243): CodeIgniter\View\View->CodeIgniter\View\{closure}()
 4 APPPATH\View\View.php(357): CodeIgniter\View\View->render('frontend/ultimate/index', [], true)
 5 SYSTEMPATH\Common.php(1250): App\View\View->render('frontend/ultimate/index', [], true)
 6 APPPATH\Controllers\Home.php(280): view('frontend/ultimate/index', [...])
 7 SYSTEMPATH\CodeIgniter.php(951): App\Controllers\Home->community_details('112')
 8 SYSTEMPATH\CodeIgniter.php(497): CodeIgniter\CodeIgniter->runController(Object(App\Controllers\Home))
 9 SYSTEMPATH\CodeIgniter.php(340): CodeIgniter\CodeIgniter->handleRequest(null, Object(Config\Cache), false)
10 SYSTEMPATH\Boot.php(417): CodeIgniter\CodeIgniter->run()
11 SYSTEMPATH\Boot.php(68): CodeIgniter\Boot::runCodeIgniter(Object(CodeIgniter\CodeIgniter))
12 FCPATH\index.php(75): CodeIgniter\Boot::bootWeb(Object(Config\Paths))
DEBUG - 2026-04-08 12:28:43 --> Session: Class initialized using 'CodeIgniter\Session\Handlers\FileHandler' driver.
DEBUG - 2026-04-08 12:28:46 --> Session: Class initialized using 'CodeIgniter\Session\Handlers\FileHandler' driver.
DEBUG - 2026-04-08 12:28:46 --> Session: Class initialized using 'CodeIgniter\Session\Handlers\FileHandler' driver.
DEBUG - 2026-04-08 12:28:47 --> Session: Class initialized using 'CodeIgniter\Session\Handlers\FileHandler' driver.
DEBUG - 2026-04-08 12:28:51 --> Session: Class initialized using 'CodeIgniter\Session\Handlers\FileHandler' driver.
DEBUG - 2026-04-08 12:28:53 --> Session: Class initialized using 'CodeIgniter\Session\Handlers\FileHandler' driver.
DEBUG - 2026-04-08 12:28:56 --> Session: Class initialized using 'CodeIgniter\Session\Handlers\FileHandler' driver.
DEBUG - 2026-04-08 12:28:56 --> Session: Class initialized using 'CodeIgniter\Session\Handlers\FileHandler' driver.
DEBUG - 2026-04-08 12:29:10 --> Session: Class initialized using 'CodeIgniter\Session\Handlers\FileHandler' driver.
DEBUG - 2026-04-08 12:29:15 --> Session: Class initialized using 'CodeIgniter\Session\Handlers\FileHandler' driver.
DEBUG - 2026-04-08 12:29:16 --> Session: Class initialized using 'CodeIgniter\Session\Handlers\FileHandler' driver.
DEBUG - 2026-04-08 12:29:16 --> Session: Class initialized using 'CodeIgniter\Session\Handlers\FileHandler' driver.
DEBUG - 2026-04-08 12:29:19 --> Total exams not yet taken calculated for school_id 110: 0
ERROR - 2026-04-08 12:29:19 --> Table 'wayo_db.events' doesn't exist
in SYSTEMPATH\Database\MySQLi\Connection.php on line 300.
 1 SYSTEMPATH\Database\MySQLi\Connection.php(300): mysqli->query('SELECT *
FROM `events`
WHERE `school_id` = \'110\'
AND `date` >= \'2026-04-01\'
AND `date` <= \'2026-04-30\'', 0)
 2 SYSTEMPATH\Database\BaseConnection.php(910): CodeIgniter\Database\MySQLi\Connection->execute('SELECT *
FROM `events`
WHERE `school_id` = \'110\'
AND `date` >= \'2026-04-01\'
AND `date` <= \'2026-04-30\'')
 3 SYSTEMPATH\Database\BaseConnection.php(827): CodeIgniter\Database\BaseConnection->simpleQuery('SELECT *
FROM `events`
WHERE `school_id` = \'110\'
AND `date` >= \'2026-04-01\'
AND `date` <= \'2026-04-30\'')
 4 SYSTEMPATH\Database\BaseBuilder.php(1649): CodeIgniter\Database\BaseConnection->query('SELECT *
FROM `events`
WHERE `school_id` = :school_id:
AND `date` >= :date:
AND `date` <= :date.1:', [...], false)
 5 APPPATH\Models\Crud_model.php(349): CodeIgniter\Database\BaseBuilder->get()
 6 APPPATH\Views\backend\student\dashboard\index.php(983): App\Models\Crud_model->get_current_month_events()
 7 APPPATH\Views\backend\index.php(147): include('C:\\xampp\\htdocs\\School-Management-De_migration\\app\\Views\\backend\\student\\dashboard\\index.php')
 8 SYSTEMPATH\View\View.php(240): include('C:\\xampp\\htdocs\\School-Management-De_migration\\app\\Views\\backend\\index.php')
 9 SYSTEMPATH\View\View.php(243): CodeIgniter\View\View->CodeIgniter\View\{closure}()
10 APPPATH\View\View.php(357): CodeIgniter\View\View->render('backend/index', [], true)
11 SYSTEMPATH\Common.php(1250): App\View\View->render('backend/index', [], true)
12 APPPATH\Controllers\Student.php(294): view('backend/index', [...])
13 APPPATH\Config\Routes.php(335): App\Controllers\Student->dashboard()
14 SYSTEMPATH\CodeIgniter.php(872): CodeIgniter\Router\RouteCollection::{closure}()
15 SYSTEMPATH\CodeIgniter.php(480): CodeIgniter\CodeIgniter->startController()
16 SYSTEMPATH\CodeIgniter.php(340): CodeIgniter\CodeIgniter->handleRequest(null, Object(Config\Cache), false)
17 SYSTEMPATH\Boot.php(417): CodeIgniter\CodeIgniter->run()
18 SYSTEMPATH\Boot.php(68): CodeIgniter\Boot::runCodeIgniter(Object(CodeIgniter\CodeIgniter))
19 FCPATH\index.php(75): CodeIgniter\Boot::bootWeb(Object(Config\Paths))
DEBUG - 2026-04-08 12:29:19 --> Session: Class initialized using 'CodeIgniter\Session\Handlers\FileHandler' driver.
DEBUG - 2026-04-08 12:29:35 --> Session: Class initialized using 'CodeIgniter\Session\Handlers\FileHandler' driver.
DEBUG - 2026-04-08 12:29:37 --> Session: Class initialized using 'CodeIgniter\Session\Handlers\FileHandler' driver.
DEBUG - 2026-04-08 12:29:38 --> Session: Class initialized using 'CodeIgniter\Session\Handlers\FileHandler' driver.
DEBUG - 2026-04-08 12:29:41 --> Session: Class initialized using 'CodeIgniter\Session\Handlers\FileHandler' driver.
DEBUG - 2026-04-08 12:29:47 --> Session: Class initialized using 'CodeIgniter\Session\Handlers\FileHandler' driver.
DEBUG - 2026-04-08 12:29:53 --> Session: Class initialized using 'CodeIgniter\Session\Handlers\FileHandler' driver.
DEBUG - 2026-04-08 12:29:58 --> Session: Class initialized using 'CodeIgniter\Session\Handlers\FileHandler' driver.
DEBUG - 2026-04-08 12:29:59 --> Session: Class initialized using 'CodeIgniter\Session\Handlers\FileHandler' driver.
DEBUG - 2026-04-08 12:30:00 --> Session: Class initialized using 'CodeIgniter\Session\Handlers\FileHandler' driver.
DEBUG - 2026-04-08 12:30:03 --> Session: Class initialized using 'CodeIgniter\Session\Handlers\FileHandler' driver.
DEBUG - 2026-04-08 12:30:06 --> Session: Class initialized using 'CodeIgniter\Session\Handlers\FileHandler' driver.
DEBUG - 2026-04-08 12:30:11 --> Session: Class initialized using 'CodeIgniter\Session\Handlers\FileHandler' driver.
DEBUG - 2026-04-08 12:30:13 --> Session: Class initialized using 'CodeIgniter\Session\Handlers\FileHandler' driver.
DEBUG - 2026-04-08 12:30:17 --> Session: Class initialized using 'CodeIgniter\Session\Handlers\FileHandler' driver.
DEBUG - 2026-04-08 12:30:18 --> Session: Class initialized using 'CodeIgniter\Session\Handlers\FileHandler' driver.
DEBUG - 2026-04-08 12:30:44 --> Session: Class initialized using 'CodeIgniter\Session\Handlers\FileHandler' driver.
DEBUG - 2026-04-08 12:30:48 --> Session: Class initialized using 'CodeIgniter\Session\Handlers\FileHandler' driver.
DEBUG - 2026-04-08 12:30:48 --> Session: Class initialized using 'CodeIgniter\Session\Handlers\FileHandler' driver.
DEBUG - 2026-04-08 12:30:49 --> Session: Class initialized using 'CodeIgniter\Session\Handlers\FileHandler' driver.
DEBUG - 2026-04-08 12:30:53 --> Session: Class initialized using 'CodeIgniter\Session\Handlers\FileHandler' driver.
DEBUG - 2026-04-08 12:30:54 --> Session: Class initialized using 'CodeIgniter\Session\Handlers\FileHandler' driver.
DEBUG - 2026-04-08 12:30:58 --> Session: Class initialized using 'CodeIgniter\Session\Handlers\FileHandler' driver.
DEBUG - 2026-04-08 12:30:59 --> Session: Class initialized using 'CodeIgniter\Session\Handlers\FileHandler' driver.
DEBUG - 2026-04-08 12:47:52 --> Session: Class initialized using 'CodeIgniter\Session\Handlers\FileHandler' driver.
CRITICAL - 2026-04-08 12:47:56 --> CodeIgniter\HTTP\Exceptions\BadRequestException: The URI you submitted has disallowed characters: "Health_&_fitness"
[Method: GET, Route: en/communities/Health_&_fitness]
in SYSTEMPATH\Router\Router.php on line 768.
 1 SYSTEMPATH\Router\Router.php(219): CodeIgniter\Router\Router->checkDisallowedChars('en/communities/Health_&_fitness')
 2 SYSTEMPATH\CodeIgniter.php(829): CodeIgniter\Router\Router->handle('en/communities/Health_&_fitness')
 3 SYSTEMPATH\CodeIgniter.php(441): CodeIgniter\CodeIgniter->tryToRouteIt(Object(CodeIgniter\Router\RouteCollection))
 4 SYSTEMPATH\CodeIgniter.php(340): CodeIgniter\CodeIgniter->handleRequest(null, Object(Config\Cache), false)
 5 SYSTEMPATH\Boot.php(417): CodeIgniter\CodeIgniter->run()
 6 SYSTEMPATH\Boot.php(68): CodeIgniter\Boot::runCodeIgniter(Object(CodeIgniter\CodeIgniter))
 7 FCPATH\index.php(75): CodeIgniter\Boot::bootWeb(Object(Config\Paths))
DEBUG - 2026-04-08 12:48:08 --> Session: Class initialized using 'CodeIgniter\Session\Handlers\FileHandler' driver.
DEBUG - 2026-04-08 12:48:10 --> Session: Class initialized using 'CodeIgniter\Session\Handlers\FileHandler' driver.
DEBUG - 2026-04-08 12:48:11 --> Session: Class initialized using 'CodeIgniter\Session\Handlers\FileHandler' driver.
CRITICAL - 2026-04-08 12:48:14 --> CodeIgniter\HTTP\Exceptions\BadRequestException: The URI you submitted has disallowed characters: "Health_&_fitness"
[Method: GET, Route: en/communities/Health_&_fitness]
in SYSTEMPATH\Router\Router.php on line 768.
 1 SYSTEMPATH\Router\Router.php(219): CodeIgniter\Router\Router->checkDisallowedChars('en/communities/Health_&_fitness')
 2 SYSTEMPATH\CodeIgniter.php(829): CodeIgniter\Router\Router->handle('en/communities/Health_&_fitness')
 3 SYSTEMPATH\CodeIgniter.php(441): CodeIgniter\CodeIgniter->tryToRouteIt(Object(CodeIgniter\Router\RouteCollection))
 4 SYSTEMPATH\CodeIgniter.php(340): CodeIgniter\CodeIgniter->handleRequest(null, Object(Config\Cache), false)
 5 SYSTEMPATH\Boot.php(417): CodeIgniter\CodeIgniter->run()
 6 SYSTEMPATH\Boot.php(68): CodeIgniter\Boot::runCodeIgniter(Object(CodeIgniter\CodeIgniter))
 7 FCPATH\index.php(75): CodeIgniter\Boot::bootWeb(Object(Config\Paths))
DEBUG - 2026-04-08 13:16:55 --> Session: Class initialized using 'CodeIgniter\Session\Handlers\FileHandler' driver.
DEBUG - 2026-04-08 13:16:58 --> Session: Class initialized using 'CodeIgniter\Session\Handlers\FileHandler' driver.
DEBUG - 2026-04-08 13:16:58 --> Session: Class initialized using 'CodeIgniter\Session\Handlers\FileHandler' driver.
DEBUG - 2026-04-08 13:17:02 --> Session: Class initialized using 'CodeIgniter\Session\Handlers\FileHandler' driver.
DEBUG - 2026-04-08 13:17:10 --> Session: Class initialized using 'CodeIgniter\Session\Handlers\FileHandler' driver.
DEBUG - 2026-04-08 14:19:10 --> Session: Class initialized using 'CodeIgniter\Session\Handlers\FileHandler' driver.
CRITICAL - 2026-04-08 14:19:11 --> ErrorException: Attempt to read property "baseURL" on null
[Method: GET, Route: en/communities]
in APPPATH\Filters\ContentSecurityPolicyFilter.php on line 18.
 1 APPPATH\Filters\ContentSecurityPolicyFilter.php(18): CodeIgniter\Debug\Exceptions->errorHandler(2, 'Attempt to read property "baseURL" on null', 'C:\\xampp\\htdocs\\School-Management-De_migration\\app\\Filters\\ContentSecurityPolicyFilter.php', 18)
 2 SYSTEMPATH\Filters\Filters.php(278): App\Filters\ContentSecurityPolicyFilter->after(Object(CodeIgniter\HTTP\IncomingRequest), Object(CodeIgniter\HTTP\Response), null)
 3 SYSTEMPATH\Filters\Filters.php(225): CodeIgniter\Filters\Filters->runAfter([...])
 4 SYSTEMPATH\CodeIgniter.php(515): CodeIgniter\Filters\Filters->run('en/communities', 'after')
 5 SYSTEMPATH\CodeIgniter.php(340): CodeIgniter\CodeIgniter->handleRequest(null, Object(Config\Cache), false)
 6 SYSTEMPATH\Boot.php(417): CodeIgniter\CodeIgniter->run()
 7 SYSTEMPATH\Boot.php(68): CodeIgniter\Boot::runCodeIgniter(Object(CodeIgniter\CodeIgniter))
 8 FCPATH\index.php(75): CodeIgniter\Boot::bootWeb(Object(Config\Paths))
DEBUG - 2026-04-08 14:19:19 --> Session: Class initialized using 'CodeIgniter\Session\Handlers\FileHandler' driver.
CRITICAL - 2026-04-08 14:19:20 --> ErrorException: Attempt to read property "baseURL" on null
[Method: GET, Route: en/community_details/105]
in APPPATH\Filters\ContentSecurityPolicyFilter.php on line 18.
 1 APPPATH\Filters\ContentSecurityPolicyFilter.php(18): CodeIgniter\Debug\Exceptions->errorHandler(2, 'Attempt to read property "baseURL" on null', 'C:\\xampp\\htdocs\\School-Management-De_migration\\app\\Filters\\ContentSecurityPolicyFilter.php', 18)
 2 SYSTEMPATH\Filters\Filters.php(278): App\Filters\ContentSecurityPolicyFilter->after(Object(CodeIgniter\HTTP\IncomingRequest), Object(CodeIgniter\HTTP\Response), null)
 3 SYSTEMPATH\Filters\Filters.php(225): CodeIgniter\Filters\Filters->runAfter([...])
 4 SYSTEMPATH\CodeIgniter.php(515): CodeIgniter\Filters\Filters->run('en/community_details/105', 'after')
 5 SYSTEMPATH\CodeIgniter.php(340): CodeIgniter\CodeIgniter->handleRequest(null, Object(Config\Cache), false)
 6 SYSTEMPATH\Boot.php(417): CodeIgniter\CodeIgniter->run()
 7 SYSTEMPATH\Boot.php(68): CodeIgniter\Boot::runCodeIgniter(Object(CodeIgniter\CodeIgniter))
 8 FCPATH\index.php(75): CodeIgniter\Boot::bootWeb(Object(Config\Paths))
DEBUG - 2026-04-08 14:19:41 --> Session: Class initialized using 'CodeIgniter\Session\Handlers\FileHandler' driver.
CRITICAL - 2026-04-08 14:19:42 --> ErrorException: Attempt to read property "baseURL" on null
[Method: GET, Route: en]
in APPPATH\Filters\ContentSecurityPolicyFilter.php on line 18.
 1 APPPATH\Filters\ContentSecurityPolicyFilter.php(18): CodeIgniter\Debug\Exceptions->errorHandler(2, 'Attempt to read property "baseURL" on null', 'C:\\xampp\\htdocs\\School-Management-De_migration\\app\\Filters\\ContentSecurityPolicyFilter.php', 18)
 2 SYSTEMPATH\Filters\Filters.php(278): App\Filters\ContentSecurityPolicyFilter->after(Object(CodeIgniter\HTTP\IncomingRequest), Object(CodeIgniter\HTTP\Response), null)
 3 SYSTEMPATH\Filters\Filters.php(225): CodeIgniter\Filters\Filters->runAfter([...])
 4 SYSTEMPATH\CodeIgniter.php(515): CodeIgniter\Filters\Filters->run('en', 'after')
 5 SYSTEMPATH\CodeIgniter.php(340): CodeIgniter\CodeIgniter->handleRequest(null, Object(Config\Cache), false)
 6 SYSTEMPATH\Boot.php(417): CodeIgniter\CodeIgniter->run()
 7 SYSTEMPATH\Boot.php(68): CodeIgniter\Boot::runCodeIgniter(Object(CodeIgniter\CodeIgniter))
 8 FCPATH\index.php(75): CodeIgniter\Boot::bootWeb(Object(Config\Paths))
DEBUG - 2026-04-08 14:20:01 --> Session: Class initialized using 'CodeIgniter\Session\Handlers\FileHandler' driver.
CRITICAL - 2026-04-08 14:20:01 --> ErrorException: Attempt to read property "baseURL" on null
[Method: GET, Route: app/school_settings]
in APPPATH\Filters\ContentSecurityPolicyFilter.php on line 18.
 1 APPPATH\Filters\ContentSecurityPolicyFilter.php(18): CodeIgniter\Debug\Exceptions->errorHandler(2, 'Attempt to read property "baseURL" on null', 'C:\\xampp\\htdocs\\School-Management-De_migration\\app\\Filters\\ContentSecurityPolicyFilter.php', 18)
 2 SYSTEMPATH\Filters\Filters.php(278): App\Filters\ContentSecurityPolicyFilter->after(Object(CodeIgniter\HTTP\IncomingRequest), Object(CodeIgniter\HTTP\RedirectResponse), null)
 3 SYSTEMPATH\Filters\Filters.php(225): CodeIgniter\Filters\Filters->runAfter([...])
 4 SYSTEMPATH\CodeIgniter.php(515): CodeIgniter\Filters\Filters->run('app/school_settings', 'after')
 5 SYSTEMPATH\CodeIgniter.php(340): CodeIgniter\CodeIgniter->handleRequest(null, Object(Config\Cache), false)
 6 SYSTEMPATH\Boot.php(417): CodeIgniter\CodeIgniter->run()
 7 SYSTEMPATH\Boot.php(68): CodeIgniter\Boot::runCodeIgniter(Object(CodeIgniter\CodeIgniter))
 8 FCPATH\index.php(75): CodeIgniter\Boot::bootWeb(Object(Config\Paths))
DEBUG - 2026-04-08 14:21:26 --> Session: Class initialized using 'CodeIgniter\Session\Handlers\FileHandler' driver.
DEBUG - 2026-04-08 14:21:28 --> Session: Class initialized using 'CodeIgniter\Session\Handlers\FileHandler' driver.
DEBUG - 2026-04-08 14:21:28 --> Session: Class initialized using 'CodeIgniter\Session\Handlers\FileHandler' driver.
DEBUG - 2026-04-08 14:25:16 --> Session: Class initialized using 'CodeIgniter\Session\Handlers\FileHandler' driver.
DEBUG - 2026-04-08 14:25:18 --> Session: Class initialized using 'CodeIgniter\Session\Handlers\FileHandler' driver.
DEBUG - 2026-04-08 14:25:18 --> Session: Class initialized using 'CodeIgniter\Session\Handlers\FileHandler' driver.
DEBUG - 2026-04-08 14:25:29 --> Session: Class initialized using 'CodeIgniter\Session\Handlers\FileHandler' driver.
DEBUG - 2026-04-08 14:25:30 --> Session: Class initialized using 'CodeIgniter\Session\Handlers\FileHandler' driver.
DEBUG - 2026-04-08 14:25:31 --> Session: Class initialized using 'CodeIgniter\Session\Handlers\FileHandler' driver.
DEBUG - 2026-04-08 14:28:39 --> Session: Class initialized using 'CodeIgniter\Session\Handlers\FileHandler' driver.
DEBUG - 2026-04-08 14:28:41 --> Session: Class initialized using 'CodeIgniter\Session\Handlers\FileHandler' driver.
DEBUG - 2026-04-08 14:28:41 --> Session: Class initialized using 'CodeIgniter\Session\Handlers\FileHandler' driver.
DEBUG - 2026-04-08 14:31:51 --> Session: Class initialized using 'CodeIgniter\Session\Handlers\FileHandler' driver.
DEBUG - 2026-04-08 14:31:57 --> Session: Class initialized using 'CodeIgniter\Session\Handlers\FileHandler' driver.
DEBUG - 2026-04-08 14:31:57 --> Session: Class initialized using 'CodeIgniter\Session\Handlers\FileHandler' driver.
DEBUG - 2026-04-08 14:35:55 --> Session: Class initialized using 'CodeIgniter\Session\Handlers\FileHandler' driver.
DEBUG - 2026-04-08 14:35:59 --> Session: Class initialized using 'CodeIgniter\Session\Handlers\FileHandler' driver.
DEBUG - 2026-04-08 14:36:00 --> Session: Class initialized using 'CodeIgniter\Session\Handlers\FileHandler' driver.
DEBUG - 2026-04-08 14:47:06 --> Session: Class initialized using 'CodeIgniter\Session\Handlers\FileHandler' driver.
DEBUG - 2026-04-08 14:47:10 --> Session: Class initialized using 'CodeIgniter\Session\Handlers\FileHandler' driver.
DEBUG - 2026-04-08 14:47:10 --> Session: Class initialized using 'CodeIgniter\Session\Handlers\FileHandler' driver.
DEBUG - 2026-04-08 15:26:01 --> Session: Class initialized using 'CodeIgniter\Session\Handlers\FileHandler' driver.
DEBUG - 2026-04-08 15:26:12 --> Session: Class initialized using 'CodeIgniter\Session\Handlers\FileHandler' driver.
DEBUG - 2026-04-08 15:26:14 --> Session: Class initialized using 'CodeIgniter\Session\Handlers\FileHandler' driver.
DEBUG - 2026-04-08 15:26:16 --> Session: Class initialized using 'CodeIgniter\Session\Handlers\FileHandler' driver.
DEBUG - 2026-04-08 15:26:22 --> Session: Class initialized using 'CodeIgniter\Session\Handlers\FileHandler' driver.
DEBUG - 2026-04-08 15:26:22 --> Session: Class initialized using 'CodeIgniter\Session\Handlers\FileHandler' driver.
DEBUG - 2026-04-08 15:26:26 --> Session: Class initialized using 'CodeIgniter\Session\Handlers\FileHandler' driver.
DEBUG - 2026-04-08 15:26:32 --> Session: Class initialized using 'CodeIgniter\Session\Handlers\FileHandler' driver.
DEBUG - 2026-04-08 15:27:02 --> Session: Class initialized using 'CodeIgniter\Session\Handlers\FileHandler' driver.
DEBUG - 2026-04-08 15:27:03 --> Session: Class initialized using 'CodeIgniter\Session\Handlers\FileHandler' driver.
DEBUG - 2026-04-08 15:27:13 --> Session: Class initialized using 'CodeIgniter\Session\Handlers\FileHandler' driver.
DEBUG - 2026-04-08 15:27:23 --> Session: Class initialized using 'CodeIgniter\Session\Handlers\FileHandler' driver.
INFO - 2026-04-08 15:27:40 --> CSRF token verified.
DEBUG - 2026-04-08 15:27:40 --> Session: Class initialized using 'CodeIgniter\Session\Handlers\FileHandler' driver.
CRITICAL - 2026-04-08 15:27:51 --> CodeIgniter\Security\Exceptions\SecurityException: The action you requested is not allowed.
[Method: POST, Route: admission/post-check-duplication-ajax]
in SYSTEMPATH\Security\Security.php on line 258.
 1 SYSTEMPATH\Security\Security.php(258): CodeIgniter\Security\Exceptions\SecurityException::forDisallowedAction()
 2 SYSTEMPATH\Filters\CSRF.php(52): CodeIgniter\Security\Security->verify(Object(CodeIgniter\HTTP\IncomingRequest))
 3 SYSTEMPATH\Filters\Filters.php(241): CodeIgniter\Filters\CSRF->before(Object(CodeIgniter\HTTP\IncomingRequest), null)
 4 SYSTEMPATH\Filters\Filters.php(221): CodeIgniter\Filters\Filters->runBefore([...])
 5 SYSTEMPATH\CodeIgniter.php(465): CodeIgniter\Filters\Filters->run('admission/post-check-duplication-ajax', 'before')
 6 SYSTEMPATH\CodeIgniter.php(340): CodeIgniter\CodeIgniter->handleRequest(null, Object(Config\Cache), false)
 7 SYSTEMPATH\Boot.php(417): CodeIgniter\CodeIgniter->run()
 8 SYSTEMPATH\Boot.php(68): CodeIgniter\Boot::runCodeIgniter(Object(CodeIgniter\CodeIgniter))
 9 FCPATH\index.php(75): CodeIgniter\Boot::bootWeb(Object(Config\Paths))
CRITICAL - 2026-04-08 15:28:04 --> CodeIgniter\Security\Exceptions\SecurityException: The action you requested is not allowed.
[Method: POST, Route: admission/post-check-duplication-ajax]
in SYSTEMPATH\Security\Security.php on line 258.
 1 SYSTEMPATH\Security\Security.php(258): CodeIgniter\Security\Exceptions\SecurityException::forDisallowedAction()
 2 SYSTEMPATH\Filters\CSRF.php(52): CodeIgniter\Security\Security->verify(Object(CodeIgniter\HTTP\IncomingRequest))
 3 SYSTEMPATH\Filters\Filters.php(241): CodeIgniter\Filters\CSRF->before(Object(CodeIgniter\HTTP\IncomingRequest), null)
 4 SYSTEMPATH\Filters\Filters.php(221): CodeIgniter\Filters\Filters->runBefore([...])
 5 SYSTEMPATH\CodeIgniter.php(465): CodeIgniter\Filters\Filters->run('admission/post-check-duplication-ajax', 'before')
 6 SYSTEMPATH\CodeIgniter.php(340): CodeIgniter\CodeIgniter->handleRequest(null, Object(Config\Cache), false)
 7 SYSTEMPATH\Boot.php(417): CodeIgniter\CodeIgniter->run()
 8 SYSTEMPATH\Boot.php(68): CodeIgniter\Boot::runCodeIgniter(Object(CodeIgniter\CodeIgniter))
 9 FCPATH\index.php(75): CodeIgniter\Boot::bootWeb(Object(Config\Paths))
DEBUG - 2026-04-08 17:20:16 --> Session: Class initialized using 'CodeIgniter\Session\Handlers\FileHandler' driver.
DEBUG - 2026-04-08 17:41:30 --> Session: Class initialized using 'CodeIgniter\Session\Handlers\FileHandler' driver.
INFO - 2026-04-08 17:41:51 --> CSRF token verified.
DEBUG - 2026-04-08 17:41:51 --> Session: Class initialized using 'CodeIgniter\Session\Handlers\FileHandler' driver.
CRITICAL - 2026-04-08 17:42:15 --> CodeIgniter\Security\Exceptions\SecurityException: The action you requested is not allowed.
[Method: POST, Route: admission/post-check-duplication-ajax]
in SYSTEMPATH\Security\Security.php on line 258.
 1 SYSTEMPATH\Security\Security.php(258): CodeIgniter\Security\Exceptions\SecurityException::forDisallowedAction()
 2 SYSTEMPATH\Filters\CSRF.php(52): CodeIgniter\Security\Security->verify(Object(CodeIgniter\HTTP\IncomingRequest))
 3 SYSTEMPATH\Filters\Filters.php(241): CodeIgniter\Filters\CSRF->before(Object(CodeIgniter\HTTP\IncomingRequest), null)
 4 SYSTEMPATH\Filters\Filters.php(221): CodeIgniter\Filters\Filters->runBefore([...])
 5 SYSTEMPATH\CodeIgniter.php(465): CodeIgniter\Filters\Filters->run('admission/post-check-duplication-ajax', 'before')
 6 SYSTEMPATH\CodeIgniter.php(340): CodeIgniter\CodeIgniter->handleRequest(null, Object(Config\Cache), false)
 7 SYSTEMPATH\Boot.php(417): CodeIgniter\CodeIgniter->run()
 8 SYSTEMPATH\Boot.php(68): CodeIgniter\Boot::runCodeIgniter(Object(CodeIgniter\CodeIgniter))
 9 FCPATH\index.php(75): CodeIgniter\Boot::bootWeb(Object(Config\Paths))
DEBUG - 2026-04-08 17:45:15 --> Session: Class initialized using 'CodeIgniter\Session\Handlers\FileHandler' driver.
INFO - 2026-04-08 17:45:31 --> CSRF token verified.
DEBUG - 2026-04-08 17:45:31 --> Session: Class initialized using 'CodeIgniter\Session\Handlers\FileHandler' driver.
CRITICAL - 2026-04-08 17:45:43 --> CodeIgniter\Security\Exceptions\SecurityException: The action you requested is not allowed.
[Method: POST, Route: register/community]
in SYSTEMPATH\Security\Security.php on line 258.
 1 SYSTEMPATH\Security\Security.php(258): CodeIgniter\Security\Exceptions\SecurityException::forDisallowedAction()
 2 SYSTEMPATH\Filters\CSRF.php(52): CodeIgniter\Security\Security->verify(Object(CodeIgniter\HTTP\IncomingRequest))
 3 SYSTEMPATH\Filters\Filters.php(241): CodeIgniter\Filters\CSRF->before(Object(CodeIgniter\HTTP\IncomingRequest), null)
 4 SYSTEMPATH\Filters\Filters.php(221): CodeIgniter\Filters\Filters->runBefore([...])
 5 SYSTEMPATH\CodeIgniter.php(465): CodeIgniter\Filters\Filters->run('register/community', 'before')
 6 SYSTEMPATH\CodeIgniter.php(340): CodeIgniter\CodeIgniter->handleRequest(null, Object(Config\Cache), false)
 7 SYSTEMPATH\Boot.php(417): CodeIgniter\CodeIgniter->run()
 8 SYSTEMPATH\Boot.php(68): CodeIgniter\Boot::runCodeIgniter(Object(CodeIgniter\CodeIgniter))
 9 FCPATH\index.php(75): CodeIgniter\Boot::bootWeb(Object(Config\Paths))
DEBUG - 2026-04-08 17:47:15 --> Session: Class initialized using 'CodeIgniter\Session\Handlers\FileHandler' driver.
INFO - 2026-04-08 17:47:34 --> CSRF token verified.
DEBUG - 2026-04-08 17:47:34 --> Session: Class initialized using 'CodeIgniter\Session\Handlers\FileHandler' driver.
INFO - 2026-04-08 17:48:39 --> CSRF token verified.
DEBUG - 2026-04-08 17:48:40 --> Session: Class initialized using 'CodeIgniter\Session\Handlers\FileHandler' driver.
INFO - 2026-04-08 17:49:24 --> CSRF token verified.
DEBUG - 2026-04-08 17:49:24 --> Session: Class initialized using 'CodeIgniter\Session\Handlers\FileHandler' driver.
DEBUG - 2026-04-08 17:51:07 --> Session: Class initialized using 'CodeIgniter\Session\Handlers\FileHandler' driver.
INFO - 2026-04-08 17:51:39 --> CSRF token verified.
DEBUG - 2026-04-08 17:51:39 --> Session: Class initialized using 'CodeIgniter\Session\Handlers\FileHandler' driver.
ERROR - 2026-04-08 17:51:42 --> Email: sendWithMail threw ErrorException: mail(): Failed to connect to mailserver at &quot;localhost&quot; port 25, verify your &quot;SMTP&quot; and &quot;smtp_port&quot; setting in php.ini or use ini_set() in C:\xampp\htdocs\School-Management-De_migration\vendor\codeigniter4\framework\system\Email\Email.php:1771
Stack trace:
#0 [internal function]: CodeIgniter\Debug\Exceptions->errorHandler(2, 'mail(): Failed ...', 'C:\\xampp\\htdocs...', 1771)
#1 C:\xampp\htdocs\School-Management-De_migration\vendor\codeigniter4\framework\system\Email\Email.php(1771): mail('olaola55@gmail....', '=?UTF-8?Q?Regis...', 'This is a multi...', 'Date: Wed, 8 Ap...')
#2 C:\xampp\htdocs\School-Management-De_migration\vendor\codeigniter4\framework\system\Email\Email.php(1708): CodeIgniter\Email\Email->sendWithMail()
#3 C:\xampp\htdocs\School-Management-De_migration\vendor\codeigniter4\framework\system\Email\Email.php(1602): CodeIgniter\Email\Email->spoolEmail()
#4 C:\xampp\htdocs\School-Management-De_migration\app\Models\Email_model.php(1574): CodeIgniter\Email\Email->send()
#5 C:\xampp\htdocs\School-Management-De_migration\app\Models\Email_model.php(840): App\Models\Email_model->send_mail_using_smtp('<!DOCTYPE html>...', 'Registration Co...', 'olaola55@gmail....', '', 'Wayo Academy')
#6 C:\xampp\htdocs\School-Management-De_migration\app\Models\Frontend_model.php(1336): App\Models\Email_model->School_online_admission('olaola55@gmail....', 'Wayo Academy', 'olalaaa')
#7 C:\xampp\htdocs\School-Management-De_migration\app\Controllers\Admission.php(154): App\Models\Frontend_model->online_admission_school()
#8 C:\xampp\htdocs\School-Management-De_migration\vendor\codeigniter4\framework\system\CodeIgniter.php(951): App\Controllers\Admission->register_community()
#9 C:\xampp\htdocs\School-Management-De_migration\vendor\codeigniter4\framework\system\CodeIgniter.php(497): CodeIgniter\CodeIgniter->runController(Object(App\Controllers\Admission))
#10 C:\xampp\htdocs\School-Management-De_migration\vendor\codeigniter4\framework\system\CodeIgniter.php(340): CodeIgniter\CodeIgniter->handleRequest(NULL, Object(Config\Cache), false)
#11 C:\xampp\htdocs\School-Management-De_migration\vendor\codeigniter4\framework\system\Boot.php(417): CodeIgniter\CodeIgniter->run()
#12 C:\xampp\htdocs\School-Management-De_migration\vendor\codeigniter4\framework\system\Boot.php(68): CodeIgniter\Boot::runCodeIgniter(Object(CodeIgniter\CodeIgniter))
#13 C:\xampp\htdocs\School-Management-De_migration\index.php(75): CodeIgniter\Boot::bootWeb(Object(Config\Paths))
#14 {main}
ERROR - 2026-04-08 17:51:42 --> Email: Unable to send email using PHP mail(). Your server might not be configured to send mail using this method.
ERROR - 2026-04-08 17:51:42 --> 
ERROR - 2026-04-08 17:51:42 --> CI Email Debugger: Unable to send email using PHP mail(). Your server might not be configured to send mail using this method.<br><pre>Date: Wed, 8 Apr 2026 17:51:40 +0100
From: &quot;Wayo Academy&quot; &lt;&gt;
Return-Path: &lt;&gt;
Reply-To: &lt;&gt;
User-Agent: CodeIgniter
X-Mailer: CodeIgniter
X-Priority: 3 (Normal)
Message-ID: &lt;69d6879c312144.00556973&gt;
Mime-Version: 1.0
Content-Type: multipart/alternative; boundary=&quot;B_ALT_69d6879c3128b6.92353286&quot;
=?UTF-8?Q?Registration=20Community?=
This is a multi-part message in MIME format.
Your email application may not support this format.

--B_ALT_69d6879c3128b6.92353286
Content-Type: text/plain; charset=UTF-8
Content-Transfer-Encoding: 8bit

Confirmation of Your Account and Community Creation

Hello olalaaa,
We are pleased to confirm that your account has been successfully created.
Congratulations on setting up your community!
Community: olaaaaleeex
Email: olaola55@gmail.com
Please note that the creation of your community is currently under
verification process. Once the verification is complete, your community will
be visible among other communities on the platform.
Thank you for your patience and welcome aboard!
If you have any questions or need assistance, please feel free to contact
our support team at: abdelfattah.allam1995@gmail.com.
Please click the button below to access your account and explore our
services.

Login to Your Account

R320 UM HURAIR SECOND DUBÏ EMIRATES fff

© 2026 Wayo Academy. All rights reserved.

Tel: +8801234567000


--B_ALT_69d6879c3128b6.92353286
Content-Type: text/html; charset=UTF-8
Content-Transfer-Encoding: quoted-printable

&lt;!DOCTYPE html&gt;=0A&lt;html lang=3D&quot;fr&quot;&gt;=0A&lt;head&gt;=0A=09&lt;meta charset=3D&quot;UTF-8&quot;&gt;=
=0A=09&lt;meta name=3D&quot;viewport&quot; content=3D&quot;width=3Ddevice-width, initial-scal=
e=3D1.0&quot;&gt;=0A=09&lt;title&gt;Registration Community&lt;/title&gt;=0A=09&lt;style&gt;=0A=09=09b=
ody { =0A=09=09=09margin: 0; =0A=09=09=09padding: 0; =0A=09=09=09font-famil=
y: Arial, Helvetica, sans-serif; =0A=09=09}=0A=09=09.container { =0A=09=09=
=09background: #ECECEC; =0A=09=09=09padding: 30px 15px; =0A=09=09}=0A=09=09=
.logo { =0A=09=09=09text-align: center; =0A=09=09=09margin-bottom: 20px; =
=0A=09=09}=0A=09=09.logo img { =0A=09=09=09max-width: 150px; =0A=09=09=09he=
ight: auto; =0A=09=09}=0A=09=09.content-table { =0A=09=09=09max-width: 700p=
x; =0A=09=09=09width: 100%; =0A=09=09=09margin: 0 auto; =0A=09=09=09border-=
collapse: collapse; =0A=09=09}=0A=09=09.header { =0A=09=09=09background: #F=
C7B30; =0A=09=09=09border-radius: 15px 15px 0 0; =0A=09=09=09padding: 15px;=
 =0A=09=09=09text-align: center; =0A=09=09}=0A=09=09.header span { =0A=09=
=09=09font-size: 20px; =0A=09=09=09font-weight: bold; =0A=09=09=09color: #f=
ff; =0A=09=09}=0A=09=09.body { =0A=09=09=09background: #fafbfe; =0A=09=09=
=09padding: 20px; =0A=09=09}=0A=09=09.body p { =0A=09=09=09font-size: 14px;=
 =0A=09=09=09color: #000; =0A=09=09=09line-height: 1.5; =0A=09=09=09margin:=
 15px 0; =0A=09=09}=0A=09=09.body a { =0A=09=09=09color: #0047AB; =0A=09=09=
=09text-decoration: none; =0A=09=09}=0A=09=09.button {=0A=09=09=09display: =
inline-block;=0A=09=09=09padding: 15px 25px;=0A=09=09=09font-size: 16px;=0A=
=09=09=09color: #fff !important;=0A=09=09=09background-color: #FC7B30;=0A=
=09=09=09text-decoration: none;=0A=09=09=09border-radius: 5px;=0A=09=09=09m=
argin: 20px 0;=0A=09=09=09transition: background-color 0.3s ease;=0A=09=09=
=09font-weight: bold;=0A=09=09}=0A=09=09.button:hover {=0A=09=09=09color: #=
fff !important;=0A=09=09=09background-color: #ee7626;=0A=09=09}=0A=09=09.bu=
tton-container {=0A=09=09=09text-align: center;=0A=09=09}=0A=09=09.info-con=
tainer {=0A=09=09=09display: flex;=0A=09=09=09align-items: center;=0A=09=09=
=09flex-wrap: wrap;=0A=09=09=09text-align: left;=0A=09=09}=0A=09=09.info-im=
age {=0A=09=09=09width: 100%;=0A=09=09=09max-width: 150px;=0A=09=09=09margi=
n-right: 20px;=0A=09=09=09margin-bottom: 15px;=0A=09=09=09border-radius: 8p=
x;=0A=09=09}=0A=09=09.info-content {=0A=09=09=09flex: 1;=0A=09=09=09min-wid=
th: 300px;=0A=09=09}=0A=09=09.footer { =0A=09=09=09background: #FC7B30; =0A=
=09=09=09border-radius: 0 0 15px 15px; =0A=09=09=09color: #fff; =0A=09=09=
=09font-size: 14px; =0A=09=09}=0A=09=09.footer table { =0A=09=09=09width: 1=
00%; =0A=09=09}=0A=09=09.footer td { =0A=09=09=09padding: 10px; =0A=09=09}=
=0A=09=09@media only screen and (max-width: 600px) {=0A=09=09=09.content-ta=
ble { =0A=09=09=09=09width: 100% !important; =0A=09=09=09}=0A=09=09=09.head=
er span { =0A=09=09=09=09font-size: 18px; =0A=09=09=09}=0A=09=09=09.footer =
td { =0A=09=09=09=09display: block; =0A=09=09=09=09text-align: center !impo=
rtant; =0A=09=09=09=09width: 100% !important; =0A=09=09=09}=0A=09=09=09.inf=
o-container {=0A=09=09=09=09flex-direction: column;=0A=09=09=09=09text-alig=
n: center;=0A=09=09=09}=0A=09=09=09.info-image {=0A=09=09=09=09margin: 0 au=
to 15px;=0A=09=09=09}=0A=09=09=09.info-content {=0A=09=09=09=09min-width: a=
uto;=0A=09=09=09}=0A=09=09}=0A=09&lt;/style&gt;=0A&lt;/head&gt;=0A&lt;body&gt;=0A=09&lt;div clas=
s=3D&quot;container&quot;&gt;=0A=09&lt;div class=3D&quot;logo&quot;&gt;=0A=09=09&lt;img src=3D&quot;https://wayo=
.academy/uploads/system/logo/logo-light.png&quot; alt=3D&quot;Wayo Academy Logo&quot;&gt;=0A=
=09&lt;/div&gt;=0A=09&lt;table class=3D&quot;content-table&quot;&gt;=0A=09=09&lt;tr&gt;=0A=09=09=09&lt;td =
class=3D&quot;header&quot;&gt;=0A=09=09=09=09&lt;span&gt;Confirmation of Your Account and Comm=
unity Creation&lt;/span&gt;=0A=09=09=09&lt;/td&gt;=0A=09=09&lt;/tr&gt;=0A=09=09&lt;tr&gt;=0A=09=09=
=09&lt;td class=3D&quot;body&quot;&gt;=0A=09=09=09=09&lt;div class=3D&quot;info-container&quot;&gt;=0A=09=
=09=09=09=09&lt;div class=3D&quot;info-content&quot;&gt;=0A=09=09=09=09=09=09&lt;p&gt;Hello &lt;stro=
ng&gt;olalaaa&lt;/strong&gt;,&lt;/p&gt;=0A=09=09=09=09=09=09&lt;p&gt;We are pleased to confirm t=
hat your account has been successfully created. Congratulations on setting =
up your community!&lt;/p&gt;=0A=09=09=09=09=09=09&lt;p&gt;&lt;strong&gt;Community:&lt;/strong&gt; o=
laaaaleeex&lt;/p&gt;=0A=09=09=09=09=09=09&lt;p&gt;&lt;strong&gt;Email:&lt;/strong&gt; olaola55@gmai=
l.com&lt;/p&gt;=0A=09=09=09=09=09=09&lt;p&gt;Please note that the creation of your comm=
unity is currently under verification process. Once the verification is com=
plete, your community will be visible among other communities on the platfo=
rm.&lt;/p&gt;=0A=09=09=09=09=09=09&lt;p&gt;Thank you for your patience and welcome aboa=
rd!&lt;/p&gt;=0A=09=09=09=09=09=09&lt;p&gt;If you have any questions or need assistance=
, please feel free to contact our support team at: &lt;a href=3D&quot;mailto:abdelf=
attah.allam1995@gmail.com&quot;&gt;abdelfattah.allam1995@gmail.com&lt;/a&gt;.&lt;/p&gt;=0A=09=
=09=09=09=09=09&lt;p&gt;Please click the button below to access your account and =
explore our services.&lt;/p&gt;=0A=09=09=09=09=09=09&lt;div class=3D&quot;button-containe=
r&quot;&gt;=0A=09=09=09=09=09=09=09&lt;a href=3D&quot;http://localhost/School-Management-De=
_migration/login&quot; class=3D&quot;button&quot;&gt;Login to Your Account&lt;/a&gt;=0A=09=09=09=09=
=09=09&lt;/div&gt;=0A=09=09=09=09=09&lt;/div&gt;=0A=09=09=09=09&lt;/div&gt;=0A=09=09=09&lt;/td&gt;=
=0A=09=09&lt;/tr&gt;=0A=09=09&lt;tr&gt;=0A=09=09=09&lt;td class=3D&quot;footer&quot;&gt;=0A=09=09=09=09=
&lt;table&gt;=0A=09=09=09=09=09&lt;tr&gt;=0A=09=09=09=09=09=09&lt;td style=3D&quot;text-align: =
left; width: 33%;&quot;&gt;=0A=09=09=09=09=09=09=09&lt;a href=3D&quot;http://localhost/Scho=
ol-Management-De_migration/home/contact#map&quot; style=3D&quot;color: #fff; text-dec=
oration: none;&quot;&gt;R320 UM HURAIR SECOND DUB=C3=8F EMIRATES fff&lt;/a&gt;=0A=09=09=
=09=09=09=09&lt;/td&gt;=0A=09=09=09=09=09=09&lt;td style=3D&quot;text-align: center; widt=
h: 34%;&quot;&gt;=0A=09=09=09=09=09=09=09=C2=A9 2026 Wayo Academy. All rights reser=
ved.=0A=09=09=09=09=09=09&lt;/td&gt;=0A=09=09=09=09=09=09&lt;td style=3D&quot;text-align:=
 right; width: 33%;&quot;&gt;=0A=09=09=09=09=09=09=09Tel: &lt;a href=3D&quot;+8801234567000=
&quot; style=3D&quot;color: #fff; text-decoration: none;&quot;&gt;+8801234567000&lt;/a&gt;=0A=09=09=
=09=09=09=09&lt;/td&gt;=0A=09=09=09=09=09&lt;/tr&gt;=0A=09=09=09=09&lt;/table&gt;=0A=09=09=09=
&lt;/td&gt;=0A=09=09&lt;/tr&gt;=0A=09&lt;/table&gt;=0A&lt;/div&gt;=0A&lt;/body&gt;=0A&lt;/html&gt;

--B_ALT_69d6879c3128b6.92353286--</pre>
ERROR - 2026-04-08 17:51:44 --> Email: sendWithMail threw ErrorException: mail(): Failed to connect to mailserver at &quot;localhost&quot; port 25, verify your &quot;SMTP&quot; and &quot;smtp_port&quot; setting in php.ini or use ini_set() in C:\xampp\htdocs\School-Management-De_migration\vendor\codeigniter4\framework\system\Email\Email.php:1771
Stack trace:
#0 [internal function]: CodeIgniter\Debug\Exceptions->errorHandler(2, 'mail(): Failed ...', 'C:\\xampp\\htdocs...', 1771)
#1 C:\xampp\htdocs\School-Management-De_migration\vendor\codeigniter4\framework\system\Email\Email.php(1771): mail('abdelfattah.all...', '=?UTF-8?Q?Appli...', 'This is a multi...', 'Date: Wed, 8 Ap...')
#2 C:\xampp\htdocs\School-Management-De_migration\vendor\codeigniter4\framework\system\Email\Email.php(1708): CodeIgniter\Email\Email->sendWithMail()
#3 C:\xampp\htdocs\School-Management-De_migration\vendor\codeigniter4\framework\system\Email\Email.php(1602): CodeIgniter\Email\Email->spoolEmail()
#4 C:\xampp\htdocs\School-Management-De_migration\app\Models\Email_model.php(1574): CodeIgniter\Email\Email->send()
#5 C:\xampp\htdocs\School-Management-De_migration\app\Models\Email_model.php(1003): App\Models\Email_model->send_mail_using_smtp('<!DOCTYPE html>...', 'Application for...', 'abdelfattah.all...', '', 'Wayo Academy')
#6 C:\xampp\htdocs\School-Management-De_migration\app\Models\Frontend_model.php(1337): App\Models\Email_model->School_online_admission_superadmin('olaola55@gmail....', 'Wayo Academy', 'olalaaa')
#7 C:\xampp\htdocs\School-Management-De_migration\app\Controllers\Admission.php(154): App\Models\Frontend_model->online_admission_school()
#8 C:\xampp\htdocs\School-Management-De_migration\vendor\codeigniter4\framework\system\CodeIgniter.php(951): App\Controllers\Admission->register_community()
#9 C:\xampp\htdocs\School-Management-De_migration\vendor\codeigniter4\framework\system\CodeIgniter.php(497): CodeIgniter\CodeIgniter->runController(Object(App\Controllers\Admission))
#10 C:\xampp\htdocs\School-Management-De_migration\vendor\codeigniter4\framework\system\CodeIgniter.php(340): CodeIgniter\CodeIgniter->handleRequest(NULL, Object(Config\Cache), false)
#11 C:\xampp\htdocs\School-Management-De_migration\vendor\codeigniter4\framework\system\Boot.php(417): CodeIgniter\CodeIgniter->run()
#12 C:\xampp\htdocs\School-Management-De_migration\vendor\codeigniter4\framework\system\Boot.php(68): CodeIgniter\Boot::runCodeIgniter(Object(CodeIgniter\CodeIgniter))
#13 C:\xampp\htdocs\School-Management-De_migration\index.php(75): CodeIgniter\Boot::bootWeb(Object(Config\Paths))
#14 {main}
ERROR - 2026-04-08 17:51:44 --> Email: Unable to send email using PHP mail(). Your server might not be configured to send mail using this method.
ERROR - 2026-04-08 17:51:44 --> 
ERROR - 2026-04-08 17:51:44 --> CI Email Debugger: Unable to send email using PHP mail(). Your server might not be configured to send mail using this method.<br><pre>Date: Wed, 8 Apr 2026 17:51:42 +0100
From: &quot;Wayo Academy&quot; &lt;&gt;
Return-Path: &lt;&gt;
Reply-To: &lt;&gt;
User-Agent: CodeIgniter
X-Mailer: CodeIgniter
X-Priority: 3 (Normal)
Message-ID: &lt;69d6879e6cea40.09007753&gt;
Mime-Version: 1.0
Content-Type: multipart/alternative; boundary=&quot;B_ALT_69d6879e6cee14.94625972&quot;
=?UTF-8?Q?Application=20for=20Community=20Admission?=
This is a multi-part message in MIME format.
Your email application may not support this format.

--B_ALT_69d6879e6cee14.94625972
Content-Type: text/plain; charset=UTF-8
Content-Transfer-Encoding: 8bit

New Community Creation Notification

Dear Superadmin,
We are pleased to inform you that a new Community has been successfully
registered on the Wayo Academy platform.
Below are the details of the new Community and its administrator:
Community Name: olaaaaleeex
Administrator Name: olalaaa
Administrator Email: olaola55@gmail.com
Please review the details and take any necessary actions to ensure the
onboarding process is completed smoothly.

Login to Your Account

R320 UM HURAIR SECOND DUBÏ EMIRATES fff

© 2026 Wayo Academy. All rights reserved.

Tel: +8801234567000


--B_ALT_69d6879e6cee14.94625972
Content-Type: text/html; charset=UTF-8
Content-Transfer-Encoding: quoted-printable

&lt;!DOCTYPE html&gt;=0A&lt;html lang=3D&quot;fr&quot;&gt;=0A&lt;head&gt;=0A=09&lt;meta charset=3D&quot;UTF-8&quot;&gt;=
=0A=09&lt;meta name=3D&quot;viewport&quot; content=3D&quot;width=3Ddevice-width, initial-scal=
e=3D1.0&quot;&gt;=0A=09&lt;title&gt;New Community Creation Notification&lt;/title&gt;=0A=09&lt;sty=
le&gt;=0A=09=09body { =0A=09=09=09margin: 0; =0A=09=09=09padding: 0; =0A=09=09=
=09font-family: Arial, Helvetica, sans-serif; =0A=09=09}=0A=09=09.container=
 { =0A=09=09=09background: #ECECEC; =0A=09=09=09padding: 30px 15px; =0A=09=
=09}=0A=09=09.logo { =0A=09=09=09text-align: center; =0A=09=09=09margin-bot=
tom: 20px; =0A=09=09}=0A=09=09.logo img { =0A=09=09=09max-width: 150px; =0A=
=09=09=09height: auto; =0A=09=09}=0A=09=09.content-table { =0A=09=09=09max-=
width: 700px; =0A=09=09=09width: 100%; =0A=09=09=09margin: 0 auto; =0A=09=
=09=09border-collapse: collapse; =0A=09=09}=0A=09=09.header { =0A=09=09=09b=
ackground: #FC7B30; =0A=09=09=09border-radius: 15px 15px 0 0; =0A=09=09=09p=
adding: 15px; =0A=09=09=09text-align: center; =0A=09=09}=0A=09=09.header sp=
an { =0A=09=09=09font-size: 20px; =0A=09=09=09font-weight: bold; =0A=09=09=
=09color: #fff; =0A=09=09}=0A=09=09.body { =0A=09=09=09background: #fafbfe;=
 =0A=09=09=09padding: 20px; =0A=09=09}=0A=09=09.body p { =0A=09=09=09font-s=
ize: 14px; =0A=09=09=09color: #000; =0A=09=09=09line-height: 1.5; =0A=09=09=
=09margin: 15px 0; =0A=09=09}=0A=09=09.body a { =0A=09=09=09color: #0047AB;=
 =0A=09=09=09text-decoration: none; =0A=09=09}=0A=09=09.button {=0A=09=09=
=09display: inline-block;=0A=09=09=09padding: 15px 25px;=0A=09=09=09font-si=
ze: 16px;=0A=09=09=09color: #fff !important;=0A=09=09=09background-color: #=
FC7B30;=0A=09=09=09text-decoration: none;=0A=09=09=09border-radius: 5px;=0A=
=09=09=09margin: 20px 0;=0A=09=09=09transition: background-color 0.3s ease;=
=0A=09=09=09font-weight: bold;=0A=09=09}=0A=09=09.button:hover {=0A=09=09=
=09color: #fff !important;=0A=09=09=09background-color: #ee7626;=0A=09=09}=
=0A=09=09.button-container {=0A=09=09=09text-align: center;=0A=09=09}=0A=09=
=09.footer { =0A=09=09=09background: #FC7B30; =0A=09=09=09border-radius: 0 =
0 15px 15px; =0A=09=09=09color: #fff; =0A=09=09=09font-size: 14px; =0A=09=
=09}=0A=09=09.footer table { =0A=09=09=09width: 100%; =0A=09=09}=0A=09=09.f=
ooter td { =0A=09=09=09padding: 10px; =0A=09=09}=0A=09=09@media only screen=
 and (max-width: 600px) {=0A=09=09=09.content-table { =0A=09=09=09=09width:=
 100% !important; =0A=09=09=09}=0A=09=09=09.header span { =0A=09=09=09=09fo=
nt-size: 18px; =0A=09=09=09}=0A=09=09=09.footer td { =0A=09=09=09=09display=
: block; =0A=09=09=09=09text-align: center !important; =0A=09=09=09=09width=
: 100% !important; =0A=09=09=09}=0A=09=09}=0A=09&lt;/style&gt;=0A&lt;/head&gt;=0A&lt;body&gt;=
=0A=09&lt;div class=3D&quot;container&quot;&gt;=0A=09=09&lt;div class=3D&quot;logo&quot;&gt;=0A=09=09=09&lt;im=
g src=3D&quot;https://wayo.academy/uploads/system/logo/logo-light.png&quot; alt=3D&quot;Wa=
yo Academy Logo&quot;&gt;=0A=09=09&lt;/div&gt;=0A=09=09&lt;table class=3D&quot;content-table&quot;&gt;=0A=
=09=09=09&lt;tr&gt;=0A=09=09=09=09&lt;td class=3D&quot;header&quot;&gt;=0A=09=09=09=09=09&lt;span&gt;Ne=
w Community Creation Notification&lt;/span&gt;=0A=09=09=09=09&lt;/td&gt;=0A=09=09=09&lt;/t=
r&gt;=0A=09=09=09&lt;tr&gt;=0A=09=09=09=09&lt;td class=3D&quot;body&quot;&gt;=0A=09=09=09=09=09&lt;p&gt;&lt;s=
trong&gt;Dear Superadmin,&lt;/strong&gt;&lt;/p&gt;=0A=09=09=09=09=09&lt;p&gt;We are pleased to i=
nform you that a new Community has been successfully registered on the Wayo=
 Academy platform.&lt;/p&gt;=0A=09=09=09=09=09&lt;p&gt;Below are the details of the new=
 Community and its administrator:&lt;/p&gt;=0A=09=09=09=09=09&lt;p&gt;&lt;strong&gt;Community=
 Name:&lt;/strong&gt; olaaaaleeex&lt;/p&gt;=0A=09=09=09=09=09&lt;p&gt;&lt;strong&gt;Administrator N=
ame:&lt;/strong&gt; olalaaa&lt;/p&gt;=0A=09=09=09=09=09&lt;p&gt;&lt;strong&gt;Administrator Email:&lt;=
/strong&gt; olaola55@gmail.com&lt;/p&gt;=0A=09=09=09=09=09&lt;p&gt;Please review the detai=
ls and take any necessary actions to ensure the onboarding process is compl=
eted smoothly.&lt;/p&gt;=0A=09=09=09=09=09&lt;div class=3D&quot;button-container&quot;&gt;=0A=09=
=09=09=09=09=09&lt;a href=3D&quot;http://localhost/School-Management-De_migration/l=
ogin&quot; class=3D&quot;button&quot;&gt;Login to Your Account&lt;/a&gt;=0A=09=09=09=09=09&lt;/div&gt;=0A=
=09=09=09=09&lt;/td&gt;=0A=09=09=09&lt;/tr&gt;=0A=09=09=09&lt;tr&gt;=0A=09=09=09=09&lt;td class=
=3D&quot;footer&quot;&gt;=0A=09=09=09=09=09&lt;table&gt;=0A=09=09=09=09=09=09&lt;tr&gt;=0A=09=09=09=
=09=09=09=09&lt;td style=3D&quot;text-align: left; width: 33%;&quot;&gt;=0A=09=09=09=09=09=
=09=09=09&lt;a href=3D&quot;http://localhost/School-Management-De_migration/home/co=
ntact#map&quot; style=3D&quot;color: #fff; text-decoration: none;&quot;&gt;R320 UM HURAIR SEC=
OND DUB=C3=8F EMIRATES fff&lt;/a&gt;=0A=09=09=09=09=09=09=09&lt;/td&gt;=0A=09=09=09=09=
=09=09=09&lt;td style=3D&quot;text-align: center; width: 34%;&quot;&gt;=0A=09=09=09=09=09=
=09=09=09=C2=A9 2026 Wayo Academy. All rights reserved.=0A=09=09=09=09=09=
=09=09&lt;/td&gt;=0A=09=09=09=09=09=09=09&lt;td style=3D&quot;text-align: right; width: 3=
3%;&quot;&gt;=0A=09=09=09=09=09=09=09=09Tel: &lt;a href=3D&quot;+8801234567000&quot; style=3D&quot;co=
lor: #fff; text-decoration: none;&quot;&gt;+8801234567000&lt;/a&gt;=0A=09=09=09=09=09=09=
=09&lt;/td&gt;=0A=09=09=09=09=09=09&lt;/tr&gt;=0A=09=09=09=09=09&lt;/table&gt;=0A=09=09=09=09=
&lt;/td&gt;=0A=09=09=09&lt;/tr&gt;=0A=09=09&lt;/table&gt;=0A=09&lt;/div&gt;=0A&lt;/body&gt;=0A&lt;/html&gt;

--B_ALT_69d6879e6cee14.94625972--</pre>
ERROR - 2026-04-08 17:51:44 --> Table 'wayo_db.audit_logs' doesn't exist
in SYSTEMPATH\Database\MySQLi\Connection.php on line 300.
 1 SYSTEMPATH\Database\MySQLi\Connection.php(300): mysqli->query('INSERT INTO `audit_logs` (`user_id`, `user_type`, `school_id`, `action_type`, `entity_type`, `entity_id`, `action_details`, `ip_address`, `user_agent`, `created_at`) VALUES (401, \'admin\', 113, \'register\', \'school\', 113, \'{\\"school_name\\":\\"olaaaaleeex\\",\\"email\\":\\"olaola55@gmail.com\\",\\"country\\":\\"MA\\",\\"city\\":\\"casablanca\\",\\"category\\":\\"Business\\",\\"type\\":\\"Entreprise\\",\\"phone\\":\\"+212608381315\\",\\"trial_period\\":\\"14_days\\",\\"subscription_status\\":\\"trialing\\"}\', \'::1\', \'Mozilla/5.0 (Windows NT 10.0; Win64; x64) AppleWebKit/537.36 (KHTML, like Gecko) Chrome/146.0.0.0 Safari/537.36\', 1775667104)', 0)
 2 SYSTEMPATH\Database\BaseConnection.php(910): CodeIgniter\Database\MySQLi\Connection->execute('INSERT INTO `audit_logs` (`user_id`, `user_type`, `school_id`, `action_type`, `entity_type`, `entity_id`, `action_details`, `ip_address`, `user_agent`, `created_at`) VALUES (401, \'admin\', 113, \'register\', \'school\', 113, \'{\\"school_name\\":\\"olaaaaleeex\\",\\"email\\":\\"olaola55@gmail.com\\",\\"country\\":\\"MA\\",\\"city\\":\\"casablanca\\",\\"category\\":\\"Business\\",\\"type\\":\\"Entreprise\\",\\"phone\\":\\"+212608381315\\",\\"trial_period\\":\\"14_days\\",\\"subscription_status\\":\\"trialing\\"}\', \'::1\', \'Mozilla/5.0 (Windows NT 10.0; Win64; x64) AppleWebKit/537.36 (KHTML, like Gecko) Chrome/146.0.0.0 Safari/537.36\', 1775667104)')
 3 SYSTEMPATH\Database\BaseConnection.php(827): CodeIgniter\Database\BaseConnection->simpleQuery('INSERT INTO `audit_logs` (`user_id`, `user_type`, `school_id`, `action_type`, `entity_type`, `entity_id`, `action_details`, `ip_address`, `user_agent`, `created_at`) VALUES (401, \'admin\', 113, \'register\', \'school\', 113, \'{\\"school_name\\":\\"olaaaaleeex\\",\\"email\\":\\"olaola55@gmail.com\\",\\"country\\":\\"MA\\",\\"city\\":\\"casablanca\\",\\"category\\":\\"Business\\",\\"type\\":\\"Entreprise\\",\\"phone\\":\\"+212608381315\\",\\"trial_period\\":\\"14_days\\",\\"subscription_status\\":\\"trialing\\"}\', \'::1\', \'Mozilla/5.0 (Windows NT 10.0; Win64; x64) AppleWebKit/537.36 (KHTML, like Gecko) Chrome/146.0.0.0 Safari/537.36\', 1775667104)')
 4 SYSTEMPATH\Database\BaseBuilder.php(2345): CodeIgniter\Database\BaseConnection->query('INSERT INTO `audit_logs` (`user_id`, `user_type`, `school_id`, `action_type`, `entity_type`, `entity_id`, `action_details`, `ip_address`, `user_agent`, `created_at`) VALUES (:user_id:, :user_type:, :school_id:, :action_type:, :entity_type:, :entity_id:, :action_details:, :ip_address:, :user_agent:, :created_at:)', [...], false)
 5 SYSTEMPATH\Model.php(355): CodeIgniter\Database\BaseBuilder->insert()
 6 SYSTEMPATH\BaseModel.php(899): CodeIgniter\Model->doInsert([...])
 7 SYSTEMPATH\Model.php(668): CodeIgniter\BaseModel->insert([...], true)
 8 APPPATH\Models\Audit_log_model.php(45): CodeIgniter\Model->insert([...])
 9 APPPATH\Models\Audit_log_model.php(161): App\Models\Audit_log_model->log_action([...])
10 APPPATH\Models\Frontend_model.php(1341): App\Models\Audit_log_model->log_online_admission_school(401, 113, [...])
11 APPPATH\Controllers\Admission.php(154): App\Models\Frontend_model->online_admission_school()
12 SYSTEMPATH\CodeIgniter.php(951): App\Controllers\Admission->register_community()
13 SYSTEMPATH\CodeIgniter.php(497): CodeIgniter\CodeIgniter->runController(Object(App\Controllers\Admission))
14 SYSTEMPATH\CodeIgniter.php(340): CodeIgniter\CodeIgniter->handleRequest(null, Object(Config\Cache), false)
15 SYSTEMPATH\Boot.php(417): CodeIgniter\CodeIgniter->run()
16 SYSTEMPATH\Boot.php(68): CodeIgniter\Boot::runCodeIgniter(Object(CodeIgniter\CodeIgniter))
17 FCPATH\index.php(75): CodeIgniter\Boot::bootWeb(Object(Config\Paths))
ERROR - 2026-04-08 17:51:44 --> Audit log error: Table 'wayo_db.audit_logs' doesn't exist
DEBUG - 2026-04-08 17:51:49 --> Session: Class initialized using 'CodeIgniter\Session\Handlers\FileHandler' driver.
INFO - 2026-04-08 17:52:16 --> CSRF token verified.
INFO - 2026-04-08 17:52:16 --> CSRF token verified.
INFO - 2026-04-08 17:52:16 --> CSRF token verified.
DEBUG - 2026-04-08 17:52:16 --> Session: Class initialized using 'CodeIgniter\Session\Handlers\FileHandler' driver.
DEBUG - 2026-04-08 17:52:16 --> Session: Class initialized using 'CodeIgniter\Session\Handlers\FileHandler' driver.
DEBUG - 2026-04-08 17:52:17 --> Session: Class initialized using 'CodeIgniter\Session\Handlers\FileHandler' driver.
INFO - 2026-04-08 17:52:17 --> CSRF token verified.
DEBUG - 2026-04-08 17:52:17 --> Session: Class initialized using 'CodeIgniter\Session\Handlers\FileHandler' driver.
INFO - 2026-04-08 17:52:17 --> CSRF token verified.
DEBUG - 2026-04-08 17:52:17 --> Session: Class initialized using 'CodeIgniter\Session\Handlers\FileHandler' driver.
INFO - 2026-04-08 17:52:17 --> CSRF token verified.
DEBUG - 2026-04-08 17:52:17 --> Session: Class initialized using 'CodeIgniter\Session\Handlers\FileHandler' driver.
DEBUG - 2026-04-08 17:52:17 --> Session: Class initialized using 'CodeIgniter\Session\Handlers\FileHandler' driver.
INFO - 2026-04-08 17:52:21 --> CSRF token verified.
DEBUG - 2026-04-08 17:52:21 --> Session: Class initialized using 'CodeIgniter\Session\Handlers\FileHandler' driver.
INFO - 2026-04-08 17:52:28 --> CSRF token verified.
DEBUG - 2026-04-08 17:52:28 --> Session: Class initialized using 'CodeIgniter\Session\Handlers\FileHandler' driver.
INFO - 2026-04-08 17:52:49 --> CSRF token verified.
DEBUG - 2026-04-08 17:52:49 --> Session: Class initialized using 'CodeIgniter\Session\Handlers\FileHandler' driver.
DEBUG - 2026-04-08 17:52:51 --> Session: Class initialized using 'CodeIgniter\Session\Handlers\FileHandler' driver.
DEBUG - 2026-04-08 17:52:51 --> Total exams not yet taken calculated for school_id 1: 0
DEBUG - 2026-04-08 17:52:56 --> Session: Class initialized using 'CodeIgniter\Session\Handlers\FileHandler' driver.
DEBUG - 2026-04-08 17:52:58 --> Total exams not yet taken calculated for school_id 1: 0
DEBUG - 2026-04-08 17:54:39 --> Session: Class initialized using 'CodeIgniter\Session\Handlers\FileHandler' driver.
INFO - 2026-04-08 17:54:41 --> CSRF token verified.
DEBUG - 2026-04-08 17:54:41 --> Session: Class initialized using 'CodeIgniter\Session\Handlers\FileHandler' driver.
DEBUG - 2026-04-08 17:54:41 --> Session: Class initialized using 'CodeIgniter\Session\Handlers\FileHandler' driver.
DEBUG - 2026-04-08 17:54:41 --> Total exams not yet taken calculated for school_id 1: 0
DEBUG - 2026-04-08 17:54:53 --> Session: Class initialized using 'CodeIgniter\Session\Handlers\FileHandler' driver.
DEBUG - 2026-04-08 17:54:53 --> Session: Class initialized using 'CodeIgniter\Session\Handlers\FileHandler' driver.
INFO - 2026-04-08 17:55:01 --> CSRF token verified.
DEBUG - 2026-04-08 17:55:01 --> Session: Class initialized using 'CodeIgniter\Session\Handlers\FileHandler' driver.
INFO - 2026-04-08 17:55:16 --> CSRF token verified.
DEBUG - 2026-04-08 17:55:16 --> Session: Class initialized using 'CodeIgniter\Session\Handlers\FileHandler' driver.
