DEBUG - 2026-04-13 09:29:17 --> Session: Class initialized using 'CodeIgniter\Session\Handlers\FileHandler' driver.
DEBUG - 2026-04-13 09:31:16 --> Session: Class initialized using 'CodeIgniter\Session\Handlers\FileHandler' driver.
DEBUG - 2026-04-13 09:32:02 --> Session: Class initialized using 'CodeIgniter\Session\Handlers\FileHandler' driver.
DEBUG - 2026-04-13 09:32:57 --> Session: Class initialized using 'CodeIgniter\Session\Handlers\FileHandler' driver.
DEBUG - 2026-04-13 09:44:56 --> Session: Class initialized using 'CodeIgniter\Session\Handlers\FileHandler' driver.
DEBUG - 2026-04-13 09:45:16 --> Session: Class initialized using 'CodeIgniter\Session\Handlers\FileHandler' driver.
DEBUG - 2026-04-13 09:56:56 --> Session: Class initialized using 'CodeIgniter\Session\Handlers\FileHandler' driver.
DEBUG - 2026-04-13 09:57:02 --> Session: Class initialized using 'CodeIgniter\Session\Handlers\FileHandler' driver.
DEBUG - 2026-04-13 10:00:37 --> Session: Class initialized using 'CodeIgniter\Session\Handlers\FileHandler' driver.
DEBUG - 2026-04-13 10:27:23 --> Session: Class initialized using 'CodeIgniter\Session\Handlers\FileHandler' driver.
DEBUG - 2026-04-13 10:29:04 --> Session: Class initialized using 'CodeIgniter\Session\Handlers\FileHandler' driver.
DEBUG - 2026-04-13 10:30:14 --> Session: Class initialized using 'CodeIgniter\Session\Handlers\FileHandler' driver.
CRITICAL - 2026-04-13 10:30:14 --> ParseError: syntax error, unexpected end of file, expecting "elseif" or "else" or "endif"
[Method: GET, Route: /]
in APPPATH\Views\frontend\ultimate\navigation.php on line 2033.
 1 SYSTEMPATH\View\View.php(240): include()
 2 SYSTEMPATH\View\View.php(243): CodeIgniter\View\View->CodeIgniter\View\{closure}()
 3 APPPATH\View\View.php(357): CodeIgniter\View\View->render('frontend/ultimate/index', [], true)
 4 SYSTEMPATH\Common.php(1250): App\View\View->render('frontend/ultimate/index', [], true)
 5 APPPATH\Controllers\Home.php(35): view('frontend/ultimate/index', [...])
 6 SYSTEMPATH\CodeIgniter.php(951): App\Controllers\Home->index()
 7 SYSTEMPATH\CodeIgniter.php(497): CodeIgniter\CodeIgniter->runController(Object(App\Controllers\Home))
 8 SYSTEMPATH\CodeIgniter.php(340): CodeIgniter\CodeIgniter->handleRequest(null, Object(Config\Cache), false)
 9 SYSTEMPATH\Boot.php(417): CodeIgniter\CodeIgniter->run()
10 SYSTEMPATH\Boot.php(68): CodeIgniter\Boot::runCodeIgniter(Object(CodeIgniter\CodeIgniter))
11 FCPATH\index.php(75): CodeIgniter\Boot::bootWeb(Object(Config\Paths))
DEBUG - 2026-04-13 10:30:23 --> Session: Class initialized using 'CodeIgniter\Session\Handlers\FileHandler' driver.
INFO - 2026-04-13 10:30:29 --> CSRF token verified.
INFO - 2026-04-13 10:30:29 --> CSRF token verified.
INFO - 2026-04-13 10:30:29 --> CSRF token verified.
DEBUG - 2026-04-13 10:30:29 --> Session: Class initialized using 'CodeIgniter\Session\Handlers\FileHandler' driver.
DEBUG - 2026-04-13 10:30:29 --> Session: Class initialized using 'CodeIgniter\Session\Handlers\FileHandler' driver.
CRITICAL - 2026-04-13 10:30:29 --> ErrorException: filesize(): stat failed for C:\xampp\htdocs\School-Management-De_migration\writable\session/ci_sessionff503d3d37b08f4de691c91218b751de
[Method: POST, Route: login/validate_login]
in SYSTEMPATH\Session\Handlers\FileHandler.php on line 157.
 1 [internal function]: CodeIgniter\Debug\Exceptions->errorHandler(2, 'filesize(): stat failed for C:\\xampp\\htdocs\\School-Management-De_migration\\writable\\session/ci_sessionff503d3d37b08f4de691c91218b751de', 'C:\\xampp\\htdocs\\School-Management-De_migration\\vendor\\codeigniter4\\framework\\system\\Session\\Handlers\\FileHandler.php', 157)
 2 SYSTEMPATH\Session\Handlers\FileHandler.php(157): filesize('C:\\xampp\\htdocs\\School-Management-De_migration\\writable\\session/ci_sessionff503d3d37b08f4de691c91218b751de')
 3 [internal function]: CodeIgniter\Session\Handlers\FileHandler->read('ff503d3d37b08f4de691c91218b751de')
 4 SYSTEMPATH\Session\Session.php(625): session_start()
 5 SYSTEMPATH\Session\Session.php(120): CodeIgniter\Session\Session->startSession()
 6 SYSTEMPATH\Config\Services.php(715): CodeIgniter\Session\Session->start()
 7 SYSTEMPATH\Config\BaseService.php(325): CodeIgniter\Config\Services::session(Object(Config\Session), false)
 8 SYSTEMPATH\Config\BaseService.php(264): CodeIgniter\Config\BaseService::__callStatic('session', [...])
 9 SYSTEMPATH\Config\Services.php(668): CodeIgniter\Config\BaseService::getSharedInstance('session', null)
10 SYSTEMPATH\Config\BaseService.php(334): CodeIgniter\Config\Services::session()
11 APPPATH\Controllers\BaseController.php(88): CodeIgniter\Config\BaseService::__callStatic('session', [])
12 APPPATH\Controllers\Login.php(18): App\Controllers\BaseController->initController(Object(CodeIgniter\HTTP\IncomingRequest), Object(CodeIgniter\HTTP\Response), Object(CodeIgniter\Log\Logger))
13 SYSTEMPATH\CodeIgniter.php(922): App\Controllers\Login->initController(Object(CodeIgniter\HTTP\IncomingRequest), Object(CodeIgniter\HTTP\Response), Object(CodeIgniter\Log\Logger))
14 SYSTEMPATH\CodeIgniter.php(488): CodeIgniter\CodeIgniter->createController()
15 SYSTEMPATH\CodeIgniter.php(340): CodeIgniter\CodeIgniter->handleRequest(null, Object(Config\Cache), false)
16 SYSTEMPATH\Boot.php(417): CodeIgniter\CodeIgniter->run()
17 SYSTEMPATH\Boot.php(68): CodeIgniter\Boot::runCodeIgniter(Object(CodeIgniter\CodeIgniter))
18 FCPATH\index.php(75): CodeIgniter\Boot::bootWeb(Object(Config\Paths))
INFO - 2026-04-13 10:30:29 --> CSRF token verified.
DEBUG - 2026-04-13 10:30:29 --> Session: Class initialized using 'CodeIgniter\Session\Handlers\FileHandler' driver.
INFO - 2026-04-13 10:30:30 --> CSRF token verified.
DEBUG - 2026-04-13 10:30:30 --> Session: Class initialized using 'CodeIgniter\Session\Handlers\FileHandler' driver.
DEBUG - 2026-04-13 10:30:30 --> Session: Class initialized using 'CodeIgniter\Session\Handlers\FileHandler' driver.
DEBUG - 2026-04-13 10:30:30 --> Session: Class initialized using 'CodeIgniter\Session\Handlers\FileHandler' driver.
DEBUG - 2026-04-13 10:30:31 --> Total exams not yet taken calculated for school_id 110: 0
ERROR - 2026-04-13 10:30:31 --> Table 'wayo_db.events' doesn't exist
in SYSTEMPATH\Database\MySQLi\Connection.php on line 300.
 1 SYSTEMPATH\Database\MySQLi\Connection.php(300): mysqli->query('SELECT *
FROM `events`
WHERE `school_id` = \'110\'
AND `date` >= \'2026-04-01\'
AND `date` <= \'2026-04-30\'', 0)
 2 SYSTEMPATH\Database\BaseConnection.php(910): CodeIgniter\Database\MySQLi\Connection->execute('SELECT *
FROM `events`
WHERE `school_id` = \'110\'
AND `date` >= \'2026-04-01\'
AND `date` <= \'2026-04-30\'')
 3 SYSTEMPATH\Database\BaseConnection.php(827): CodeIgniter\Database\BaseConnection->simpleQuery('SELECT *
FROM `events`
WHERE `school_id` = \'110\'
AND `date` >= \'2026-04-01\'
AND `date` <= \'2026-04-30\'')
 4 SYSTEMPATH\Database\BaseBuilder.php(1649): CodeIgniter\Database\BaseConnection->query('SELECT *
FROM `events`
WHERE `school_id` = :school_id:
AND `date` >= :date:
AND `date` <= :date.1:', [...], false)
 5 APPPATH\Models\Crud_model.php(349): CodeIgniter\Database\BaseBuilder->get()
 6 APPPATH\Views\backend\student\dashboard\index.php(983): App\Models\Crud_model->get_current_month_events()
 7 APPPATH\Views\backend\index.php(147): include('C:\\xampp\\htdocs\\School-Management-De_migration\\app\\Views\\backend\\student\\dashboard\\index.php')
 8 SYSTEMPATH\View\View.php(240): include('C:\\xampp\\htdocs\\School-Management-De_migration\\app\\Views\\backend\\index.php')
 9 SYSTEMPATH\View\View.php(243): CodeIgniter\View\View->CodeIgniter\View\{closure}()
10 APPPATH\View\View.php(357): CodeIgniter\View\View->render('backend/index', [], true)
11 SYSTEMPATH\Common.php(1250): App\View\View->render('backend/index', [], true)
12 APPPATH\Controllers\Student.php(340): view('backend/index', [...])
13 APPPATH\Config\Routes.php(341): App\Controllers\Student->dashboard()
14 SYSTEMPATH\CodeIgniter.php(872): CodeIgniter\Router\RouteCollection::{closure}()
15 SYSTEMPATH\CodeIgniter.php(480): CodeIgniter\CodeIgniter->startController()
16 SYSTEMPATH\CodeIgniter.php(340): CodeIgniter\CodeIgniter->handleRequest(null, Object(Config\Cache), false)
17 SYSTEMPATH\Boot.php(417): CodeIgniter\CodeIgniter->run()
18 SYSTEMPATH\Boot.php(68): CodeIgniter\Boot::runCodeIgniter(Object(CodeIgniter\CodeIgniter))
19 FCPATH\index.php(75): CodeIgniter\Boot::bootWeb(Object(Config\Paths))
DEBUG - 2026-04-13 10:30:36 --> Session: Class initialized using 'CodeIgniter\Session\Handlers\FileHandler' driver.
DEBUG - 2026-04-13 10:30:36 --> Session: Class initialized using 'CodeIgniter\Session\Handlers\FileHandler' driver.
DEBUG - 2026-04-13 10:30:46 --> Session: Class initialized using 'CodeIgniter\Session\Handlers\FileHandler' driver.
DEBUG - 2026-04-13 10:30:46 --> Session: Class initialized using 'CodeIgniter\Session\Handlers\FileHandler' driver.
DEBUG - 2026-04-13 10:30:51 --> Session: Class initialized using 'CodeIgniter\Session\Handlers\FileHandler' driver.
INFO - 2026-04-13 10:30:57 --> CSRF token verified.
INFO - 2026-04-13 10:30:57 --> CSRF token verified.
INFO - 2026-04-13 10:30:57 --> CSRF token verified.
DEBUG - 2026-04-13 10:30:57 --> Session: Class initialized using 'CodeIgniter\Session\Handlers\FileHandler' driver.
DEBUG - 2026-04-13 10:30:57 --> Session: Class initialized using 'CodeIgniter\Session\Handlers\FileHandler' driver.
CRITICAL - 2026-04-13 10:30:58 --> ErrorException: filesize(): stat failed for C:\xampp\htdocs\School-Management-De_migration\writable\session/ci_sessiona4370fe095e24b8cb31177ea0cc01b81
[Method: POST, Route: login/validate_login]
in SYSTEMPATH\Session\Handlers\FileHandler.php on line 157.
 1 [internal function]: CodeIgniter\Debug\Exceptions->errorHandler(2, 'filesize(): stat failed for C:\\xampp\\htdocs\\School-Management-De_migration\\writable\\session/ci_sessiona4370fe095e24b8cb31177ea0cc01b81', 'C:\\xampp\\htdocs\\School-Management-De_migration\\vendor\\codeigniter4\\framework\\system\\Session\\Handlers\\FileHandler.php', 157)
 2 SYSTEMPATH\Session\Handlers\FileHandler.php(157): filesize('C:\\xampp\\htdocs\\School-Management-De_migration\\writable\\session/ci_sessiona4370fe095e24b8cb31177ea0cc01b81')
 3 [internal function]: CodeIgniter\Session\Handlers\FileHandler->read('a4370fe095e24b8cb31177ea0cc01b81')
 4 SYSTEMPATH\Session\Session.php(625): session_start()
 5 SYSTEMPATH\Session\Session.php(120): CodeIgniter\Session\Session->startSession()
 6 SYSTEMPATH\Config\Services.php(715): CodeIgniter\Session\Session->start()
 7 SYSTEMPATH\Config\BaseService.php(325): CodeIgniter\Config\Services::session(Object(Config\Session), false)
 8 SYSTEMPATH\Config\BaseService.php(264): CodeIgniter\Config\BaseService::__callStatic('session', [...])
 9 SYSTEMPATH\Config\Services.php(668): CodeIgniter\Config\BaseService::getSharedInstance('session', null)
10 SYSTEMPATH\Config\BaseService.php(334): CodeIgniter\Config\Services::session()
11 APPPATH\Controllers\BaseController.php(88): CodeIgniter\Config\BaseService::__callStatic('session', [])
12 APPPATH\Controllers\Login.php(18): App\Controllers\BaseController->initController(Object(CodeIgniter\HTTP\IncomingRequest), Object(CodeIgniter\HTTP\Response), Object(CodeIgniter\Log\Logger))
13 SYSTEMPATH\CodeIgniter.php(922): App\Controllers\Login->initController(Object(CodeIgniter\HTTP\IncomingRequest), Object(CodeIgniter\HTTP\Response), Object(CodeIgniter\Log\Logger))
14 SYSTEMPATH\CodeIgniter.php(488): CodeIgniter\CodeIgniter->createController()
15 SYSTEMPATH\CodeIgniter.php(340): CodeIgniter\CodeIgniter->handleRequest(null, Object(Config\Cache), false)
16 SYSTEMPATH\Boot.php(417): CodeIgniter\CodeIgniter->run()
17 SYSTEMPATH\Boot.php(68): CodeIgniter\Boot::runCodeIgniter(Object(CodeIgniter\CodeIgniter))
18 FCPATH\index.php(75): CodeIgniter\Boot::bootWeb(Object(Config\Paths))
INFO - 2026-04-13 10:30:58 --> CSRF token verified.
DEBUG - 2026-04-13 10:30:58 --> Session: Class initialized using 'CodeIgniter\Session\Handlers\FileHandler' driver.
CRITICAL - 2026-04-13 10:30:58 --> CodeIgniter\Security\Exceptions\SecurityException: The action you requested is not allowed.
[Method: POST, Route: login/validate_login_frontend]
in SYSTEMPATH\Security\Security.php on line 258.
 1 SYSTEMPATH\Security\Security.php(258): CodeIgniter\Security\Exceptions\SecurityException::forDisallowedAction()
 2 SYSTEMPATH\Filters\CSRF.php(52): CodeIgniter\Security\Security->verify(Object(CodeIgniter\HTTP\IncomingRequest))
 3 SYSTEMPATH\Filters\Filters.php(241): CodeIgniter\Filters\CSRF->before(Object(CodeIgniter\HTTP\IncomingRequest), null)
 4 SYSTEMPATH\Filters\Filters.php(221): CodeIgniter\Filters\Filters->runBefore([...])
 5 SYSTEMPATH\CodeIgniter.php(465): CodeIgniter\Filters\Filters->run('login/validate_login_frontend', 'before')
 6 SYSTEMPATH\CodeIgniter.php(340): CodeIgniter\CodeIgniter->handleRequest(null, Object(Config\Cache), false)
 7 SYSTEMPATH\Boot.php(417): CodeIgniter\CodeIgniter->run()
 8 SYSTEMPATH\Boot.php(68): CodeIgniter\Boot::runCodeIgniter(Object(CodeIgniter\CodeIgniter))
 9 FCPATH\index.php(75): CodeIgniter\Boot::bootWeb(Object(Config\Paths))
DEBUG - 2026-04-13 10:37:42 --> Session: Class initialized using 'CodeIgniter\Session\Handlers\FileHandler' driver.
DEBUG - 2026-04-13 10:37:45 --> Session: Class initialized using 'CodeIgniter\Session\Handlers\FileHandler' driver.
DEBUG - 2026-04-13 10:37:45 --> Session: Class initialized using 'CodeIgniter\Session\Handlers\FileHandler' driver.
DEBUG - 2026-04-13 10:37:47 --> Session: Class initialized using 'CodeIgniter\Session\Handlers\FileHandler' driver.
DEBUG - 2026-04-13 10:37:47 --> Session: Class initialized using 'CodeIgniter\Session\Handlers\FileHandler' driver.
DEBUG - 2026-04-13 10:37:52 --> Session: Class initialized using 'CodeIgniter\Session\Handlers\FileHandler' driver.
INFO - 2026-04-13 10:37:57 --> CSRF token verified.
INFO - 2026-04-13 10:37:57 --> CSRF token verified.
INFO - 2026-04-13 10:37:57 --> CSRF token verified.
DEBUG - 2026-04-13 10:37:57 --> Session: Class initialized using 'CodeIgniter\Session\Handlers\FileHandler' driver.
DEBUG - 2026-04-13 10:37:57 --> Session: Class initialized using 'CodeIgniter\Session\Handlers\FileHandler' driver.
CRITICAL - 2026-04-13 10:37:58 --> ErrorException: filesize(): stat failed for C:\xampp\htdocs\School-Management-De_migration\writable\session/ci_session42b12b8cadff101748a24ab7e8c23ab7
[Method: POST, Route: login/validate_login]
in SYSTEMPATH\Session\Handlers\FileHandler.php on line 157.
 1 [internal function]: CodeIgniter\Debug\Exceptions->errorHandler(2, 'filesize(): stat failed for C:\\xampp\\htdocs\\School-Management-De_migration\\writable\\session/ci_session42b12b8cadff101748a24ab7e8c23ab7', 'C:\\xampp\\htdocs\\School-Management-De_migration\\vendor\\codeigniter4\\framework\\system\\Session\\Handlers\\FileHandler.php', 157)
 2 SYSTEMPATH\Session\Handlers\FileHandler.php(157): filesize('C:\\xampp\\htdocs\\School-Management-De_migration\\writable\\session/ci_session42b12b8cadff101748a24ab7e8c23ab7')
 3 [internal function]: CodeIgniter\Session\Handlers\FileHandler->read('42b12b8cadff101748a24ab7e8c23ab7')
 4 SYSTEMPATH\Session\Session.php(625): session_start()
 5 SYSTEMPATH\Session\Session.php(120): CodeIgniter\Session\Session->startSession()
 6 SYSTEMPATH\Config\Services.php(715): CodeIgniter\Session\Session->start()
 7 SYSTEMPATH\Config\BaseService.php(325): CodeIgniter\Config\Services::session(Object(Config\Session), false)
 8 SYSTEMPATH\Config\BaseService.php(264): CodeIgniter\Config\BaseService::__callStatic('session', [...])
 9 SYSTEMPATH\Config\Services.php(668): CodeIgniter\Config\BaseService::getSharedInstance('session', null)
10 SYSTEMPATH\Config\BaseService.php(334): CodeIgniter\Config\Services::session()
11 APPPATH\Controllers\BaseController.php(88): CodeIgniter\Config\BaseService::__callStatic('session', [])
12 APPPATH\Controllers\Login.php(18): App\Controllers\BaseController->initController(Object(CodeIgniter\HTTP\IncomingRequest), Object(CodeIgniter\HTTP\Response), Object(CodeIgniter\Log\Logger))
13 SYSTEMPATH\CodeIgniter.php(922): App\Controllers\Login->initController(Object(CodeIgniter\HTTP\IncomingRequest), Object(CodeIgniter\HTTP\Response), Object(CodeIgniter\Log\Logger))
14 SYSTEMPATH\CodeIgniter.php(488): CodeIgniter\CodeIgniter->createController()
15 SYSTEMPATH\CodeIgniter.php(340): CodeIgniter\CodeIgniter->handleRequest(null, Object(Config\Cache), false)
16 SYSTEMPATH\Boot.php(417): CodeIgniter\CodeIgniter->run()
17 SYSTEMPATH\Boot.php(68): CodeIgniter\Boot::runCodeIgniter(Object(CodeIgniter\CodeIgniter))
18 FCPATH\index.php(75): CodeIgniter\Boot::bootWeb(Object(Config\Paths))
INFO - 2026-04-13 10:37:58 --> CSRF token verified.
DEBUG - 2026-04-13 10:37:58 --> Session: Class initialized using 'CodeIgniter\Session\Handlers\FileHandler' driver.
CRITICAL - 2026-04-13 10:37:58 --> CodeIgniter\Security\Exceptions\SecurityException: The action you requested is not allowed.
[Method: POST, Route: login/validate_login_frontend]
in SYSTEMPATH\Security\Security.php on line 258.
 1 SYSTEMPATH\Security\Security.php(258): CodeIgniter\Security\Exceptions\SecurityException::forDisallowedAction()
 2 SYSTEMPATH\Filters\CSRF.php(52): CodeIgniter\Security\Security->verify(Object(CodeIgniter\HTTP\IncomingRequest))
 3 SYSTEMPATH\Filters\Filters.php(241): CodeIgniter\Filters\CSRF->before(Object(CodeIgniter\HTTP\IncomingRequest), null)
 4 SYSTEMPATH\Filters\Filters.php(221): CodeIgniter\Filters\Filters->runBefore([...])
 5 SYSTEMPATH\CodeIgniter.php(465): CodeIgniter\Filters\Filters->run('login/validate_login_frontend', 'before')
 6 SYSTEMPATH\CodeIgniter.php(340): CodeIgniter\CodeIgniter->handleRequest(null, Object(Config\Cache), false)
 7 SYSTEMPATH\Boot.php(417): CodeIgniter\CodeIgniter->run()
 8 SYSTEMPATH\Boot.php(68): CodeIgniter\Boot::runCodeIgniter(Object(CodeIgniter\CodeIgniter))
 9 FCPATH\index.php(75): CodeIgniter\Boot::bootWeb(Object(Config\Paths))
CRITICAL - 2026-04-13 10:41:28 --> CodeIgniter\Security\Exceptions\SecurityException: The action you requested is not allowed.
[Method: POST, Route: login/validate_login_frontend]
in SYSTEMPATH\Security\Security.php on line 258.
 1 SYSTEMPATH\Security\Security.php(258): CodeIgniter\Security\Exceptions\SecurityException::forDisallowedAction()
 2 SYSTEMPATH\Filters\CSRF.php(52): CodeIgniter\Security\Security->verify(Object(CodeIgniter\HTTP\IncomingRequest))
 3 SYSTEMPATH\Filters\Filters.php(241): CodeIgniter\Filters\CSRF->before(Object(CodeIgniter\HTTP\IncomingRequest), null)
 4 SYSTEMPATH\Filters\Filters.php(221): CodeIgniter\Filters\Filters->runBefore([...])
 5 SYSTEMPATH\CodeIgniter.php(465): CodeIgniter\Filters\Filters->run('login/validate_login_frontend', 'before')
 6 SYSTEMPATH\CodeIgniter.php(340): CodeIgniter\CodeIgniter->handleRequest(null, Object(Config\Cache), false)
 7 SYSTEMPATH\Boot.php(417): CodeIgniter\CodeIgniter->run()
 8 SYSTEMPATH\Boot.php(68): CodeIgniter\Boot::runCodeIgniter(Object(CodeIgniter\CodeIgniter))
 9 FCPATH\index.php(75): CodeIgniter\Boot::bootWeb(Object(Config\Paths))
DEBUG - 2026-04-13 10:41:30 --> Session: Class initialized using 'CodeIgniter\Session\Handlers\FileHandler' driver.
DEBUG - 2026-04-13 10:41:32 --> Session: Class initialized using 'CodeIgniter\Session\Handlers\FileHandler' driver.
DEBUG - 2026-04-13 10:41:32 --> Session: Class initialized using 'CodeIgniter\Session\Handlers\FileHandler' driver.
DEBUG - 2026-04-13 10:41:38 --> Session: Class initialized using 'CodeIgniter\Session\Handlers\FileHandler' driver.
DEBUG - 2026-04-13 10:41:38 --> Session: Class initialized using 'CodeIgniter\Session\Handlers\FileHandler' driver.
DEBUG - 2026-04-13 10:41:43 --> Session: Class initialized using 'CodeIgniter\Session\Handlers\FileHandler' driver.
INFO - 2026-04-13 10:41:48 --> CSRF token verified.
INFO - 2026-04-13 10:41:48 --> CSRF token verified.
INFO - 2026-04-13 10:41:48 --> CSRF token verified.
DEBUG - 2026-04-13 10:41:48 --> Session: Class initialized using 'CodeIgniter\Session\Handlers\FileHandler' driver.
DEBUG - 2026-04-13 10:41:48 --> Session: Class initialized using 'CodeIgniter\Session\Handlers\FileHandler' driver.
CRITICAL - 2026-04-13 10:41:49 --> ErrorException: filesize(): stat failed for C:\xampp\htdocs\School-Management-De_migration\writable\session/ci_session98947b23ce325b2bf219e64c25baef11
[Method: POST, Route: login/validate_login]
in SYSTEMPATH\Session\Handlers\FileHandler.php on line 157.
 1 [internal function]: CodeIgniter\Debug\Exceptions->errorHandler(2, 'filesize(): stat failed for C:\\xampp\\htdocs\\School-Management-De_migration\\writable\\session/ci_session98947b23ce325b2bf219e64c25baef11', 'C:\\xampp\\htdocs\\School-Management-De_migration\\vendor\\codeigniter4\\framework\\system\\Session\\Handlers\\FileHandler.php', 157)
 2 SYSTEMPATH\Session\Handlers\FileHandler.php(157): filesize('C:\\xampp\\htdocs\\School-Management-De_migration\\writable\\session/ci_session98947b23ce325b2bf219e64c25baef11')
 3 [internal function]: CodeIgniter\Session\Handlers\FileHandler->read('98947b23ce325b2bf219e64c25baef11')
 4 SYSTEMPATH\Session\Session.php(625): session_start()
 5 SYSTEMPATH\Session\Session.php(120): CodeIgniter\Session\Session->startSession()
 6 SYSTEMPATH\Config\Services.php(715): CodeIgniter\Session\Session->start()
 7 SYSTEMPATH\Config\BaseService.php(325): CodeIgniter\Config\Services::session(Object(Config\Session), false)
 8 SYSTEMPATH\Config\BaseService.php(264): CodeIgniter\Config\BaseService::__callStatic('session', [...])
 9 SYSTEMPATH\Config\Services.php(668): CodeIgniter\Config\BaseService::getSharedInstance('session', null)
10 SYSTEMPATH\Config\BaseService.php(334): CodeIgniter\Config\Services::session()
11 APPPATH\Controllers\BaseController.php(88): CodeIgniter\Config\BaseService::__callStatic('session', [])
12 APPPATH\Controllers\Login.php(18): App\Controllers\BaseController->initController(Object(CodeIgniter\HTTP\IncomingRequest), Object(CodeIgniter\HTTP\Response), Object(CodeIgniter\Log\Logger))
13 SYSTEMPATH\CodeIgniter.php(922): App\Controllers\Login->initController(Object(CodeIgniter\HTTP\IncomingRequest), Object(CodeIgniter\HTTP\Response), Object(CodeIgniter\Log\Logger))
14 SYSTEMPATH\CodeIgniter.php(488): CodeIgniter\CodeIgniter->createController()
15 SYSTEMPATH\CodeIgniter.php(340): CodeIgniter\CodeIgniter->handleRequest(null, Object(Config\Cache), false)
16 SYSTEMPATH\Boot.php(417): CodeIgniter\CodeIgniter->run()
17 SYSTEMPATH\Boot.php(68): CodeIgniter\Boot::runCodeIgniter(Object(CodeIgniter\CodeIgniter))
18 FCPATH\index.php(75): CodeIgniter\Boot::bootWeb(Object(Config\Paths))
INFO - 2026-04-13 10:41:49 --> CSRF token verified.
DEBUG - 2026-04-13 10:41:49 --> Session: Class initialized using 'CodeIgniter\Session\Handlers\FileHandler' driver.
CRITICAL - 2026-04-13 10:41:49 --> CodeIgniter\Security\Exceptions\SecurityException: The action you requested is not allowed.
[Method: POST, Route: login/validate_login_frontend]
in SYSTEMPATH\Security\Security.php on line 258.
 1 SYSTEMPATH\Security\Security.php(258): CodeIgniter\Security\Exceptions\SecurityException::forDisallowedAction()
 2 SYSTEMPATH\Filters\CSRF.php(52): CodeIgniter\Security\Security->verify(Object(CodeIgniter\HTTP\IncomingRequest))
 3 SYSTEMPATH\Filters\Filters.php(241): CodeIgniter\Filters\CSRF->before(Object(CodeIgniter\HTTP\IncomingRequest), null)
 4 SYSTEMPATH\Filters\Filters.php(221): CodeIgniter\Filters\Filters->runBefore([...])
 5 SYSTEMPATH\CodeIgniter.php(465): CodeIgniter\Filters\Filters->run('login/validate_login_frontend', 'before')
 6 SYSTEMPATH\CodeIgniter.php(340): CodeIgniter\CodeIgniter->handleRequest(null, Object(Config\Cache), false)
 7 SYSTEMPATH\Boot.php(417): CodeIgniter\CodeIgniter->run()
 8 SYSTEMPATH\Boot.php(68): CodeIgniter\Boot::runCodeIgniter(Object(CodeIgniter\CodeIgniter))
 9 FCPATH\index.php(75): CodeIgniter\Boot::bootWeb(Object(Config\Paths))
DEBUG - 2026-04-13 10:43:06 --> Session: Class initialized using 'CodeIgniter\Session\Handlers\FileHandler' driver.
DEBUG - 2026-04-13 10:43:08 --> Session: Class initialized using 'CodeIgniter\Session\Handlers\FileHandler' driver.
DEBUG - 2026-04-13 10:43:08 --> Session: Class initialized using 'CodeIgniter\Session\Handlers\FileHandler' driver.
DEBUG - 2026-04-13 10:43:10 --> Session: Class initialized using 'CodeIgniter\Session\Handlers\FileHandler' driver.
DEBUG - 2026-04-13 10:43:10 --> Session: Class initialized using 'CodeIgniter\Session\Handlers\FileHandler' driver.
DEBUG - 2026-04-13 10:43:15 --> Session: Class initialized using 'CodeIgniter\Session\Handlers\FileHandler' driver.
INFO - 2026-04-13 10:43:19 --> CSRF token verified.
INFO - 2026-04-13 10:43:19 --> CSRF token verified.
INFO - 2026-04-13 10:43:19 --> CSRF token verified.
DEBUG - 2026-04-13 10:43:19 --> Session: Class initialized using 'CodeIgniter\Session\Handlers\FileHandler' driver.
DEBUG - 2026-04-13 10:43:19 --> Session: Class initialized using 'CodeIgniter\Session\Handlers\FileHandler' driver.
CRITICAL - 2026-04-13 10:43:20 --> ErrorException: filesize(): stat failed for C:\xampp\htdocs\School-Management-De_migration\writable\session/ci_session6fa9dae1e4826c72b6f8c3bf09d3d576
[Method: POST, Route: login/validate_login]
in SYSTEMPATH\Session\Handlers\FileHandler.php on line 157.
 1 [internal function]: CodeIgniter\Debug\Exceptions->errorHandler(2, 'filesize(): stat failed for C:\\xampp\\htdocs\\School-Management-De_migration\\writable\\session/ci_session6fa9dae1e4826c72b6f8c3bf09d3d576', 'C:\\xampp\\htdocs\\School-Management-De_migration\\vendor\\codeigniter4\\framework\\system\\Session\\Handlers\\FileHandler.php', 157)
 2 SYSTEMPATH\Session\Handlers\FileHandler.php(157): filesize('C:\\xampp\\htdocs\\School-Management-De_migration\\writable\\session/ci_session6fa9dae1e4826c72b6f8c3bf09d3d576')
 3 [internal function]: CodeIgniter\Session\Handlers\FileHandler->read('6fa9dae1e4826c72b6f8c3bf09d3d576')
 4 SYSTEMPATH\Session\Session.php(625): session_start()
 5 SYSTEMPATH\Session\Session.php(120): CodeIgniter\Session\Session->startSession()
 6 SYSTEMPATH\Config\Services.php(715): CodeIgniter\Session\Session->start()
 7 SYSTEMPATH\Config\BaseService.php(325): CodeIgniter\Config\Services::session(Object(Config\Session), false)
 8 SYSTEMPATH\Config\BaseService.php(264): CodeIgniter\Config\BaseService::__callStatic('session', [...])
 9 SYSTEMPATH\Config\Services.php(668): CodeIgniter\Config\BaseService::getSharedInstance('session', null)
10 SYSTEMPATH\Config\BaseService.php(334): CodeIgniter\Config\Services::session()
11 APPPATH\Controllers\BaseController.php(88): CodeIgniter\Config\BaseService::__callStatic('session', [])
12 APPPATH\Controllers\Login.php(18): App\Controllers\BaseController->initController(Object(CodeIgniter\HTTP\IncomingRequest), Object(CodeIgniter\HTTP\Response), Object(CodeIgniter\Log\Logger))
13 SYSTEMPATH\CodeIgniter.php(922): App\Controllers\Login->initController(Object(CodeIgniter\HTTP\IncomingRequest), Object(CodeIgniter\HTTP\Response), Object(CodeIgniter\Log\Logger))
14 SYSTEMPATH\CodeIgniter.php(488): CodeIgniter\CodeIgniter->createController()
15 SYSTEMPATH\CodeIgniter.php(340): CodeIgniter\CodeIgniter->handleRequest(null, Object(Config\Cache), false)
16 SYSTEMPATH\Boot.php(417): CodeIgniter\CodeIgniter->run()
17 SYSTEMPATH\Boot.php(68): CodeIgniter\Boot::runCodeIgniter(Object(CodeIgniter\CodeIgniter))
18 FCPATH\index.php(75): CodeIgniter\Boot::bootWeb(Object(Config\Paths))
CRITICAL - 2026-04-13 10:43:20 --> CodeIgniter\Filters\Exceptions\FilterException: "" filter must have a matching alias defined.
[Method: POST, Route: login/validate_login_frontend]
in SYSTEMPATH\Filters\Filters.php on line 590.
 1 SYSTEMPATH\Filters\Filters.php(590): CodeIgniter\Filters\Exceptions\FilterException::forNoAlias('')
 2 SYSTEMPATH\Filters\Filters.php(641): CodeIgniter\Filters\Filters->enableFilter('', 'before')
 3 SYSTEMPATH\CodeIgniter.php(453): CodeIgniter\Filters\Filters->enableFilters([...], 'before')
 4 SYSTEMPATH\CodeIgniter.php(340): CodeIgniter\CodeIgniter->handleRequest(null, Object(Config\Cache), false)
 5 SYSTEMPATH\Boot.php(417): CodeIgniter\CodeIgniter->run()
 6 SYSTEMPATH\Boot.php(68): CodeIgniter\Boot::runCodeIgniter(Object(CodeIgniter\CodeIgniter))
 7 FCPATH\index.php(75): CodeIgniter\Boot::bootWeb(Object(Config\Paths))
CRITICAL - 2026-04-13 10:43:20 --> CodeIgniter\Filters\Exceptions\FilterException: "" filter must have a matching alias defined.
[Method: POST, Route: login/validate_login_frontend]
in SYSTEMPATH\Filters\Filters.php on line 590.
 1 SYSTEMPATH\Filters\Filters.php(590): CodeIgniter\Filters\Exceptions\FilterException::forNoAlias('')
 2 SYSTEMPATH\Filters\Filters.php(641): CodeIgniter\Filters\Filters->enableFilter('', 'before')
 3 SYSTEMPATH\CodeIgniter.php(453): CodeIgniter\Filters\Filters->enableFilters([...], 'before')
 4 SYSTEMPATH\CodeIgniter.php(340): CodeIgniter\CodeIgniter->handleRequest(null, Object(Config\Cache), false)
 5 SYSTEMPATH\Boot.php(417): CodeIgniter\CodeIgniter->run()
 6 SYSTEMPATH\Boot.php(68): CodeIgniter\Boot::runCodeIgniter(Object(CodeIgniter\CodeIgniter))
 7 FCPATH\index.php(75): CodeIgniter\Boot::bootWeb(Object(Config\Paths))
CRITICAL - 2026-04-13 10:46:32 --> CodeIgniter\Security\Exceptions\SecurityException: The action you requested is not allowed.
[Method: POST, Route: login/validate_login_frontend]
in SYSTEMPATH\Security\Security.php on line 258.
 1 SYSTEMPATH\Security\Security.php(258): CodeIgniter\Security\Exceptions\SecurityException::forDisallowedAction()
 2 SYSTEMPATH\Filters\CSRF.php(52): CodeIgniter\Security\Security->verify(Object(CodeIgniter\HTTP\IncomingRequest))
 3 SYSTEMPATH\Filters\Filters.php(241): CodeIgniter\Filters\CSRF->before(Object(CodeIgniter\HTTP\IncomingRequest), null)
 4 SYSTEMPATH\Filters\Filters.php(221): CodeIgniter\Filters\Filters->runBefore([...])
 5 SYSTEMPATH\CodeIgniter.php(465): CodeIgniter\Filters\Filters->run('login/validate_login_frontend', 'before')
 6 SYSTEMPATH\CodeIgniter.php(340): CodeIgniter\CodeIgniter->handleRequest(null, Object(Config\Cache), false)
 7 SYSTEMPATH\Boot.php(417): CodeIgniter\CodeIgniter->run()
 8 SYSTEMPATH\Boot.php(68): CodeIgniter\Boot::runCodeIgniter(Object(CodeIgniter\CodeIgniter))
 9 FCPATH\index.php(75): CodeIgniter\Boot::bootWeb(Object(Config\Paths))
DEBUG - 2026-04-13 10:46:35 --> Session: Class initialized using 'CodeIgniter\Session\Handlers\FileHandler' driver.
DEBUG - 2026-04-13 10:46:37 --> Session: Class initialized using 'CodeIgniter\Session\Handlers\FileHandler' driver.
DEBUG - 2026-04-13 10:46:37 --> Session: Class initialized using 'CodeIgniter\Session\Handlers\FileHandler' driver.
DEBUG - 2026-04-13 10:46:38 --> Session: Class initialized using 'CodeIgniter\Session\Handlers\FileHandler' driver.
DEBUG - 2026-04-13 10:46:38 --> Session: Class initialized using 'CodeIgniter\Session\Handlers\FileHandler' driver.
DEBUG - 2026-04-13 10:46:43 --> Session: Class initialized using 'CodeIgniter\Session\Handlers\FileHandler' driver.
INFO - 2026-04-13 10:46:48 --> CSRF token verified.
INFO - 2026-04-13 10:46:48 --> CSRF token verified.
DEBUG - 2026-04-13 10:46:48 --> Session: Class initialized using 'CodeIgniter\Session\Handlers\FileHandler' driver.
INFO - 2026-04-13 10:46:48 --> CSRF token verified.
DEBUG - 2026-04-13 10:46:48 --> Session: Class initialized using 'CodeIgniter\Session\Handlers\FileHandler' driver.
CRITICAL - 2026-04-13 10:46:48 --> ErrorException: filesize(): stat failed for C:\xampp\htdocs\School-Management-De_migration\writable\session/ci_session1526df08e1ac0048e1647f0ce1e32d7b
[Method: POST, Route: login/validate_login]
in SYSTEMPATH\Session\Handlers\FileHandler.php on line 157.
 1 [internal function]: CodeIgniter\Debug\Exceptions->errorHandler(2, 'filesize(): stat failed for C:\\xampp\\htdocs\\School-Management-De_migration\\writable\\session/ci_session1526df08e1ac0048e1647f0ce1e32d7b', 'C:\\xampp\\htdocs\\School-Management-De_migration\\vendor\\codeigniter4\\framework\\system\\Session\\Handlers\\FileHandler.php', 157)
 2 SYSTEMPATH\Session\Handlers\FileHandler.php(157): filesize('C:\\xampp\\htdocs\\School-Management-De_migration\\writable\\session/ci_session1526df08e1ac0048e1647f0ce1e32d7b')
 3 [internal function]: CodeIgniter\Session\Handlers\FileHandler->read('1526df08e1ac0048e1647f0ce1e32d7b')
 4 SYSTEMPATH\Session\Session.php(625): session_start()
 5 SYSTEMPATH\Session\Session.php(120): CodeIgniter\Session\Session->startSession()
 6 SYSTEMPATH\Config\Services.php(715): CodeIgniter\Session\Session->start()
 7 SYSTEMPATH\Config\BaseService.php(325): CodeIgniter\Config\Services::session(Object(Config\Session), false)
 8 SYSTEMPATH\Config\BaseService.php(264): CodeIgniter\Config\BaseService::__callStatic('session', [...])
 9 SYSTEMPATH\Config\Services.php(668): CodeIgniter\Config\BaseService::getSharedInstance('session', null)
10 SYSTEMPATH\Config\BaseService.php(334): CodeIgniter\Config\Services::session()
11 APPPATH\Controllers\BaseController.php(88): CodeIgniter\Config\BaseService::__callStatic('session', [])
12 APPPATH\Controllers\Login.php(18): App\Controllers\BaseController->initController(Object(CodeIgniter\HTTP\IncomingRequest), Object(CodeIgniter\HTTP\Response), Object(CodeIgniter\Log\Logger))
13 SYSTEMPATH\CodeIgniter.php(922): App\Controllers\Login->initController(Object(CodeIgniter\HTTP\IncomingRequest), Object(CodeIgniter\HTTP\Response), Object(CodeIgniter\Log\Logger))
14 SYSTEMPATH\CodeIgniter.php(488): CodeIgniter\CodeIgniter->createController()
15 SYSTEMPATH\CodeIgniter.php(340): CodeIgniter\CodeIgniter->handleRequest(null, Object(Config\Cache), false)
16 SYSTEMPATH\Boot.php(417): CodeIgniter\CodeIgniter->run()
17 SYSTEMPATH\Boot.php(68): CodeIgniter\Boot::runCodeIgniter(Object(CodeIgniter\CodeIgniter))
18 FCPATH\index.php(75): CodeIgniter\Boot::bootWeb(Object(Config\Paths))
INFO - 2026-04-13 10:46:48 --> CSRF token verified.
DEBUG - 2026-04-13 10:46:48 --> Session: Class initialized using 'CodeIgniter\Session\Handlers\FileHandler' driver.
CRITICAL - 2026-04-13 10:46:49 --> CodeIgniter\Security\Exceptions\SecurityException: The action you requested is not allowed.
[Method: POST, Route: login/validate_login_frontend]
in SYSTEMPATH\Security\Security.php on line 258.
 1 SYSTEMPATH\Security\Security.php(258): CodeIgniter\Security\Exceptions\SecurityException::forDisallowedAction()
 2 SYSTEMPATH\Filters\CSRF.php(52): CodeIgniter\Security\Security->verify(Object(CodeIgniter\HTTP\IncomingRequest))
 3 SYSTEMPATH\Filters\Filters.php(241): CodeIgniter\Filters\CSRF->before(Object(CodeIgniter\HTTP\IncomingRequest), null)
 4 SYSTEMPATH\Filters\Filters.php(221): CodeIgniter\Filters\Filters->runBefore([...])
 5 SYSTEMPATH\CodeIgniter.php(465): CodeIgniter\Filters\Filters->run('login/validate_login_frontend', 'before')
 6 SYSTEMPATH\CodeIgniter.php(340): CodeIgniter\CodeIgniter->handleRequest(null, Object(Config\Cache), false)
 7 SYSTEMPATH\Boot.php(417): CodeIgniter\CodeIgniter->run()
 8 SYSTEMPATH\Boot.php(68): CodeIgniter\Boot::runCodeIgniter(Object(CodeIgniter\CodeIgniter))
 9 FCPATH\index.php(75): CodeIgniter\Boot::bootWeb(Object(Config\Paths))
DEBUG - 2026-04-13 10:50:30 --> Session: Class initialized using 'CodeIgniter\Session\Handlers\FileHandler' driver.
DEBUG - 2026-04-13 10:50:32 --> Session: Class initialized using 'CodeIgniter\Session\Handlers\FileHandler' driver.
DEBUG - 2026-04-13 10:50:32 --> Session: Class initialized using 'CodeIgniter\Session\Handlers\FileHandler' driver.
DEBUG - 2026-04-13 10:50:34 --> Session: Class initialized using 'CodeIgniter\Session\Handlers\FileHandler' driver.
DEBUG - 2026-04-13 10:50:34 --> Session: Class initialized using 'CodeIgniter\Session\Handlers\FileHandler' driver.
DEBUG - 2026-04-13 10:50:39 --> Session: Class initialized using 'CodeIgniter\Session\Handlers\FileHandler' driver.
INFO - 2026-04-13 10:50:43 --> CSRF token verified.
INFO - 2026-04-13 10:50:43 --> CSRF token verified.
INFO - 2026-04-13 10:50:43 --> CSRF token verified.
DEBUG - 2026-04-13 10:50:43 --> Session: Class initialized using 'CodeIgniter\Session\Handlers\FileHandler' driver.
DEBUG - 2026-04-13 10:50:43 --> Session: Class initialized using 'CodeIgniter\Session\Handlers\FileHandler' driver.
CRITICAL - 2026-04-13 10:50:44 --> ErrorException: filesize(): stat failed for C:\xampp\htdocs\School-Management-De_migration\writable\session/ci_sessionf3db7c2599733bfc3028cd68507b0bab
[Method: POST, Route: login/validate_login]
in SYSTEMPATH\Session\Handlers\FileHandler.php on line 157.
 1 [internal function]: CodeIgniter\Debug\Exceptions->errorHandler(2, 'filesize(): stat failed for C:\\xampp\\htdocs\\School-Management-De_migration\\writable\\session/ci_sessionf3db7c2599733bfc3028cd68507b0bab', 'C:\\xampp\\htdocs\\School-Management-De_migration\\vendor\\codeigniter4\\framework\\system\\Session\\Handlers\\FileHandler.php', 157)
 2 SYSTEMPATH\Session\Handlers\FileHandler.php(157): filesize('C:\\xampp\\htdocs\\School-Management-De_migration\\writable\\session/ci_sessionf3db7c2599733bfc3028cd68507b0bab')
 3 [internal function]: CodeIgniter\Session\Handlers\FileHandler->read('f3db7c2599733bfc3028cd68507b0bab')
 4 SYSTEMPATH\Session\Session.php(625): session_start()
 5 SYSTEMPATH\Session\Session.php(120): CodeIgniter\Session\Session->startSession()
 6 SYSTEMPATH\Config\Services.php(715): CodeIgniter\Session\Session->start()
 7 SYSTEMPATH\Config\BaseService.php(325): CodeIgniter\Config\Services::session(Object(Config\Session), false)
 8 SYSTEMPATH\Config\BaseService.php(264): CodeIgniter\Config\BaseService::__callStatic('session', [...])
 9 SYSTEMPATH\Config\Services.php(668): CodeIgniter\Config\BaseService::getSharedInstance('session', null)
10 SYSTEMPATH\Config\BaseService.php(334): CodeIgniter\Config\Services::session()
11 APPPATH\Controllers\BaseController.php(88): CodeIgniter\Config\BaseService::__callStatic('session', [])
12 APPPATH\Controllers\Login.php(18): App\Controllers\BaseController->initController(Object(CodeIgniter\HTTP\IncomingRequest), Object(CodeIgniter\HTTP\Response), Object(CodeIgniter\Log\Logger))
13 SYSTEMPATH\CodeIgniter.php(922): App\Controllers\Login->initController(Object(CodeIgniter\HTTP\IncomingRequest), Object(CodeIgniter\HTTP\Response), Object(CodeIgniter\Log\Logger))
14 SYSTEMPATH\CodeIgniter.php(488): CodeIgniter\CodeIgniter->createController()
15 SYSTEMPATH\CodeIgniter.php(340): CodeIgniter\CodeIgniter->handleRequest(null, Object(Config\Cache), false)
16 SYSTEMPATH\Boot.php(417): CodeIgniter\CodeIgniter->run()
17 SYSTEMPATH\Boot.php(68): CodeIgniter\Boot::runCodeIgniter(Object(CodeIgniter\CodeIgniter))
18 FCPATH\index.php(75): CodeIgniter\Boot::bootWeb(Object(Config\Paths))
INFO - 2026-04-13 10:50:44 --> CSRF token verified.
DEBUG - 2026-04-13 10:50:44 --> Session: Class initialized using 'CodeIgniter\Session\Handlers\FileHandler' driver.
CRITICAL - 2026-04-13 10:50:44 --> CodeIgniter\Security\Exceptions\SecurityException: The action you requested is not allowed.
[Method: POST, Route: login/validate_login_frontend]
in SYSTEMPATH\Security\Security.php on line 258.
 1 SYSTEMPATH\Security\Security.php(258): CodeIgniter\Security\Exceptions\SecurityException::forDisallowedAction()
 2 SYSTEMPATH\Filters\CSRF.php(52): CodeIgniter\Security\Security->verify(Object(CodeIgniter\HTTP\IncomingRequest))
 3 SYSTEMPATH\Filters\Filters.php(241): CodeIgniter\Filters\CSRF->before(Object(CodeIgniter\HTTP\IncomingRequest), null)
 4 SYSTEMPATH\Filters\Filters.php(221): CodeIgniter\Filters\Filters->runBefore([...])
 5 SYSTEMPATH\CodeIgniter.php(465): CodeIgniter\Filters\Filters->run('login/validate_login_frontend', 'before')
 6 SYSTEMPATH\CodeIgniter.php(340): CodeIgniter\CodeIgniter->handleRequest(null, Object(Config\Cache), false)
 7 SYSTEMPATH\Boot.php(417): CodeIgniter\CodeIgniter->run()
 8 SYSTEMPATH\Boot.php(68): CodeIgniter\Boot::runCodeIgniter(Object(CodeIgniter\CodeIgniter))
 9 FCPATH\index.php(75): CodeIgniter\Boot::bootWeb(Object(Config\Paths))
CRITICAL - 2026-04-13 10:51:19 --> CodeIgniter\Security\Exceptions\SecurityException: The action you requested is not allowed.
[Method: POST, Route: login/validate_login_frontend]
in SYSTEMPATH\Security\Security.php on line 258.
 1 SYSTEMPATH\Security\Security.php(258): CodeIgniter\Security\Exceptions\SecurityException::forDisallowedAction()
 2 SYSTEMPATH\Filters\CSRF.php(52): CodeIgniter\Security\Security->verify(Object(CodeIgniter\HTTP\IncomingRequest))
 3 SYSTEMPATH\Filters\Filters.php(241): CodeIgniter\Filters\CSRF->before(Object(CodeIgniter\HTTP\IncomingRequest), null)
 4 SYSTEMPATH\Filters\Filters.php(221): CodeIgniter\Filters\Filters->runBefore([...])
 5 SYSTEMPATH\CodeIgniter.php(465): CodeIgniter\Filters\Filters->run('login/validate_login_frontend', 'before')
 6 SYSTEMPATH\CodeIgniter.php(340): CodeIgniter\CodeIgniter->handleRequest(null, Object(Config\Cache), false)
 7 SYSTEMPATH\Boot.php(417): CodeIgniter\CodeIgniter->run()
 8 SYSTEMPATH\Boot.php(68): CodeIgniter\Boot::runCodeIgniter(Object(CodeIgniter\CodeIgniter))
 9 FCPATH\index.php(75): CodeIgniter\Boot::bootWeb(Object(Config\Paths))
DEBUG - 2026-04-13 11:00:38 --> Session: Class initialized using 'CodeIgniter\Session\Handlers\FileHandler' driver.
DEBUG - 2026-04-13 11:00:41 --> Session: Class initialized using 'CodeIgniter\Session\Handlers\FileHandler' driver.
DEBUG - 2026-04-13 11:00:41 --> Session: Class initialized using 'CodeIgniter\Session\Handlers\FileHandler' driver.
DEBUG - 2026-04-13 11:00:43 --> Session: Class initialized using 'CodeIgniter\Session\Handlers\FileHandler' driver.
DEBUG - 2026-04-13 11:00:43 --> Session: Class initialized using 'CodeIgniter\Session\Handlers\FileHandler' driver.
DEBUG - 2026-04-13 11:00:48 --> Session: Class initialized using 'CodeIgniter\Session\Handlers\FileHandler' driver.
DEBUG - 2026-04-13 11:00:52 --> Session: Class initialized using 'CodeIgniter\Session\Handlers\FileHandler' driver.
DEBUG - 2026-04-13 11:00:53 --> Session: Class initialized using 'CodeIgniter\Session\Handlers\FileHandler' driver.
CRITICAL - 2026-04-13 11:00:53 --> ErrorException: filesize(): stat failed for C:\xampp\htdocs\School-Management-De_migration\writable\session/ci_session27ec8b19db73f12a5a5b41cff0f6a6f3
[Method: POST, Route: login/validate_login]
in SYSTEMPATH\Session\Handlers\FileHandler.php on line 157.
 1 [internal function]: CodeIgniter\Debug\Exceptions->errorHandler(2, 'filesize(): stat failed for C:\\xampp\\htdocs\\School-Management-De_migration\\writable\\session/ci_session27ec8b19db73f12a5a5b41cff0f6a6f3', 'C:\\xampp\\htdocs\\School-Management-De_migration\\vendor\\codeigniter4\\framework\\system\\Session\\Handlers\\FileHandler.php', 157)
 2 SYSTEMPATH\Session\Handlers\FileHandler.php(157): filesize('C:\\xampp\\htdocs\\School-Management-De_migration\\writable\\session/ci_session27ec8b19db73f12a5a5b41cff0f6a6f3')
 3 [internal function]: CodeIgniter\Session\Handlers\FileHandler->read('27ec8b19db73f12a5a5b41cff0f6a6f3')
 4 SYSTEMPATH\Session\Session.php(625): session_start()
 5 SYSTEMPATH\Session\Session.php(120): CodeIgniter\Session\Session->startSession()
 6 SYSTEMPATH\Config\Services.php(715): CodeIgniter\Session\Session->start()
 7 SYSTEMPATH\Config\BaseService.php(325): CodeIgniter\Config\Services::session(Object(Config\Session), false)
 8 SYSTEMPATH\Config\BaseService.php(264): CodeIgniter\Config\BaseService::__callStatic('session', [...])
 9 SYSTEMPATH\Config\Services.php(668): CodeIgniter\Config\BaseService::getSharedInstance('session', null)
10 SYSTEMPATH\Config\BaseService.php(334): CodeIgniter\Config\Services::session()
11 APPPATH\Controllers\BaseController.php(88): CodeIgniter\Config\BaseService::__callStatic('session', [])
12 APPPATH\Controllers\Login.php(18): App\Controllers\BaseController->initController(Object(CodeIgniter\HTTP\IncomingRequest), Object(CodeIgniter\HTTP\Response), Object(CodeIgniter\Log\Logger))
13 SYSTEMPATH\CodeIgniter.php(922): App\Controllers\Login->initController(Object(CodeIgniter\HTTP\IncomingRequest), Object(CodeIgniter\HTTP\Response), Object(CodeIgniter\Log\Logger))
14 SYSTEMPATH\CodeIgniter.php(488): CodeIgniter\CodeIgniter->createController()
15 SYSTEMPATH\CodeIgniter.php(340): CodeIgniter\CodeIgniter->handleRequest(null, Object(Config\Cache), false)
16 SYSTEMPATH\Boot.php(417): CodeIgniter\CodeIgniter->run()
17 SYSTEMPATH\Boot.php(68): CodeIgniter\Boot::runCodeIgniter(Object(CodeIgniter\CodeIgniter))
18 FCPATH\index.php(75): CodeIgniter\Boot::bootWeb(Object(Config\Paths))
DEBUG - 2026-04-13 11:00:53 --> Session: Class initialized using 'CodeIgniter\Session\Handlers\FileHandler' driver.
DEBUG - 2026-04-13 11:00:53 --> Session: Class initialized using 'CodeIgniter\Session\Handlers\FileHandler' driver.
DEBUG - 2026-04-13 11:00:54 --> Session: Class initialized using 'CodeIgniter\Session\Handlers\FileHandler' driver.
DEBUG - 2026-04-13 11:00:54 --> Total exams not yet taken calculated for school_id 110: 0
ERROR - 2026-04-13 11:00:54 --> Table 'wayo_db.events' doesn't exist
in SYSTEMPATH\Database\MySQLi\Connection.php on line 300.
 1 SYSTEMPATH\Database\MySQLi\Connection.php(300): mysqli->query('SELECT *
FROM `events`
WHERE `school_id` = \'110\'
AND `date` >= \'2026-04-01\'
AND `date` <= \'2026-04-30\'', 0)
 2 SYSTEMPATH\Database\BaseConnection.php(910): CodeIgniter\Database\MySQLi\Connection->execute('SELECT *
FROM `events`
WHERE `school_id` = \'110\'
AND `date` >= \'2026-04-01\'
AND `date` <= \'2026-04-30\'')
 3 SYSTEMPATH\Database\BaseConnection.php(827): CodeIgniter\Database\BaseConnection->simpleQuery('SELECT *
FROM `events`
WHERE `school_id` = \'110\'
AND `date` >= \'2026-04-01\'
AND `date` <= \'2026-04-30\'')
 4 SYSTEMPATH\Database\BaseBuilder.php(1649): CodeIgniter\Database\BaseConnection->query('SELECT *
FROM `events`
WHERE `school_id` = :school_id:
AND `date` >= :date:
AND `date` <= :date.1:', [...], false)
 5 APPPATH\Models\Crud_model.php(349): CodeIgniter\Database\BaseBuilder->get()
 6 APPPATH\Views\backend\student\dashboard\index.php(983): App\Models\Crud_model->get_current_month_events()
 7 APPPATH\Views\backend\index.php(147): include('C:\\xampp\\htdocs\\School-Management-De_migration\\app\\Views\\backend\\student\\dashboard\\index.php')
 8 SYSTEMPATH\View\View.php(240): include('C:\\xampp\\htdocs\\School-Management-De_migration\\app\\Views\\backend\\index.php')
 9 SYSTEMPATH\View\View.php(243): CodeIgniter\View\View->CodeIgniter\View\{closure}()
10 APPPATH\View\View.php(357): CodeIgniter\View\View->render('backend/index', [], true)
11 SYSTEMPATH\Common.php(1250): App\View\View->render('backend/index', [], true)
12 APPPATH\Controllers\Student.php(340): view('backend/index', [...])
13 APPPATH\Config\Routes.php(341): App\Controllers\Student->dashboard()
14 SYSTEMPATH\CodeIgniter.php(872): CodeIgniter\Router\RouteCollection::{closure}()
15 SYSTEMPATH\CodeIgniter.php(480): CodeIgniter\CodeIgniter->startController()
16 SYSTEMPATH\CodeIgniter.php(340): CodeIgniter\CodeIgniter->handleRequest(null, Object(Config\Cache), false)
17 SYSTEMPATH\Boot.php(417): CodeIgniter\CodeIgniter->run()
18 SYSTEMPATH\Boot.php(68): CodeIgniter\Boot::runCodeIgniter(Object(CodeIgniter\CodeIgniter))
19 FCPATH\index.php(75): CodeIgniter\Boot::bootWeb(Object(Config\Paths))
DEBUG - 2026-04-13 11:01:03 --> Session: Class initialized using 'CodeIgniter\Session\Handlers\FileHandler' driver.
DEBUG - 2026-04-13 11:01:03 --> Session: Class initialized using 'CodeIgniter\Session\Handlers\FileHandler' driver.
DEBUG - 2026-04-13 11:01:06 --> Session: Class initialized using 'CodeIgniter\Session\Handlers\FileHandler' driver.
DEBUG - 2026-04-13 11:01:08 --> Session: Class initialized using 'CodeIgniter\Session\Handlers\FileHandler' driver.
DEBUG - 2026-04-13 11:01:08 --> Total exams not yet taken calculated for school_id 110: 0
ERROR - 2026-04-13 11:01:09 --> Table 'wayo_db.events' doesn't exist
in SYSTEMPATH\Database\MySQLi\Connection.php on line 300.
 1 SYSTEMPATH\Database\MySQLi\Connection.php(300): mysqli->query('SELECT *
FROM `events`
WHERE `school_id` = \'110\'
AND `date` >= \'2026-04-01\'
AND `date` <= \'2026-04-30\'', 0)
 2 SYSTEMPATH\Database\BaseConnection.php(910): CodeIgniter\Database\MySQLi\Connection->execute('SELECT *
FROM `events`
WHERE `school_id` = \'110\'
AND `date` >= \'2026-04-01\'
AND `date` <= \'2026-04-30\'')
 3 SYSTEMPATH\Database\BaseConnection.php(827): CodeIgniter\Database\BaseConnection->simpleQuery('SELECT *
FROM `events`
WHERE `school_id` = \'110\'
AND `date` >= \'2026-04-01\'
AND `date` <= \'2026-04-30\'')
 4 SYSTEMPATH\Database\BaseBuilder.php(1649): CodeIgniter\Database\BaseConnection->query('SELECT *
FROM `events`
WHERE `school_id` = :school_id:
AND `date` >= :date:
AND `date` <= :date.1:', [...], false)
 5 APPPATH\Models\Crud_model.php(349): CodeIgniter\Database\BaseBuilder->get()
 6 APPPATH\Views\backend\student\dashboard\index.php(983): App\Models\Crud_model->get_current_month_events()
 7 APPPATH\Views\backend\index.php(147): include('C:\\xampp\\htdocs\\School-Management-De_migration\\app\\Views\\backend\\student\\dashboard\\index.php')
 8 SYSTEMPATH\View\View.php(240): include('C:\\xampp\\htdocs\\School-Management-De_migration\\app\\Views\\backend\\index.php')
 9 SYSTEMPATH\View\View.php(243): CodeIgniter\View\View->CodeIgniter\View\{closure}()
10 APPPATH\View\View.php(357): CodeIgniter\View\View->render('backend/index', [], true)
11 SYSTEMPATH\Common.php(1250): App\View\View->render('backend/index', [], true)
12 APPPATH\Controllers\Student.php(340): view('backend/index', [...])
13 APPPATH\Config\Routes.php(341): App\Controllers\Student->dashboard()
14 SYSTEMPATH\CodeIgniter.php(872): CodeIgniter\Router\RouteCollection::{closure}()
15 SYSTEMPATH\CodeIgniter.php(480): CodeIgniter\CodeIgniter->startController()
16 SYSTEMPATH\CodeIgniter.php(340): CodeIgniter\CodeIgniter->handleRequest(null, Object(Config\Cache), false)
17 SYSTEMPATH\Boot.php(417): CodeIgniter\CodeIgniter->run()
18 SYSTEMPATH\Boot.php(68): CodeIgniter\Boot::runCodeIgniter(Object(CodeIgniter\CodeIgniter))
19 FCPATH\index.php(75): CodeIgniter\Boot::bootWeb(Object(Config\Paths))
DEBUG - 2026-04-13 11:01:13 --> Session: Class initialized using 'CodeIgniter\Session\Handlers\FileHandler' driver.
DEBUG - 2026-04-13 11:01:13 --> Session: Class initialized using 'CodeIgniter\Session\Handlers\FileHandler' driver.
DEBUG - 2026-04-13 11:01:19 --> Session: Class initialized using 'CodeIgniter\Session\Handlers\FileHandler' driver.
DEBUG - 2026-04-13 11:01:25 --> Session: Class initialized using 'CodeIgniter\Session\Handlers\FileHandler' driver.
DEBUG - 2026-04-13 11:01:25 --> Session: Class initialized using 'CodeIgniter\Session\Handlers\FileHandler' driver.
CRITICAL - 2026-04-13 11:01:25 --> ErrorException: filesize(): stat failed for C:\xampp\htdocs\School-Management-De_migration\writable\session/ci_session91cf8efea7cd86bc5f92ba479cb803fe
[Method: POST, Route: login/validate_login]
in SYSTEMPATH\Session\Handlers\FileHandler.php on line 157.
 1 [internal function]: CodeIgniter\Debug\Exceptions->errorHandler(2, 'filesize(): stat failed for C:\\xampp\\htdocs\\School-Management-De_migration\\writable\\session/ci_session91cf8efea7cd86bc5f92ba479cb803fe', 'C:\\xampp\\htdocs\\School-Management-De_migration\\vendor\\codeigniter4\\framework\\system\\Session\\Handlers\\FileHandler.php', 157)
 2 SYSTEMPATH\Session\Handlers\FileHandler.php(157): filesize('C:\\xampp\\htdocs\\School-Management-De_migration\\writable\\session/ci_session91cf8efea7cd86bc5f92ba479cb803fe')
 3 [internal function]: CodeIgniter\Session\Handlers\FileHandler->read('91cf8efea7cd86bc5f92ba479cb803fe')
 4 SYSTEMPATH\Session\Session.php(625): session_start()
 5 SYSTEMPATH\Session\Session.php(120): CodeIgniter\Session\Session->startSession()
 6 SYSTEMPATH\Config\Services.php(715): CodeIgniter\Session\Session->start()
 7 SYSTEMPATH\Config\BaseService.php(325): CodeIgniter\Config\Services::session(Object(Config\Session), false)
 8 SYSTEMPATH\Config\BaseService.php(264): CodeIgniter\Config\BaseService::__callStatic('session', [...])
 9 SYSTEMPATH\Config\Services.php(668): CodeIgniter\Config\BaseService::getSharedInstance('session', null)
10 SYSTEMPATH\Config\BaseService.php(334): CodeIgniter\Config\Services::session()
11 APPPATH\Controllers\BaseController.php(88): CodeIgniter\Config\BaseService::__callStatic('session', [])
12 APPPATH\Controllers\Login.php(18): App\Controllers\BaseController->initController(Object(CodeIgniter\HTTP\IncomingRequest), Object(CodeIgniter\HTTP\Response), Object(CodeIgniter\Log\Logger))
13 SYSTEMPATH\CodeIgniter.php(922): App\Controllers\Login->initController(Object(CodeIgniter\HTTP\IncomingRequest), Object(CodeIgniter\HTTP\Response), Object(CodeIgniter\Log\Logger))
14 SYSTEMPATH\CodeIgniter.php(488): CodeIgniter\CodeIgniter->createController()
15 SYSTEMPATH\CodeIgniter.php(340): CodeIgniter\CodeIgniter->handleRequest(null, Object(Config\Cache), false)
16 SYSTEMPATH\Boot.php(417): CodeIgniter\CodeIgniter->run()
17 SYSTEMPATH\Boot.php(68): CodeIgniter\Boot::runCodeIgniter(Object(CodeIgniter\CodeIgniter))
18 FCPATH\index.php(75): CodeIgniter\Boot::bootWeb(Object(Config\Paths))
DEBUG - 2026-04-13 11:01:25 --> Session: Class initialized using 'CodeIgniter\Session\Handlers\FileHandler' driver.
DEBUG - 2026-04-13 11:01:25 --> Session: Class initialized using 'CodeIgniter\Session\Handlers\FileHandler' driver.
DEBUG - 2026-04-13 11:01:26 --> Session: Class initialized using 'CodeIgniter\Session\Handlers\FileHandler' driver.
DEBUG - 2026-04-13 11:01:26 --> Total exams not yet taken calculated for school_id 110: 0
ERROR - 2026-04-13 11:01:26 --> Table 'wayo_db.events' doesn't exist
in SYSTEMPATH\Database\MySQLi\Connection.php on line 300.
 1 SYSTEMPATH\Database\MySQLi\Connection.php(300): mysqli->query('SELECT *
FROM `events`
WHERE `school_id` = \'110\'
AND `date` >= \'2026-04-01\'
AND `date` <= \'2026-04-30\'', 0)
 2 SYSTEMPATH\Database\BaseConnection.php(910): CodeIgniter\Database\MySQLi\Connection->execute('SELECT *
FROM `events`
WHERE `school_id` = \'110\'
AND `date` >= \'2026-04-01\'
AND `date` <= \'2026-04-30\'')
 3 SYSTEMPATH\Database\BaseConnection.php(827): CodeIgniter\Database\BaseConnection->simpleQuery('SELECT *
FROM `events`
WHERE `school_id` = \'110\'
AND `date` >= \'2026-04-01\'
AND `date` <= \'2026-04-30\'')
 4 SYSTEMPATH\Database\BaseBuilder.php(1649): CodeIgniter\Database\BaseConnection->query('SELECT *
FROM `events`
WHERE `school_id` = :school_id:
AND `date` >= :date:
AND `date` <= :date.1:', [...], false)
 5 APPPATH\Models\Crud_model.php(349): CodeIgniter\Database\BaseBuilder->get()
 6 APPPATH\Views\backend\student\dashboard\index.php(983): App\Models\Crud_model->get_current_month_events()
 7 APPPATH\Views\backend\index.php(147): include('C:\\xampp\\htdocs\\School-Management-De_migration\\app\\Views\\backend\\student\\dashboard\\index.php')
 8 SYSTEMPATH\View\View.php(240): include('C:\\xampp\\htdocs\\School-Management-De_migration\\app\\Views\\backend\\index.php')
 9 SYSTEMPATH\View\View.php(243): CodeIgniter\View\View->CodeIgniter\View\{closure}()
10 APPPATH\View\View.php(357): CodeIgniter\View\View->render('backend/index', [], true)
11 SYSTEMPATH\Common.php(1250): App\View\View->render('backend/index', [], true)
12 APPPATH\Controllers\Student.php(340): view('backend/index', [...])
13 APPPATH\Config\Routes.php(341): App\Controllers\Student->dashboard()
14 SYSTEMPATH\CodeIgniter.php(872): CodeIgniter\Router\RouteCollection::{closure}()
15 SYSTEMPATH\CodeIgniter.php(480): CodeIgniter\CodeIgniter->startController()
16 SYSTEMPATH\CodeIgniter.php(340): CodeIgniter\CodeIgniter->handleRequest(null, Object(Config\Cache), false)
17 SYSTEMPATH\Boot.php(417): CodeIgniter\CodeIgniter->run()
18 SYSTEMPATH\Boot.php(68): CodeIgniter\Boot::runCodeIgniter(Object(CodeIgniter\CodeIgniter))
19 FCPATH\index.php(75): CodeIgniter\Boot::bootWeb(Object(Config\Paths))
DEBUG - 2026-04-13 11:01:33 --> Session: Class initialized using 'CodeIgniter\Session\Handlers\FileHandler' driver.
DEBUG - 2026-04-13 11:01:33 --> Session: Class initialized using 'CodeIgniter\Session\Handlers\FileHandler' driver.
DEBUG - 2026-04-13 11:01:36 --> Session: Class initialized using 'CodeIgniter\Session\Handlers\FileHandler' driver.
DEBUG - 2026-04-13 11:01:41 --> Session: Class initialized using 'CodeIgniter\Session\Handlers\FileHandler' driver.
DEBUG - 2026-04-13 11:01:41 --> Session: Class initialized using 'CodeIgniter\Session\Handlers\FileHandler' driver.
CRITICAL - 2026-04-13 11:01:42 --> ErrorException: filesize(): stat failed for C:\xampp\htdocs\School-Management-De_migration\writable\session/ci_session71c058e6ec4c2a3ec71d8ed582a7e96c
[Method: POST, Route: login/validate_login]
in SYSTEMPATH\Session\Handlers\FileHandler.php on line 157.
 1 [internal function]: CodeIgniter\Debug\Exceptions->errorHandler(2, 'filesize(): stat failed for C:\\xampp\\htdocs\\School-Management-De_migration\\writable\\session/ci_session71c058e6ec4c2a3ec71d8ed582a7e96c', 'C:\\xampp\\htdocs\\School-Management-De_migration\\vendor\\codeigniter4\\framework\\system\\Session\\Handlers\\FileHandler.php', 157)
 2 SYSTEMPATH\Session\Handlers\FileHandler.php(157): filesize('C:\\xampp\\htdocs\\School-Management-De_migration\\writable\\session/ci_session71c058e6ec4c2a3ec71d8ed582a7e96c')
 3 [internal function]: CodeIgniter\Session\Handlers\FileHandler->read('71c058e6ec4c2a3ec71d8ed582a7e96c')
 4 SYSTEMPATH\Session\Session.php(625): session_start()
 5 SYSTEMPATH\Session\Session.php(120): CodeIgniter\Session\Session->startSession()
 6 SYSTEMPATH\Config\Services.php(715): CodeIgniter\Session\Session->start()
 7 SYSTEMPATH\Config\BaseService.php(325): CodeIgniter\Config\Services::session(Object(Config\Session), false)
 8 SYSTEMPATH\Config\BaseService.php(264): CodeIgniter\Config\BaseService::__callStatic('session', [...])
 9 SYSTEMPATH\Config\Services.php(668): CodeIgniter\Config\BaseService::getSharedInstance('session', null)
10 SYSTEMPATH\Config\BaseService.php(334): CodeIgniter\Config\Services::session()
11 APPPATH\Controllers\BaseController.php(88): CodeIgniter\Config\BaseService::__callStatic('session', [])
12 APPPATH\Controllers\Login.php(18): App\Controllers\BaseController->initController(Object(CodeIgniter\HTTP\IncomingRequest), Object(CodeIgniter\HTTP\Response), Object(CodeIgniter\Log\Logger))
13 SYSTEMPATH\CodeIgniter.php(922): App\Controllers\Login->initController(Object(CodeIgniter\HTTP\IncomingRequest), Object(CodeIgniter\HTTP\Response), Object(CodeIgniter\Log\Logger))
14 SYSTEMPATH\CodeIgniter.php(488): CodeIgniter\CodeIgniter->createController()
15 SYSTEMPATH\CodeIgniter.php(340): CodeIgniter\CodeIgniter->handleRequest(null, Object(Config\Cache), false)
16 SYSTEMPATH\Boot.php(417): CodeIgniter\CodeIgniter->run()
17 SYSTEMPATH\Boot.php(68): CodeIgniter\Boot::runCodeIgniter(Object(CodeIgniter\CodeIgniter))
18 FCPATH\index.php(75): CodeIgniter\Boot::bootWeb(Object(Config\Paths))
DEBUG - 2026-04-13 11:01:42 --> Session: Class initialized using 'CodeIgniter\Session\Handlers\FileHandler' driver.
DEBUG - 2026-04-13 11:01:42 --> Session: Class initialized using 'CodeIgniter\Session\Handlers\FileHandler' driver.
DEBUG - 2026-04-13 11:03:58 --> Session: Class initialized using 'CodeIgniter\Session\Handlers\FileHandler' driver.
DEBUG - 2026-04-13 11:04:04 --> Session: Class initialized using 'CodeIgniter\Session\Handlers\FileHandler' driver.
DEBUG - 2026-04-13 11:04:04 --> Session: Class initialized using 'CodeIgniter\Session\Handlers\FileHandler' driver.
CRITICAL - 2026-04-13 11:04:04 --> ErrorException: filesize(): stat failed for C:\xampp\htdocs\School-Management-De_migration\writable\session/ci_sessione404e619f41b73fb43c58b9623a2e487
[Method: POST, Route: login/validate_login]
in SYSTEMPATH\Session\Handlers\FileHandler.php on line 157.
 1 [internal function]: CodeIgniter\Debug\Exceptions->errorHandler(2, 'filesize(): stat failed for C:\\xampp\\htdocs\\School-Management-De_migration\\writable\\session/ci_sessione404e619f41b73fb43c58b9623a2e487', 'C:\\xampp\\htdocs\\School-Management-De_migration\\vendor\\codeigniter4\\framework\\system\\Session\\Handlers\\FileHandler.php', 157)
 2 SYSTEMPATH\Session\Handlers\FileHandler.php(157): filesize('C:\\xampp\\htdocs\\School-Management-De_migration\\writable\\session/ci_sessione404e619f41b73fb43c58b9623a2e487')
 3 [internal function]: CodeIgniter\Session\Handlers\FileHandler->read('e404e619f41b73fb43c58b9623a2e487')
 4 SYSTEMPATH\Session\Session.php(625): session_start()
 5 SYSTEMPATH\Session\Session.php(120): CodeIgniter\Session\Session->startSession()
 6 SYSTEMPATH\Config\Services.php(715): CodeIgniter\Session\Session->start()
 7 SYSTEMPATH\Config\BaseService.php(325): CodeIgniter\Config\Services::session(Object(Config\Session), false)
 8 SYSTEMPATH\Config\BaseService.php(264): CodeIgniter\Config\BaseService::__callStatic('session', [...])
 9 SYSTEMPATH\Config\Services.php(668): CodeIgniter\Config\BaseService::getSharedInstance('session', null)
10 SYSTEMPATH\Config\BaseService.php(334): CodeIgniter\Config\Services::session()
11 APPPATH\Controllers\BaseController.php(88): CodeIgniter\Config\BaseService::__callStatic('session', [])
12 APPPATH\Controllers\Login.php(18): App\Controllers\BaseController->initController(Object(CodeIgniter\HTTP\IncomingRequest), Object(CodeIgniter\HTTP\Response), Object(CodeIgniter\Log\Logger))
13 SYSTEMPATH\CodeIgniter.php(922): App\Controllers\Login->initController(Object(CodeIgniter\HTTP\IncomingRequest), Object(CodeIgniter\HTTP\Response), Object(CodeIgniter\Log\Logger))
14 SYSTEMPATH\CodeIgniter.php(488): CodeIgniter\CodeIgniter->createController()
15 SYSTEMPATH\CodeIgniter.php(340): CodeIgniter\CodeIgniter->handleRequest(null, Object(Config\Cache), false)
16 SYSTEMPATH\Boot.php(417): CodeIgniter\CodeIgniter->run()
17 SYSTEMPATH\Boot.php(68): CodeIgniter\Boot::runCodeIgniter(Object(CodeIgniter\CodeIgniter))
18 FCPATH\index.php(75): CodeIgniter\Boot::bootWeb(Object(Config\Paths))
DEBUG - 2026-04-13 11:04:05 --> Session: Class initialized using 'CodeIgniter\Session\Handlers\FileHandler' driver.
DEBUG - 2026-04-13 11:04:05 --> Session: Class initialized using 'CodeIgniter\Session\Handlers\FileHandler' driver.
DEBUG - 2026-04-13 11:04:05 --> Session: Class initialized using 'CodeIgniter\Session\Handlers\FileHandler' driver.
DEBUG - 2026-04-13 11:04:06 --> Total exams not yet taken calculated for school_id 110: 0
ERROR - 2026-04-13 11:04:06 --> Table 'wayo_db.events' doesn't exist
in SYSTEMPATH\Database\MySQLi\Connection.php on line 300.
 1 SYSTEMPATH\Database\MySQLi\Connection.php(300): mysqli->query('SELECT *
FROM `events`
WHERE `school_id` = \'110\'
AND `date` >= \'2026-04-01\'
AND `date` <= \'2026-04-30\'', 0)
 2 SYSTEMPATH\Database\BaseConnection.php(910): CodeIgniter\Database\MySQLi\Connection->execute('SELECT *
FROM `events`
WHERE `school_id` = \'110\'
AND `date` >= \'2026-04-01\'
AND `date` <= \'2026-04-30\'')
 3 SYSTEMPATH\Database\BaseConnection.php(827): CodeIgniter\Database\BaseConnection->simpleQuery('SELECT *
FROM `events`
WHERE `school_id` = \'110\'
AND `date` >= \'2026-04-01\'
AND `date` <= \'2026-04-30\'')
 4 SYSTEMPATH\Database\BaseBuilder.php(1649): CodeIgniter\Database\BaseConnection->query('SELECT *
FROM `events`
WHERE `school_id` = :school_id:
AND `date` >= :date:
AND `date` <= :date.1:', [...], false)
 5 APPPATH\Models\Crud_model.php(349): CodeIgniter\Database\BaseBuilder->get()
 6 APPPATH\Views\backend\student\dashboard\index.php(983): App\Models\Crud_model->get_current_month_events()
 7 APPPATH\Views\backend\index.php(147): include('C:\\xampp\\htdocs\\School-Management-De_migration\\app\\Views\\backend\\student\\dashboard\\index.php')
 8 SYSTEMPATH\View\View.php(240): include('C:\\xampp\\htdocs\\School-Management-De_migration\\app\\Views\\backend\\index.php')
 9 SYSTEMPATH\View\View.php(243): CodeIgniter\View\View->CodeIgniter\View\{closure}()
10 APPPATH\View\View.php(357): CodeIgniter\View\View->render('backend/index', [], true)
11 SYSTEMPATH\Common.php(1250): App\View\View->render('backend/index', [], true)
12 APPPATH\Controllers\Student.php(340): view('backend/index', [...])
13 APPPATH\Config\Routes.php(341): App\Controllers\Student->dashboard()
14 SYSTEMPATH\CodeIgniter.php(872): CodeIgniter\Router\RouteCollection::{closure}()
15 SYSTEMPATH\CodeIgniter.php(480): CodeIgniter\CodeIgniter->startController()
16 SYSTEMPATH\CodeIgniter.php(340): CodeIgniter\CodeIgniter->handleRequest(null, Object(Config\Cache), false)
17 SYSTEMPATH\Boot.php(417): CodeIgniter\CodeIgniter->run()
18 SYSTEMPATH\Boot.php(68): CodeIgniter\Boot::runCodeIgniter(Object(CodeIgniter\CodeIgniter))
19 FCPATH\index.php(75): CodeIgniter\Boot::bootWeb(Object(Config\Paths))
DEBUG - 2026-04-13 11:04:11 --> Session: Class initialized using 'CodeIgniter\Session\Handlers\FileHandler' driver.
DEBUG - 2026-04-13 11:04:11 --> Total exams not yet taken calculated for school_id 110: 0
ERROR - 2026-04-13 11:04:11 --> Table 'wayo_db.events' doesn't exist
in SYSTEMPATH\Database\MySQLi\Connection.php on line 300.
 1 SYSTEMPATH\Database\MySQLi\Connection.php(300): mysqli->query('SELECT *
FROM `events`
WHERE `school_id` = \'110\'
AND `date` >= \'2026-04-01\'
AND `date` <= \'2026-04-30\'', 0)
 2 SYSTEMPATH\Database\BaseConnection.php(910): CodeIgniter\Database\MySQLi\Connection->execute('SELECT *
FROM `events`
WHERE `school_id` = \'110\'
AND `date` >= \'2026-04-01\'
AND `date` <= \'2026-04-30\'')
 3 SYSTEMPATH\Database\BaseConnection.php(827): CodeIgniter\Database\BaseConnection->simpleQuery('SELECT *
FROM `events`
WHERE `school_id` = \'110\'
AND `date` >= \'2026-04-01\'
AND `date` <= \'2026-04-30\'')
 4 SYSTEMPATH\Database\BaseBuilder.php(1649): CodeIgniter\Database\BaseConnection->query('SELECT *
FROM `events`
WHERE `school_id` = :school_id:
AND `date` >= :date:
AND `date` <= :date.1:', [...], false)
 5 APPPATH\Models\Crud_model.php(349): CodeIgniter\Database\BaseBuilder->get()
 6 APPPATH\Views\backend\student\dashboard\index.php(983): App\Models\Crud_model->get_current_month_events()
 7 APPPATH\Views\backend\index.php(147): include('C:\\xampp\\htdocs\\School-Management-De_migration\\app\\Views\\backend\\student\\dashboard\\index.php')
 8 SYSTEMPATH\View\View.php(240): include('C:\\xampp\\htdocs\\School-Management-De_migration\\app\\Views\\backend\\index.php')
 9 SYSTEMPATH\View\View.php(243): CodeIgniter\View\View->CodeIgniter\View\{closure}()
10 APPPATH\View\View.php(357): CodeIgniter\View\View->render('backend/index', [], true)
11 SYSTEMPATH\Common.php(1250): App\View\View->render('backend/index', [], true)
12 APPPATH\Controllers\Student.php(340): view('backend/index', [...])
13 APPPATH\Config\Routes.php(341): App\Controllers\Student->dashboard()
14 SYSTEMPATH\CodeIgniter.php(872): CodeIgniter\Router\RouteCollection::{closure}()
15 SYSTEMPATH\CodeIgniter.php(480): CodeIgniter\CodeIgniter->startController()
16 SYSTEMPATH\CodeIgniter.php(340): CodeIgniter\CodeIgniter->handleRequest(null, Object(Config\Cache), false)
17 SYSTEMPATH\Boot.php(417): CodeIgniter\CodeIgniter->run()
18 SYSTEMPATH\Boot.php(68): CodeIgniter\Boot::runCodeIgniter(Object(CodeIgniter\CodeIgniter))
19 FCPATH\index.php(75): CodeIgniter\Boot::bootWeb(Object(Config\Paths))
DEBUG - 2026-04-13 11:04:14 --> Session: Class initialized using 'CodeIgniter\Session\Handlers\FileHandler' driver.
DEBUG - 2026-04-13 11:04:14 --> Session: Class initialized using 'CodeIgniter\Session\Handlers\FileHandler' driver.
DEBUG - 2026-04-13 11:04:19 --> Session: Class initialized using 'CodeIgniter\Session\Handlers\FileHandler' driver.
DEBUG - 2026-04-13 11:04:29 --> Session: Class initialized using 'CodeIgniter\Session\Handlers\FileHandler' driver.
DEBUG - 2026-04-13 11:04:29 --> Session: Class initialized using 'CodeIgniter\Session\Handlers\FileHandler' driver.
DEBUG - 2026-04-13 11:04:29 --> Session: Class initialized using 'CodeIgniter\Session\Handlers\FileHandler' driver.
DEBUG - 2026-04-13 11:04:29 --> Session: Class initialized using 'CodeIgniter\Session\Handlers\FileHandler' driver.
DEBUG - 2026-04-13 11:04:30 --> Session: Class initialized using 'CodeIgniter\Session\Handlers\FileHandler' driver.
DEBUG - 2026-04-13 11:04:30 --> Session: Class initialized using 'CodeIgniter\Session\Handlers\FileHandler' driver.
DEBUG - 2026-04-13 11:04:30 --> Session: Class initialized using 'CodeIgniter\Session\Handlers\FileHandler' driver.
DEBUG - 2026-04-13 11:04:37 --> Session: Class initialized using 'CodeIgniter\Session\Handlers\FileHandler' driver.
DEBUG - 2026-04-13 11:04:44 --> Session: Class initialized using 'CodeIgniter\Session\Handlers\FileHandler' driver.
DEBUG - 2026-04-13 11:04:45 --> Session: Class initialized using 'CodeIgniter\Session\Handlers\FileHandler' driver.
CRITICAL - 2026-04-13 11:04:45 --> ErrorException: filesize(): stat failed for C:\xampp\htdocs\School-Management-De_migration\writable\session/ci_session9d665fbc6a8743e9f78bb85112d0e324
[Method: POST, Route: login/validate_login]
in SYSTEMPATH\Session\Handlers\FileHandler.php on line 157.
 1 [internal function]: CodeIgniter\Debug\Exceptions->errorHandler(2, 'filesize(): stat failed for C:\\xampp\\htdocs\\School-Management-De_migration\\writable\\session/ci_session9d665fbc6a8743e9f78bb85112d0e324', 'C:\\xampp\\htdocs\\School-Management-De_migration\\vendor\\codeigniter4\\framework\\system\\Session\\Handlers\\FileHandler.php', 157)
 2 SYSTEMPATH\Session\Handlers\FileHandler.php(157): filesize('C:\\xampp\\htdocs\\School-Management-De_migration\\writable\\session/ci_session9d665fbc6a8743e9f78bb85112d0e324')
 3 [internal function]: CodeIgniter\Session\Handlers\FileHandler->read('9d665fbc6a8743e9f78bb85112d0e324')
 4 SYSTEMPATH\Session\Session.php(625): session_start()
 5 SYSTEMPATH\Session\Session.php(120): CodeIgniter\Session\Session->startSession()
 6 SYSTEMPATH\Config\Services.php(715): CodeIgniter\Session\Session->start()
 7 SYSTEMPATH\Config\BaseService.php(325): CodeIgniter\Config\Services::session(Object(Config\Session), false)
 8 SYSTEMPATH\Config\BaseService.php(264): CodeIgniter\Config\BaseService::__callStatic('session', [...])
 9 SYSTEMPATH\Config\Services.php(668): CodeIgniter\Config\BaseService::getSharedInstance('session', null)
10 SYSTEMPATH\Config\BaseService.php(334): CodeIgniter\Config\Services::session()
11 APPPATH\Controllers\BaseController.php(88): CodeIgniter\Config\BaseService::__callStatic('session', [])
12 APPPATH\Controllers\Login.php(18): App\Controllers\BaseController->initController(Object(CodeIgniter\HTTP\IncomingRequest), Object(CodeIgniter\HTTP\Response), Object(CodeIgniter\Log\Logger))
13 SYSTEMPATH\CodeIgniter.php(922): App\Controllers\Login->initController(Object(CodeIgniter\HTTP\IncomingRequest), Object(CodeIgniter\HTTP\Response), Object(CodeIgniter\Log\Logger))
14 SYSTEMPATH\CodeIgniter.php(488): CodeIgniter\CodeIgniter->createController()
15 SYSTEMPATH\CodeIgniter.php(340): CodeIgniter\CodeIgniter->handleRequest(null, Object(Config\Cache), false)
16 SYSTEMPATH\Boot.php(417): CodeIgniter\CodeIgniter->run()
17 SYSTEMPATH\Boot.php(68): CodeIgniter\Boot::runCodeIgniter(Object(CodeIgniter\CodeIgniter))
18 FCPATH\index.php(75): CodeIgniter\Boot::bootWeb(Object(Config\Paths))
DEBUG - 2026-04-13 11:04:45 --> Session: Class initialized using 'CodeIgniter\Session\Handlers\FileHandler' driver.
DEBUG - 2026-04-13 11:04:46 --> Session: Class initialized using 'CodeIgniter\Session\Handlers\FileHandler' driver.
DEBUG - 2026-04-13 11:16:21 --> Session: Class initialized using 'CodeIgniter\Session\Handlers\FileHandler' driver.
DEBUG - 2026-04-13 11:16:30 --> Session: Class initialized using 'CodeIgniter\Session\Handlers\FileHandler' driver.
DEBUG - 2026-04-13 11:16:30 --> Session: Class initialized using 'CodeIgniter\Session\Handlers\FileHandler' driver.
DEBUG - 2026-04-13 11:16:30 --> Session: Class initialized using 'CodeIgniter\Session\Handlers\FileHandler' driver.
CRITICAL - 2026-04-13 11:16:30 --> ErrorException: filesize(): stat failed for C:\xampp\htdocs\School-Management-De_migration\writable\session/ci_session6942e3668b8dd08bd7f2f3a13d213f7e
[Method: POST, Route: login/validate_login_frontend]
in SYSTEMPATH\Session\Handlers\FileHandler.php on line 157.
 1 [internal function]: CodeIgniter\Debug\Exceptions->errorHandler(2, 'filesize(): stat failed for C:\\xampp\\htdocs\\School-Management-De_migration\\writable\\session/ci_session6942e3668b8dd08bd7f2f3a13d213f7e', 'C:\\xampp\\htdocs\\School-Management-De_migration\\vendor\\codeigniter4\\framework\\system\\Session\\Handlers\\FileHandler.php', 157)
 2 SYSTEMPATH\Session\Handlers\FileHandler.php(157): filesize('C:\\xampp\\htdocs\\School-Management-De_migration\\writable\\session/ci_session6942e3668b8dd08bd7f2f3a13d213f7e')
 3 [internal function]: CodeIgniter\Session\Handlers\FileHandler->read('6942e3668b8dd08bd7f2f3a13d213f7e')
 4 SYSTEMPATH\Session\Session.php(625): session_start()
 5 SYSTEMPATH\Session\Session.php(120): CodeIgniter\Session\Session->startSession()
 6 SYSTEMPATH\Config\Services.php(715): CodeIgniter\Session\Session->start()
 7 SYSTEMPATH\Config\BaseService.php(325): CodeIgniter\Config\Services::session(Object(Config\Session), false)
 8 SYSTEMPATH\Config\BaseService.php(264): CodeIgniter\Config\BaseService::__callStatic('session', [...])
 9 SYSTEMPATH\Config\Services.php(668): CodeIgniter\Config\BaseService::getSharedInstance('session', null)
10 SYSTEMPATH\Config\BaseService.php(334): CodeIgniter\Config\Services::session()
11 APPPATH\Controllers\BaseController.php(88): CodeIgniter\Config\BaseService::__callStatic('session', [])
12 APPPATH\Controllers\Login.php(18): App\Controllers\BaseController->initController(Object(CodeIgniter\HTTP\IncomingRequest), Object(CodeIgniter\HTTP\Response), Object(CodeIgniter\Log\Logger))
13 SYSTEMPATH\CodeIgniter.php(922): App\Controllers\Login->initController(Object(CodeIgniter\HTTP\IncomingRequest), Object(CodeIgniter\HTTP\Response), Object(CodeIgniter\Log\Logger))
14 SYSTEMPATH\CodeIgniter.php(488): CodeIgniter\CodeIgniter->createController()
15 SYSTEMPATH\CodeIgniter.php(340): CodeIgniter\CodeIgniter->handleRequest(null, Object(Config\Cache), false)
16 SYSTEMPATH\Boot.php(417): CodeIgniter\CodeIgniter->run()
17 SYSTEMPATH\Boot.php(68): CodeIgniter\Boot::runCodeIgniter(Object(CodeIgniter\CodeIgniter))
18 FCPATH\index.php(75): CodeIgniter\Boot::bootWeb(Object(Config\Paths))
DEBUG - 2026-04-13 11:16:31 --> Session: Class initialized using 'CodeIgniter\Session\Handlers\FileHandler' driver.
DEBUG - 2026-04-13 11:16:31 --> Session: Class initialized using 'CodeIgniter\Session\Handlers\FileHandler' driver.
DEBUG - 2026-04-13 11:16:31 --> Total exams not yet taken calculated for school_id 110: 0
ERROR - 2026-04-13 11:16:32 --> Table 'wayo_db.events' doesn't exist
in SYSTEMPATH\Database\MySQLi\Connection.php on line 300.
 1 SYSTEMPATH\Database\MySQLi\Connection.php(300): mysqli->query('SELECT *
FROM `events`
WHERE `school_id` = \'110\'
AND `date` >= \'2026-04-01\'
AND `date` <= \'2026-04-30\'', 0)
 2 SYSTEMPATH\Database\BaseConnection.php(910): CodeIgniter\Database\MySQLi\Connection->execute('SELECT *
FROM `events`
WHERE `school_id` = \'110\'
AND `date` >= \'2026-04-01\'
AND `date` <= \'2026-04-30\'')
 3 SYSTEMPATH\Database\BaseConnection.php(827): CodeIgniter\Database\BaseConnection->simpleQuery('SELECT *
FROM `events`
WHERE `school_id` = \'110\'
AND `date` >= \'2026-04-01\'
AND `date` <= \'2026-04-30\'')
 4 SYSTEMPATH\Database\BaseBuilder.php(1649): CodeIgniter\Database\BaseConnection->query('SELECT *
FROM `events`
WHERE `school_id` = :school_id:
AND `date` >= :date:
AND `date` <= :date.1:', [...], false)
 5 APPPATH\Models\Crud_model.php(349): CodeIgniter\Database\BaseBuilder->get()
 6 APPPATH\Views\backend\student\dashboard\index.php(983): App\Models\Crud_model->get_current_month_events()
 7 APPPATH\Views\backend\index.php(147): include('C:\\xampp\\htdocs\\School-Management-De_migration\\app\\Views\\backend\\student\\dashboard\\index.php')
 8 SYSTEMPATH\View\View.php(240): include('C:\\xampp\\htdocs\\School-Management-De_migration\\app\\Views\\backend\\index.php')
 9 SYSTEMPATH\View\View.php(243): CodeIgniter\View\View->CodeIgniter\View\{closure}()
10 APPPATH\View\View.php(357): CodeIgniter\View\View->render('backend/index', [], true)
11 SYSTEMPATH\Common.php(1250): App\View\View->render('backend/index', [], true)
12 APPPATH\Controllers\Student.php(340): view('backend/index', [...])
13 APPPATH\Config\Routes.php(341): App\Controllers\Student->dashboard()
14 SYSTEMPATH\CodeIgniter.php(872): CodeIgniter\Router\RouteCollection::{closure}()
15 SYSTEMPATH\CodeIgniter.php(480): CodeIgniter\CodeIgniter->startController()
16 SYSTEMPATH\CodeIgniter.php(340): CodeIgniter\CodeIgniter->handleRequest(null, Object(Config\Cache), false)
17 SYSTEMPATH\Boot.php(417): CodeIgniter\CodeIgniter->run()
18 SYSTEMPATH\Boot.php(68): CodeIgniter\Boot::runCodeIgniter(Object(CodeIgniter\CodeIgniter))
19 FCPATH\index.php(75): CodeIgniter\Boot::bootWeb(Object(Config\Paths))
DEBUG - 2026-04-13 11:30:25 --> Session: Class initialized using 'CodeIgniter\Session\Handlers\FileHandler' driver.
DEBUG - 2026-04-13 11:30:25 --> Session: Class initialized using 'CodeIgniter\Session\Handlers\FileHandler' driver.
DEBUG - 2026-04-13 11:30:29 --> Session: Class initialized using 'CodeIgniter\Session\Handlers\FileHandler' driver.
INFO - 2026-04-13 11:30:33 --> CSRF token verified.
INFO - 2026-04-13 11:30:33 --> CSRF token verified.
DEBUG - 2026-04-13 11:30:33 --> Session: Class initialized using 'CodeIgniter\Session\Handlers\FileHandler' driver.
INFO - 2026-04-13 11:30:33 --> CSRF token verified.
DEBUG - 2026-04-13 11:30:33 --> Session: Class initialized using 'CodeIgniter\Session\Handlers\FileHandler' driver.
INFO - 2026-04-13 11:30:33 --> Successful login - Email: fattahallam1949@gmail.com, IP: ::1, Role: student
INFO - 2026-04-13 11:30:33 --> Successful login - Email: fattahallam1949@gmail.com, IP: ::1, Role: student
CRITICAL - 2026-04-13 11:30:33 --> ErrorException: filesize(): stat failed for C:\xampp\htdocs\School-Management-De_migration\writable\session/ci_session18ee7a3811275c988e1cb8a6b1bb59a4
[Method: POST, Route: login/validate_login_frontend]
in SYSTEMPATH\Session\Handlers\FileHandler.php on line 157.
 1 [internal function]: CodeIgniter\Debug\Exceptions->errorHandler(2, 'filesize(): stat failed for C:\\xampp\\htdocs\\School-Management-De_migration\\writable\\session/ci_session18ee7a3811275c988e1cb8a6b1bb59a4', 'C:\\xampp\\htdocs\\School-Management-De_migration\\vendor\\codeigniter4\\framework\\system\\Session\\Handlers\\FileHandler.php', 157)
 2 SYSTEMPATH\Session\Handlers\FileHandler.php(157): filesize('C:\\xampp\\htdocs\\School-Management-De_migration\\writable\\session/ci_session18ee7a3811275c988e1cb8a6b1bb59a4')
 3 [internal function]: CodeIgniter\Session\Handlers\FileHandler->read('18ee7a3811275c988e1cb8a6b1bb59a4')
 4 SYSTEMPATH\Session\Session.php(625): session_start()
 5 SYSTEMPATH\Session\Session.php(120): CodeIgniter\Session\Session->startSession()
 6 SYSTEMPATH\Config\Services.php(715): CodeIgniter\Session\Session->start()
 7 SYSTEMPATH\Config\BaseService.php(325): CodeIgniter\Config\Services::session(Object(Config\Session), false)
 8 SYSTEMPATH\Config\BaseService.php(264): CodeIgniter\Config\BaseService::__callStatic('session', [...])
 9 SYSTEMPATH\Config\Services.php(668): CodeIgniter\Config\BaseService::getSharedInstance('session', null)
10 SYSTEMPATH\Config\BaseService.php(334): CodeIgniter\Config\Services::session()
11 APPPATH\Controllers\BaseController.php(88): CodeIgniter\Config\BaseService::__callStatic('session', [])
12 APPPATH\Controllers\Login.php(18): App\Controllers\BaseController->initController(Object(CodeIgniter\HTTP\IncomingRequest), Object(CodeIgniter\HTTP\Response), Object(CodeIgniter\Log\Logger))
13 SYSTEMPATH\CodeIgniter.php(922): App\Controllers\Login->initController(Object(CodeIgniter\HTTP\IncomingRequest), Object(CodeIgniter\HTTP\Response), Object(CodeIgniter\Log\Logger))
14 SYSTEMPATH\CodeIgniter.php(488): CodeIgniter\CodeIgniter->createController()
15 SYSTEMPATH\CodeIgniter.php(340): CodeIgniter\CodeIgniter->handleRequest(null, Object(Config\Cache), false)
16 SYSTEMPATH\Boot.php(417): CodeIgniter\CodeIgniter->run()
17 SYSTEMPATH\Boot.php(68): CodeIgniter\Boot::runCodeIgniter(Object(CodeIgniter\CodeIgniter))
18 FCPATH\index.php(75): CodeIgniter\Boot::bootWeb(Object(Config\Paths))
INFO - 2026-04-13 11:30:33 --> CSRF token verified.
DEBUG - 2026-04-13 11:30:33 --> Session: Class initialized using 'CodeIgniter\Session\Handlers\FileHandler' driver.
INFO - 2026-04-13 11:30:33 --> Successful login - Email: fattahallam1949@gmail.com, IP: ::1, Role: student
CRITICAL - 2026-04-13 11:30:33 --> CodeIgniter\Security\Exceptions\SecurityException: The action you requested is not allowed.
[Method: POST, Route: login/validate_login_frontend]
in SYSTEMPATH\Security\Security.php on line 258.
 1 SYSTEMPATH\Security\Security.php(258): CodeIgniter\Security\Exceptions\SecurityException::forDisallowedAction()
 2 SYSTEMPATH\Filters\CSRF.php(52): CodeIgniter\Security\Security->verify(Object(CodeIgniter\HTTP\IncomingRequest))
 3 SYSTEMPATH\Filters\Filters.php(241): CodeIgniter\Filters\CSRF->before(Object(CodeIgniter\HTTP\IncomingRequest), null)
 4 SYSTEMPATH\Filters\Filters.php(221): CodeIgniter\Filters\Filters->runBefore([...])
 5 SYSTEMPATH\CodeIgniter.php(465): CodeIgniter\Filters\Filters->run('login/validate_login_frontend', 'before')
 6 SYSTEMPATH\CodeIgniter.php(340): CodeIgniter\CodeIgniter->handleRequest(null, Object(Config\Cache), false)
 7 SYSTEMPATH\Boot.php(417): CodeIgniter\CodeIgniter->run()
 8 SYSTEMPATH\Boot.php(68): CodeIgniter\Boot::runCodeIgniter(Object(CodeIgniter\CodeIgniter))
 9 FCPATH\index.php(75): CodeIgniter\Boot::bootWeb(Object(Config\Paths))
DEBUG - 2026-04-13 12:29:01 --> Session: Class initialized using 'CodeIgniter\Session\Handlers\FileHandler' driver.
DEBUG - 2026-04-13 12:29:06 --> Session: Class initialized using 'CodeIgniter\Session\Handlers\FileHandler' driver.
DEBUG - 2026-04-13 12:29:07 --> Session: Class initialized using 'CodeIgniter\Session\Handlers\FileHandler' driver.
DEBUG - 2026-04-13 12:29:23 --> Session: Class initialized using 'CodeIgniter\Session\Handlers\FileHandler' driver.
DEBUG - 2026-04-13 12:29:23 --> Session: Class initialized using 'CodeIgniter\Session\Handlers\FileHandler' driver.
DEBUG - 2026-04-13 12:29:28 --> Session: Class initialized using 'CodeIgniter\Session\Handlers\FileHandler' driver.
INFO - 2026-04-13 12:29:34 --> CSRF token verified.
DEBUG - 2026-04-13 12:29:34 --> Session: Class initialized using 'CodeIgniter\Session\Handlers\FileHandler' driver.
INFO - 2026-04-13 12:29:34 --> Successful login - Email: fattahallam1949@gmail.com, IP: ::1, Role: student
INFO - 2026-04-13 12:29:34 --> CSRF token verified.
DEBUG - 2026-04-13 12:29:34 --> Session: Class initialized using 'CodeIgniter\Session\Handlers\FileHandler' driver.
INFO - 2026-04-13 12:29:34 --> Successful login - Email: fattahallam1949@gmail.com, IP: ::1, Role: student
DEBUG - 2026-04-13 12:29:34 --> Session: Class initialized using 'CodeIgniter\Session\Handlers\FileHandler' driver.
DEBUG - 2026-04-13 12:29:35 --> Total exams not yet taken calculated for school_id 110: 0
ERROR - 2026-04-13 12:29:35 --> Table 'wayo_db.events' doesn't exist
in SYSTEMPATH\Database\MySQLi\Connection.php on line 300.
 1 SYSTEMPATH\Database\MySQLi\Connection.php(300): mysqli->query('SELECT *
FROM `events`
WHERE `school_id` = \'110\'
AND `date` >= \'2026-04-01\'
AND `date` <= \'2026-04-30\'', 0)
 2 SYSTEMPATH\Database\BaseConnection.php(910): CodeIgniter\Database\MySQLi\Connection->execute('SELECT *
FROM `events`
WHERE `school_id` = \'110\'
AND `date` >= \'2026-04-01\'
AND `date` <= \'2026-04-30\'')
 3 SYSTEMPATH\Database\BaseConnection.php(827): CodeIgniter\Database\BaseConnection->simpleQuery('SELECT *
FROM `events`
WHERE `school_id` = \'110\'
AND `date` >= \'2026-04-01\'
AND `date` <= \'2026-04-30\'')
 4 SYSTEMPATH\Database\BaseBuilder.php(1649): CodeIgniter\Database\BaseConnection->query('SELECT *
FROM `events`
WHERE `school_id` = :school_id:
AND `date` >= :date:
AND `date` <= :date.1:', [...], false)
 5 APPPATH\Models\Crud_model.php(349): CodeIgniter\Database\BaseBuilder->get()
 6 APPPATH\Views\backend\student\dashboard\index.php(983): App\Models\Crud_model->get_current_month_events()
 7 APPPATH\Views\backend\index.php(147): include('C:\\xampp\\htdocs\\School-Management-De_migration\\app\\Views\\backend\\student\\dashboard\\index.php')
 8 SYSTEMPATH\View\View.php(240): include('C:\\xampp\\htdocs\\School-Management-De_migration\\app\\Views\\backend\\index.php')
 9 SYSTEMPATH\View\View.php(243): CodeIgniter\View\View->CodeIgniter\View\{closure}()
10 APPPATH\View\View.php(357): CodeIgniter\View\View->render('backend/index', [], true)
11 SYSTEMPATH\Common.php(1250): App\View\View->render('backend/index', [], true)
12 APPPATH\Controllers\Student.php(340): view('backend/index', [...])
13 APPPATH\Config\Routes.php(341): App\Controllers\Student->dashboard()
14 SYSTEMPATH\CodeIgniter.php(872): CodeIgniter\Router\RouteCollection::{closure}()
15 SYSTEMPATH\CodeIgniter.php(480): CodeIgniter\CodeIgniter->startController()
16 SYSTEMPATH\CodeIgniter.php(340): CodeIgniter\CodeIgniter->handleRequest(null, Object(Config\Cache), false)
17 SYSTEMPATH\Boot.php(417): CodeIgniter\CodeIgniter->run()
18 SYSTEMPATH\Boot.php(68): CodeIgniter\Boot::runCodeIgniter(Object(CodeIgniter\CodeIgniter))
19 FCPATH\index.php(75): CodeIgniter\Boot::bootWeb(Object(Config\Paths))
DEBUG - 2026-04-13 12:29:41 --> Session: Class initialized using 'CodeIgniter\Session\Handlers\FileHandler' driver.
DEBUG - 2026-04-13 12:29:41 --> Session: Class initialized using 'CodeIgniter\Session\Handlers\FileHandler' driver.
DEBUG - 2026-04-13 12:29:47 --> Session: Class initialized using 'CodeIgniter\Session\Handlers\FileHandler' driver.
INFO - 2026-04-13 12:29:51 --> CSRF token verified.
DEBUG - 2026-04-13 12:29:51 --> Session: Class initialized using 'CodeIgniter\Session\Handlers\FileHandler' driver.
INFO - 2026-04-13 12:29:51 --> Successful login - Email: fattahallam1949@gmail.com, IP: ::1, Role: student
INFO - 2026-04-13 12:29:52 --> CSRF token verified.
DEBUG - 2026-04-13 12:29:52 --> Session: Class initialized using 'CodeIgniter\Session\Handlers\FileHandler' driver.
INFO - 2026-04-13 12:29:52 --> Successful login - Email: fattahallam1949@gmail.com, IP: ::1, Role: student
DEBUG - 2026-04-13 12:29:53 --> Session: Class initialized using 'CodeIgniter\Session\Handlers\FileHandler' driver.
DEBUG - 2026-04-13 12:29:54 --> Total exams not yet taken calculated for school_id 110: 0
ERROR - 2026-04-13 12:29:55 --> Table 'wayo_db.events' doesn't exist
in SYSTEMPATH\Database\MySQLi\Connection.php on line 300.
 1 SYSTEMPATH\Database\MySQLi\Connection.php(300): mysqli->query('SELECT *
FROM `events`
WHERE `school_id` = \'110\'
AND `date` >= \'2026-04-01\'
AND `date` <= \'2026-04-30\'', 0)
 2 SYSTEMPATH\Database\BaseConnection.php(910): CodeIgniter\Database\MySQLi\Connection->execute('SELECT *
FROM `events`
WHERE `school_id` = \'110\'
AND `date` >= \'2026-04-01\'
AND `date` <= \'2026-04-30\'')
 3 SYSTEMPATH\Database\BaseConnection.php(827): CodeIgniter\Database\BaseConnection->simpleQuery('SELECT *
FROM `events`
WHERE `school_id` = \'110\'
AND `date` >= \'2026-04-01\'
AND `date` <= \'2026-04-30\'')
 4 SYSTEMPATH\Database\BaseBuilder.php(1649): CodeIgniter\Database\BaseConnection->query('SELECT *
FROM `events`
WHERE `school_id` = :school_id:
AND `date` >= :date:
AND `date` <= :date.1:', [...], false)
 5 APPPATH\Models\Crud_model.php(349): CodeIgniter\Database\BaseBuilder->get()
 6 APPPATH\Views\backend\student\dashboard\index.php(983): App\Models\Crud_model->get_current_month_events()
 7 APPPATH\Views\backend\index.php(147): include('C:\\xampp\\htdocs\\School-Management-De_migration\\app\\Views\\backend\\student\\dashboard\\index.php')
 8 SYSTEMPATH\View\View.php(240): include('C:\\xampp\\htdocs\\School-Management-De_migration\\app\\Views\\backend\\index.php')
 9 SYSTEMPATH\View\View.php(243): CodeIgniter\View\View->CodeIgniter\View\{closure}()
10 APPPATH\View\View.php(357): CodeIgniter\View\View->render('backend/index', [], true)
11 SYSTEMPATH\Common.php(1250): App\View\View->render('backend/index', [], true)
12 APPPATH\Controllers\Student.php(340): view('backend/index', [...])
13 APPPATH\Config\Routes.php(341): App\Controllers\Student->dashboard()
14 SYSTEMPATH\CodeIgniter.php(872): CodeIgniter\Router\RouteCollection::{closure}()
15 SYSTEMPATH\CodeIgniter.php(480): CodeIgniter\CodeIgniter->startController()
16 SYSTEMPATH\CodeIgniter.php(340): CodeIgniter\CodeIgniter->handleRequest(null, Object(Config\Cache), false)
17 SYSTEMPATH\Boot.php(417): CodeIgniter\CodeIgniter->run()
18 SYSTEMPATH\Boot.php(68): CodeIgniter\Boot::runCodeIgniter(Object(CodeIgniter\CodeIgniter))
19 FCPATH\index.php(75): CodeIgniter\Boot::bootWeb(Object(Config\Paths))
DEBUG - 2026-04-13 12:30:06 --> Session: Class initialized using 'CodeIgniter\Session\Handlers\FileHandler' driver.
INFO - 2026-04-13 12:30:10 --> CSRF token verified.
DEBUG - 2026-04-13 12:30:10 --> Session: Class initialized using 'CodeIgniter\Session\Handlers\FileHandler' driver.
DEBUG - 2026-04-13 12:30:10 --> Session: Class initialized using 'CodeIgniter\Session\Handlers\FileHandler' driver.
DEBUG - 2026-04-13 12:30:10 --> Teacher construct - is_teacher: true, school_id: 112, method: GET
DEBUG - 2026-04-13 12:30:10 --> Teacher construct - school_id: 112, is_paid: 0, subscription_end: 0, now: 1776079810
DEBUG - 2026-04-13 12:30:10 --> Teacher construct - Trial expired detected
DEBUG - 2026-04-13 12:30:10 --> Teacher construct - Access blocked for method 'GET' (trial_expired: true, subscription_expired: false, school_not_approved: false)
DEBUG - 2026-04-13 12:30:10 --> Total exams not yet taken calculated for school_id 112: 2
ERROR - 2026-04-13 12:30:10 --> trial_expired_modal: current_role=teacher
ERROR - 2026-04-13 12:30:10 --> trial_expired_modal DEBUG: school_id=112, payment_url=http://localhost/School-Management-De_migration/home/communities
ERROR - 2026-04-13 12:30:10 --> trial_expired_modal: subscription_admin invoice found: none
ERROR - 2026-04-13 12:30:10 --> trial_expired_modal: any unpaid invoice found: none
ERROR - 2026-04-13 12:30:10 --> Table 'wayo_db.events' doesn't exist
in SYSTEMPATH\Database\MySQLi\Connection.php on line 300.
 1 SYSTEMPATH\Database\MySQLi\Connection.php(300): mysqli->query('SELECT *
FROM `events`
WHERE `school_id` = \'112\'
AND `date` >= \'2026-04-01\'
AND `date` <= \'2026-04-30\'', 0)
 2 SYSTEMPATH\Database\BaseConnection.php(910): CodeIgniter\Database\MySQLi\Connection->execute('SELECT *
FROM `events`
WHERE `school_id` = \'112\'
AND `date` >= \'2026-04-01\'
AND `date` <= \'2026-04-30\'')
 3 SYSTEMPATH\Database\BaseConnection.php(827): CodeIgniter\Database\BaseConnection->simpleQuery('SELECT *
FROM `events`
WHERE `school_id` = \'112\'
AND `date` >= \'2026-04-01\'
AND `date` <= \'2026-04-30\'')
 4 SYSTEMPATH\Database\BaseBuilder.php(1649): CodeIgniter\Database\BaseConnection->query('SELECT *
FROM `events`
WHERE `school_id` = :school_id:
AND `date` >= :date:
AND `date` <= :date.1:', [...], false)
 5 APPPATH\Models\Crud_model.php(349): CodeIgniter\Database\BaseBuilder->get()
 6 APPPATH\Views\backend\teacher\dashboard\index.php(592): App\Models\Crud_model->get_current_month_events()
 7 APPPATH\Views\backend\index.php(147): include('C:\\xampp\\htdocs\\School-Management-De_migration\\app\\Views\\backend\\teacher\\dashboard\\index.php')
 8 SYSTEMPATH\View\View.php(240): include('C:\\xampp\\htdocs\\School-Management-De_migration\\app\\Views\\backend\\index.php')
 9 SYSTEMPATH\View\View.php(243): CodeIgniter\View\View->CodeIgniter\View\{closure}()
10 APPPATH\View\View.php(357): CodeIgniter\View\View->render('backend/index', [], true)
11 SYSTEMPATH\Common.php(1250): App\View\View->render('backend/index', [], true)
12 APPPATH\Controllers\Teacher.php(164): view('backend/index', [...])
13 APPPATH\Config\Routes.php(341): App\Controllers\Teacher->dashboard()
14 SYSTEMPATH\CodeIgniter.php(872): CodeIgniter\Router\RouteCollection::{closure}()
15 SYSTEMPATH\CodeIgniter.php(480): CodeIgniter\CodeIgniter->startController()
16 SYSTEMPATH\CodeIgniter.php(340): CodeIgniter\CodeIgniter->handleRequest(null, Object(Config\Cache), false)
17 SYSTEMPATH\Boot.php(417): CodeIgniter\CodeIgniter->run()
18 SYSTEMPATH\Boot.php(68): CodeIgniter\Boot::runCodeIgniter(Object(CodeIgniter\CodeIgniter))
19 FCPATH\index.php(75): CodeIgniter\Boot::bootWeb(Object(Config\Paths))
DEBUG - 2026-04-13 12:30:11 --> Session: Class initialized using 'CodeIgniter\Session\Handlers\FileHandler' driver.
DEBUG - 2026-04-13 12:31:05 --> Session: Class initialized using 'CodeIgniter\Session\Handlers\FileHandler' driver.
DEBUG - 2026-04-13 12:32:13 --> Session: Class initialized using 'CodeIgniter\Session\Handlers\FileHandler' driver.
DEBUG - 2026-04-13 12:32:26 --> Session: Class initialized using 'CodeIgniter\Session\Handlers\FileHandler' driver.
DEBUG - 2026-04-13 12:32:28 --> Session: Class initialized using 'CodeIgniter\Session\Handlers\FileHandler' driver.
INFO - 2026-04-13 12:35:52 --> CSRF token verified.
DEBUG - 2026-04-13 12:35:52 --> Session: Class initialized using 'CodeIgniter\Session\Handlers\FileHandler' driver.
WARNING - 2026-04-13 12:35:53 --> Failed login attempt - Email: olaola55@gmail.com, IP: ::1, Reason: Invalid password
INFO - 2026-04-13 12:35:54 --> CSRF token verified.
DEBUG - 2026-04-13 12:35:55 --> Session: Class initialized using 'CodeIgniter\Session\Handlers\FileHandler' driver.
WARNING - 2026-04-13 12:35:56 --> Failed login attempt - Email: olaola55@gmail.com, IP: ::1, Reason: Invalid password
DEBUG - 2026-04-13 12:35:57 --> Session: Class initialized using 'CodeIgniter\Session\Handlers\FileHandler' driver.
INFO - 2026-04-13 12:36:12 --> CSRF token verified.
DEBUG - 2026-04-13 12:36:12 --> Session: Class initialized using 'CodeIgniter\Session\Handlers\FileHandler' driver.
WARNING - 2026-04-13 12:36:13 --> Failed login attempt - Email: olaola55@gmail.com, IP: ::1, Reason: Invalid password
DEBUG - 2026-04-13 12:37:14 --> Session: Class initialized using 'CodeIgniter\Session\Handlers\FileHandler' driver.
DEBUG - 2026-04-13 12:37:19 --> Session: Class initialized using 'CodeIgniter\Session\Handlers\FileHandler' driver.
DEBUG - 2026-04-13 12:38:13 --> Session: Class initialized using 'CodeIgniter\Session\Handlers\FileHandler' driver.
DEBUG - 2026-04-13 12:38:26 --> Session: Class initialized using 'CodeIgniter\Session\Handlers\FileHandler' driver.
INFO - 2026-04-13 12:38:34 --> CSRF token verified.
DEBUG - 2026-04-13 12:38:34 --> Session: Class initialized using 'CodeIgniter\Session\Handlers\FileHandler' driver.
INFO - 2026-04-13 12:38:34 --> Successful login - Email: olaola55@gmail.com, IP: ::1, Role: admin
INFO - 2026-04-13 12:38:34 --> CSRF token verified.
DEBUG - 2026-04-13 12:38:34 --> Session: Class initialized using 'CodeIgniter\Session\Handlers\FileHandler' driver.
INFO - 2026-04-13 12:38:35 --> Successful login - Email: olaola55@gmail.com, IP: ::1, Role: admin
DEBUG - 2026-04-13 12:38:35 --> Session: Class initialized using 'CodeIgniter\Session\Handlers\FileHandler' driver.
DEBUG - 2026-04-13 12:38:36 --> Total exams not yet taken calculated for school_id 113: 0
ERROR - 2026-04-13 12:38:36 --> Table 'wayo_db.events' doesn't exist
in SYSTEMPATH\Database\MySQLi\Connection.php on line 300.
 1 SYSTEMPATH\Database\MySQLi\Connection.php(300): mysqli->query('SELECT *
FROM `events`
WHERE `school_id` = \'113\'
AND `date` >= \'2026-04-01\'
AND `date` <= \'2026-04-30\'', 0)
 2 SYSTEMPATH\Database\BaseConnection.php(910): CodeIgniter\Database\MySQLi\Connection->execute('SELECT *
FROM `events`
WHERE `school_id` = \'113\'
AND `date` >= \'2026-04-01\'
AND `date` <= \'2026-04-30\'')
 3 SYSTEMPATH\Database\BaseConnection.php(827): CodeIgniter\Database\BaseConnection->simpleQuery('SELECT *
FROM `events`
WHERE `school_id` = \'113\'
AND `date` >= \'2026-04-01\'
AND `date` <= \'2026-04-30\'')
 4 SYSTEMPATH\Database\BaseBuilder.php(1649): CodeIgniter\Database\BaseConnection->query('SELECT *
FROM `events`
WHERE `school_id` = :school_id:
AND `date` >= :date:
AND `date` <= :date.1:', [...], false)
 5 APPPATH\Models\Crud_model.php(349): CodeIgniter\Database\BaseBuilder->get()
 6 APPPATH\Views\backend\admin\dashboard\index.php(681): App\Models\Crud_model->get_current_month_events()
 7 APPPATH\Views\backend\index.php(147): include('C:\\xampp\\htdocs\\School-Management-De_migration\\app\\Views\\backend\\admin\\dashboard\\index.php')
 8 SYSTEMPATH\View\View.php(240): include('C:\\xampp\\htdocs\\School-Management-De_migration\\app\\Views\\backend\\index.php')
 9 SYSTEMPATH\View\View.php(243): CodeIgniter\View\View->CodeIgniter\View\{closure}()
10 APPPATH\View\View.php(357): CodeIgniter\View\View->render('backend/index', [], true)
11 SYSTEMPATH\Common.php(1250): App\View\View->render('backend/index', [], true)
12 APPPATH\Controllers\Admin.php(108): view('backend/index', [...])
13 APPPATH\Config\Routes.php(341): App\Controllers\Admin->dashboard()
14 SYSTEMPATH\CodeIgniter.php(872): CodeIgniter\Router\RouteCollection::{closure}()
15 SYSTEMPATH\CodeIgniter.php(480): CodeIgniter\CodeIgniter->startController()
16 SYSTEMPATH\CodeIgniter.php(340): CodeIgniter\CodeIgniter->handleRequest(null, Object(Config\Cache), false)
17 SYSTEMPATH\Boot.php(417): CodeIgniter\CodeIgniter->run()
18 SYSTEMPATH\Boot.php(68): CodeIgniter\Boot::runCodeIgniter(Object(CodeIgniter\CodeIgniter))
19 FCPATH\index.php(75): CodeIgniter\Boot::bootWeb(Object(Config\Paths))
ERROR - 2026-04-13 12:38:36 --> Table 'wayo_db.events' doesn't exist
in SYSTEMPATH\Database\MySQLi\Connection.php on line 300.
 1 SYSTEMPATH\Database\MySQLi\Connection.php(300): mysqli->query('SELECT *
FROM `events`
WHERE `school_id` = \'113\'
AND `date` >= \'2026-04-01\'
AND `date` <= \'2026-04-30\'', 0)
 2 SYSTEMPATH\Database\BaseConnection.php(910): CodeIgniter\Database\MySQLi\Connection->execute('SELECT *
FROM `events`
WHERE `school_id` = \'113\'
AND `date` >= \'2026-04-01\'
AND `date` <= \'2026-04-30\'')
 3 SYSTEMPATH\Database\BaseConnection.php(827): CodeIgniter\Database\BaseConnection->simpleQuery('SELECT *
FROM `events`
WHERE `school_id` = \'113\'
AND `date` >= \'2026-04-01\'
AND `date` <= \'2026-04-30\'')
 4 SYSTEMPATH\Database\BaseBuilder.php(1649): CodeIgniter\Database\BaseConnection->query('SELECT *
FROM `events`
WHERE `school_id` = :school_id:
AND `date` >= :date:
AND `date` <= :date.1:', [...], false)
 5 APPPATH\Models\Crud_model.php(349): CodeIgniter\Database\BaseBuilder->get()
 6 APPPATH\Views\backend\admin\dashboard\index.php(719): App\Models\Crud_model->get_current_month_events()
 7 APPPATH\Views\backend\index.php(147): include('C:\\xampp\\htdocs\\School-Management-De_migration\\app\\Views\\backend\\admin\\dashboard\\index.php')
 8 SYSTEMPATH\View\View.php(240): include('C:\\xampp\\htdocs\\School-Management-De_migration\\app\\Views\\backend\\index.php')
 9 SYSTEMPATH\View\View.php(243): CodeIgniter\View\View->CodeIgniter\View\{closure}()
10 APPPATH\View\View.php(357): CodeIgniter\View\View->render('backend/index', [], true)
11 SYSTEMPATH\Common.php(1250): App\View\View->render('backend/index', [], true)
12 APPPATH\Controllers\Admin.php(108): view('backend/index', [...])
13 APPPATH\Config\Routes.php(341): App\Controllers\Admin->dashboard()
14 SYSTEMPATH\CodeIgniter.php(872): CodeIgniter\Router\RouteCollection::{closure}()
15 SYSTEMPATH\CodeIgniter.php(480): CodeIgniter\CodeIgniter->startController()
16 SYSTEMPATH\CodeIgniter.php(340): CodeIgniter\CodeIgniter->handleRequest(null, Object(Config\Cache), false)
17 SYSTEMPATH\Boot.php(417): CodeIgniter\CodeIgniter->run()
18 SYSTEMPATH\Boot.php(68): CodeIgniter\Boot::runCodeIgniter(Object(CodeIgniter\CodeIgniter))
19 FCPATH\index.php(75): CodeIgniter\Boot::bootWeb(Object(Config\Paths))
ERROR - 2026-04-13 12:38:36 --> User_model: Student details not found for user_id: 188
INFO - 2026-04-13 12:38:43 --> CSRF token verified.
DEBUG - 2026-04-13 12:38:43 --> Session: Class initialized using 'CodeIgniter\Session\Handlers\FileHandler' driver.
INFO - 2026-04-13 12:38:43 --> Successful login - Email: fattahallam1949@gmail.com, IP: ::1, Role: teacher
DEBUG - 2026-04-13 12:38:45 --> Session: Class initialized using 'CodeIgniter\Session\Handlers\FileHandler' driver.
DEBUG - 2026-04-13 12:38:45 --> Teacher construct - is_teacher: true, school_id: 112, method: GET
DEBUG - 2026-04-13 12:38:45 --> Teacher construct - school_id: 112, is_paid: 0, subscription_end: 0, now: 1776080325
DEBUG - 2026-04-13 12:38:45 --> Teacher construct - Trial expired detected
DEBUG - 2026-04-13 12:38:45 --> Teacher construct - Access blocked for method 'GET' (trial_expired: true, subscription_expired: false, school_not_approved: false)
DEBUG - 2026-04-13 12:38:46 --> Total exams not yet taken calculated for school_id 112: 2
ERROR - 2026-04-13 12:38:46 --> trial_expired_modal: current_role=teacher
ERROR - 2026-04-13 12:38:46 --> trial_expired_modal DEBUG: school_id=112, payment_url=http://localhost/School-Management-De_migration/home/communities
ERROR - 2026-04-13 12:38:46 --> trial_expired_modal: subscription_admin invoice found: none
ERROR - 2026-04-13 12:38:46 --> trial_expired_modal: any unpaid invoice found: none
ERROR - 2026-04-13 12:38:46 --> Table 'wayo_db.events' doesn't exist
in SYSTEMPATH\Database\MySQLi\Connection.php on line 300.
 1 SYSTEMPATH\Database\MySQLi\Connection.php(300): mysqli->query('SELECT *
FROM `events`
WHERE `school_id` = \'112\'
AND `date` >= \'2026-04-01\'
AND `date` <= \'2026-04-30\'', 0)
 2 SYSTEMPATH\Database\BaseConnection.php(910): CodeIgniter\Database\MySQLi\Connection->execute('SELECT *
FROM `events`
WHERE `school_id` = \'112\'
AND `date` >= \'2026-04-01\'
AND `date` <= \'2026-04-30\'')
 3 SYSTEMPATH\Database\BaseConnection.php(827): CodeIgniter\Database\BaseConnection->simpleQuery('SELECT *
FROM `events`
WHERE `school_id` = \'112\'
AND `date` >= \'2026-04-01\'
AND `date` <= \'2026-04-30\'')
 4 SYSTEMPATH\Database\BaseBuilder.php(1649): CodeIgniter\Database\BaseConnection->query('SELECT *
FROM `events`
WHERE `school_id` = :school_id:
AND `date` >= :date:
AND `date` <= :date.1:', [...], false)
 5 APPPATH\Models\Crud_model.php(349): CodeIgniter\Database\BaseBuilder->get()
 6 APPPATH\Views\backend\teacher\dashboard\index.php(592): App\Models\Crud_model->get_current_month_events()
 7 APPPATH\Views\backend\index.php(147): include('C:\\xampp\\htdocs\\School-Management-De_migration\\app\\Views\\backend\\teacher\\dashboard\\index.php')
 8 SYSTEMPATH\View\View.php(240): include('C:\\xampp\\htdocs\\School-Management-De_migration\\app\\Views\\backend\\index.php')
 9 SYSTEMPATH\View\View.php(243): CodeIgniter\View\View->CodeIgniter\View\{closure}()
10 APPPATH\View\View.php(357): CodeIgniter\View\View->render('backend/index', [], true)
11 SYSTEMPATH\Common.php(1250): App\View\View->render('backend/index', [], true)
12 APPPATH\Controllers\Teacher.php(164): view('backend/index', [...])
13 APPPATH\Config\Routes.php(341): App\Controllers\Teacher->dashboard()
14 SYSTEMPATH\CodeIgniter.php(872): CodeIgniter\Router\RouteCollection::{closure}()
15 SYSTEMPATH\CodeIgniter.php(480): CodeIgniter\CodeIgniter->startController()
16 SYSTEMPATH\CodeIgniter.php(340): CodeIgniter\CodeIgniter->handleRequest(null, Object(Config\Cache), false)
17 SYSTEMPATH\Boot.php(417): CodeIgniter\CodeIgniter->run()
18 SYSTEMPATH\Boot.php(68): CodeIgniter\Boot::runCodeIgniter(Object(CodeIgniter\CodeIgniter))
19 FCPATH\index.php(75): CodeIgniter\Boot::bootWeb(Object(Config\Paths))
DEBUG - 2026-04-13 12:38:50 --> Session: Class initialized using 'CodeIgniter\Session\Handlers\FileHandler' driver.
DEBUG - 2026-04-13 12:38:50 --> Session: Class initialized using 'CodeIgniter\Session\Handlers\FileHandler' driver.
DEBUG - 2026-04-13 12:39:00 --> Session: Class initialized using 'CodeIgniter\Session\Handlers\FileHandler' driver.
DEBUG - 2026-04-13 12:39:09 --> Session: Class initialized using 'CodeIgniter\Session\Handlers\FileHandler' driver.
DEBUG - 2026-04-13 12:39:09 --> Session: Class initialized using 'CodeIgniter\Session\Handlers\FileHandler' driver.
CRITICAL - 2026-04-13 12:39:12 --> CodeIgniter\Security\Exceptions\SecurityException: The action you requested is not allowed.
[Method: POST, Route: home/switch_community_role_front]
in SYSTEMPATH\Security\Security.php on line 258.
 1 SYSTEMPATH\Security\Security.php(258): CodeIgniter\Security\Exceptions\SecurityException::forDisallowedAction()
 2 SYSTEMPATH\Filters\CSRF.php(52): CodeIgniter\Security\Security->verify(Object(CodeIgniter\HTTP\IncomingRequest))
 3 SYSTEMPATH\Filters\Filters.php(241): CodeIgniter\Filters\CSRF->before(Object(CodeIgniter\HTTP\IncomingRequest), null)
 4 SYSTEMPATH\Filters\Filters.php(221): CodeIgniter\Filters\Filters->runBefore([...])
 5 SYSTEMPATH\CodeIgniter.php(465): CodeIgniter\Filters\Filters->run('home/switch_community_role_front', 'before')
 6 SYSTEMPATH\CodeIgniter.php(340): CodeIgniter\CodeIgniter->handleRequest(null, Object(Config\Cache), false)
 7 SYSTEMPATH\Boot.php(417): CodeIgniter\CodeIgniter->run()
 8 SYSTEMPATH\Boot.php(68): CodeIgniter\Boot::runCodeIgniter(Object(CodeIgniter\CodeIgniter))
 9 FCPATH\index.php(75): CodeIgniter\Boot::bootWeb(Object(Config\Paths))
CRITICAL - 2026-04-13 12:39:23 --> CodeIgniter\Security\Exceptions\SecurityException: The action you requested is not allowed.
[Method: POST, Route: home/switch_community_role_front]
in SYSTEMPATH\Security\Security.php on line 258.
 1 SYSTEMPATH\Security\Security.php(258): CodeIgniter\Security\Exceptions\SecurityException::forDisallowedAction()
 2 SYSTEMPATH\Filters\CSRF.php(52): CodeIgniter\Security\Security->verify(Object(CodeIgniter\HTTP\IncomingRequest))
 3 SYSTEMPATH\Filters\Filters.php(241): CodeIgniter\Filters\CSRF->before(Object(CodeIgniter\HTTP\IncomingRequest), null)
 4 SYSTEMPATH\Filters\Filters.php(221): CodeIgniter\Filters\Filters->runBefore([...])
 5 SYSTEMPATH\CodeIgniter.php(465): CodeIgniter\Filters\Filters->run('home/switch_community_role_front', 'before')
 6 SYSTEMPATH\CodeIgniter.php(340): CodeIgniter\CodeIgniter->handleRequest(null, Object(Config\Cache), false)
 7 SYSTEMPATH\Boot.php(417): CodeIgniter\CodeIgniter->run()
 8 SYSTEMPATH\Boot.php(68): CodeIgniter\Boot::runCodeIgniter(Object(CodeIgniter\CodeIgniter))
 9 FCPATH\index.php(75): CodeIgniter\Boot::bootWeb(Object(Config\Paths))
DEBUG - 2026-04-13 12:41:50 --> Session: Class initialized using 'CodeIgniter\Session\Handlers\FileHandler' driver.
DEBUG - 2026-04-13 12:41:52 --> Total exams not yet taken calculated for school_id 113: 0
ERROR - 2026-04-13 12:41:52 --> Table 'wayo_db.events' doesn't exist
in SYSTEMPATH\Database\MySQLi\Connection.php on line 300.
 1 SYSTEMPATH\Database\MySQLi\Connection.php(300): mysqli->query('SELECT *
FROM `events`
WHERE `school_id` = \'113\'
AND `date` >= \'2026-04-01\'
AND `date` <= \'2026-04-30\'', 0)
 2 SYSTEMPATH\Database\BaseConnection.php(910): CodeIgniter\Database\MySQLi\Connection->execute('SELECT *
FROM `events`
WHERE `school_id` = \'113\'
AND `date` >= \'2026-04-01\'
AND `date` <= \'2026-04-30\'')
 3 SYSTEMPATH\Database\BaseConnection.php(827): CodeIgniter\Database\BaseConnection->simpleQuery('SELECT *
FROM `events`
WHERE `school_id` = \'113\'
AND `date` >= \'2026-04-01\'
AND `date` <= \'2026-04-30\'')
 4 SYSTEMPATH\Database\BaseBuilder.php(1649): CodeIgniter\Database\BaseConnection->query('SELECT *
FROM `events`
WHERE `school_id` = :school_id:
AND `date` >= :date:
AND `date` <= :date.1:', [...], false)
 5 APPPATH\Models\Crud_model.php(349): CodeIgniter\Database\BaseBuilder->get()
 6 APPPATH\Views\backend\admin\dashboard\index.php(681): App\Models\Crud_model->get_current_month_events()
 7 APPPATH\Views\backend\index.php(147): include('C:\\xampp\\htdocs\\School-Management-De_migration\\app\\Views\\backend\\admin\\dashboard\\index.php')
 8 SYSTEMPATH\View\View.php(240): include('C:\\xampp\\htdocs\\School-Management-De_migration\\app\\Views\\backend\\index.php')
 9 SYSTEMPATH\View\View.php(243): CodeIgniter\View\View->CodeIgniter\View\{closure}()
10 APPPATH\View\View.php(357): CodeIgniter\View\View->render('backend/index', [], true)
11 SYSTEMPATH\Common.php(1250): App\View\View->render('backend/index', [], true)
12 APPPATH\Controllers\Admin.php(108): view('backend/index', [...])
13 APPPATH\Config\Routes.php(341): App\Controllers\Admin->dashboard()
14 SYSTEMPATH\CodeIgniter.php(872): CodeIgniter\Router\RouteCollection::{closure}()
15 SYSTEMPATH\CodeIgniter.php(480): CodeIgniter\CodeIgniter->startController()
16 SYSTEMPATH\CodeIgniter.php(340): CodeIgniter\CodeIgniter->handleRequest(null, Object(Config\Cache), false)
17 SYSTEMPATH\Boot.php(417): CodeIgniter\CodeIgniter->run()
18 SYSTEMPATH\Boot.php(68): CodeIgniter\Boot::runCodeIgniter(Object(CodeIgniter\CodeIgniter))
19 FCPATH\index.php(75): CodeIgniter\Boot::bootWeb(Object(Config\Paths))
ERROR - 2026-04-13 12:41:52 --> Table 'wayo_db.events' doesn't exist
in SYSTEMPATH\Database\MySQLi\Connection.php on line 300.
 1 SYSTEMPATH\Database\MySQLi\Connection.php(300): mysqli->query('SELECT *
FROM `events`
WHERE `school_id` = \'113\'
AND `date` >= \'2026-04-01\'
AND `date` <= \'2026-04-30\'', 0)
 2 SYSTEMPATH\Database\BaseConnection.php(910): CodeIgniter\Database\MySQLi\Connection->execute('SELECT *
FROM `events`
WHERE `school_id` = \'113\'
AND `date` >= \'2026-04-01\'
AND `date` <= \'2026-04-30\'')
 3 SYSTEMPATH\Database\BaseConnection.php(827): CodeIgniter\Database\BaseConnection->simpleQuery('SELECT *
FROM `events`
WHERE `school_id` = \'113\'
AND `date` >= \'2026-04-01\'
AND `date` <= \'2026-04-30\'')
 4 SYSTEMPATH\Database\BaseBuilder.php(1649): CodeIgniter\Database\BaseConnection->query('SELECT *
FROM `events`
WHERE `school_id` = :school_id:
AND `date` >= :date:
AND `date` <= :date.1:', [...], false)
 5 APPPATH\Models\Crud_model.php(349): CodeIgniter\Database\BaseBuilder->get()
 6 APPPATH\Views\backend\admin\dashboard\index.php(719): App\Models\Crud_model->get_current_month_events()
 7 APPPATH\Views\backend\index.php(147): include('C:\\xampp\\htdocs\\School-Management-De_migration\\app\\Views\\backend\\admin\\dashboard\\index.php')
 8 SYSTEMPATH\View\View.php(240): include('C:\\xampp\\htdocs\\School-Management-De_migration\\app\\Views\\backend\\index.php')
 9 SYSTEMPATH\View\View.php(243): CodeIgniter\View\View->CodeIgniter\View\{closure}()
10 APPPATH\View\View.php(357): CodeIgniter\View\View->render('backend/index', [], true)
11 SYSTEMPATH\Common.php(1250): App\View\View->render('backend/index', [], true)
12 APPPATH\Controllers\Admin.php(108): view('backend/index', [...])
13 APPPATH\Config\Routes.php(341): App\Controllers\Admin->dashboard()
14 SYSTEMPATH\CodeIgniter.php(872): CodeIgniter\Router\RouteCollection::{closure}()
15 SYSTEMPATH\CodeIgniter.php(480): CodeIgniter\CodeIgniter->startController()
16 SYSTEMPATH\CodeIgniter.php(340): CodeIgniter\CodeIgniter->handleRequest(null, Object(Config\Cache), false)
17 SYSTEMPATH\Boot.php(417): CodeIgniter\CodeIgniter->run()
18 SYSTEMPATH\Boot.php(68): CodeIgniter\Boot::runCodeIgniter(Object(CodeIgniter\CodeIgniter))
19 FCPATH\index.php(75): CodeIgniter\Boot::bootWeb(Object(Config\Paths))
ERROR - 2026-04-13 12:41:53 --> User_model: Student details not found for user_id: 188
DEBUG - 2026-04-13 12:41:53 --> Session: Class initialized using 'CodeIgniter\Session\Handlers\FileHandler' driver.
DEBUG - 2026-04-13 12:41:54 --> Total exams not yet taken calculated for school_id 113: 0
ERROR - 2026-04-13 12:41:55 --> Table 'wayo_db.events' doesn't exist
in SYSTEMPATH\Database\MySQLi\Connection.php on line 300.
 1 SYSTEMPATH\Database\MySQLi\Connection.php(300): mysqli->query('SELECT *
FROM `events`
WHERE `school_id` = \'113\'
AND `date` >= \'2026-04-01\'
AND `date` <= \'2026-04-30\'', 0)
 2 SYSTEMPATH\Database\BaseConnection.php(910): CodeIgniter\Database\MySQLi\Connection->execute('SELECT *
FROM `events`
WHERE `school_id` = \'113\'
AND `date` >= \'2026-04-01\'
AND `date` <= \'2026-04-30\'')
 3 SYSTEMPATH\Database\BaseConnection.php(827): CodeIgniter\Database\BaseConnection->simpleQuery('SELECT *
FROM `events`
WHERE `school_id` = \'113\'
AND `date` >= \'2026-04-01\'
AND `date` <= \'2026-04-30\'')
 4 SYSTEMPATH\Database\BaseBuilder.php(1649): CodeIgniter\Database\BaseConnection->query('SELECT *
FROM `events`
WHERE `school_id` = :school_id:
AND `date` >= :date:
AND `date` <= :date.1:', [...], false)
 5 APPPATH\Models\Crud_model.php(349): CodeIgniter\Database\BaseBuilder->get()
 6 APPPATH\Views\backend\admin\dashboard\index.php(681): App\Models\Crud_model->get_current_month_events()
 7 APPPATH\Views\backend\index.php(147): include('C:\\xampp\\htdocs\\School-Management-De_migration\\app\\Views\\backend\\admin\\dashboard\\index.php')
 8 SYSTEMPATH\View\View.php(240): include('C:\\xampp\\htdocs\\School-Management-De_migration\\app\\Views\\backend\\index.php')
 9 SYSTEMPATH\View\View.php(243): CodeIgniter\View\View->CodeIgniter\View\{closure}()
10 APPPATH\View\View.php(357): CodeIgniter\View\View->render('backend/index', [], true)
11 SYSTEMPATH\Common.php(1250): App\View\View->render('backend/index', [], true)
12 APPPATH\Controllers\Admin.php(108): view('backend/index', [...])
13 APPPATH\Config\Routes.php(341): App\Controllers\Admin->dashboard()
14 SYSTEMPATH\CodeIgniter.php(872): CodeIgniter\Router\RouteCollection::{closure}()
15 SYSTEMPATH\CodeIgniter.php(480): CodeIgniter\CodeIgniter->startController()
16 SYSTEMPATH\CodeIgniter.php(340): CodeIgniter\CodeIgniter->handleRequest(null, Object(Config\Cache), false)
17 SYSTEMPATH\Boot.php(417): CodeIgniter\CodeIgniter->run()
18 SYSTEMPATH\Boot.php(68): CodeIgniter\Boot::runCodeIgniter(Object(CodeIgniter\CodeIgniter))
19 FCPATH\index.php(75): CodeIgniter\Boot::bootWeb(Object(Config\Paths))
ERROR - 2026-04-13 12:41:55 --> Table 'wayo_db.events' doesn't exist
in SYSTEMPATH\Database\MySQLi\Connection.php on line 300.
 1 SYSTEMPATH\Database\MySQLi\Connection.php(300): mysqli->query('SELECT *
FROM `events`
WHERE `school_id` = \'113\'
AND `date` >= \'2026-04-01\'
AND `date` <= \'2026-04-30\'', 0)
 2 SYSTEMPATH\Database\BaseConnection.php(910): CodeIgniter\Database\MySQLi\Connection->execute('SELECT *
FROM `events`
WHERE `school_id` = \'113\'
AND `date` >= \'2026-04-01\'
AND `date` <= \'2026-04-30\'')
 3 SYSTEMPATH\Database\BaseConnection.php(827): CodeIgniter\Database\BaseConnection->simpleQuery('SELECT *
FROM `events`
WHERE `school_id` = \'113\'
AND `date` >= \'2026-04-01\'
AND `date` <= \'2026-04-30\'')
 4 SYSTEMPATH\Database\BaseBuilder.php(1649): CodeIgniter\Database\BaseConnection->query('SELECT *
FROM `events`
WHERE `school_id` = :school_id:
AND `date` >= :date:
AND `date` <= :date.1:', [...], false)
 5 APPPATH\Models\Crud_model.php(349): CodeIgniter\Database\BaseBuilder->get()
 6 APPPATH\Views\backend\admin\dashboard\index.php(719): App\Models\Crud_model->get_current_month_events()
 7 APPPATH\Views\backend\index.php(147): include('C:\\xampp\\htdocs\\School-Management-De_migration\\app\\Views\\backend\\admin\\dashboard\\index.php')
 8 SYSTEMPATH\View\View.php(240): include('C:\\xampp\\htdocs\\School-Management-De_migration\\app\\Views\\backend\\index.php')
 9 SYSTEMPATH\View\View.php(243): CodeIgniter\View\View->CodeIgniter\View\{closure}()
10 APPPATH\View\View.php(357): CodeIgniter\View\View->render('backend/index', [], true)
11 SYSTEMPATH\Common.php(1250): App\View\View->render('backend/index', [], true)
12 APPPATH\Controllers\Admin.php(108): view('backend/index', [...])
13 APPPATH\Config\Routes.php(341): App\Controllers\Admin->dashboard()
14 SYSTEMPATH\CodeIgniter.php(872): CodeIgniter\Router\RouteCollection::{closure}()
15 SYSTEMPATH\CodeIgniter.php(480): CodeIgniter\CodeIgniter->startController()
16 SYSTEMPATH\CodeIgniter.php(340): CodeIgniter\CodeIgniter->handleRequest(null, Object(Config\Cache), false)
17 SYSTEMPATH\Boot.php(417): CodeIgniter\CodeIgniter->run()
18 SYSTEMPATH\Boot.php(68): CodeIgniter\Boot::runCodeIgniter(Object(CodeIgniter\CodeIgniter))
19 FCPATH\index.php(75): CodeIgniter\Boot::bootWeb(Object(Config\Paths))
ERROR - 2026-04-13 12:41:55 --> User_model: Student details not found for user_id: 188
DEBUG - 2026-04-13 12:49:11 --> Session: Class initialized using 'CodeIgniter\Session\Handlers\FileHandler' driver.
DEBUG - 2026-04-13 12:49:15 --> Total exams not yet taken calculated for school_id 113: 0
ERROR - 2026-04-13 12:49:17 --> Table 'wayo_db.events' doesn't exist
in SYSTEMPATH\Database\MySQLi\Connection.php on line 300.
 1 SYSTEMPATH\Database\MySQLi\Connection.php(300): mysqli->query('SELECT *
FROM `events`
WHERE `school_id` = \'113\'
AND `date` >= \'2026-04-01\'
AND `date` <= \'2026-04-30\'', 0)
 2 SYSTEMPATH\Database\BaseConnection.php(910): CodeIgniter\Database\MySQLi\Connection->execute('SELECT *
FROM `events`
WHERE `school_id` = \'113\'
AND `date` >= \'2026-04-01\'
AND `date` <= \'2026-04-30\'')
 3 SYSTEMPATH\Database\BaseConnection.php(827): CodeIgniter\Database\BaseConnection->simpleQuery('SELECT *
FROM `events`
WHERE `school_id` = \'113\'
AND `date` >= \'2026-04-01\'
AND `date` <= \'2026-04-30\'')
 4 SYSTEMPATH\Database\BaseBuilder.php(1649): CodeIgniter\Database\BaseConnection->query('SELECT *
FROM `events`
WHERE `school_id` = :school_id:
AND `date` >= :date:
AND `date` <= :date.1:', [...], false)
 5 APPPATH\Models\Crud_model.php(349): CodeIgniter\Database\BaseBuilder->get()
 6 APPPATH\Views\backend\admin\dashboard\index.php(681): App\Models\Crud_model->get_current_month_events()
 7 APPPATH\Views\backend\index.php(147): include('C:\\xampp\\htdocs\\School-Management-De_migration\\app\\Views\\backend\\admin\\dashboard\\index.php')
 8 SYSTEMPATH\View\View.php(240): include('C:\\xampp\\htdocs\\School-Management-De_migration\\app\\Views\\backend\\index.php')
 9 SYSTEMPATH\View\View.php(243): CodeIgniter\View\View->CodeIgniter\View\{closure}()
10 APPPATH\View\View.php(357): CodeIgniter\View\View->render('backend/index', [], true)
11 SYSTEMPATH\Common.php(1250): App\View\View->render('backend/index', [], true)
12 APPPATH\Controllers\Admin.php(108): view('backend/index', [...])
13 APPPATH\Config\Routes.php(341): App\Controllers\Admin->dashboard()
14 SYSTEMPATH\CodeIgniter.php(872): CodeIgniter\Router\RouteCollection::{closure}()
15 SYSTEMPATH\CodeIgniter.php(480): CodeIgniter\CodeIgniter->startController()
16 SYSTEMPATH\CodeIgniter.php(340): CodeIgniter\CodeIgniter->handleRequest(null, Object(Config\Cache), false)
17 SYSTEMPATH\Boot.php(417): CodeIgniter\CodeIgniter->run()
18 SYSTEMPATH\Boot.php(68): CodeIgniter\Boot::runCodeIgniter(Object(CodeIgniter\CodeIgniter))
19 FCPATH\index.php(75): CodeIgniter\Boot::bootWeb(Object(Config\Paths))
ERROR - 2026-04-13 12:49:17 --> Table 'wayo_db.events' doesn't exist
in SYSTEMPATH\Database\MySQLi\Connection.php on line 300.
 1 SYSTEMPATH\Database\MySQLi\Connection.php(300): mysqli->query('SELECT *
FROM `events`
WHERE `school_id` = \'113\'
AND `date` >= \'2026-04-01\'
AND `date` <= \'2026-04-30\'', 0)
 2 SYSTEMPATH\Database\BaseConnection.php(910): CodeIgniter\Database\MySQLi\Connection->execute('SELECT *
FROM `events`
WHERE `school_id` = \'113\'
AND `date` >= \'2026-04-01\'
AND `date` <= \'2026-04-30\'')
 3 SYSTEMPATH\Database\BaseConnection.php(827): CodeIgniter\Database\BaseConnection->simpleQuery('SELECT *
FROM `events`
WHERE `school_id` = \'113\'
AND `date` >= \'2026-04-01\'
AND `date` <= \'2026-04-30\'')
 4 SYSTEMPATH\Database\BaseBuilder.php(1649): CodeIgniter\Database\BaseConnection->query('SELECT *
FROM `events`
WHERE `school_id` = :school_id:
AND `date` >= :date:
AND `date` <= :date.1:', [...], false)
 5 APPPATH\Models\Crud_model.php(349): CodeIgniter\Database\BaseBuilder->get()
 6 APPPATH\Views\backend\admin\dashboard\index.php(719): App\Models\Crud_model->get_current_month_events()
 7 APPPATH\Views\backend\index.php(147): include('C:\\xampp\\htdocs\\School-Management-De_migration\\app\\Views\\backend\\admin\\dashboard\\index.php')
 8 SYSTEMPATH\View\View.php(240): include('C:\\xampp\\htdocs\\School-Management-De_migration\\app\\Views\\backend\\index.php')
 9 SYSTEMPATH\View\View.php(243): CodeIgniter\View\View->CodeIgniter\View\{closure}()
10 APPPATH\View\View.php(357): CodeIgniter\View\View->render('backend/index', [], true)
11 SYSTEMPATH\Common.php(1250): App\View\View->render('backend/index', [], true)
12 APPPATH\Controllers\Admin.php(108): view('backend/index', [...])
13 APPPATH\Config\Routes.php(341): App\Controllers\Admin->dashboard()
14 SYSTEMPATH\CodeIgniter.php(872): CodeIgniter\Router\RouteCollection::{closure}()
15 SYSTEMPATH\CodeIgniter.php(480): CodeIgniter\CodeIgniter->startController()
16 SYSTEMPATH\CodeIgniter.php(340): CodeIgniter\CodeIgniter->handleRequest(null, Object(Config\Cache), false)
17 SYSTEMPATH\Boot.php(417): CodeIgniter\CodeIgniter->run()
18 SYSTEMPATH\Boot.php(68): CodeIgniter\Boot::runCodeIgniter(Object(CodeIgniter\CodeIgniter))
19 FCPATH\index.php(75): CodeIgniter\Boot::bootWeb(Object(Config\Paths))
ERROR - 2026-04-13 12:49:17 --> User_model: Student details not found for user_id: 188
DEBUG - 2026-04-13 12:52:14 --> Session: Class initialized using 'CodeIgniter\Session\Handlers\FileHandler' driver.
DEBUG - 2026-04-13 12:52:27 --> Session: Class initialized using 'CodeIgniter\Session\Handlers\FileHandler' driver.
DEBUG - 2026-04-13 12:52:28 --> Session: Class initialized using 'CodeIgniter\Session\Handlers\FileHandler' driver.
CRITICAL - 2026-04-13 12:55:04 --> CodeIgniter\Security\Exceptions\SecurityException: The action you requested is not allowed.
[Method: POST, Route: home/switch_community_role_front]
in SYSTEMPATH\Security\Security.php on line 258.
 1 SYSTEMPATH\Security\Security.php(258): CodeIgniter\Security\Exceptions\SecurityException::forDisallowedAction()
 2 SYSTEMPATH\Filters\CSRF.php(52): CodeIgniter\Security\Security->verify(Object(CodeIgniter\HTTP\IncomingRequest))
 3 SYSTEMPATH\Filters\Filters.php(241): CodeIgniter\Filters\CSRF->before(Object(CodeIgniter\HTTP\IncomingRequest), null)
 4 SYSTEMPATH\Filters\Filters.php(221): CodeIgniter\Filters\Filters->runBefore([...])
 5 SYSTEMPATH\CodeIgniter.php(465): CodeIgniter\Filters\Filters->run('home/switch_community_role_front', 'before')
 6 SYSTEMPATH\CodeIgniter.php(340): CodeIgniter\CodeIgniter->handleRequest(null, Object(Config\Cache), false)
 7 SYSTEMPATH\Boot.php(417): CodeIgniter\CodeIgniter->run()
 8 SYSTEMPATH\Boot.php(68): CodeIgniter\Boot::runCodeIgniter(Object(CodeIgniter\CodeIgniter))
 9 FCPATH\index.php(75): CodeIgniter\Boot::bootWeb(Object(Config\Paths))
DEBUG - 2026-04-13 12:57:27 --> Session: Class initialized using 'CodeIgniter\Session\Handlers\FileHandler' driver.
DEBUG - 2026-04-13 12:57:33 --> Session: Class initialized using 'CodeIgniter\Session\Handlers\FileHandler' driver.
DEBUG - 2026-04-13 12:57:33 --> Session: Class initialized using 'CodeIgniter\Session\Handlers\FileHandler' driver.
CRITICAL - 2026-04-13 12:57:37 --> CodeIgniter\Security\Exceptions\SecurityException: The action you requested is not allowed.
[Method: POST, Route: home/switch_community_role_front]
in SYSTEMPATH\Security\Security.php on line 258.
 1 SYSTEMPATH\Security\Security.php(258): CodeIgniter\Security\Exceptions\SecurityException::forDisallowedAction()
 2 SYSTEMPATH\Filters\CSRF.php(52): CodeIgniter\Security\Security->verify(Object(CodeIgniter\HTTP\IncomingRequest))
 3 SYSTEMPATH\Filters\Filters.php(241): CodeIgniter\Filters\CSRF->before(Object(CodeIgniter\HTTP\IncomingRequest), null)
 4 SYSTEMPATH\Filters\Filters.php(221): CodeIgniter\Filters\Filters->runBefore([...])
 5 SYSTEMPATH\CodeIgniter.php(465): CodeIgniter\Filters\Filters->run('home/switch_community_role_front', 'before')
 6 SYSTEMPATH\CodeIgniter.php(340): CodeIgniter\CodeIgniter->handleRequest(null, Object(Config\Cache), false)
 7 SYSTEMPATH\Boot.php(417): CodeIgniter\CodeIgniter->run()
 8 SYSTEMPATH\Boot.php(68): CodeIgniter\Boot::runCodeIgniter(Object(CodeIgniter\CodeIgniter))
 9 FCPATH\index.php(75): CodeIgniter\Boot::bootWeb(Object(Config\Paths))
DEBUG - 2026-04-13 14:38:48 --> Session: Class initialized using 'CodeIgniter\Session\Handlers\FileHandler' driver.
DEBUG - 2026-04-13 14:38:53 --> Session: Class initialized using 'CodeIgniter\Session\Handlers\FileHandler' driver.
DEBUG - 2026-04-13 14:38:53 --> Session: Class initialized using 'CodeIgniter\Session\Handlers\FileHandler' driver.
CRITICAL - 2026-04-13 14:38:57 --> CodeIgniter\Security\Exceptions\SecurityException: The action you requested is not allowed.
[Method: POST, Route: home/switch_community_role_front]
in SYSTEMPATH\Security\Security.php on line 258.
 1 SYSTEMPATH\Security\Security.php(258): CodeIgniter\Security\Exceptions\SecurityException::forDisallowedAction()
 2 SYSTEMPATH\Filters\CSRF.php(52): CodeIgniter\Security\Security->verify(Object(CodeIgniter\HTTP\IncomingRequest))
 3 SYSTEMPATH\Filters\Filters.php(241): CodeIgniter\Filters\CSRF->before(Object(CodeIgniter\HTTP\IncomingRequest), null)
 4 SYSTEMPATH\Filters\Filters.php(221): CodeIgniter\Filters\Filters->runBefore([...])
 5 SYSTEMPATH\CodeIgniter.php(465): CodeIgniter\Filters\Filters->run('home/switch_community_role_front', 'before')
 6 SYSTEMPATH\CodeIgniter.php(340): CodeIgniter\CodeIgniter->handleRequest(null, Object(Config\Cache), false)
 7 SYSTEMPATH\Boot.php(417): CodeIgniter\CodeIgniter->run()
 8 SYSTEMPATH\Boot.php(68): CodeIgniter\Boot::runCodeIgniter(Object(CodeIgniter\CodeIgniter))
 9 FCPATH\index.php(75): CodeIgniter\Boot::bootWeb(Object(Config\Paths))
DEBUG - 2026-04-13 14:40:26 --> Session: Class initialized using 'CodeIgniter\Session\Handlers\FileHandler' driver.
DEBUG - 2026-04-13 14:40:29 --> Session: Class initialized using 'CodeIgniter\Session\Handlers\FileHandler' driver.
DEBUG - 2026-04-13 14:40:30 --> Session: Class initialized using 'CodeIgniter\Session\Handlers\FileHandler' driver.
CRITICAL - 2026-04-13 14:40:32 --> CodeIgniter\Security\Exceptions\SecurityException: The action you requested is not allowed.
[Method: POST, Route: home/switch_community_role_front]
in SYSTEMPATH\Security\Security.php on line 258.
 1 SYSTEMPATH\Security\Security.php(258): CodeIgniter\Security\Exceptions\SecurityException::forDisallowedAction()
 2 SYSTEMPATH\Filters\CSRF.php(52): CodeIgniter\Security\Security->verify(Object(CodeIgniter\HTTP\IncomingRequest))
 3 SYSTEMPATH\Filters\Filters.php(241): CodeIgniter\Filters\CSRF->before(Object(CodeIgniter\HTTP\IncomingRequest), null)
 4 SYSTEMPATH\Filters\Filters.php(221): CodeIgniter\Filters\Filters->runBefore([...])
 5 SYSTEMPATH\CodeIgniter.php(465): CodeIgniter\Filters\Filters->run('home/switch_community_role_front', 'before')
 6 SYSTEMPATH\CodeIgniter.php(340): CodeIgniter\CodeIgniter->handleRequest(null, Object(Config\Cache), false)
 7 SYSTEMPATH\Boot.php(417): CodeIgniter\CodeIgniter->run()
 8 SYSTEMPATH\Boot.php(68): CodeIgniter\Boot::runCodeIgniter(Object(CodeIgniter\CodeIgniter))
 9 FCPATH\index.php(75): CodeIgniter\Boot::bootWeb(Object(Config\Paths))
DEBUG - 2026-04-13 14:40:56 --> Session: Class initialized using 'CodeIgniter\Session\Handlers\FileHandler' driver.
DEBUG - 2026-04-13 14:40:58 --> Session: Class initialized using 'CodeIgniter\Session\Handlers\FileHandler' driver.
DEBUG - 2026-04-13 14:40:59 --> Session: Class initialized using 'CodeIgniter\Session\Handlers\FileHandler' driver.
CRITICAL - 2026-04-13 14:41:01 --> CodeIgniter\Security\Exceptions\SecurityException: The action you requested is not allowed.
[Method: POST, Route: home/switch_community_role_front]
in SYSTEMPATH\Security\Security.php on line 258.
 1 SYSTEMPATH\Security\Security.php(258): CodeIgniter\Security\Exceptions\SecurityException::forDisallowedAction()
 2 SYSTEMPATH\Filters\CSRF.php(52): CodeIgniter\Security\Security->verify(Object(CodeIgniter\HTTP\IncomingRequest))
 3 SYSTEMPATH\Filters\Filters.php(241): CodeIgniter\Filters\CSRF->before(Object(CodeIgniter\HTTP\IncomingRequest), null)
 4 SYSTEMPATH\Filters\Filters.php(221): CodeIgniter\Filters\Filters->runBefore([...])
 5 SYSTEMPATH\CodeIgniter.php(465): CodeIgniter\Filters\Filters->run('home/switch_community_role_front', 'before')
 6 SYSTEMPATH\CodeIgniter.php(340): CodeIgniter\CodeIgniter->handleRequest(null, Object(Config\Cache), false)
 7 SYSTEMPATH\Boot.php(417): CodeIgniter\CodeIgniter->run()
 8 SYSTEMPATH\Boot.php(68): CodeIgniter\Boot::runCodeIgniter(Object(CodeIgniter\CodeIgniter))
 9 FCPATH\index.php(75): CodeIgniter\Boot::bootWeb(Object(Config\Paths))
DEBUG - 2026-04-13 14:42:18 --> Session: Class initialized using 'CodeIgniter\Session\Handlers\FileHandler' driver.
DEBUG - 2026-04-13 14:42:22 --> Session: Class initialized using 'CodeIgniter\Session\Handlers\FileHandler' driver.
DEBUG - 2026-04-13 14:42:22 --> Session: Class initialized using 'CodeIgniter\Session\Handlers\FileHandler' driver.
INFO - 2026-04-13 14:42:24 --> CSRF token verified.
DEBUG - 2026-04-13 14:42:24 --> Session: Class initialized using 'CodeIgniter\Session\Handlers\FileHandler' driver.
DEBUG - 2026-04-13 14:42:25 --> Session: Class initialized using 'CodeIgniter\Session\Handlers\FileHandler' driver.
DEBUG - 2026-04-13 14:42:27 --> Total exams not yet taken calculated for school_id 93: 0
ERROR - 2026-04-13 14:42:28 --> trial_expired_modal: current_role=admin
WARNING - 2026-04-13 14:42:28 --> [DEPRECATED] Creation of dynamic property App\Models\Invoice_model::$cache is deprecated in APPPATH\Models\Invoice_model.php on line 27.
 1 SYSTEMPATH\Config\Factories.php(236): App\Models\Invoice_model->__construct(null)
 2 SYSTEMPATH\Config\Factories.php(170): CodeIgniter\Config\Factories::createInstance('models', 'App\\Models\\Invoice_model', [...])
 3 SYSTEMPATH\Common.php(833): CodeIgniter\Config\Factories::__callStatic('models', [...])
 4 APPPATH\Libraries\SubscriptionService.php(103): model('App\\Models\\Invoice_model')
 5 APPPATH\Views\backend\shared\trial_expired_modal.php(77): App\Libraries\SubscriptionService->ensureRenewalInvoice('93')
 6 APPPATH\Views\backend\admin\dashboard\index.php(2): include('C:\\xampp\\htdocs\\School-Management-De_migration\\app\\Views\\backend\\shared\\trial_expired_modal.php')
 7 APPPATH\Views\backend\index.php(147): include('C:\\xampp\\htdocs\\School-Management-De_migration\\app\\Views\\backend\\admin\\dashboard\\index.php')
 8 SYSTEMPATH\View\View.php(240): include('C:\\xampp\\htdocs\\School-Management-De_migration\\app\\Views\\backend\\index.php')
 9 SYSTEMPATH\View\View.php(243): CodeIgniter\View\View->CodeIgniter\View\{closure}()
10 APPPATH\View\View.php(357): CodeIgniter\View\View->render('backend/index', [], true)
11 SYSTEMPATH\Common.php(1250): App\View\View->render('backend/index', [], true)
12 APPPATH\Controllers\Admin.php(108): view('backend/index', [...])
13 APPPATH\Config\Routes.php(341): App\Controllers\Admin->dashboard()
14 SYSTEMPATH\CodeIgniter.php(872): CodeIgniter\Router\RouteCollection::{closure}()
15 SYSTEMPATH\CodeIgniter.php(480): CodeIgniter\CodeIgniter->startController()
16 SYSTEMPATH\CodeIgniter.php(340): CodeIgniter\CodeIgniter->handleRequest(null, Object(Config\Cache), false)
17 SYSTEMPATH\Boot.php(417): CodeIgniter\CodeIgniter->run()
18 SYSTEMPATH\Boot.php(68): CodeIgniter\Boot::runCodeIgniter(Object(CodeIgniter\CodeIgniter))
19 FCPATH\index.php(75): CodeIgniter\Boot::bootWeb(Object(Config\Paths))
ERROR - 2026-04-13 14:42:28 --> ensureSubscriptionInvoice: school_id=93, type=string
ERROR - 2026-04-13 14:42:28 --> ensureSubscriptionInvoice: checking for existing invoice
ERROR - 2026-04-13 14:42:28 --> ensureSubscriptionInvoice: existing_invoice=none
ERROR - 2026-04-13 14:42:28 --> getCachedSchool START: school_id=93
ERROR - 2026-04-13 14:42:28 --> getCachedSchool: found null in cache, deleting it
ERROR - 2026-04-13 14:42:28 --> getCachedSchool: no cache hit, querying DB for school_id=93
ERROR - 2026-04-13 14:42:28 --> getCachedSchool: school found=yes
ERROR - 2026-04-13 14:42:28 --> getCachedSchool: school data={"id":"93","name":"oplaaaaaaaaa","country":"AE","address":null,"Rue":"sqdsqdqd","Numero":"454545","Ville":"casablanca","Codepostal":"20600","phone":"0608381315","status":"1","Etat":"1","description":"tyyyyyyyyyyyyyyyyyyyyyyyyyyyyyyyyyyyyyyyyyyyyyyyyy","access":"0","thumbnail":null,"category":"Cars","humhub_space_id":"192","created_date":"2025-11-24 14:13:55","updated_date":"2026-04-08 11:34:27","kb_parent_account_id":null,"kb_external_key":null,"psp_account_id":null,"kb_tenant_id":null,"kb_tenant_api_key":null,"kb_tenant_api_secret":null,"price":"300","trial_start":"1763337600","trial_end":"1766416324","is_trial":"0","is_paid":"1","subscription_end":"1775953274","subscription_status":"active","updated_at":"1773278504"}
ERROR - 2026-04-13 14:42:28 --> getCachedSchool END: returning school
ERROR - 2026-04-13 14:42:28 --> getCachedDefaultPlan START: country=AE
ERROR - 2026-04-13 14:42:28 --> getCachedDefaultPlan: found null in cache, deleting it
ERROR - 2026-04-13 14:42:28 --> getCachedDefaultPlan: querying DB for country=AE
ERROR - 2026-04-13 14:42:28 --> Unknown column 'country' in 'where clause'
in SYSTEMPATH\Database\MySQLi\Connection.php on line 300.
 1 SYSTEMPATH\Database\MySQLi\Connection.php(300): mysqli->query('SELECT *
FROM `subscription_plans`
WHERE `is_default` = 1
AND `active` = 1
AND `country` = \'AE\'', 0)
 2 SYSTEMPATH\Database\BaseConnection.php(910): CodeIgniter\Database\MySQLi\Connection->execute('SELECT *
FROM `subscription_plans`
WHERE `is_default` = 1
AND `active` = 1
AND `country` = \'AE\'')
 3 SYSTEMPATH\Database\BaseConnection.php(827): CodeIgniter\Database\BaseConnection->simpleQuery('SELECT *
FROM `subscription_plans`
WHERE `is_default` = 1
AND `active` = 1
AND `country` = \'AE\'')
 4 SYSTEMPATH\Database\BaseBuilder.php(1649): CodeIgniter\Database\BaseConnection->query('SELECT *
FROM `subscription_plans`
WHERE `is_default` = :is_default:
AND `active` = :active:
AND `country` = :country:', [...], false)
 5 APPPATH\Models\Invoice_model.php(166): CodeIgniter\Database\BaseBuilder->get()
 6 APPPATH\Models\Invoice_model.php(445): App\Models\Invoice_model->getDefaultSubscriptionPlan('AE')
 7 APPPATH\Models\Invoice_model.php(97): App\Models\Invoice_model->getCachedDefaultPlan('AE')
 8 APPPATH\Libraries\SubscriptionService.php(104): App\Models\Invoice_model->ensureSubscriptionInvoice('93')
 9 APPPATH\Views\backend\shared\trial_expired_modal.php(77): App\Libraries\SubscriptionService->ensureRenewalInvoice('93')
10 APPPATH\Views\backend\admin\dashboard\index.php(2): include('C:\\xampp\\htdocs\\School-Management-De_migration\\app\\Views\\backend\\shared\\trial_expired_modal.php')
11 APPPATH\Views\backend\index.php(147): include('C:\\xampp\\htdocs\\School-Management-De_migration\\app\\Views\\backend\\admin\\dashboard\\index.php')
12 SYSTEMPATH\View\View.php(240): include('C:\\xampp\\htdocs\\School-Management-De_migration\\app\\Views\\backend\\index.php')
13 SYSTEMPATH\View\View.php(243): CodeIgniter\View\View->CodeIgniter\View\{closure}()
14 APPPATH\View\View.php(357): CodeIgniter\View\View->render('backend/index', [], true)
15 SYSTEMPATH\Common.php(1250): App\View\View->render('backend/index', [], true)
16 APPPATH\Controllers\Admin.php(108): view('backend/index', [...])
17 APPPATH\Config\Routes.php(341): App\Controllers\Admin->dashboard()
18 SYSTEMPATH\CodeIgniter.php(872): CodeIgniter\Router\RouteCollection::{closure}()
19 SYSTEMPATH\CodeIgniter.php(480): CodeIgniter\CodeIgniter->startController()
20 SYSTEMPATH\CodeIgniter.php(340): CodeIgniter\CodeIgniter->handleRequest(null, Object(Config\Cache), false)
21 SYSTEMPATH\Boot.php(417): CodeIgniter\CodeIgniter->run()
22 SYSTEMPATH\Boot.php(68): CodeIgniter\Boot::runCodeIgniter(Object(CodeIgniter\CodeIgniter))
23 FCPATH\index.php(75): CodeIgniter\Boot::bootWeb(Object(Config\Paths))
ERROR - 2026-04-13 14:42:28 --> Unknown column 'country' in 'where clause'
in SYSTEMPATH\Database\MySQLi\Connection.php on line 300.
 1 SYSTEMPATH\Database\MySQLi\Connection.php(300): mysqli->query('SELECT *
FROM `subscription_plans`
WHERE `active` = 1
AND `country` = \'AE\'
ORDER BY `amount` ASC', 0)
 2 SYSTEMPATH\Database\BaseConnection.php(910): CodeIgniter\Database\MySQLi\Connection->execute('SELECT *
FROM `subscription_plans`
WHERE `active` = 1
AND `country` = \'AE\'
ORDER BY `amount` ASC')
 3 SYSTEMPATH\Database\BaseConnection.php(827): CodeIgniter\Database\BaseConnection->simpleQuery('SELECT *
FROM `subscription_plans`
WHERE `active` = 1
AND `country` = \'AE\'
ORDER BY `amount` ASC')
 4 SYSTEMPATH\Database\BaseBuilder.php(1649): CodeIgniter\Database\BaseConnection->query('SELECT *
FROM `subscription_plans`
WHERE `active` = :active:
AND `country` = :country:
ORDER BY `amount` ASC', [...], false)
 5 APPPATH\Models\Invoice_model.php(175): CodeIgniter\Database\BaseBuilder->get()
 6 APPPATH\Models\Invoice_model.php(445): App\Models\Invoice_model->getDefaultSubscriptionPlan('AE')
 7 APPPATH\Models\Invoice_model.php(97): App\Models\Invoice_model->getCachedDefaultPlan('AE')
 8 APPPATH\Libraries\SubscriptionService.php(104): App\Models\Invoice_model->ensureSubscriptionInvoice('93')
 9 APPPATH\Views\backend\shared\trial_expired_modal.php(77): App\Libraries\SubscriptionService->ensureRenewalInvoice('93')
10 APPPATH\Views\backend\admin\dashboard\index.php(2): include('C:\\xampp\\htdocs\\School-Management-De_migration\\app\\Views\\backend\\shared\\trial_expired_modal.php')
11 APPPATH\Views\backend\index.php(147): include('C:\\xampp\\htdocs\\School-Management-De_migration\\app\\Views\\backend\\admin\\dashboard\\index.php')
12 SYSTEMPATH\View\View.php(240): include('C:\\xampp\\htdocs\\School-Management-De_migration\\app\\Views\\backend\\index.php')
13 SYSTEMPATH\View\View.php(243): CodeIgniter\View\View->CodeIgniter\View\{closure}()
14 APPPATH\View\View.php(357): CodeIgniter\View\View->render('backend/index', [], true)
15 SYSTEMPATH\Common.php(1250): App\View\View->render('backend/index', [], true)
16 APPPATH\Controllers\Admin.php(108): view('backend/index', [...])
17 APPPATH\Config\Routes.php(341): App\Controllers\Admin->dashboard()
18 SYSTEMPATH\CodeIgniter.php(872): CodeIgniter\Router\RouteCollection::{closure}()
19 SYSTEMPATH\CodeIgniter.php(480): CodeIgniter\CodeIgniter->startController()
20 SYSTEMPATH\CodeIgniter.php(340): CodeIgniter\CodeIgniter->handleRequest(null, Object(Config\Cache), false)
21 SYSTEMPATH\Boot.php(417): CodeIgniter\CodeIgniter->run()
22 SYSTEMPATH\Boot.php(68): CodeIgniter\Boot::runCodeIgniter(Object(CodeIgniter\CodeIgniter))
23 FCPATH\index.php(75): CodeIgniter\Boot::bootWeb(Object(Config\Paths))
ERROR - 2026-04-13 14:42:28 --> Unknown column 'country' in 'where clause'
in SYSTEMPATH\Database\MySQLi\Connection.php on line 300.
 1 SYSTEMPATH\Database\MySQLi\Connection.php(300): mysqli->query('SELECT *
FROM `subscription_plans`
WHERE `is_default` = 1
AND `active` = 1
AND `country` = \'MA\'', 0)
 2 SYSTEMPATH\Database\BaseConnection.php(910): CodeIgniter\Database\MySQLi\Connection->execute('SELECT *
FROM `subscription_plans`
WHERE `is_default` = 1
AND `active` = 1
AND `country` = \'MA\'')
 3 SYSTEMPATH\Database\BaseConnection.php(827): CodeIgniter\Database\BaseConnection->simpleQuery('SELECT *
FROM `subscription_plans`
WHERE `is_default` = 1
AND `active` = 1
AND `country` = \'MA\'')
 4 SYSTEMPATH\Database\BaseBuilder.php(1649): CodeIgniter\Database\BaseConnection->query('SELECT *
FROM `subscription_plans`
WHERE `is_default` = :is_default:
AND `active` = :active:
AND `country` = :country:', [...], false)
 5 APPPATH\Models\Invoice_model.php(185): CodeIgniter\Database\BaseBuilder->get()
 6 APPPATH\Models\Invoice_model.php(445): App\Models\Invoice_model->getDefaultSubscriptionPlan('AE')
 7 APPPATH\Models\Invoice_model.php(97): App\Models\Invoice_model->getCachedDefaultPlan('AE')
 8 APPPATH\Libraries\SubscriptionService.php(104): App\Models\Invoice_model->ensureSubscriptionInvoice('93')
 9 APPPATH\Views\backend\shared\trial_expired_modal.php(77): App\Libraries\SubscriptionService->ensureRenewalInvoice('93')
10 APPPATH\Views\backend\admin\dashboard\index.php(2): include('C:\\xampp\\htdocs\\School-Management-De_migration\\app\\Views\\backend\\shared\\trial_expired_modal.php')
11 APPPATH\Views\backend\index.php(147): include('C:\\xampp\\htdocs\\School-Management-De_migration\\app\\Views\\backend\\admin\\dashboard\\index.php')
12 SYSTEMPATH\View\View.php(240): include('C:\\xampp\\htdocs\\School-Management-De_migration\\app\\Views\\backend\\index.php')
13 SYSTEMPATH\View\View.php(243): CodeIgniter\View\View->CodeIgniter\View\{closure}()
14 APPPATH\View\View.php(357): CodeIgniter\View\View->render('backend/index', [], true)
15 SYSTEMPATH\Common.php(1250): App\View\View->render('backend/index', [], true)
16 APPPATH\Controllers\Admin.php(108): view('backend/index', [...])
17 APPPATH\Config\Routes.php(341): App\Controllers\Admin->dashboard()
18 SYSTEMPATH\CodeIgniter.php(872): CodeIgniter\Router\RouteCollection::{closure}()
19 SYSTEMPATH\CodeIgniter.php(480): CodeIgniter\CodeIgniter->startController()
20 SYSTEMPATH\CodeIgniter.php(340): CodeIgniter\CodeIgniter->handleRequest(null, Object(Config\Cache), false)
21 SYSTEMPATH\Boot.php(417): CodeIgniter\CodeIgniter->run()
22 SYSTEMPATH\Boot.php(68): CodeIgniter\Boot::runCodeIgniter(Object(CodeIgniter\CodeIgniter))
23 FCPATH\index.php(75): CodeIgniter\Boot::bootWeb(Object(Config\Paths))
ERROR - 2026-04-13 14:42:28 --> getCachedDefaultPlan: plan found=yes
ERROR - 2026-04-13 14:42:28 --> getCachedDefaultPlan: plan data={"id":"1","name":"Monthly School Subscription","description":"Standard monthly subscription for school management platform","amount":"86.00","currency":"MAD","interval_type":"month","interval_count":"1","active":"1","is_default":"1","trial_days":"14","created_at":"1766484683","updated_at":"1766484683"}
ERROR - 2026-04-13 14:42:29 --> getCachedDefaultPlan END: returning plan
INFO - 2026-04-13 14:42:29 --> Invoice_model: Created subscription invoice #15 for school #93, period_start: 2026-04-13 14:42:29
ERROR - 2026-04-13 14:42:29 --> trial_expired_modal: invoice_result={"success":true,"invoice_id":15,"message":"Subscription invoice created","existing":false}
ERROR - 2026-04-13 14:42:29 --> Table 'wayo_db.events' doesn't exist
in SYSTEMPATH\Database\MySQLi\Connection.php on line 300.
 1 SYSTEMPATH\Database\MySQLi\Connection.php(300): mysqli->query('SELECT *
FROM `events`
WHERE `school_id` = \'93\'
AND `date` >= \'2026-04-01\'
AND `date` <= \'2026-04-30\'', 0)
 2 SYSTEMPATH\Database\BaseConnection.php(910): CodeIgniter\Database\MySQLi\Connection->execute('SELECT *
FROM `events`
WHERE `school_id` = \'93\'
AND `date` >= \'2026-04-01\'
AND `date` <= \'2026-04-30\'')
 3 SYSTEMPATH\Database\BaseConnection.php(827): CodeIgniter\Database\BaseConnection->simpleQuery('SELECT *
FROM `events`
WHERE `school_id` = \'93\'
AND `date` >= \'2026-04-01\'
AND `date` <= \'2026-04-30\'')
 4 SYSTEMPATH\Database\BaseBuilder.php(1649): CodeIgniter\Database\BaseConnection->query('SELECT *
FROM `events`
WHERE `school_id` = :school_id:
AND `date` >= :date:
AND `date` <= :date.1:', [...], false)
 5 APPPATH\Models\Crud_model.php(349): CodeIgniter\Database\BaseBuilder->get()
 6 APPPATH\Views\backend\admin\dashboard\index.php(681): App\Models\Crud_model->get_current_month_events()
 7 APPPATH\Views\backend\index.php(147): include('C:\\xampp\\htdocs\\School-Management-De_migration\\app\\Views\\backend\\admin\\dashboard\\index.php')
 8 SYSTEMPATH\View\View.php(240): include('C:\\xampp\\htdocs\\School-Management-De_migration\\app\\Views\\backend\\index.php')
 9 SYSTEMPATH\View\View.php(243): CodeIgniter\View\View->CodeIgniter\View\{closure}()
10 APPPATH\View\View.php(357): CodeIgniter\View\View->render('backend/index', [], true)
11 SYSTEMPATH\Common.php(1250): App\View\View->render('backend/index', [], true)
12 APPPATH\Controllers\Admin.php(108): view('backend/index', [...])
13 APPPATH\Config\Routes.php(341): App\Controllers\Admin->dashboard()
14 SYSTEMPATH\CodeIgniter.php(872): CodeIgniter\Router\RouteCollection::{closure}()
15 SYSTEMPATH\CodeIgniter.php(480): CodeIgniter\CodeIgniter->startController()
16 SYSTEMPATH\CodeIgniter.php(340): CodeIgniter\CodeIgniter->handleRequest(null, Object(Config\Cache), false)
17 SYSTEMPATH\Boot.php(417): CodeIgniter\CodeIgniter->run()
18 SYSTEMPATH\Boot.php(68): CodeIgniter\Boot::runCodeIgniter(Object(CodeIgniter\CodeIgniter))
19 FCPATH\index.php(75): CodeIgniter\Boot::bootWeb(Object(Config\Paths))
ERROR - 2026-04-13 14:42:29 --> Table 'wayo_db.events' doesn't exist
in SYSTEMPATH\Database\MySQLi\Connection.php on line 300.
 1 SYSTEMPATH\Database\MySQLi\Connection.php(300): mysqli->query('SELECT *
FROM `events`
WHERE `school_id` = \'93\'
AND `date` >= \'2026-04-01\'
AND `date` <= \'2026-04-30\'', 0)
 2 SYSTEMPATH\Database\BaseConnection.php(910): CodeIgniter\Database\MySQLi\Connection->execute('SELECT *
FROM `events`
WHERE `school_id` = \'93\'
AND `date` >= \'2026-04-01\'
AND `date` <= \'2026-04-30\'')
 3 SYSTEMPATH\Database\BaseConnection.php(827): CodeIgniter\Database\BaseConnection->simpleQuery('SELECT *
FROM `events`
WHERE `school_id` = \'93\'
AND `date` >= \'2026-04-01\'
AND `date` <= \'2026-04-30\'')
 4 SYSTEMPATH\Database\BaseBuilder.php(1649): CodeIgniter\Database\BaseConnection->query('SELECT *
FROM `events`
WHERE `school_id` = :school_id:
AND `date` >= :date:
AND `date` <= :date.1:', [...], false)
 5 APPPATH\Models\Crud_model.php(349): CodeIgniter\Database\BaseBuilder->get()
 6 APPPATH\Views\backend\admin\dashboard\index.php(719): App\Models\Crud_model->get_current_month_events()
 7 APPPATH\Views\backend\index.php(147): include('C:\\xampp\\htdocs\\School-Management-De_migration\\app\\Views\\backend\\admin\\dashboard\\index.php')
 8 SYSTEMPATH\View\View.php(240): include('C:\\xampp\\htdocs\\School-Management-De_migration\\app\\Views\\backend\\index.php')
 9 SYSTEMPATH\View\View.php(243): CodeIgniter\View\View->CodeIgniter\View\{closure}()
10 APPPATH\View\View.php(357): CodeIgniter\View\View->render('backend/index', [], true)
11 SYSTEMPATH\Common.php(1250): App\View\View->render('backend/index', [], true)
12 APPPATH\Controllers\Admin.php(108): view('backend/index', [...])
13 APPPATH\Config\Routes.php(341): App\Controllers\Admin->dashboard()
14 SYSTEMPATH\CodeIgniter.php(872): CodeIgniter\Router\RouteCollection::{closure}()
15 SYSTEMPATH\CodeIgniter.php(480): CodeIgniter\CodeIgniter->startController()
16 SYSTEMPATH\CodeIgniter.php(340): CodeIgniter\CodeIgniter->handleRequest(null, Object(Config\Cache), false)
17 SYSTEMPATH\Boot.php(417): CodeIgniter\CodeIgniter->run()
18 SYSTEMPATH\Boot.php(68): CodeIgniter\Boot::runCodeIgniter(Object(CodeIgniter\CodeIgniter))
19 FCPATH\index.php(75): CodeIgniter\Boot::bootWeb(Object(Config\Paths))
DEBUG - 2026-04-13 14:42:29 --> Session: Class initialized using 'CodeIgniter\Session\Handlers\FileHandler' driver.
DEBUG - 2026-04-13 14:42:30 --> Session: Class initialized using 'CodeIgniter\Session\Handlers\FileHandler' driver.
DEBUG - 2026-04-13 14:42:31 --> Session: Class initialized using 'CodeIgniter\Session\Handlers\FileHandler' driver.
DEBUG - 2026-04-13 14:42:44 --> Session: Class initialized using 'CodeIgniter\Session\Handlers\FileHandler' driver.
DEBUG - 2026-04-13 14:42:44 --> Total exams not yet taken calculated for school_id 93: 0
ERROR - 2026-04-13 14:42:44 --> trial_expired_modal: current_role=admin
WARNING - 2026-04-13 14:42:44 --> [DEPRECATED] Creation of dynamic property App\Models\Invoice_model::$cache is deprecated in APPPATH\Models\Invoice_model.php on line 27.
 1 SYSTEMPATH\Config\Factories.php(236): App\Models\Invoice_model->__construct(null)
 2 SYSTEMPATH\Config\Factories.php(170): CodeIgniter\Config\Factories::createInstance('models', 'App\\Models\\Invoice_model', [...])
 3 SYSTEMPATH\Common.php(833): CodeIgniter\Config\Factories::__callStatic('models', [...])
 4 APPPATH\Libraries\SubscriptionService.php(103): model('App\\Models\\Invoice_model')
 5 APPPATH\Views\backend\shared\trial_expired_modal.php(77): App\Libraries\SubscriptionService->ensureRenewalInvoice('93')
 6 APPPATH\Views\backend\admin\dashboard\index.php(2): include('C:\\xampp\\htdocs\\School-Management-De_migration\\app\\Views\\backend\\shared\\trial_expired_modal.php')
 7 APPPATH\Views\backend\index.php(147): include('C:\\xampp\\htdocs\\School-Management-De_migration\\app\\Views\\backend\\admin\\dashboard\\index.php')
 8 SYSTEMPATH\View\View.php(240): include('C:\\xampp\\htdocs\\School-Management-De_migration\\app\\Views\\backend\\index.php')
 9 SYSTEMPATH\View\View.php(243): CodeIgniter\View\View->CodeIgniter\View\{closure}()
10 APPPATH\View\View.php(357): CodeIgniter\View\View->render('backend/index', [], true)
11 SYSTEMPATH\Common.php(1250): App\View\View->render('backend/index', [], true)
12 APPPATH\Controllers\Admin.php(108): view('backend/index', [...])
13 APPPATH\Config\Routes.php(341): App\Controllers\Admin->dashboard()
14 SYSTEMPATH\CodeIgniter.php(872): CodeIgniter\Router\RouteCollection::{closure}()
15 SYSTEMPATH\CodeIgniter.php(480): CodeIgniter\CodeIgniter->startController()
16 SYSTEMPATH\CodeIgniter.php(340): CodeIgniter\CodeIgniter->handleRequest(null, Object(Config\Cache), false)
17 SYSTEMPATH\Boot.php(417): CodeIgniter\CodeIgniter->run()
18 SYSTEMPATH\Boot.php(68): CodeIgniter\Boot::runCodeIgniter(Object(CodeIgniter\CodeIgniter))
19 FCPATH\index.php(75): CodeIgniter\Boot::bootWeb(Object(Config\Paths))
ERROR - 2026-04-13 14:42:44 --> ensureSubscriptionInvoice: school_id=93, type=string
ERROR - 2026-04-13 14:42:44 --> ensureSubscriptionInvoice: checking for existing invoice
ERROR - 2026-04-13 14:42:44 --> ensureSubscriptionInvoice: existing_invoice={"id":"15","status":"unpaid","period_start":"1776087749","period_end":"1778679749"}
ERROR - 2026-04-13 14:42:44 --> trial_expired_modal: invoice_result={"success":true,"invoice_id":"15","message":"Existing unpaid invoice found","existing":true}
ERROR - 2026-04-13 14:42:44 --> Table 'wayo_db.events' doesn't exist
in SYSTEMPATH\Database\MySQLi\Connection.php on line 300.
 1 SYSTEMPATH\Database\MySQLi\Connection.php(300): mysqli->query('SELECT *
FROM `events`
WHERE `school_id` = \'93\'
AND `date` >= \'2026-04-01\'
AND `date` <= \'2026-04-30\'', 0)
 2 SYSTEMPATH\Database\BaseConnection.php(910): CodeIgniter\Database\MySQLi\Connection->execute('SELECT *
FROM `events`
WHERE `school_id` = \'93\'
AND `date` >= \'2026-04-01\'
AND `date` <= \'2026-04-30\'')
 3 SYSTEMPATH\Database\BaseConnection.php(827): CodeIgniter\Database\BaseConnection->simpleQuery('SELECT *
FROM `events`
WHERE `school_id` = \'93\'
AND `date` >= \'2026-04-01\'
AND `date` <= \'2026-04-30\'')
 4 SYSTEMPATH\Database\BaseBuilder.php(1649): CodeIgniter\Database\BaseConnection->query('SELECT *
FROM `events`
WHERE `school_id` = :school_id:
AND `date` >= :date:
AND `date` <= :date.1:', [...], false)
 5 APPPATH\Models\Crud_model.php(349): CodeIgniter\Database\BaseBuilder->get()
 6 APPPATH\Views\backend\admin\dashboard\index.php(681): App\Models\Crud_model->get_current_month_events()
 7 APPPATH\Views\backend\index.php(147): include('C:\\xampp\\htdocs\\School-Management-De_migration\\app\\Views\\backend\\admin\\dashboard\\index.php')
 8 SYSTEMPATH\View\View.php(240): include('C:\\xampp\\htdocs\\School-Management-De_migration\\app\\Views\\backend\\index.php')
 9 SYSTEMPATH\View\View.php(243): CodeIgniter\View\View->CodeIgniter\View\{closure}()
10 APPPATH\View\View.php(357): CodeIgniter\View\View->render('backend/index', [], true)
11 SYSTEMPATH\Common.php(1250): App\View\View->render('backend/index', [], true)
12 APPPATH\Controllers\Admin.php(108): view('backend/index', [...])
13 APPPATH\Config\Routes.php(341): App\Controllers\Admin->dashboard()
14 SYSTEMPATH\CodeIgniter.php(872): CodeIgniter\Router\RouteCollection::{closure}()
15 SYSTEMPATH\CodeIgniter.php(480): CodeIgniter\CodeIgniter->startController()
16 SYSTEMPATH\CodeIgniter.php(340): CodeIgniter\CodeIgniter->handleRequest(null, Object(Config\Cache), false)
17 SYSTEMPATH\Boot.php(417): CodeIgniter\CodeIgniter->run()
18 SYSTEMPATH\Boot.php(68): CodeIgniter\Boot::runCodeIgniter(Object(CodeIgniter\CodeIgniter))
19 FCPATH\index.php(75): CodeIgniter\Boot::bootWeb(Object(Config\Paths))
ERROR - 2026-04-13 14:42:44 --> Table 'wayo_db.events' doesn't exist
in SYSTEMPATH\Database\MySQLi\Connection.php on line 300.
 1 SYSTEMPATH\Database\MySQLi\Connection.php(300): mysqli->query('SELECT *
FROM `events`
WHERE `school_id` = \'93\'
AND `date` >= \'2026-04-01\'
AND `date` <= \'2026-04-30\'', 0)
 2 SYSTEMPATH\Database\BaseConnection.php(910): CodeIgniter\Database\MySQLi\Connection->execute('SELECT *
FROM `events`
WHERE `school_id` = \'93\'
AND `date` >= \'2026-04-01\'
AND `date` <= \'2026-04-30\'')
 3 SYSTEMPATH\Database\BaseConnection.php(827): CodeIgniter\Database\BaseConnection->simpleQuery('SELECT *
FROM `events`
WHERE `school_id` = \'93\'
AND `date` >= \'2026-04-01\'
AND `date` <= \'2026-04-30\'')
 4 SYSTEMPATH\Database\BaseBuilder.php(1649): CodeIgniter\Database\BaseConnection->query('SELECT *
FROM `events`
WHERE `school_id` = :school_id:
AND `date` >= :date:
AND `date` <= :date.1:', [...], false)
 5 APPPATH\Models\Crud_model.php(349): CodeIgniter\Database\BaseBuilder->get()
 6 APPPATH\Views\backend\admin\dashboard\index.php(719): App\Models\Crud_model->get_current_month_events()
 7 APPPATH\Views\backend\index.php(147): include('C:\\xampp\\htdocs\\School-Management-De_migration\\app\\Views\\backend\\admin\\dashboard\\index.php')
 8 SYSTEMPATH\View\View.php(240): include('C:\\xampp\\htdocs\\School-Management-De_migration\\app\\Views\\backend\\index.php')
 9 SYSTEMPATH\View\View.php(243): CodeIgniter\View\View->CodeIgniter\View\{closure}()
10 APPPATH\View\View.php(357): CodeIgniter\View\View->render('backend/index', [], true)
11 SYSTEMPATH\Common.php(1250): App\View\View->render('backend/index', [], true)
12 APPPATH\Controllers\Admin.php(108): view('backend/index', [...])
13 APPPATH\Config\Routes.php(341): App\Controllers\Admin->dashboard()
14 SYSTEMPATH\CodeIgniter.php(872): CodeIgniter\Router\RouteCollection::{closure}()
15 SYSTEMPATH\CodeIgniter.php(480): CodeIgniter\CodeIgniter->startController()
16 SYSTEMPATH\CodeIgniter.php(340): CodeIgniter\CodeIgniter->handleRequest(null, Object(Config\Cache), false)
17 SYSTEMPATH\Boot.php(417): CodeIgniter\CodeIgniter->run()
18 SYSTEMPATH\Boot.php(68): CodeIgniter\Boot::runCodeIgniter(Object(CodeIgniter\CodeIgniter))
19 FCPATH\index.php(75): CodeIgniter\Boot::bootWeb(Object(Config\Paths))
DEBUG - 2026-04-13 14:42:45 --> Session: Class initialized using 'CodeIgniter\Session\Handlers\FileHandler' driver.
DEBUG - 2026-04-13 14:43:46 --> Session: Class initialized using 'CodeIgniter\Session\Handlers\FileHandler' driver.
DEBUG - 2026-04-13 14:43:47 --> Total exams not yet taken calculated for school_id 113: 0
ERROR - 2026-04-13 14:43:47 --> Table 'wayo_db.events' doesn't exist
in SYSTEMPATH\Database\MySQLi\Connection.php on line 300.
 1 SYSTEMPATH\Database\MySQLi\Connection.php(300): mysqli->query('SELECT *
FROM `events`
WHERE `school_id` = \'113\'
AND `date` >= \'2026-04-01\'
AND `date` <= \'2026-04-30\'', 0)
 2 SYSTEMPATH\Database\BaseConnection.php(910): CodeIgniter\Database\MySQLi\Connection->execute('SELECT *
FROM `events`
WHERE `school_id` = \'113\'
AND `date` >= \'2026-04-01\'
AND `date` <= \'2026-04-30\'')
 3 SYSTEMPATH\Database\BaseConnection.php(827): CodeIgniter\Database\BaseConnection->simpleQuery('SELECT *
FROM `events`
WHERE `school_id` = \'113\'
AND `date` >= \'2026-04-01\'
AND `date` <= \'2026-04-30\'')
 4 SYSTEMPATH\Database\BaseBuilder.php(1649): CodeIgniter\Database\BaseConnection->query('SELECT *
FROM `events`
WHERE `school_id` = :school_id:
AND `date` >= :date:
AND `date` <= :date.1:', [...], false)
 5 APPPATH\Models\Crud_model.php(349): CodeIgniter\Database\BaseBuilder->get()
 6 APPPATH\Views\backend\admin\dashboard\index.php(681): App\Models\Crud_model->get_current_month_events()
 7 APPPATH\Views\backend\index.php(147): include('C:\\xampp\\htdocs\\School-Management-De_migration\\app\\Views\\backend\\admin\\dashboard\\index.php')
 8 SYSTEMPATH\View\View.php(240): include('C:\\xampp\\htdocs\\School-Management-De_migration\\app\\Views\\backend\\index.php')
 9 SYSTEMPATH\View\View.php(243): CodeIgniter\View\View->CodeIgniter\View\{closure}()
10 APPPATH\View\View.php(357): CodeIgniter\View\View->render('backend/index', [], true)
11 SYSTEMPATH\Common.php(1250): App\View\View->render('backend/index', [], true)
12 APPPATH\Controllers\Admin.php(108): view('backend/index', [...])
13 APPPATH\Config\Routes.php(341): App\Controllers\Admin->dashboard()
14 SYSTEMPATH\CodeIgniter.php(872): CodeIgniter\Router\RouteCollection::{closure}()
15 SYSTEMPATH\CodeIgniter.php(480): CodeIgniter\CodeIgniter->startController()
16 SYSTEMPATH\CodeIgniter.php(340): CodeIgniter\CodeIgniter->handleRequest(null, Object(Config\Cache), false)
17 SYSTEMPATH\Boot.php(417): CodeIgniter\CodeIgniter->run()
18 SYSTEMPATH\Boot.php(68): CodeIgniter\Boot::runCodeIgniter(Object(CodeIgniter\CodeIgniter))
19 FCPATH\index.php(75): CodeIgniter\Boot::bootWeb(Object(Config\Paths))
ERROR - 2026-04-13 14:43:47 --> Table 'wayo_db.events' doesn't exist
in SYSTEMPATH\Database\MySQLi\Connection.php on line 300.
 1 SYSTEMPATH\Database\MySQLi\Connection.php(300): mysqli->query('SELECT *
FROM `events`
WHERE `school_id` = \'113\'
AND `date` >= \'2026-04-01\'
AND `date` <= \'2026-04-30\'', 0)
 2 SYSTEMPATH\Database\BaseConnection.php(910): CodeIgniter\Database\MySQLi\Connection->execute('SELECT *
FROM `events`
WHERE `school_id` = \'113\'
AND `date` >= \'2026-04-01\'
AND `date` <= \'2026-04-30\'')
 3 SYSTEMPATH\Database\BaseConnection.php(827): CodeIgniter\Database\BaseConnection->simpleQuery('SELECT *
FROM `events`
WHERE `school_id` = \'113\'
AND `date` >= \'2026-04-01\'
AND `date` <= \'2026-04-30\'')
 4 SYSTEMPATH\Database\BaseBuilder.php(1649): CodeIgniter\Database\BaseConnection->query('SELECT *
FROM `events`
WHERE `school_id` = :school_id:
AND `date` >= :date:
AND `date` <= :date.1:', [...], false)
 5 APPPATH\Models\Crud_model.php(349): CodeIgniter\Database\BaseBuilder->get()
 6 APPPATH\Views\backend\admin\dashboard\index.php(719): App\Models\Crud_model->get_current_month_events()
 7 APPPATH\Views\backend\index.php(147): include('C:\\xampp\\htdocs\\School-Management-De_migration\\app\\Views\\backend\\admin\\dashboard\\index.php')
 8 SYSTEMPATH\View\View.php(240): include('C:\\xampp\\htdocs\\School-Management-De_migration\\app\\Views\\backend\\index.php')
 9 SYSTEMPATH\View\View.php(243): CodeIgniter\View\View->CodeIgniter\View\{closure}()
10 APPPATH\View\View.php(357): CodeIgniter\View\View->render('backend/index', [], true)
11 SYSTEMPATH\Common.php(1250): App\View\View->render('backend/index', [], true)
12 APPPATH\Controllers\Admin.php(108): view('backend/index', [...])
13 APPPATH\Config\Routes.php(341): App\Controllers\Admin->dashboard()
14 SYSTEMPATH\CodeIgniter.php(872): CodeIgniter\Router\RouteCollection::{closure}()
15 SYSTEMPATH\CodeIgniter.php(480): CodeIgniter\CodeIgniter->startController()
16 SYSTEMPATH\CodeIgniter.php(340): CodeIgniter\CodeIgniter->handleRequest(null, Object(Config\Cache), false)
17 SYSTEMPATH\Boot.php(417): CodeIgniter\CodeIgniter->run()
18 SYSTEMPATH\Boot.php(68): CodeIgniter\Boot::runCodeIgniter(Object(CodeIgniter\CodeIgniter))
19 FCPATH\index.php(75): CodeIgniter\Boot::bootWeb(Object(Config\Paths))
ERROR - 2026-04-13 14:43:47 --> User_model: Student details not found for user_id: 188
DEBUG - 2026-04-13 14:43:56 --> Session: Class initialized using 'CodeIgniter\Session\Handlers\FileHandler' driver.
DEBUG - 2026-04-13 14:43:58 --> Session: Class initialized using 'CodeIgniter\Session\Handlers\FileHandler' driver.
DEBUG - 2026-04-13 14:43:58 --> Session: Class initialized using 'CodeIgniter\Session\Handlers\FileHandler' driver.
INFO - 2026-04-13 14:44:26 --> CSRF token verified.
DEBUG - 2026-04-13 14:44:26 --> Session: Class initialized using 'CodeIgniter\Session\Handlers\FileHandler' driver.
INFO - 2026-04-13 14:44:27 --> Successful login - Email: fattahallam1949@gmail.com, IP: ::1, Role: admin
DEBUG - 2026-04-13 14:44:28 --> Session: Class initialized using 'CodeIgniter\Session\Handlers\FileHandler' driver.
DEBUG - 2026-04-13 14:44:29 --> Total exams not yet taken calculated for school_id 93: 0
ERROR - 2026-04-13 14:44:29 --> trial_expired_modal: current_role=admin
WARNING - 2026-04-13 14:44:29 --> [DEPRECATED] Creation of dynamic property App\Models\Invoice_model::$cache is deprecated in APPPATH\Models\Invoice_model.php on line 27.
 1 SYSTEMPATH\Config\Factories.php(236): App\Models\Invoice_model->__construct(null)
 2 SYSTEMPATH\Config\Factories.php(170): CodeIgniter\Config\Factories::createInstance('models', 'App\\Models\\Invoice_model', [...])
 3 SYSTEMPATH\Common.php(833): CodeIgniter\Config\Factories::__callStatic('models', [...])
 4 APPPATH\Libraries\SubscriptionService.php(103): model('App\\Models\\Invoice_model')
 5 APPPATH\Views\backend\shared\trial_expired_modal.php(77): App\Libraries\SubscriptionService->ensureRenewalInvoice('93')
 6 APPPATH\Views\backend\admin\dashboard\index.php(2): include('C:\\xampp\\htdocs\\School-Management-De_migration\\app\\Views\\backend\\shared\\trial_expired_modal.php')
 7 APPPATH\Views\backend\index.php(147): include('C:\\xampp\\htdocs\\School-Management-De_migration\\app\\Views\\backend\\admin\\dashboard\\index.php')
 8 SYSTEMPATH\View\View.php(240): include('C:\\xampp\\htdocs\\School-Management-De_migration\\app\\Views\\backend\\index.php')
 9 SYSTEMPATH\View\View.php(243): CodeIgniter\View\View->CodeIgniter\View\{closure}()
10 APPPATH\View\View.php(357): CodeIgniter\View\View->render('backend/index', [], true)
11 SYSTEMPATH\Common.php(1250): App\View\View->render('backend/index', [], true)
12 APPPATH\Controllers\Admin.php(108): view('backend/index', [...])
13 APPPATH\Config\Routes.php(341): App\Controllers\Admin->dashboard()
14 SYSTEMPATH\CodeIgniter.php(872): CodeIgniter\Router\RouteCollection::{closure}()
15 SYSTEMPATH\CodeIgniter.php(480): CodeIgniter\CodeIgniter->startController()
16 SYSTEMPATH\CodeIgniter.php(340): CodeIgniter\CodeIgniter->handleRequest(null, Object(Config\Cache), false)
17 SYSTEMPATH\Boot.php(417): CodeIgniter\CodeIgniter->run()
18 SYSTEMPATH\Boot.php(68): CodeIgniter\Boot::runCodeIgniter(Object(CodeIgniter\CodeIgniter))
19 FCPATH\index.php(75): CodeIgniter\Boot::bootWeb(Object(Config\Paths))
ERROR - 2026-04-13 14:44:29 --> ensureSubscriptionInvoice: school_id=93, type=string
ERROR - 2026-04-13 14:44:29 --> ensureSubscriptionInvoice: checking for existing invoice
ERROR - 2026-04-13 14:44:29 --> ensureSubscriptionInvoice: existing_invoice={"id":"15","status":"unpaid","period_start":"1776087749","period_end":"1778679749"}
ERROR - 2026-04-13 14:44:29 --> trial_expired_modal: invoice_result={"success":true,"invoice_id":"15","message":"Existing unpaid invoice found","existing":true}
ERROR - 2026-04-13 14:44:29 --> Table 'wayo_db.events' doesn't exist
in SYSTEMPATH\Database\MySQLi\Connection.php on line 300.
 1 SYSTEMPATH\Database\MySQLi\Connection.php(300): mysqli->query('SELECT *
FROM `events`
WHERE `school_id` = \'93\'
AND `date` >= \'2026-04-01\'
AND `date` <= \'2026-04-30\'', 0)
 2 SYSTEMPATH\Database\BaseConnection.php(910): CodeIgniter\Database\MySQLi\Connection->execute('SELECT *
FROM `events`
WHERE `school_id` = \'93\'
AND `date` >= \'2026-04-01\'
AND `date` <= \'2026-04-30\'')
 3 SYSTEMPATH\Database\BaseConnection.php(827): CodeIgniter\Database\BaseConnection->simpleQuery('SELECT *
FROM `events`
WHERE `school_id` = \'93\'
AND `date` >= \'2026-04-01\'
AND `date` <= \'2026-04-30\'')
 4 SYSTEMPATH\Database\BaseBuilder.php(1649): CodeIgniter\Database\BaseConnection->query('SELECT *
FROM `events`
WHERE `school_id` = :school_id:
AND `date` >= :date:
AND `date` <= :date.1:', [...], false)
 5 APPPATH\Models\Crud_model.php(349): CodeIgniter\Database\BaseBuilder->get()
 6 APPPATH\Views\backend\admin\dashboard\index.php(681): App\Models\Crud_model->get_current_month_events()
 7 APPPATH\Views\backend\index.php(147): include('C:\\xampp\\htdocs\\School-Management-De_migration\\app\\Views\\backend\\admin\\dashboard\\index.php')
 8 SYSTEMPATH\View\View.php(240): include('C:\\xampp\\htdocs\\School-Management-De_migration\\app\\Views\\backend\\index.php')
 9 SYSTEMPATH\View\View.php(243): CodeIgniter\View\View->CodeIgniter\View\{closure}()
10 APPPATH\View\View.php(357): CodeIgniter\View\View->render('backend/index', [], true)
11 SYSTEMPATH\Common.php(1250): App\View\View->render('backend/index', [], true)
12 APPPATH\Controllers\Admin.php(108): view('backend/index', [...])
13 APPPATH\Config\Routes.php(341): App\Controllers\Admin->dashboard()
14 SYSTEMPATH\CodeIgniter.php(872): CodeIgniter\Router\RouteCollection::{closure}()
15 SYSTEMPATH\CodeIgniter.php(480): CodeIgniter\CodeIgniter->startController()
16 SYSTEMPATH\CodeIgniter.php(340): CodeIgniter\CodeIgniter->handleRequest(null, Object(Config\Cache), false)
17 SYSTEMPATH\Boot.php(417): CodeIgniter\CodeIgniter->run()
18 SYSTEMPATH\Boot.php(68): CodeIgniter\Boot::runCodeIgniter(Object(CodeIgniter\CodeIgniter))
19 FCPATH\index.php(75): CodeIgniter\Boot::bootWeb(Object(Config\Paths))
ERROR - 2026-04-13 14:44:29 --> Table 'wayo_db.events' doesn't exist
in SYSTEMPATH\Database\MySQLi\Connection.php on line 300.
 1 SYSTEMPATH\Database\MySQLi\Connection.php(300): mysqli->query('SELECT *
FROM `events`
WHERE `school_id` = \'93\'
AND `date` >= \'2026-04-01\'
AND `date` <= \'2026-04-30\'', 0)
 2 SYSTEMPATH\Database\BaseConnection.php(910): CodeIgniter\Database\MySQLi\Connection->execute('SELECT *
FROM `events`
WHERE `school_id` = \'93\'
AND `date` >= \'2026-04-01\'
AND `date` <= \'2026-04-30\'')
 3 SYSTEMPATH\Database\BaseConnection.php(827): CodeIgniter\Database\BaseConnection->simpleQuery('SELECT *
FROM `events`
WHERE `school_id` = \'93\'
AND `date` >= \'2026-04-01\'
AND `date` <= \'2026-04-30\'')
 4 SYSTEMPATH\Database\BaseBuilder.php(1649): CodeIgniter\Database\BaseConnection->query('SELECT *
FROM `events`
WHERE `school_id` = :school_id:
AND `date` >= :date:
AND `date` <= :date.1:', [...], false)
 5 APPPATH\Models\Crud_model.php(349): CodeIgniter\Database\BaseBuilder->get()
 6 APPPATH\Views\backend\admin\dashboard\index.php(719): App\Models\Crud_model->get_current_month_events()
 7 APPPATH\Views\backend\index.php(147): include('C:\\xampp\\htdocs\\School-Management-De_migration\\app\\Views\\backend\\admin\\dashboard\\index.php')
 8 SYSTEMPATH\View\View.php(240): include('C:\\xampp\\htdocs\\School-Management-De_migration\\app\\Views\\backend\\index.php')
 9 SYSTEMPATH\View\View.php(243): CodeIgniter\View\View->CodeIgniter\View\{closure}()
10 APPPATH\View\View.php(357): CodeIgniter\View\View->render('backend/index', [], true)
11 SYSTEMPATH\Common.php(1250): App\View\View->render('backend/index', [], true)
12 APPPATH\Controllers\Admin.php(108): view('backend/index', [...])
13 APPPATH\Config\Routes.php(341): App\Controllers\Admin->dashboard()
14 SYSTEMPATH\CodeIgniter.php(872): CodeIgniter\Router\RouteCollection::{closure}()
15 SYSTEMPATH\CodeIgniter.php(480): CodeIgniter\CodeIgniter->startController()
16 SYSTEMPATH\CodeIgniter.php(340): CodeIgniter\CodeIgniter->handleRequest(null, Object(Config\Cache), false)
17 SYSTEMPATH\Boot.php(417): CodeIgniter\CodeIgniter->run()
18 SYSTEMPATH\Boot.php(68): CodeIgniter\Boot::runCodeIgniter(Object(CodeIgniter\CodeIgniter))
19 FCPATH\index.php(75): CodeIgniter\Boot::bootWeb(Object(Config\Paths))
DEBUG - 2026-04-13 14:44:29 --> Session: Class initialized using 'CodeIgniter\Session\Handlers\FileHandler' driver.
DEBUG - 2026-04-13 14:45:06 --> Session: Class initialized using 'CodeIgniter\Session\Handlers\FileHandler' driver.
DEBUG - 2026-04-13 14:45:07 --> Session: Class initialized using 'CodeIgniter\Session\Handlers\FileHandler' driver.
DEBUG - 2026-04-13 14:45:10 --> Total exams not yet taken calculated for school_id 93: 0
ERROR - 2026-04-13 14:45:12 --> trial_expired_modal: current_role=admin
WARNING - 2026-04-13 14:45:12 --> [DEPRECATED] Creation of dynamic property App\Models\Invoice_model::$cache is deprecated in APPPATH\Models\Invoice_model.php on line 27.
 1 SYSTEMPATH\Config\Factories.php(236): App\Models\Invoice_model->__construct(null)
 2 SYSTEMPATH\Config\Factories.php(170): CodeIgniter\Config\Factories::createInstance('models', 'App\\Models\\Invoice_model', [...])
 3 SYSTEMPATH\Common.php(833): CodeIgniter\Config\Factories::__callStatic('models', [...])
 4 APPPATH\Libraries\SubscriptionService.php(103): model('App\\Models\\Invoice_model')
 5 APPPATH\Views\backend\shared\trial_expired_modal.php(77): App\Libraries\SubscriptionService->ensureRenewalInvoice('93')
 6 APPPATH\Views\backend\admin\dashboard\index.php(2): include('C:\\xampp\\htdocs\\School-Management-De_migration\\app\\Views\\backend\\shared\\trial_expired_modal.php')
 7 APPPATH\Views\backend\index.php(147): include('C:\\xampp\\htdocs\\School-Management-De_migration\\app\\Views\\backend\\admin\\dashboard\\index.php')
 8 SYSTEMPATH\View\View.php(240): include('C:\\xampp\\htdocs\\School-Management-De_migration\\app\\Views\\backend\\index.php')
 9 SYSTEMPATH\View\View.php(243): CodeIgniter\View\View->CodeIgniter\View\{closure}()
10 APPPATH\View\View.php(357): CodeIgniter\View\View->render('backend/index', [], true)
11 SYSTEMPATH\Common.php(1250): App\View\View->render('backend/index', [], true)
12 APPPATH\Controllers\Admin.php(108): view('backend/index', [...])
13 APPPATH\Config\Routes.php(341): App\Controllers\Admin->dashboard()
14 SYSTEMPATH\CodeIgniter.php(872): CodeIgniter\Router\RouteCollection::{closure}()
15 SYSTEMPATH\CodeIgniter.php(480): CodeIgniter\CodeIgniter->startController()
16 SYSTEMPATH\CodeIgniter.php(340): CodeIgniter\CodeIgniter->handleRequest(null, Object(Config\Cache), false)
17 SYSTEMPATH\Boot.php(417): CodeIgniter\CodeIgniter->run()
18 SYSTEMPATH\Boot.php(68): CodeIgniter\Boot::runCodeIgniter(Object(CodeIgniter\CodeIgniter))
19 FCPATH\index.php(75): CodeIgniter\Boot::bootWeb(Object(Config\Paths))
ERROR - 2026-04-13 14:45:12 --> ensureSubscriptionInvoice: school_id=93, type=string
ERROR - 2026-04-13 14:45:12 --> ensureSubscriptionInvoice: checking for existing invoice
ERROR - 2026-04-13 14:45:12 --> ensureSubscriptionInvoice: existing_invoice={"id":"15","status":"unpaid","period_start":"1776087749","period_end":"1778679749"}
ERROR - 2026-04-13 14:45:12 --> trial_expired_modal: invoice_result={"success":true,"invoice_id":"15","message":"Existing unpaid invoice found","existing":true}
ERROR - 2026-04-13 14:45:12 --> Table 'wayo_db.events' doesn't exist
in SYSTEMPATH\Database\MySQLi\Connection.php on line 300.
 1 SYSTEMPATH\Database\MySQLi\Connection.php(300): mysqli->query('SELECT *
FROM `events`
WHERE `school_id` = \'93\'
AND `date` >= \'2026-04-01\'
AND `date` <= \'2026-04-30\'', 0)
 2 SYSTEMPATH\Database\BaseConnection.php(910): CodeIgniter\Database\MySQLi\Connection->execute('SELECT *
FROM `events`
WHERE `school_id` = \'93\'
AND `date` >= \'2026-04-01\'
AND `date` <= \'2026-04-30\'')
 3 SYSTEMPATH\Database\BaseConnection.php(827): CodeIgniter\Database\BaseConnection->simpleQuery('SELECT *
FROM `events`
WHERE `school_id` = \'93\'
AND `date` >= \'2026-04-01\'
AND `date` <= \'2026-04-30\'')
 4 SYSTEMPATH\Database\BaseBuilder.php(1649): CodeIgniter\Database\BaseConnection->query('SELECT *
FROM `events`
WHERE `school_id` = :school_id:
AND `date` >= :date:
AND `date` <= :date.1:', [...], false)
 5 APPPATH\Models\Crud_model.php(349): CodeIgniter\Database\BaseBuilder->get()
 6 APPPATH\Views\backend\admin\dashboard\index.php(681): App\Models\Crud_model->get_current_month_events()
 7 APPPATH\Views\backend\index.php(147): include('C:\\xampp\\htdocs\\School-Management-De_migration\\app\\Views\\backend\\admin\\dashboard\\index.php')
 8 SYSTEMPATH\View\View.php(240): include('C:\\xampp\\htdocs\\School-Management-De_migration\\app\\Views\\backend\\index.php')
 9 SYSTEMPATH\View\View.php(243): CodeIgniter\View\View->CodeIgniter\View\{closure}()
10 APPPATH\View\View.php(357): CodeIgniter\View\View->render('backend/index', [], true)
11 SYSTEMPATH\Common.php(1250): App\View\View->render('backend/index', [], true)
12 APPPATH\Controllers\Admin.php(108): view('backend/index', [...])
13 APPPATH\Config\Routes.php(341): App\Controllers\Admin->dashboard()
14 SYSTEMPATH\CodeIgniter.php(872): CodeIgniter\Router\RouteCollection::{closure}()
15 SYSTEMPATH\CodeIgniter.php(480): CodeIgniter\CodeIgniter->startController()
16 SYSTEMPATH\CodeIgniter.php(340): CodeIgniter\CodeIgniter->handleRequest(null, Object(Config\Cache), false)
17 SYSTEMPATH\Boot.php(417): CodeIgniter\CodeIgniter->run()
18 SYSTEMPATH\Boot.php(68): CodeIgniter\Boot::runCodeIgniter(Object(CodeIgniter\CodeIgniter))
19 FCPATH\index.php(75): CodeIgniter\Boot::bootWeb(Object(Config\Paths))
ERROR - 2026-04-13 14:45:13 --> Table 'wayo_db.events' doesn't exist
in SYSTEMPATH\Database\MySQLi\Connection.php on line 300.
 1 SYSTEMPATH\Database\MySQLi\Connection.php(300): mysqli->query('SELECT *
FROM `events`
WHERE `school_id` = \'93\'
AND `date` >= \'2026-04-01\'
AND `date` <= \'2026-04-30\'', 0)
 2 SYSTEMPATH\Database\BaseConnection.php(910): CodeIgniter\Database\MySQLi\Connection->execute('SELECT *
FROM `events`
WHERE `school_id` = \'93\'
AND `date` >= \'2026-04-01\'
AND `date` <= \'2026-04-30\'')
 3 SYSTEMPATH\Database\BaseConnection.php(827): CodeIgniter\Database\BaseConnection->simpleQuery('SELECT *
FROM `events`
WHERE `school_id` = \'93\'
AND `date` >= \'2026-04-01\'
AND `date` <= \'2026-04-30\'')
 4 SYSTEMPATH\Database\BaseBuilder.php(1649): CodeIgniter\Database\BaseConnection->query('SELECT *
FROM `events`
WHERE `school_id` = :school_id:
AND `date` >= :date:
AND `date` <= :date.1:', [...], false)
 5 APPPATH\Models\Crud_model.php(349): CodeIgniter\Database\BaseBuilder->get()
 6 APPPATH\Views\backend\admin\dashboard\index.php(719): App\Models\Crud_model->get_current_month_events()
 7 APPPATH\Views\backend\index.php(147): include('C:\\xampp\\htdocs\\School-Management-De_migration\\app\\Views\\backend\\admin\\dashboard\\index.php')
 8 SYSTEMPATH\View\View.php(240): include('C:\\xampp\\htdocs\\School-Management-De_migration\\app\\Views\\backend\\index.php')
 9 SYSTEMPATH\View\View.php(243): CodeIgniter\View\View->CodeIgniter\View\{closure}()
10 APPPATH\View\View.php(357): CodeIgniter\View\View->render('backend/index', [], true)
11 SYSTEMPATH\Common.php(1250): App\View\View->render('backend/index', [], true)
12 APPPATH\Controllers\Admin.php(108): view('backend/index', [...])
13 APPPATH\Config\Routes.php(341): App\Controllers\Admin->dashboard()
14 SYSTEMPATH\CodeIgniter.php(872): CodeIgniter\Router\RouteCollection::{closure}()
15 SYSTEMPATH\CodeIgniter.php(480): CodeIgniter\CodeIgniter->startController()
16 SYSTEMPATH\CodeIgniter.php(340): CodeIgniter\CodeIgniter->handleRequest(null, Object(Config\Cache), false)
17 SYSTEMPATH\Boot.php(417): CodeIgniter\CodeIgniter->run()
18 SYSTEMPATH\Boot.php(68): CodeIgniter\Boot::runCodeIgniter(Object(CodeIgniter\CodeIgniter))
19 FCPATH\index.php(75): CodeIgniter\Boot::bootWeb(Object(Config\Paths))
DEBUG - 2026-04-13 14:45:16 --> Session: Class initialized using 'CodeIgniter\Session\Handlers\FileHandler' driver.
DEBUG - 2026-04-13 14:45:24 --> Session: Class initialized using 'CodeIgniter\Session\Handlers\FileHandler' driver.
DEBUG - 2026-04-13 14:45:42 --> Session: Class initialized using 'CodeIgniter\Session\Handlers\FileHandler' driver.
DEBUG - 2026-04-13 14:45:44 --> Session: Class initialized using 'CodeIgniter\Session\Handlers\FileHandler' driver.
DEBUG - 2026-04-13 14:45:50 --> Session: Class initialized using 'CodeIgniter\Session\Handlers\FileHandler' driver.
DEBUG - 2026-04-13 14:45:55 --> Total exams not yet taken calculated for school_id 93: 0
ERROR - 2026-04-13 14:45:59 --> trial_expired_modal: current_role=admin
WARNING - 2026-04-13 14:45:59 --> [DEPRECATED] Creation of dynamic property App\Models\Invoice_model::$cache is deprecated in APPPATH\Models\Invoice_model.php on line 27.
 1 SYSTEMPATH\Config\Factories.php(236): App\Models\Invoice_model->__construct(null)
 2 SYSTEMPATH\Config\Factories.php(170): CodeIgniter\Config\Factories::createInstance('models', 'App\\Models\\Invoice_model', [...])
 3 SYSTEMPATH\Common.php(833): CodeIgniter\Config\Factories::__callStatic('models', [...])
 4 APPPATH\Libraries\SubscriptionService.php(103): model('App\\Models\\Invoice_model')
 5 APPPATH\Views\backend\shared\trial_expired_modal.php(77): App\Libraries\SubscriptionService->ensureRenewalInvoice('93')
 6 APPPATH\Views\backend\admin\dashboard\index.php(2): include('C:\\xampp\\htdocs\\School-Management-De_migration\\app\\Views\\backend\\shared\\trial_expired_modal.php')
 7 APPPATH\Views\backend\index.php(147): include('C:\\xampp\\htdocs\\School-Management-De_migration\\app\\Views\\backend\\admin\\dashboard\\index.php')
 8 SYSTEMPATH\View\View.php(240): include('C:\\xampp\\htdocs\\School-Management-De_migration\\app\\Views\\backend\\index.php')
 9 SYSTEMPATH\View\View.php(243): CodeIgniter\View\View->CodeIgniter\View\{closure}()
10 APPPATH\View\View.php(357): CodeIgniter\View\View->render('backend/index', [], true)
11 SYSTEMPATH\Common.php(1250): App\View\View->render('backend/index', [], true)
12 APPPATH\Controllers\Admin.php(108): view('backend/index', [...])
13 APPPATH\Config\Routes.php(341): App\Controllers\Admin->dashboard()
14 SYSTEMPATH\CodeIgniter.php(872): CodeIgniter\Router\RouteCollection::{closure}()
15 SYSTEMPATH\CodeIgniter.php(480): CodeIgniter\CodeIgniter->startController()
16 SYSTEMPATH\CodeIgniter.php(340): CodeIgniter\CodeIgniter->handleRequest(null, Object(Config\Cache), false)
17 SYSTEMPATH\Boot.php(417): CodeIgniter\CodeIgniter->run()
18 SYSTEMPATH\Boot.php(68): CodeIgniter\Boot::runCodeIgniter(Object(CodeIgniter\CodeIgniter))
19 FCPATH\index.php(75): CodeIgniter\Boot::bootWeb(Object(Config\Paths))
ERROR - 2026-04-13 14:45:59 --> ensureSubscriptionInvoice: school_id=93, type=string
ERROR - 2026-04-13 14:45:59 --> ensureSubscriptionInvoice: checking for existing invoice
ERROR - 2026-04-13 14:45:59 --> ensureSubscriptionInvoice: existing_invoice={"id":"15","status":"unpaid","period_start":"1776087749","period_end":"1778679749"}
ERROR - 2026-04-13 14:45:59 --> trial_expired_modal: invoice_result={"success":true,"invoice_id":"15","message":"Existing unpaid invoice found","existing":true}
ERROR - 2026-04-13 14:46:00 --> Table 'wayo_db.events' doesn't exist
in SYSTEMPATH\Database\MySQLi\Connection.php on line 300.
 1 SYSTEMPATH\Database\MySQLi\Connection.php(300): mysqli->query('SELECT *
FROM `events`
WHERE `school_id` = \'93\'
AND `date` >= \'2026-04-01\'
AND `date` <= \'2026-04-30\'', 0)
 2 SYSTEMPATH\Database\BaseConnection.php(910): CodeIgniter\Database\MySQLi\Connection->execute('SELECT *
FROM `events`
WHERE `school_id` = \'93\'
AND `date` >= \'2026-04-01\'
AND `date` <= \'2026-04-30\'')
 3 SYSTEMPATH\Database\BaseConnection.php(827): CodeIgniter\Database\BaseConnection->simpleQuery('SELECT *
FROM `events`
WHERE `school_id` = \'93\'
AND `date` >= \'2026-04-01\'
AND `date` <= \'2026-04-30\'')
 4 SYSTEMPATH\Database\BaseBuilder.php(1649): CodeIgniter\Database\BaseConnection->query('SELECT *
FROM `events`
WHERE `school_id` = :school_id:
AND `date` >= :date:
AND `date` <= :date.1:', [...], false)
 5 APPPATH\Models\Crud_model.php(349): CodeIgniter\Database\BaseBuilder->get()
 6 APPPATH\Views\backend\admin\dashboard\index.php(681): App\Models\Crud_model->get_current_month_events()
 7 APPPATH\Views\backend\index.php(147): include('C:\\xampp\\htdocs\\School-Management-De_migration\\app\\Views\\backend\\admin\\dashboard\\index.php')
 8 SYSTEMPATH\View\View.php(240): include('C:\\xampp\\htdocs\\School-Management-De_migration\\app\\Views\\backend\\index.php')
 9 SYSTEMPATH\View\View.php(243): CodeIgniter\View\View->CodeIgniter\View\{closure}()
10 APPPATH\View\View.php(357): CodeIgniter\View\View->render('backend/index', [], true)
11 SYSTEMPATH\Common.php(1250): App\View\View->render('backend/index', [], true)
12 APPPATH\Controllers\Admin.php(108): view('backend/index', [...])
13 APPPATH\Config\Routes.php(341): App\Controllers\Admin->dashboard()
14 SYSTEMPATH\CodeIgniter.php(872): CodeIgniter\Router\RouteCollection::{closure}()
15 SYSTEMPATH\CodeIgniter.php(480): CodeIgniter\CodeIgniter->startController()
16 SYSTEMPATH\CodeIgniter.php(340): CodeIgniter\CodeIgniter->handleRequest(null, Object(Config\Cache), false)
17 SYSTEMPATH\Boot.php(417): CodeIgniter\CodeIgniter->run()
18 SYSTEMPATH\Boot.php(68): CodeIgniter\Boot::runCodeIgniter(Object(CodeIgniter\CodeIgniter))
19 FCPATH\index.php(75): CodeIgniter\Boot::bootWeb(Object(Config\Paths))
ERROR - 2026-04-13 14:46:00 --> Table 'wayo_db.events' doesn't exist
in SYSTEMPATH\Database\MySQLi\Connection.php on line 300.
 1 SYSTEMPATH\Database\MySQLi\Connection.php(300): mysqli->query('SELECT *
FROM `events`
WHERE `school_id` = \'93\'
AND `date` >= \'2026-04-01\'
AND `date` <= \'2026-04-30\'', 0)
 2 SYSTEMPATH\Database\BaseConnection.php(910): CodeIgniter\Database\MySQLi\Connection->execute('SELECT *
FROM `events`
WHERE `school_id` = \'93\'
AND `date` >= \'2026-04-01\'
AND `date` <= \'2026-04-30\'')
 3 SYSTEMPATH\Database\BaseConnection.php(827): CodeIgniter\Database\BaseConnection->simpleQuery('SELECT *
FROM `events`
WHERE `school_id` = \'93\'
AND `date` >= \'2026-04-01\'
AND `date` <= \'2026-04-30\'')
 4 SYSTEMPATH\Database\BaseBuilder.php(1649): CodeIgniter\Database\BaseConnection->query('SELECT *
FROM `events`
WHERE `school_id` = :school_id:
AND `date` >= :date:
AND `date` <= :date.1:', [...], false)
 5 APPPATH\Models\Crud_model.php(349): CodeIgniter\Database\BaseBuilder->get()
 6 APPPATH\Views\backend\admin\dashboard\index.php(719): App\Models\Crud_model->get_current_month_events()
 7 APPPATH\Views\backend\index.php(147): include('C:\\xampp\\htdocs\\School-Management-De_migration\\app\\Views\\backend\\admin\\dashboard\\index.php')
 8 SYSTEMPATH\View\View.php(240): include('C:\\xampp\\htdocs\\School-Management-De_migration\\app\\Views\\backend\\index.php')
 9 SYSTEMPATH\View\View.php(243): CodeIgniter\View\View->CodeIgniter\View\{closure}()
10 APPPATH\View\View.php(357): CodeIgniter\View\View->render('backend/index', [], true)
11 SYSTEMPATH\Common.php(1250): App\View\View->render('backend/index', [], true)
12 APPPATH\Controllers\Admin.php(108): view('backend/index', [...])
13 APPPATH\Config\Routes.php(341): App\Controllers\Admin->dashboard()
14 SYSTEMPATH\CodeIgniter.php(872): CodeIgniter\Router\RouteCollection::{closure}()
15 SYSTEMPATH\CodeIgniter.php(480): CodeIgniter\CodeIgniter->startController()
16 SYSTEMPATH\CodeIgniter.php(340): CodeIgniter\CodeIgniter->handleRequest(null, Object(Config\Cache), false)
17 SYSTEMPATH\Boot.php(417): CodeIgniter\CodeIgniter->run()
18 SYSTEMPATH\Boot.php(68): CodeIgniter\Boot::runCodeIgniter(Object(CodeIgniter\CodeIgniter))
19 FCPATH\index.php(75): CodeIgniter\Boot::bootWeb(Object(Config\Paths))
DEBUG - 2026-04-13 14:46:03 --> Session: Class initialized using 'CodeIgniter\Session\Handlers\FileHandler' driver.
DEBUG - 2026-04-13 14:47:08 --> Session: Class initialized using 'CodeIgniter\Session\Handlers\FileHandler' driver.
DEBUG - 2026-04-13 14:47:09 --> Total exams not yet taken calculated for school_id 93: 0
ERROR - 2026-04-13 14:47:09 --> trial_expired_modal: current_role=admin
WARNING - 2026-04-13 14:47:09 --> [DEPRECATED] Creation of dynamic property App\Models\Invoice_model::$cache is deprecated in APPPATH\Models\Invoice_model.php on line 27.
 1 SYSTEMPATH\Config\Factories.php(236): App\Models\Invoice_model->__construct(null)
 2 SYSTEMPATH\Config\Factories.php(170): CodeIgniter\Config\Factories::createInstance('models', 'App\\Models\\Invoice_model', [...])
 3 SYSTEMPATH\Common.php(833): CodeIgniter\Config\Factories::__callStatic('models', [...])
 4 APPPATH\Libraries\SubscriptionService.php(103): model('App\\Models\\Invoice_model')
 5 APPPATH\Views\backend\shared\trial_expired_modal.php(77): App\Libraries\SubscriptionService->ensureRenewalInvoice('93')
 6 APPPATH\Views\backend\admin\dashboard\index.php(2): include('C:\\xampp\\htdocs\\School-Management-De_migration\\app\\Views\\backend\\shared\\trial_expired_modal.php')
 7 APPPATH\Views\backend\index.php(147): include('C:\\xampp\\htdocs\\School-Management-De_migration\\app\\Views\\backend\\admin\\dashboard\\index.php')
 8 SYSTEMPATH\View\View.php(240): include('C:\\xampp\\htdocs\\School-Management-De_migration\\app\\Views\\backend\\index.php')
 9 SYSTEMPATH\View\View.php(243): CodeIgniter\View\View->CodeIgniter\View\{closure}()
10 APPPATH\View\View.php(357): CodeIgniter\View\View->render('backend/index', [], true)
11 SYSTEMPATH\Common.php(1250): App\View\View->render('backend/index', [], true)
12 APPPATH\Controllers\Admin.php(108): view('backend/index', [...])
13 APPPATH\Config\Routes.php(341): App\Controllers\Admin->dashboard()
14 SYSTEMPATH\CodeIgniter.php(872): CodeIgniter\Router\RouteCollection::{closure}()
15 SYSTEMPATH\CodeIgniter.php(480): CodeIgniter\CodeIgniter->startController()
16 SYSTEMPATH\CodeIgniter.php(340): CodeIgniter\CodeIgniter->handleRequest(null, Object(Config\Cache), false)
17 SYSTEMPATH\Boot.php(417): CodeIgniter\CodeIgniter->run()
18 SYSTEMPATH\Boot.php(68): CodeIgniter\Boot::runCodeIgniter(Object(CodeIgniter\CodeIgniter))
19 FCPATH\index.php(75): CodeIgniter\Boot::bootWeb(Object(Config\Paths))
ERROR - 2026-04-13 14:47:09 --> ensureSubscriptionInvoice: school_id=93, type=string
ERROR - 2026-04-13 14:47:09 --> ensureSubscriptionInvoice: checking for existing invoice
ERROR - 2026-04-13 14:47:09 --> ensureSubscriptionInvoice: existing_invoice={"id":"15","status":"unpaid","period_start":"1776087749","period_end":"1778679749"}
ERROR - 2026-04-13 14:47:09 --> trial_expired_modal: invoice_result={"success":true,"invoice_id":"15","message":"Existing unpaid invoice found","existing":true}
ERROR - 2026-04-13 14:47:10 --> Table 'wayo_db.events' doesn't exist
in SYSTEMPATH\Database\MySQLi\Connection.php on line 300.
 1 SYSTEMPATH\Database\MySQLi\Connection.php(300): mysqli->query('SELECT *
FROM `events`
WHERE `school_id` = \'93\'
AND `date` >= \'2026-04-01\'
AND `date` <= \'2026-04-30\'', 0)
 2 SYSTEMPATH\Database\BaseConnection.php(910): CodeIgniter\Database\MySQLi\Connection->execute('SELECT *
FROM `events`
WHERE `school_id` = \'93\'
AND `date` >= \'2026-04-01\'
AND `date` <= \'2026-04-30\'')
 3 SYSTEMPATH\Database\BaseConnection.php(827): CodeIgniter\Database\BaseConnection->simpleQuery('SELECT *
FROM `events`
WHERE `school_id` = \'93\'
AND `date` >= \'2026-04-01\'
AND `date` <= \'2026-04-30\'')
 4 SYSTEMPATH\Database\BaseBuilder.php(1649): CodeIgniter\Database\BaseConnection->query('SELECT *
FROM `events`
WHERE `school_id` = :school_id:
AND `date` >= :date:
AND `date` <= :date.1:', [...], false)
 5 APPPATH\Models\Crud_model.php(349): CodeIgniter\Database\BaseBuilder->get()
 6 APPPATH\Views\backend\admin\dashboard\index.php(681): App\Models\Crud_model->get_current_month_events()
 7 APPPATH\Views\backend\index.php(147): include('C:\\xampp\\htdocs\\School-Management-De_migration\\app\\Views\\backend\\admin\\dashboard\\index.php')
 8 SYSTEMPATH\View\View.php(240): include('C:\\xampp\\htdocs\\School-Management-De_migration\\app\\Views\\backend\\index.php')
 9 SYSTEMPATH\View\View.php(243): CodeIgniter\View\View->CodeIgniter\View\{closure}()
10 APPPATH\View\View.php(357): CodeIgniter\View\View->render('backend/index', [], true)
11 SYSTEMPATH\Common.php(1250): App\View\View->render('backend/index', [], true)
12 APPPATH\Controllers\Admin.php(108): view('backend/index', [...])
13 APPPATH\Config\Routes.php(341): App\Controllers\Admin->dashboard()
14 SYSTEMPATH\CodeIgniter.php(872): CodeIgniter\Router\RouteCollection::{closure}()
15 SYSTEMPATH\CodeIgniter.php(480): CodeIgniter\CodeIgniter->startController()
16 SYSTEMPATH\CodeIgniter.php(340): CodeIgniter\CodeIgniter->handleRequest(null, Object(Config\Cache), false)
17 SYSTEMPATH\Boot.php(417): CodeIgniter\CodeIgniter->run()
18 SYSTEMPATH\Boot.php(68): CodeIgniter\Boot::runCodeIgniter(Object(CodeIgniter\CodeIgniter))
19 FCPATH\index.php(75): CodeIgniter\Boot::bootWeb(Object(Config\Paths))
ERROR - 2026-04-13 14:47:10 --> Table 'wayo_db.events' doesn't exist
in SYSTEMPATH\Database\MySQLi\Connection.php on line 300.
 1 SYSTEMPATH\Database\MySQLi\Connection.php(300): mysqli->query('SELECT *
FROM `events`
WHERE `school_id` = \'93\'
AND `date` >= \'2026-04-01\'
AND `date` <= \'2026-04-30\'', 0)
 2 SYSTEMPATH\Database\BaseConnection.php(910): CodeIgniter\Database\MySQLi\Connection->execute('SELECT *
FROM `events`
WHERE `school_id` = \'93\'
AND `date` >= \'2026-04-01\'
AND `date` <= \'2026-04-30\'')
 3 SYSTEMPATH\Database\BaseConnection.php(827): CodeIgniter\Database\BaseConnection->simpleQuery('SELECT *
FROM `events`
WHERE `school_id` = \'93\'
AND `date` >= \'2026-04-01\'
AND `date` <= \'2026-04-30\'')
 4 SYSTEMPATH\Database\BaseBuilder.php(1649): CodeIgniter\Database\BaseConnection->query('SELECT *
FROM `events`
WHERE `school_id` = :school_id:
AND `date` >= :date:
AND `date` <= :date.1:', [...], false)
 5 APPPATH\Models\Crud_model.php(349): CodeIgniter\Database\BaseBuilder->get()
 6 APPPATH\Views\backend\admin\dashboard\index.php(719): App\Models\Crud_model->get_current_month_events()
 7 APPPATH\Views\backend\index.php(147): include('C:\\xampp\\htdocs\\School-Management-De_migration\\app\\Views\\backend\\admin\\dashboard\\index.php')
 8 SYSTEMPATH\View\View.php(240): include('C:\\xampp\\htdocs\\School-Management-De_migration\\app\\Views\\backend\\index.php')
 9 SYSTEMPATH\View\View.php(243): CodeIgniter\View\View->CodeIgniter\View\{closure}()
10 APPPATH\View\View.php(357): CodeIgniter\View\View->render('backend/index', [], true)
11 SYSTEMPATH\Common.php(1250): App\View\View->render('backend/index', [], true)
12 APPPATH\Controllers\Admin.php(108): view('backend/index', [...])
13 APPPATH\Config\Routes.php(341): App\Controllers\Admin->dashboard()
14 SYSTEMPATH\CodeIgniter.php(872): CodeIgniter\Router\RouteCollection::{closure}()
15 SYSTEMPATH\CodeIgniter.php(480): CodeIgniter\CodeIgniter->startController()
16 SYSTEMPATH\CodeIgniter.php(340): CodeIgniter\CodeIgniter->handleRequest(null, Object(Config\Cache), false)
17 SYSTEMPATH\Boot.php(417): CodeIgniter\CodeIgniter->run()
18 SYSTEMPATH\Boot.php(68): CodeIgniter\Boot::runCodeIgniter(Object(CodeIgniter\CodeIgniter))
19 FCPATH\index.php(75): CodeIgniter\Boot::bootWeb(Object(Config\Paths))
DEBUG - 2026-04-13 14:47:11 --> Session: Class initialized using 'CodeIgniter\Session\Handlers\FileHandler' driver.
CRITICAL - 2026-04-13 14:47:20 --> CodeIgniter\Security\Exceptions\SecurityException: The action you requested is not allowed.
[Method: POST, Route: home/switch_community_role]
in SYSTEMPATH\Security\Security.php on line 258.
 1 SYSTEMPATH\Security\Security.php(258): CodeIgniter\Security\Exceptions\SecurityException::forDisallowedAction()
 2 SYSTEMPATH\Filters\CSRF.php(52): CodeIgniter\Security\Security->verify(Object(CodeIgniter\HTTP\IncomingRequest))
 3 SYSTEMPATH\Filters\Filters.php(241): CodeIgniter\Filters\CSRF->before(Object(CodeIgniter\HTTP\IncomingRequest), null)
 4 SYSTEMPATH\Filters\Filters.php(221): CodeIgniter\Filters\Filters->runBefore([...])
 5 SYSTEMPATH\CodeIgniter.php(465): CodeIgniter\Filters\Filters->run('home/switch_community_role', 'before')
 6 SYSTEMPATH\CodeIgniter.php(340): CodeIgniter\CodeIgniter->handleRequest(null, Object(Config\Cache), false)
 7 SYSTEMPATH\Boot.php(417): CodeIgniter\CodeIgniter->run()
 8 SYSTEMPATH\Boot.php(68): CodeIgniter\Boot::runCodeIgniter(Object(CodeIgniter\CodeIgniter))
 9 FCPATH\index.php(75): CodeIgniter\Boot::bootWeb(Object(Config\Paths))
DEBUG - 2026-04-13 14:47:56 --> Session: Class initialized using 'CodeIgniter\Session\Handlers\FileHandler' driver.
DEBUG - 2026-04-13 14:47:59 --> Total exams not yet taken calculated for school_id 93: 0
ERROR - 2026-04-13 14:48:00 --> trial_expired_modal: current_role=admin
WARNING - 2026-04-13 14:48:00 --> [DEPRECATED] Creation of dynamic property App\Models\Invoice_model::$cache is deprecated in APPPATH\Models\Invoice_model.php on line 27.
 1 SYSTEMPATH\Config\Factories.php(236): App\Models\Invoice_model->__construct(null)
 2 SYSTEMPATH\Config\Factories.php(170): CodeIgniter\Config\Factories::createInstance('models', 'App\\Models\\Invoice_model', [...])
 3 SYSTEMPATH\Common.php(833): CodeIgniter\Config\Factories::__callStatic('models', [...])
 4 APPPATH\Libraries\SubscriptionService.php(103): model('App\\Models\\Invoice_model')
 5 APPPATH\Views\backend\shared\trial_expired_modal.php(77): App\Libraries\SubscriptionService->ensureRenewalInvoice('93')
 6 APPPATH\Views\backend\admin\dashboard\index.php(2): include('C:\\xampp\\htdocs\\School-Management-De_migration\\app\\Views\\backend\\shared\\trial_expired_modal.php')
 7 APPPATH\Views\backend\index.php(147): include('C:\\xampp\\htdocs\\School-Management-De_migration\\app\\Views\\backend\\admin\\dashboard\\index.php')
 8 SYSTEMPATH\View\View.php(240): include('C:\\xampp\\htdocs\\School-Management-De_migration\\app\\Views\\backend\\index.php')
 9 SYSTEMPATH\View\View.php(243): CodeIgniter\View\View->CodeIgniter\View\{closure}()
10 APPPATH\View\View.php(357): CodeIgniter\View\View->render('backend/index', [], true)
11 SYSTEMPATH\Common.php(1250): App\View\View->render('backend/index', [], true)
12 APPPATH\Controllers\Admin.php(108): view('backend/index', [...])
13 APPPATH\Config\Routes.php(341): App\Controllers\Admin->dashboard()
14 SYSTEMPATH\CodeIgniter.php(872): CodeIgniter\Router\RouteCollection::{closure}()
15 SYSTEMPATH\CodeIgniter.php(480): CodeIgniter\CodeIgniter->startController()
16 SYSTEMPATH\CodeIgniter.php(340): CodeIgniter\CodeIgniter->handleRequest(null, Object(Config\Cache), false)
17 SYSTEMPATH\Boot.php(417): CodeIgniter\CodeIgniter->run()
18 SYSTEMPATH\Boot.php(68): CodeIgniter\Boot::runCodeIgniter(Object(CodeIgniter\CodeIgniter))
19 FCPATH\index.php(75): CodeIgniter\Boot::bootWeb(Object(Config\Paths))
ERROR - 2026-04-13 14:48:00 --> ensureSubscriptionInvoice: school_id=93, type=string
ERROR - 2026-04-13 14:48:00 --> ensureSubscriptionInvoice: checking for existing invoice
ERROR - 2026-04-13 14:48:00 --> ensureSubscriptionInvoice: existing_invoice={"id":"15","status":"unpaid","period_start":"1776087749","period_end":"1778679749"}
ERROR - 2026-04-13 14:48:00 --> trial_expired_modal: invoice_result={"success":true,"invoice_id":"15","message":"Existing unpaid invoice found","existing":true}
ERROR - 2026-04-13 14:48:01 --> Table 'wayo_db.events' doesn't exist
in SYSTEMPATH\Database\MySQLi\Connection.php on line 300.
 1 SYSTEMPATH\Database\MySQLi\Connection.php(300): mysqli->query('SELECT *
FROM `events`
WHERE `school_id` = \'93\'
AND `date` >= \'2026-04-01\'
AND `date` <= \'2026-04-30\'', 0)
 2 SYSTEMPATH\Database\BaseConnection.php(910): CodeIgniter\Database\MySQLi\Connection->execute('SELECT *
FROM `events`
WHERE `school_id` = \'93\'
AND `date` >= \'2026-04-01\'
AND `date` <= \'2026-04-30\'')
 3 SYSTEMPATH\Database\BaseConnection.php(827): CodeIgniter\Database\BaseConnection->simpleQuery('SELECT *
FROM `events`
WHERE `school_id` = \'93\'
AND `date` >= \'2026-04-01\'
AND `date` <= \'2026-04-30\'')
 4 SYSTEMPATH\Database\BaseBuilder.php(1649): CodeIgniter\Database\BaseConnection->query('SELECT *
FROM `events`
WHERE `school_id` = :school_id:
AND `date` >= :date:
AND `date` <= :date.1:', [...], false)
 5 APPPATH\Models\Crud_model.php(349): CodeIgniter\Database\BaseBuilder->get()
 6 APPPATH\Views\backend\admin\dashboard\index.php(681): App\Models\Crud_model->get_current_month_events()
 7 APPPATH\Views\backend\index.php(147): include('C:\\xampp\\htdocs\\School-Management-De_migration\\app\\Views\\backend\\admin\\dashboard\\index.php')
 8 SYSTEMPATH\View\View.php(240): include('C:\\xampp\\htdocs\\School-Management-De_migration\\app\\Views\\backend\\index.php')
 9 SYSTEMPATH\View\View.php(243): CodeIgniter\View\View->CodeIgniter\View\{closure}()
10 APPPATH\View\View.php(357): CodeIgniter\View\View->render('backend/index', [], true)
11 SYSTEMPATH\Common.php(1250): App\View\View->render('backend/index', [], true)
12 APPPATH\Controllers\Admin.php(108): view('backend/index', [...])
13 APPPATH\Config\Routes.php(341): App\Controllers\Admin->dashboard()
14 SYSTEMPATH\CodeIgniter.php(872): CodeIgniter\Router\RouteCollection::{closure}()
15 SYSTEMPATH\CodeIgniter.php(480): CodeIgniter\CodeIgniter->startController()
16 SYSTEMPATH\CodeIgniter.php(340): CodeIgniter\CodeIgniter->handleRequest(null, Object(Config\Cache), false)
17 SYSTEMPATH\Boot.php(417): CodeIgniter\CodeIgniter->run()
18 SYSTEMPATH\Boot.php(68): CodeIgniter\Boot::runCodeIgniter(Object(CodeIgniter\CodeIgniter))
19 FCPATH\index.php(75): CodeIgniter\Boot::bootWeb(Object(Config\Paths))
ERROR - 2026-04-13 14:48:01 --> Table 'wayo_db.events' doesn't exist
in SYSTEMPATH\Database\MySQLi\Connection.php on line 300.
 1 SYSTEMPATH\Database\MySQLi\Connection.php(300): mysqli->query('SELECT *
FROM `events`
WHERE `school_id` = \'93\'
AND `date` >= \'2026-04-01\'
AND `date` <= \'2026-04-30\'', 0)
 2 SYSTEMPATH\Database\BaseConnection.php(910): CodeIgniter\Database\MySQLi\Connection->execute('SELECT *
FROM `events`
WHERE `school_id` = \'93\'
AND `date` >= \'2026-04-01\'
AND `date` <= \'2026-04-30\'')
 3 SYSTEMPATH\Database\BaseConnection.php(827): CodeIgniter\Database\BaseConnection->simpleQuery('SELECT *
FROM `events`
WHERE `school_id` = \'93\'
AND `date` >= \'2026-04-01\'
AND `date` <= \'2026-04-30\'')
 4 SYSTEMPATH\Database\BaseBuilder.php(1649): CodeIgniter\Database\BaseConnection->query('SELECT *
FROM `events`
WHERE `school_id` = :school_id:
AND `date` >= :date:
AND `date` <= :date.1:', [...], false)
 5 APPPATH\Models\Crud_model.php(349): CodeIgniter\Database\BaseBuilder->get()
 6 APPPATH\Views\backend\admin\dashboard\index.php(719): App\Models\Crud_model->get_current_month_events()
 7 APPPATH\Views\backend\index.php(147): include('C:\\xampp\\htdocs\\School-Management-De_migration\\app\\Views\\backend\\admin\\dashboard\\index.php')
 8 SYSTEMPATH\View\View.php(240): include('C:\\xampp\\htdocs\\School-Management-De_migration\\app\\Views\\backend\\index.php')
 9 SYSTEMPATH\View\View.php(243): CodeIgniter\View\View->CodeIgniter\View\{closure}()
10 APPPATH\View\View.php(357): CodeIgniter\View\View->render('backend/index', [], true)
11 SYSTEMPATH\Common.php(1250): App\View\View->render('backend/index', [], true)
12 APPPATH\Controllers\Admin.php(108): view('backend/index', [...])
13 APPPATH\Config\Routes.php(341): App\Controllers\Admin->dashboard()
14 SYSTEMPATH\CodeIgniter.php(872): CodeIgniter\Router\RouteCollection::{closure}()
15 SYSTEMPATH\CodeIgniter.php(480): CodeIgniter\CodeIgniter->startController()
16 SYSTEMPATH\CodeIgniter.php(340): CodeIgniter\CodeIgniter->handleRequest(null, Object(Config\Cache), false)
17 SYSTEMPATH\Boot.php(417): CodeIgniter\CodeIgniter->run()
18 SYSTEMPATH\Boot.php(68): CodeIgniter\Boot::runCodeIgniter(Object(CodeIgniter\CodeIgniter))
19 FCPATH\index.php(75): CodeIgniter\Boot::bootWeb(Object(Config\Paths))
DEBUG - 2026-04-13 14:48:05 --> Session: Class initialized using 'CodeIgniter\Session\Handlers\FileHandler' driver.
CRITICAL - 2026-04-13 14:48:28 --> CodeIgniter\Security\Exceptions\SecurityException: The action you requested is not allowed.
[Method: POST, Route: home/switch_community_role]
in SYSTEMPATH\Security\Security.php on line 258.
 1 SYSTEMPATH\Security\Security.php(258): CodeIgniter\Security\Exceptions\SecurityException::forDisallowedAction()
 2 SYSTEMPATH\Filters\CSRF.php(52): CodeIgniter\Security\Security->verify(Object(CodeIgniter\HTTP\IncomingRequest))
 3 SYSTEMPATH\Filters\Filters.php(241): CodeIgniter\Filters\CSRF->before(Object(CodeIgniter\HTTP\IncomingRequest), null)
 4 SYSTEMPATH\Filters\Filters.php(221): CodeIgniter\Filters\Filters->runBefore([...])
 5 SYSTEMPATH\CodeIgniter.php(465): CodeIgniter\Filters\Filters->run('home/switch_community_role', 'before')
 6 SYSTEMPATH\CodeIgniter.php(340): CodeIgniter\CodeIgniter->handleRequest(null, Object(Config\Cache), false)
 7 SYSTEMPATH\Boot.php(417): CodeIgniter\CodeIgniter->run()
 8 SYSTEMPATH\Boot.php(68): CodeIgniter\Boot::runCodeIgniter(Object(CodeIgniter\CodeIgniter))
 9 FCPATH\index.php(75): CodeIgniter\Boot::bootWeb(Object(Config\Paths))
DEBUG - 2026-04-13 14:48:35 --> Session: Class initialized using 'CodeIgniter\Session\Handlers\FileHandler' driver.
DEBUG - 2026-04-13 14:48:36 --> Total exams not yet taken calculated for school_id 93: 0
ERROR - 2026-04-13 14:48:36 --> trial_expired_modal: current_role=admin
WARNING - 2026-04-13 14:48:36 --> [DEPRECATED] Creation of dynamic property App\Models\Invoice_model::$cache is deprecated in APPPATH\Models\Invoice_model.php on line 27.
 1 SYSTEMPATH\Config\Factories.php(236): App\Models\Invoice_model->__construct(null)
 2 SYSTEMPATH\Config\Factories.php(170): CodeIgniter\Config\Factories::createInstance('models', 'App\\Models\\Invoice_model', [...])
 3 SYSTEMPATH\Common.php(833): CodeIgniter\Config\Factories::__callStatic('models', [...])
 4 APPPATH\Libraries\SubscriptionService.php(103): model('App\\Models\\Invoice_model')
 5 APPPATH\Views\backend\shared\trial_expired_modal.php(77): App\Libraries\SubscriptionService->ensureRenewalInvoice('93')
 6 APPPATH\Views\backend\admin\dashboard\index.php(2): include('C:\\xampp\\htdocs\\School-Management-De_migration\\app\\Views\\backend\\shared\\trial_expired_modal.php')
 7 APPPATH\Views\backend\index.php(147): include('C:\\xampp\\htdocs\\School-Management-De_migration\\app\\Views\\backend\\admin\\dashboard\\index.php')
 8 SYSTEMPATH\View\View.php(240): include('C:\\xampp\\htdocs\\School-Management-De_migration\\app\\Views\\backend\\index.php')
 9 SYSTEMPATH\View\View.php(243): CodeIgniter\View\View->CodeIgniter\View\{closure}()
10 APPPATH\View\View.php(357): CodeIgniter\View\View->render('backend/index', [], true)
11 SYSTEMPATH\Common.php(1250): App\View\View->render('backend/index', [], true)
12 APPPATH\Controllers\Admin.php(108): view('backend/index', [...])
13 APPPATH\Config\Routes.php(341): App\Controllers\Admin->dashboard()
14 SYSTEMPATH\CodeIgniter.php(872): CodeIgniter\Router\RouteCollection::{closure}()
15 SYSTEMPATH\CodeIgniter.php(480): CodeIgniter\CodeIgniter->startController()
16 SYSTEMPATH\CodeIgniter.php(340): CodeIgniter\CodeIgniter->handleRequest(null, Object(Config\Cache), false)
17 SYSTEMPATH\Boot.php(417): CodeIgniter\CodeIgniter->run()
18 SYSTEMPATH\Boot.php(68): CodeIgniter\Boot::runCodeIgniter(Object(CodeIgniter\CodeIgniter))
19 FCPATH\index.php(75): CodeIgniter\Boot::bootWeb(Object(Config\Paths))
ERROR - 2026-04-13 14:48:36 --> ensureSubscriptionInvoice: school_id=93, type=string
ERROR - 2026-04-13 14:48:36 --> ensureSubscriptionInvoice: checking for existing invoice
ERROR - 2026-04-13 14:48:36 --> ensureSubscriptionInvoice: existing_invoice={"id":"15","status":"unpaid","period_start":"1776087749","period_end":"1778679749"}
ERROR - 2026-04-13 14:48:36 --> trial_expired_modal: invoice_result={"success":true,"invoice_id":"15","message":"Existing unpaid invoice found","existing":true}
ERROR - 2026-04-13 14:48:37 --> Table 'wayo_db.events' doesn't exist
in SYSTEMPATH\Database\MySQLi\Connection.php on line 300.
 1 SYSTEMPATH\Database\MySQLi\Connection.php(300): mysqli->query('SELECT *
FROM `events`
WHERE `school_id` = \'93\'
AND `date` >= \'2026-04-01\'
AND `date` <= \'2026-04-30\'', 0)
 2 SYSTEMPATH\Database\BaseConnection.php(910): CodeIgniter\Database\MySQLi\Connection->execute('SELECT *
FROM `events`
WHERE `school_id` = \'93\'
AND `date` >= \'2026-04-01\'
AND `date` <= \'2026-04-30\'')
 3 SYSTEMPATH\Database\BaseConnection.php(827): CodeIgniter\Database\BaseConnection->simpleQuery('SELECT *
FROM `events`
WHERE `school_id` = \'93\'
AND `date` >= \'2026-04-01\'
AND `date` <= \'2026-04-30\'')
 4 SYSTEMPATH\Database\BaseBuilder.php(1649): CodeIgniter\Database\BaseConnection->query('SELECT *
FROM `events`
WHERE `school_id` = :school_id:
AND `date` >= :date:
AND `date` <= :date.1:', [...], false)
 5 APPPATH\Models\Crud_model.php(349): CodeIgniter\Database\BaseBuilder->get()
 6 APPPATH\Views\backend\admin\dashboard\index.php(681): App\Models\Crud_model->get_current_month_events()
 7 APPPATH\Views\backend\index.php(147): include('C:\\xampp\\htdocs\\School-Management-De_migration\\app\\Views\\backend\\admin\\dashboard\\index.php')
 8 SYSTEMPATH\View\View.php(240): include('C:\\xampp\\htdocs\\School-Management-De_migration\\app\\Views\\backend\\index.php')
 9 SYSTEMPATH\View\View.php(243): CodeIgniter\View\View->CodeIgniter\View\{closure}()
10 APPPATH\View\View.php(357): CodeIgniter\View\View->render('backend/index', [], true)
11 SYSTEMPATH\Common.php(1250): App\View\View->render('backend/index', [], true)
12 APPPATH\Controllers\Admin.php(108): view('backend/index', [...])
13 APPPATH\Config\Routes.php(341): App\Controllers\Admin->dashboard()
14 SYSTEMPATH\CodeIgniter.php(872): CodeIgniter\Router\RouteCollection::{closure}()
15 SYSTEMPATH\CodeIgniter.php(480): CodeIgniter\CodeIgniter->startController()
16 SYSTEMPATH\CodeIgniter.php(340): CodeIgniter\CodeIgniter->handleRequest(null, Object(Config\Cache), false)
17 SYSTEMPATH\Boot.php(417): CodeIgniter\CodeIgniter->run()
18 SYSTEMPATH\Boot.php(68): CodeIgniter\Boot::runCodeIgniter(Object(CodeIgniter\CodeIgniter))
19 FCPATH\index.php(75): CodeIgniter\Boot::bootWeb(Object(Config\Paths))
ERROR - 2026-04-13 14:48:37 --> Table 'wayo_db.events' doesn't exist
in SYSTEMPATH\Database\MySQLi\Connection.php on line 300.
 1 SYSTEMPATH\Database\MySQLi\Connection.php(300): mysqli->query('SELECT *
FROM `events`
WHERE `school_id` = \'93\'
AND `date` >= \'2026-04-01\'
AND `date` <= \'2026-04-30\'', 0)
 2 SYSTEMPATH\Database\BaseConnection.php(910): CodeIgniter\Database\MySQLi\Connection->execute('SELECT *
FROM `events`
WHERE `school_id` = \'93\'
AND `date` >= \'2026-04-01\'
AND `date` <= \'2026-04-30\'')
 3 SYSTEMPATH\Database\BaseConnection.php(827): CodeIgniter\Database\BaseConnection->simpleQuery('SELECT *
FROM `events`
WHERE `school_id` = \'93\'
AND `date` >= \'2026-04-01\'
AND `date` <= \'2026-04-30\'')
 4 SYSTEMPATH\Database\BaseBuilder.php(1649): CodeIgniter\Database\BaseConnection->query('SELECT *
FROM `events`
WHERE `school_id` = :school_id:
AND `date` >= :date:
AND `date` <= :date.1:', [...], false)
 5 APPPATH\Models\Crud_model.php(349): CodeIgniter\Database\BaseBuilder->get()
 6 APPPATH\Views\backend\admin\dashboard\index.php(719): App\Models\Crud_model->get_current_month_events()
 7 APPPATH\Views\backend\index.php(147): include('C:\\xampp\\htdocs\\School-Management-De_migration\\app\\Views\\backend\\admin\\dashboard\\index.php')
 8 SYSTEMPATH\View\View.php(240): include('C:\\xampp\\htdocs\\School-Management-De_migration\\app\\Views\\backend\\index.php')
 9 SYSTEMPATH\View\View.php(243): CodeIgniter\View\View->CodeIgniter\View\{closure}()
10 APPPATH\View\View.php(357): CodeIgniter\View\View->render('backend/index', [], true)
11 SYSTEMPATH\Common.php(1250): App\View\View->render('backend/index', [], true)
12 APPPATH\Controllers\Admin.php(108): view('backend/index', [...])
13 APPPATH\Config\Routes.php(341): App\Controllers\Admin->dashboard()
14 SYSTEMPATH\CodeIgniter.php(872): CodeIgniter\Router\RouteCollection::{closure}()
15 SYSTEMPATH\CodeIgniter.php(480): CodeIgniter\CodeIgniter->startController()
16 SYSTEMPATH\CodeIgniter.php(340): CodeIgniter\CodeIgniter->handleRequest(null, Object(Config\Cache), false)
17 SYSTEMPATH\Boot.php(417): CodeIgniter\CodeIgniter->run()
18 SYSTEMPATH\Boot.php(68): CodeIgniter\Boot::runCodeIgniter(Object(CodeIgniter\CodeIgniter))
19 FCPATH\index.php(75): CodeIgniter\Boot::bootWeb(Object(Config\Paths))
DEBUG - 2026-04-13 14:48:39 --> Session: Class initialized using 'CodeIgniter\Session\Handlers\FileHandler' driver.
CRITICAL - 2026-04-13 14:48:43 --> CodeIgniter\Security\Exceptions\SecurityException: The action you requested is not allowed.
[Method: POST, Route: home/switch_community_role]
in SYSTEMPATH\Security\Security.php on line 258.
 1 SYSTEMPATH\Security\Security.php(258): CodeIgniter\Security\Exceptions\SecurityException::forDisallowedAction()
 2 SYSTEMPATH\Filters\CSRF.php(52): CodeIgniter\Security\Security->verify(Object(CodeIgniter\HTTP\IncomingRequest))
 3 SYSTEMPATH\Filters\Filters.php(241): CodeIgniter\Filters\CSRF->before(Object(CodeIgniter\HTTP\IncomingRequest), null)
 4 SYSTEMPATH\Filters\Filters.php(221): CodeIgniter\Filters\Filters->runBefore([...])
 5 SYSTEMPATH\CodeIgniter.php(465): CodeIgniter\Filters\Filters->run('home/switch_community_role', 'before')
 6 SYSTEMPATH\CodeIgniter.php(340): CodeIgniter\CodeIgniter->handleRequest(null, Object(Config\Cache), false)
 7 SYSTEMPATH\Boot.php(417): CodeIgniter\CodeIgniter->run()
 8 SYSTEMPATH\Boot.php(68): CodeIgniter\Boot::runCodeIgniter(Object(CodeIgniter\CodeIgniter))
 9 FCPATH\index.php(75): CodeIgniter\Boot::bootWeb(Object(Config\Paths))
CRITICAL - 2026-04-13 14:48:45 --> CodeIgniter\Security\Exceptions\SecurityException: The action you requested is not allowed.
[Method: POST, Route: home/switch_community_role]
in SYSTEMPATH\Security\Security.php on line 258.
 1 SYSTEMPATH\Security\Security.php(258): CodeIgniter\Security\Exceptions\SecurityException::forDisallowedAction()
 2 SYSTEMPATH\Filters\CSRF.php(52): CodeIgniter\Security\Security->verify(Object(CodeIgniter\HTTP\IncomingRequest))
 3 SYSTEMPATH\Filters\Filters.php(241): CodeIgniter\Filters\CSRF->before(Object(CodeIgniter\HTTP\IncomingRequest), null)
 4 SYSTEMPATH\Filters\Filters.php(221): CodeIgniter\Filters\Filters->runBefore([...])
 5 SYSTEMPATH\CodeIgniter.php(465): CodeIgniter\Filters\Filters->run('home/switch_community_role', 'before')
 6 SYSTEMPATH\CodeIgniter.php(340): CodeIgniter\CodeIgniter->handleRequest(null, Object(Config\Cache), false)
 7 SYSTEMPATH\Boot.php(417): CodeIgniter\CodeIgniter->run()
 8 SYSTEMPATH\Boot.php(68): CodeIgniter\Boot::runCodeIgniter(Object(CodeIgniter\CodeIgniter))
 9 FCPATH\index.php(75): CodeIgniter\Boot::bootWeb(Object(Config\Paths))
CRITICAL - 2026-04-13 14:48:46 --> CodeIgniter\Security\Exceptions\SecurityException: The action you requested is not allowed.
[Method: POST, Route: home/switch_community_role]
in SYSTEMPATH\Security\Security.php on line 258.
 1 SYSTEMPATH\Security\Security.php(258): CodeIgniter\Security\Exceptions\SecurityException::forDisallowedAction()
 2 SYSTEMPATH\Filters\CSRF.php(52): CodeIgniter\Security\Security->verify(Object(CodeIgniter\HTTP\IncomingRequest))
 3 SYSTEMPATH\Filters\Filters.php(241): CodeIgniter\Filters\CSRF->before(Object(CodeIgniter\HTTP\IncomingRequest), null)
 4 SYSTEMPATH\Filters\Filters.php(221): CodeIgniter\Filters\Filters->runBefore([...])
 5 SYSTEMPATH\CodeIgniter.php(465): CodeIgniter\Filters\Filters->run('home/switch_community_role', 'before')
 6 SYSTEMPATH\CodeIgniter.php(340): CodeIgniter\CodeIgniter->handleRequest(null, Object(Config\Cache), false)
 7 SYSTEMPATH\Boot.php(417): CodeIgniter\CodeIgniter->run()
 8 SYSTEMPATH\Boot.php(68): CodeIgniter\Boot::runCodeIgniter(Object(CodeIgniter\CodeIgniter))
 9 FCPATH\index.php(75): CodeIgniter\Boot::bootWeb(Object(Config\Paths))
CRITICAL - 2026-04-13 14:48:46 --> CodeIgniter\Security\Exceptions\SecurityException: The action you requested is not allowed.
[Method: POST, Route: home/switch_community_role]
in SYSTEMPATH\Security\Security.php on line 258.
 1 SYSTEMPATH\Security\Security.php(258): CodeIgniter\Security\Exceptions\SecurityException::forDisallowedAction()
 2 SYSTEMPATH\Filters\CSRF.php(52): CodeIgniter\Security\Security->verify(Object(CodeIgniter\HTTP\IncomingRequest))
 3 SYSTEMPATH\Filters\Filters.php(241): CodeIgniter\Filters\CSRF->before(Object(CodeIgniter\HTTP\IncomingRequest), null)
 4 SYSTEMPATH\Filters\Filters.php(221): CodeIgniter\Filters\Filters->runBefore([...])
 5 SYSTEMPATH\CodeIgniter.php(465): CodeIgniter\Filters\Filters->run('home/switch_community_role', 'before')
 6 SYSTEMPATH\CodeIgniter.php(340): CodeIgniter\CodeIgniter->handleRequest(null, Object(Config\Cache), false)
 7 SYSTEMPATH\Boot.php(417): CodeIgniter\CodeIgniter->run()
 8 SYSTEMPATH\Boot.php(68): CodeIgniter\Boot::runCodeIgniter(Object(CodeIgniter\CodeIgniter))
 9 FCPATH\index.php(75): CodeIgniter\Boot::bootWeb(Object(Config\Paths))
CRITICAL - 2026-04-13 14:48:56 --> CodeIgniter\Security\Exceptions\SecurityException: The action you requested is not allowed.
[Method: POST, Route: home/switch_community_role]
in SYSTEMPATH\Security\Security.php on line 258.
 1 SYSTEMPATH\Security\Security.php(258): CodeIgniter\Security\Exceptions\SecurityException::forDisallowedAction()
 2 SYSTEMPATH\Filters\CSRF.php(52): CodeIgniter\Security\Security->verify(Object(CodeIgniter\HTTP\IncomingRequest))
 3 SYSTEMPATH\Filters\Filters.php(241): CodeIgniter\Filters\CSRF->before(Object(CodeIgniter\HTTP\IncomingRequest), null)
 4 SYSTEMPATH\Filters\Filters.php(221): CodeIgniter\Filters\Filters->runBefore([...])
 5 SYSTEMPATH\CodeIgniter.php(465): CodeIgniter\Filters\Filters->run('home/switch_community_role', 'before')
 6 SYSTEMPATH\CodeIgniter.php(340): CodeIgniter\CodeIgniter->handleRequest(null, Object(Config\Cache), false)
 7 SYSTEMPATH\Boot.php(417): CodeIgniter\CodeIgniter->run()
 8 SYSTEMPATH\Boot.php(68): CodeIgniter\Boot::runCodeIgniter(Object(CodeIgniter\CodeIgniter))
 9 FCPATH\index.php(75): CodeIgniter\Boot::bootWeb(Object(Config\Paths))
DEBUG - 2026-04-13 14:51:24 --> Session: Class initialized using 'CodeIgniter\Session\Handlers\FileHandler' driver.
DEBUG - 2026-04-13 14:51:25 --> Total exams not yet taken calculated for school_id 93: 0
ERROR - 2026-04-13 14:51:26 --> trial_expired_modal: current_role=admin
WARNING - 2026-04-13 14:51:26 --> [DEPRECATED] Creation of dynamic property App\Models\Invoice_model::$cache is deprecated in APPPATH\Models\Invoice_model.php on line 27.
 1 SYSTEMPATH\Config\Factories.php(236): App\Models\Invoice_model->__construct(null)
 2 SYSTEMPATH\Config\Factories.php(170): CodeIgniter\Config\Factories::createInstance('models', 'App\\Models\\Invoice_model', [...])
 3 SYSTEMPATH\Common.php(833): CodeIgniter\Config\Factories::__callStatic('models', [...])
 4 APPPATH\Libraries\SubscriptionService.php(103): model('App\\Models\\Invoice_model')
 5 APPPATH\Views\backend\shared\trial_expired_modal.php(77): App\Libraries\SubscriptionService->ensureRenewalInvoice('93')
 6 APPPATH\Views\backend\admin\dashboard\index.php(2): include('C:\\xampp\\htdocs\\School-Management-De_migration\\app\\Views\\backend\\shared\\trial_expired_modal.php')
 7 APPPATH\Views\backend\index.php(147): include('C:\\xampp\\htdocs\\School-Management-De_migration\\app\\Views\\backend\\admin\\dashboard\\index.php')
 8 SYSTEMPATH\View\View.php(240): include('C:\\xampp\\htdocs\\School-Management-De_migration\\app\\Views\\backend\\index.php')
 9 SYSTEMPATH\View\View.php(243): CodeIgniter\View\View->CodeIgniter\View\{closure}()
10 APPPATH\View\View.php(357): CodeIgniter\View\View->render('backend/index', [], true)
11 SYSTEMPATH\Common.php(1250): App\View\View->render('backend/index', [], true)
12 APPPATH\Controllers\Admin.php(108): view('backend/index', [...])
13 APPPATH\Config\Routes.php(341): App\Controllers\Admin->dashboard()
14 SYSTEMPATH\CodeIgniter.php(872): CodeIgniter\Router\RouteCollection::{closure}()
15 SYSTEMPATH\CodeIgniter.php(480): CodeIgniter\CodeIgniter->startController()
16 SYSTEMPATH\CodeIgniter.php(340): CodeIgniter\CodeIgniter->handleRequest(null, Object(Config\Cache), false)
17 SYSTEMPATH\Boot.php(417): CodeIgniter\CodeIgniter->run()
18 SYSTEMPATH\Boot.php(68): CodeIgniter\Boot::runCodeIgniter(Object(CodeIgniter\CodeIgniter))
19 FCPATH\index.php(75): CodeIgniter\Boot::bootWeb(Object(Config\Paths))
ERROR - 2026-04-13 14:51:26 --> ensureSubscriptionInvoice: school_id=93, type=string
ERROR - 2026-04-13 14:51:26 --> ensureSubscriptionInvoice: checking for existing invoice
ERROR - 2026-04-13 14:51:26 --> ensureSubscriptionInvoice: existing_invoice={"id":"15","status":"unpaid","period_start":"1776087749","period_end":"1778679749"}
ERROR - 2026-04-13 14:51:26 --> trial_expired_modal: invoice_result={"success":true,"invoice_id":"15","message":"Existing unpaid invoice found","existing":true}
ERROR - 2026-04-13 14:51:26 --> Table 'wayo_db.events' doesn't exist
in SYSTEMPATH\Database\MySQLi\Connection.php on line 300.
 1 SYSTEMPATH\Database\MySQLi\Connection.php(300): mysqli->query('SELECT *
FROM `events`
WHERE `school_id` = \'93\'
AND `date` >= \'2026-04-01\'
AND `date` <= \'2026-04-30\'', 0)
 2 SYSTEMPATH\Database\BaseConnection.php(910): CodeIgniter\Database\MySQLi\Connection->execute('SELECT *
FROM `events`
WHERE `school_id` = \'93\'
AND `date` >= \'2026-04-01\'
AND `date` <= \'2026-04-30\'')
 3 SYSTEMPATH\Database\BaseConnection.php(827): CodeIgniter\Database\BaseConnection->simpleQuery('SELECT *
FROM `events`
WHERE `school_id` = \'93\'
AND `date` >= \'2026-04-01\'
AND `date` <= \'2026-04-30\'')
 4 SYSTEMPATH\Database\BaseBuilder.php(1649): CodeIgniter\Database\BaseConnection->query('SELECT *
FROM `events`
WHERE `school_id` = :school_id:
AND `date` >= :date:
AND `date` <= :date.1:', [...], false)
 5 APPPATH\Models\Crud_model.php(349): CodeIgniter\Database\BaseBuilder->get()
 6 APPPATH\Views\backend\admin\dashboard\index.php(681): App\Models\Crud_model->get_current_month_events()
 7 APPPATH\Views\backend\index.php(147): include('C:\\xampp\\htdocs\\School-Management-De_migration\\app\\Views\\backend\\admin\\dashboard\\index.php')
 8 SYSTEMPATH\View\View.php(240): include('C:\\xampp\\htdocs\\School-Management-De_migration\\app\\Views\\backend\\index.php')
 9 SYSTEMPATH\View\View.php(243): CodeIgniter\View\View->CodeIgniter\View\{closure}()
10 APPPATH\View\View.php(357): CodeIgniter\View\View->render('backend/index', [], true)
11 SYSTEMPATH\Common.php(1250): App\View\View->render('backend/index', [], true)
12 APPPATH\Controllers\Admin.php(108): view('backend/index', [...])
13 APPPATH\Config\Routes.php(341): App\Controllers\Admin->dashboard()
14 SYSTEMPATH\CodeIgniter.php(872): CodeIgniter\Router\RouteCollection::{closure}()
15 SYSTEMPATH\CodeIgniter.php(480): CodeIgniter\CodeIgniter->startController()
16 SYSTEMPATH\CodeIgniter.php(340): CodeIgniter\CodeIgniter->handleRequest(null, Object(Config\Cache), false)
17 SYSTEMPATH\Boot.php(417): CodeIgniter\CodeIgniter->run()
18 SYSTEMPATH\Boot.php(68): CodeIgniter\Boot::runCodeIgniter(Object(CodeIgniter\CodeIgniter))
19 FCPATH\index.php(75): CodeIgniter\Boot::bootWeb(Object(Config\Paths))
ERROR - 2026-04-13 14:51:26 --> Table 'wayo_db.events' doesn't exist
in SYSTEMPATH\Database\MySQLi\Connection.php on line 300.
 1 SYSTEMPATH\Database\MySQLi\Connection.php(300): mysqli->query('SELECT *
FROM `events`
WHERE `school_id` = \'93\'
AND `date` >= \'2026-04-01\'
AND `date` <= \'2026-04-30\'', 0)
 2 SYSTEMPATH\Database\BaseConnection.php(910): CodeIgniter\Database\MySQLi\Connection->execute('SELECT *
FROM `events`
WHERE `school_id` = \'93\'
AND `date` >= \'2026-04-01\'
AND `date` <= \'2026-04-30\'')
 3 SYSTEMPATH\Database\BaseConnection.php(827): CodeIgniter\Database\BaseConnection->simpleQuery('SELECT *
FROM `events`
WHERE `school_id` = \'93\'
AND `date` >= \'2026-04-01\'
AND `date` <= \'2026-04-30\'')
 4 SYSTEMPATH\Database\BaseBuilder.php(1649): CodeIgniter\Database\BaseConnection->query('SELECT *
FROM `events`
WHERE `school_id` = :school_id:
AND `date` >= :date:
AND `date` <= :date.1:', [...], false)
 5 APPPATH\Models\Crud_model.php(349): CodeIgniter\Database\BaseBuilder->get()
 6 APPPATH\Views\backend\admin\dashboard\index.php(719): App\Models\Crud_model->get_current_month_events()
 7 APPPATH\Views\backend\index.php(147): include('C:\\xampp\\htdocs\\School-Management-De_migration\\app\\Views\\backend\\admin\\dashboard\\index.php')
 8 SYSTEMPATH\View\View.php(240): include('C:\\xampp\\htdocs\\School-Management-De_migration\\app\\Views\\backend\\index.php')
 9 SYSTEMPATH\View\View.php(243): CodeIgniter\View\View->CodeIgniter\View\{closure}()
10 APPPATH\View\View.php(357): CodeIgniter\View\View->render('backend/index', [], true)
11 SYSTEMPATH\Common.php(1250): App\View\View->render('backend/index', [], true)
12 APPPATH\Controllers\Admin.php(108): view('backend/index', [...])
13 APPPATH\Config\Routes.php(341): App\Controllers\Admin->dashboard()
14 SYSTEMPATH\CodeIgniter.php(872): CodeIgniter\Router\RouteCollection::{closure}()
15 SYSTEMPATH\CodeIgniter.php(480): CodeIgniter\CodeIgniter->startController()
16 SYSTEMPATH\CodeIgniter.php(340): CodeIgniter\CodeIgniter->handleRequest(null, Object(Config\Cache), false)
17 SYSTEMPATH\Boot.php(417): CodeIgniter\CodeIgniter->run()
18 SYSTEMPATH\Boot.php(68): CodeIgniter\Boot::runCodeIgniter(Object(CodeIgniter\CodeIgniter))
19 FCPATH\index.php(75): CodeIgniter\Boot::bootWeb(Object(Config\Paths))
DEBUG - 2026-04-13 14:51:28 --> Session: Class initialized using 'CodeIgniter\Session\Handlers\FileHandler' driver.
CRITICAL - 2026-04-13 14:51:31 --> CodeIgniter\Security\Exceptions\SecurityException: The action you requested is not allowed.
[Method: POST, Route: home/switch_community_role]
in SYSTEMPATH\Security\Security.php on line 258.
 1 SYSTEMPATH\Security\Security.php(258): CodeIgniter\Security\Exceptions\SecurityException::forDisallowedAction()
 2 SYSTEMPATH\Filters\CSRF.php(52): CodeIgniter\Security\Security->verify(Object(CodeIgniter\HTTP\IncomingRequest))
 3 SYSTEMPATH\Filters\Filters.php(241): CodeIgniter\Filters\CSRF->before(Object(CodeIgniter\HTTP\IncomingRequest), null)
 4 SYSTEMPATH\Filters\Filters.php(221): CodeIgniter\Filters\Filters->runBefore([...])
 5 SYSTEMPATH\CodeIgniter.php(465): CodeIgniter\Filters\Filters->run('home/switch_community_role', 'before')
 6 SYSTEMPATH\CodeIgniter.php(340): CodeIgniter\CodeIgniter->handleRequest(null, Object(Config\Cache), false)
 7 SYSTEMPATH\Boot.php(417): CodeIgniter\CodeIgniter->run()
 8 SYSTEMPATH\Boot.php(68): CodeIgniter\Boot::runCodeIgniter(Object(CodeIgniter\CodeIgniter))
 9 FCPATH\index.php(75): CodeIgniter\Boot::bootWeb(Object(Config\Paths))
DEBUG - 2026-04-13 14:52:55 --> Session: Class initialized using 'CodeIgniter\Session\Handlers\FileHandler' driver.
DEBUG - 2026-04-13 14:52:56 --> Total exams not yet taken calculated for school_id 93: 0
ERROR - 2026-04-13 14:52:56 --> trial_expired_modal: current_role=admin
WARNING - 2026-04-13 14:52:56 --> [DEPRECATED] Creation of dynamic property App\Models\Invoice_model::$cache is deprecated in APPPATH\Models\Invoice_model.php on line 27.
 1 SYSTEMPATH\Config\Factories.php(236): App\Models\Invoice_model->__construct(null)
 2 SYSTEMPATH\Config\Factories.php(170): CodeIgniter\Config\Factories::createInstance('models', 'App\\Models\\Invoice_model', [...])
 3 SYSTEMPATH\Common.php(833): CodeIgniter\Config\Factories::__callStatic('models', [...])
 4 APPPATH\Libraries\SubscriptionService.php(103): model('App\\Models\\Invoice_model')
 5 APPPATH\Views\backend\shared\trial_expired_modal.php(77): App\Libraries\SubscriptionService->ensureRenewalInvoice('93')
 6 APPPATH\Views\backend\admin\dashboard\index.php(2): include('C:\\xampp\\htdocs\\School-Management-De_migration\\app\\Views\\backend\\shared\\trial_expired_modal.php')
 7 APPPATH\Views\backend\index.php(147): include('C:\\xampp\\htdocs\\School-Management-De_migration\\app\\Views\\backend\\admin\\dashboard\\index.php')
 8 SYSTEMPATH\View\View.php(240): include('C:\\xampp\\htdocs\\School-Management-De_migration\\app\\Views\\backend\\index.php')
 9 SYSTEMPATH\View\View.php(243): CodeIgniter\View\View->CodeIgniter\View\{closure}()
10 APPPATH\View\View.php(357): CodeIgniter\View\View->render('backend/index', [], true)
11 SYSTEMPATH\Common.php(1250): App\View\View->render('backend/index', [], true)
12 APPPATH\Controllers\Admin.php(108): view('backend/index', [...])
13 APPPATH\Config\Routes.php(341): App\Controllers\Admin->dashboard()
14 SYSTEMPATH\CodeIgniter.php(872): CodeIgniter\Router\RouteCollection::{closure}()
15 SYSTEMPATH\CodeIgniter.php(480): CodeIgniter\CodeIgniter->startController()
16 SYSTEMPATH\CodeIgniter.php(340): CodeIgniter\CodeIgniter->handleRequest(null, Object(Config\Cache), false)
17 SYSTEMPATH\Boot.php(417): CodeIgniter\CodeIgniter->run()
18 SYSTEMPATH\Boot.php(68): CodeIgniter\Boot::runCodeIgniter(Object(CodeIgniter\CodeIgniter))
19 FCPATH\index.php(75): CodeIgniter\Boot::bootWeb(Object(Config\Paths))
ERROR - 2026-04-13 14:52:56 --> ensureSubscriptionInvoice: school_id=93, type=string
ERROR - 2026-04-13 14:52:56 --> ensureSubscriptionInvoice: checking for existing invoice
ERROR - 2026-04-13 14:52:56 --> ensureSubscriptionInvoice: existing_invoice={"id":"15","status":"unpaid","period_start":"1776087749","period_end":"1778679749"}
ERROR - 2026-04-13 14:52:56 --> trial_expired_modal: invoice_result={"success":true,"invoice_id":"15","message":"Existing unpaid invoice found","existing":true}
ERROR - 2026-04-13 14:52:56 --> Table 'wayo_db.events' doesn't exist
in SYSTEMPATH\Database\MySQLi\Connection.php on line 300.
 1 SYSTEMPATH\Database\MySQLi\Connection.php(300): mysqli->query('SELECT *
FROM `events`
WHERE `school_id` = \'93\'
AND `date` >= \'2026-04-01\'
AND `date` <= \'2026-04-30\'', 0)
 2 SYSTEMPATH\Database\BaseConnection.php(910): CodeIgniter\Database\MySQLi\Connection->execute('SELECT *
FROM `events`
WHERE `school_id` = \'93\'
AND `date` >= \'2026-04-01\'
AND `date` <= \'2026-04-30\'')
 3 SYSTEMPATH\Database\BaseConnection.php(827): CodeIgniter\Database\BaseConnection->simpleQuery('SELECT *
FROM `events`
WHERE `school_id` = \'93\'
AND `date` >= \'2026-04-01\'
AND `date` <= \'2026-04-30\'')
 4 SYSTEMPATH\Database\BaseBuilder.php(1649): CodeIgniter\Database\BaseConnection->query('SELECT *
FROM `events`
WHERE `school_id` = :school_id:
AND `date` >= :date:
AND `date` <= :date.1:', [...], false)
 5 APPPATH\Models\Crud_model.php(349): CodeIgniter\Database\BaseBuilder->get()
 6 APPPATH\Views\backend\admin\dashboard\index.php(681): App\Models\Crud_model->get_current_month_events()
 7 APPPATH\Views\backend\index.php(147): include('C:\\xampp\\htdocs\\School-Management-De_migration\\app\\Views\\backend\\admin\\dashboard\\index.php')
 8 SYSTEMPATH\View\View.php(240): include('C:\\xampp\\htdocs\\School-Management-De_migration\\app\\Views\\backend\\index.php')
 9 SYSTEMPATH\View\View.php(243): CodeIgniter\View\View->CodeIgniter\View\{closure}()
10 APPPATH\View\View.php(357): CodeIgniter\View\View->render('backend/index', [], true)
11 SYSTEMPATH\Common.php(1250): App\View\View->render('backend/index', [], true)
12 APPPATH\Controllers\Admin.php(108): view('backend/index', [...])
13 APPPATH\Config\Routes.php(341): App\Controllers\Admin->dashboard()
14 SYSTEMPATH\CodeIgniter.php(872): CodeIgniter\Router\RouteCollection::{closure}()
15 SYSTEMPATH\CodeIgniter.php(480): CodeIgniter\CodeIgniter->startController()
16 SYSTEMPATH\CodeIgniter.php(340): CodeIgniter\CodeIgniter->handleRequest(null, Object(Config\Cache), false)
17 SYSTEMPATH\Boot.php(417): CodeIgniter\CodeIgniter->run()
18 SYSTEMPATH\Boot.php(68): CodeIgniter\Boot::runCodeIgniter(Object(CodeIgniter\CodeIgniter))
19 FCPATH\index.php(75): CodeIgniter\Boot::bootWeb(Object(Config\Paths))
ERROR - 2026-04-13 14:52:56 --> Table 'wayo_db.events' doesn't exist
in SYSTEMPATH\Database\MySQLi\Connection.php on line 300.
 1 SYSTEMPATH\Database\MySQLi\Connection.php(300): mysqli->query('SELECT *
FROM `events`
WHERE `school_id` = \'93\'
AND `date` >= \'2026-04-01\'
AND `date` <= \'2026-04-30\'', 0)
 2 SYSTEMPATH\Database\BaseConnection.php(910): CodeIgniter\Database\MySQLi\Connection->execute('SELECT *
FROM `events`
WHERE `school_id` = \'93\'
AND `date` >= \'2026-04-01\'
AND `date` <= \'2026-04-30\'')
 3 SYSTEMPATH\Database\BaseConnection.php(827): CodeIgniter\Database\BaseConnection->simpleQuery('SELECT *
FROM `events`
WHERE `school_id` = \'93\'
AND `date` >= \'2026-04-01\'
AND `date` <= \'2026-04-30\'')
 4 SYSTEMPATH\Database\BaseBuilder.php(1649): CodeIgniter\Database\BaseConnection->query('SELECT *
FROM `events`
WHERE `school_id` = :school_id:
AND `date` >= :date:
AND `date` <= :date.1:', [...], false)
 5 APPPATH\Models\Crud_model.php(349): CodeIgniter\Database\BaseBuilder->get()
 6 APPPATH\Views\backend\admin\dashboard\index.php(719): App\Models\Crud_model->get_current_month_events()
 7 APPPATH\Views\backend\index.php(147): include('C:\\xampp\\htdocs\\School-Management-De_migration\\app\\Views\\backend\\admin\\dashboard\\index.php')
 8 SYSTEMPATH\View\View.php(240): include('C:\\xampp\\htdocs\\School-Management-De_migration\\app\\Views\\backend\\index.php')
 9 SYSTEMPATH\View\View.php(243): CodeIgniter\View\View->CodeIgniter\View\{closure}()
10 APPPATH\View\View.php(357): CodeIgniter\View\View->render('backend/index', [], true)
11 SYSTEMPATH\Common.php(1250): App\View\View->render('backend/index', [], true)
12 APPPATH\Controllers\Admin.php(108): view('backend/index', [...])
13 APPPATH\Config\Routes.php(341): App\Controllers\Admin->dashboard()
14 SYSTEMPATH\CodeIgniter.php(872): CodeIgniter\Router\RouteCollection::{closure}()
15 SYSTEMPATH\CodeIgniter.php(480): CodeIgniter\CodeIgniter->startController()
16 SYSTEMPATH\CodeIgniter.php(340): CodeIgniter\CodeIgniter->handleRequest(null, Object(Config\Cache), false)
17 SYSTEMPATH\Boot.php(417): CodeIgniter\CodeIgniter->run()
18 SYSTEMPATH\Boot.php(68): CodeIgniter\Boot::runCodeIgniter(Object(CodeIgniter\CodeIgniter))
19 FCPATH\index.php(75): CodeIgniter\Boot::bootWeb(Object(Config\Paths))
DEBUG - 2026-04-13 14:52:58 --> Session: Class initialized using 'CodeIgniter\Session\Handlers\FileHandler' driver.
DEBUG - 2026-04-13 14:53:01 --> Session: Class initialized using 'CodeIgniter\Session\Handlers\FileHandler' driver.
ERROR - 2026-04-13 14:53:01 --> Payment - user_type: admin, current_school_id: 93, invoice_school_id: 93
DEBUG - 2026-04-13 14:53:10 --> Session: Class initialized using 'CodeIgniter\Session\Handlers\FileHandler' driver.
DEBUG - 2026-04-13 14:53:12 --> Total exams not yet taken calculated for school_id 93: 0
ERROR - 2026-04-13 14:53:12 --> trial_expired_modal: current_role=admin
WARNING - 2026-04-13 14:53:12 --> [DEPRECATED] Creation of dynamic property App\Models\Invoice_model::$cache is deprecated in APPPATH\Models\Invoice_model.php on line 27.
 1 SYSTEMPATH\Config\Factories.php(236): App\Models\Invoice_model->__construct(null)
 2 SYSTEMPATH\Config\Factories.php(170): CodeIgniter\Config\Factories::createInstance('models', 'App\\Models\\Invoice_model', [...])
 3 SYSTEMPATH\Common.php(833): CodeIgniter\Config\Factories::__callStatic('models', [...])
 4 APPPATH\Libraries\SubscriptionService.php(103): model('App\\Models\\Invoice_model')
 5 APPPATH\Views\backend\shared\trial_expired_modal.php(77): App\Libraries\SubscriptionService->ensureRenewalInvoice('93')
 6 APPPATH\Views\backend\admin\dashboard\index.php(2): include('C:\\xampp\\htdocs\\School-Management-De_migration\\app\\Views\\backend\\shared\\trial_expired_modal.php')
 7 APPPATH\Views\backend\index.php(147): include('C:\\xampp\\htdocs\\School-Management-De_migration\\app\\Views\\backend\\admin\\dashboard\\index.php')
 8 SYSTEMPATH\View\View.php(240): include('C:\\xampp\\htdocs\\School-Management-De_migration\\app\\Views\\backend\\index.php')
 9 SYSTEMPATH\View\View.php(243): CodeIgniter\View\View->CodeIgniter\View\{closure}()
10 APPPATH\View\View.php(357): CodeIgniter\View\View->render('backend/index', [], true)
11 SYSTEMPATH\Common.php(1250): App\View\View->render('backend/index', [], true)
12 APPPATH\Controllers\Admin.php(108): view('backend/index', [...])
13 APPPATH\Config\Routes.php(341): App\Controllers\Admin->dashboard()
14 SYSTEMPATH\CodeIgniter.php(872): CodeIgniter\Router\RouteCollection::{closure}()
15 SYSTEMPATH\CodeIgniter.php(480): CodeIgniter\CodeIgniter->startController()
16 SYSTEMPATH\CodeIgniter.php(340): CodeIgniter\CodeIgniter->handleRequest(null, Object(Config\Cache), false)
17 SYSTEMPATH\Boot.php(417): CodeIgniter\CodeIgniter->run()
18 SYSTEMPATH\Boot.php(68): CodeIgniter\Boot::runCodeIgniter(Object(CodeIgniter\CodeIgniter))
19 FCPATH\index.php(75): CodeIgniter\Boot::bootWeb(Object(Config\Paths))
ERROR - 2026-04-13 14:53:12 --> ensureSubscriptionInvoice: school_id=93, type=string
ERROR - 2026-04-13 14:53:12 --> ensureSubscriptionInvoice: checking for existing invoice
ERROR - 2026-04-13 14:53:12 --> ensureSubscriptionInvoice: existing_invoice={"id":"15","status":"unpaid","period_start":"1776087749","period_end":"1778679749"}
ERROR - 2026-04-13 14:53:12 --> trial_expired_modal: invoice_result={"success":true,"invoice_id":"15","message":"Existing unpaid invoice found","existing":true}
ERROR - 2026-04-13 14:53:13 --> Table 'wayo_db.events' doesn't exist
in SYSTEMPATH\Database\MySQLi\Connection.php on line 300.
 1 SYSTEMPATH\Database\MySQLi\Connection.php(300): mysqli->query('SELECT *
FROM `events`
WHERE `school_id` = \'93\'
AND `date` >= \'2026-04-01\'
AND `date` <= \'2026-04-30\'', 0)
 2 SYSTEMPATH\Database\BaseConnection.php(910): CodeIgniter\Database\MySQLi\Connection->execute('SELECT *
FROM `events`
WHERE `school_id` = \'93\'
AND `date` >= \'2026-04-01\'
AND `date` <= \'2026-04-30\'')
 3 SYSTEMPATH\Database\BaseConnection.php(827): CodeIgniter\Database\BaseConnection->simpleQuery('SELECT *
FROM `events`
WHERE `school_id` = \'93\'
AND `date` >= \'2026-04-01\'
AND `date` <= \'2026-04-30\'')
 4 SYSTEMPATH\Database\BaseBuilder.php(1649): CodeIgniter\Database\BaseConnection->query('SELECT *
FROM `events`
WHERE `school_id` = :school_id:
AND `date` >= :date:
AND `date` <= :date.1:', [...], false)
 5 APPPATH\Models\Crud_model.php(349): CodeIgniter\Database\BaseBuilder->get()
 6 APPPATH\Views\backend\admin\dashboard\index.php(681): App\Models\Crud_model->get_current_month_events()
 7 APPPATH\Views\backend\index.php(147): include('C:\\xampp\\htdocs\\School-Management-De_migration\\app\\Views\\backend\\admin\\dashboard\\index.php')
 8 SYSTEMPATH\View\View.php(240): include('C:\\xampp\\htdocs\\School-Management-De_migration\\app\\Views\\backend\\index.php')
 9 SYSTEMPATH\View\View.php(243): CodeIgniter\View\View->CodeIgniter\View\{closure}()
10 APPPATH\View\View.php(357): CodeIgniter\View\View->render('backend/index', [], true)
11 SYSTEMPATH\Common.php(1250): App\View\View->render('backend/index', [], true)
12 APPPATH\Controllers\Admin.php(108): view('backend/index', [...])
13 APPPATH\Config\Routes.php(341): App\Controllers\Admin->dashboard()
14 SYSTEMPATH\CodeIgniter.php(872): CodeIgniter\Router\RouteCollection::{closure}()
15 SYSTEMPATH\CodeIgniter.php(480): CodeIgniter\CodeIgniter->startController()
16 SYSTEMPATH\CodeIgniter.php(340): CodeIgniter\CodeIgniter->handleRequest(null, Object(Config\Cache), false)
17 SYSTEMPATH\Boot.php(417): CodeIgniter\CodeIgniter->run()
18 SYSTEMPATH\Boot.php(68): CodeIgniter\Boot::runCodeIgniter(Object(CodeIgniter\CodeIgniter))
19 FCPATH\index.php(75): CodeIgniter\Boot::bootWeb(Object(Config\Paths))
ERROR - 2026-04-13 14:53:13 --> Table 'wayo_db.events' doesn't exist
in SYSTEMPATH\Database\MySQLi\Connection.php on line 300.
 1 SYSTEMPATH\Database\MySQLi\Connection.php(300): mysqli->query('SELECT *
FROM `events`
WHERE `school_id` = \'93\'
AND `date` >= \'2026-04-01\'
AND `date` <= \'2026-04-30\'', 0)
 2 SYSTEMPATH\Database\BaseConnection.php(910): CodeIgniter\Database\MySQLi\Connection->execute('SELECT *
FROM `events`
WHERE `school_id` = \'93\'
AND `date` >= \'2026-04-01\'
AND `date` <= \'2026-04-30\'')
 3 SYSTEMPATH\Database\BaseConnection.php(827): CodeIgniter\Database\BaseConnection->simpleQuery('SELECT *
FROM `events`
WHERE `school_id` = \'93\'
AND `date` >= \'2026-04-01\'
AND `date` <= \'2026-04-30\'')
 4 SYSTEMPATH\Database\BaseBuilder.php(1649): CodeIgniter\Database\BaseConnection->query('SELECT *
FROM `events`
WHERE `school_id` = :school_id:
AND `date` >= :date:
AND `date` <= :date.1:', [...], false)
 5 APPPATH\Models\Crud_model.php(349): CodeIgniter\Database\BaseBuilder->get()
 6 APPPATH\Views\backend\admin\dashboard\index.php(719): App\Models\Crud_model->get_current_month_events()
 7 APPPATH\Views\backend\index.php(147): include('C:\\xampp\\htdocs\\School-Management-De_migration\\app\\Views\\backend\\admin\\dashboard\\index.php')
 8 SYSTEMPATH\View\View.php(240): include('C:\\xampp\\htdocs\\School-Management-De_migration\\app\\Views\\backend\\index.php')
 9 SYSTEMPATH\View\View.php(243): CodeIgniter\View\View->CodeIgniter\View\{closure}()
10 APPPATH\View\View.php(357): CodeIgniter\View\View->render('backend/index', [], true)
11 SYSTEMPATH\Common.php(1250): App\View\View->render('backend/index', [], true)
12 APPPATH\Controllers\Admin.php(108): view('backend/index', [...])
13 APPPATH\Config\Routes.php(341): App\Controllers\Admin->dashboard()
14 SYSTEMPATH\CodeIgniter.php(872): CodeIgniter\Router\RouteCollection::{closure}()
15 SYSTEMPATH\CodeIgniter.php(480): CodeIgniter\CodeIgniter->startController()
16 SYSTEMPATH\CodeIgniter.php(340): CodeIgniter\CodeIgniter->handleRequest(null, Object(Config\Cache), false)
17 SYSTEMPATH\Boot.php(417): CodeIgniter\CodeIgniter->run()
18 SYSTEMPATH\Boot.php(68): CodeIgniter\Boot::runCodeIgniter(Object(CodeIgniter\CodeIgniter))
19 FCPATH\index.php(75): CodeIgniter\Boot::bootWeb(Object(Config\Paths))
DEBUG - 2026-04-13 14:53:16 --> Session: Class initialized using 'CodeIgniter\Session\Handlers\FileHandler' driver.
DEBUG - 2026-04-13 14:53:18 --> Session: Class initialized using 'CodeIgniter\Session\Handlers\FileHandler' driver.
DEBUG - 2026-04-13 14:53:24 --> Session: Class initialized using 'CodeIgniter\Session\Handlers\FileHandler' driver.
DEBUG - 2026-04-13 14:53:32 --> Session: Class initialized using 'CodeIgniter\Session\Handlers\FileHandler' driver.
DEBUG - 2026-04-13 14:53:32 --> Session: Class initialized using 'CodeIgniter\Session\Handlers\FileHandler' driver.
INFO - 2026-04-13 14:53:37 --> CSRF token verified.
DEBUG - 2026-04-13 14:53:37 --> Session: Class initialized using 'CodeIgniter\Session\Handlers\FileHandler' driver.
DEBUG - 2026-04-13 14:53:38 --> Session: Class initialized using 'CodeIgniter\Session\Handlers\FileHandler' driver.
DEBUG - 2026-04-13 14:53:38 --> Session: Class initialized using 'CodeIgniter\Session\Handlers\FileHandler' driver.
DEBUG - 2026-04-13 14:53:38 --> Total exams not yet taken calculated for school_id 93: 0
ERROR - 2026-04-13 14:53:38 --> trial_expired_modal: current_role=admin
WARNING - 2026-04-13 14:53:38 --> [DEPRECATED] Creation of dynamic property App\Models\Invoice_model::$cache is deprecated in APPPATH\Models\Invoice_model.php on line 27.
 1 SYSTEMPATH\Config\Factories.php(236): App\Models\Invoice_model->__construct(null)
 2 SYSTEMPATH\Config\Factories.php(170): CodeIgniter\Config\Factories::createInstance('models', 'App\\Models\\Invoice_model', [...])
 3 SYSTEMPATH\Common.php(833): CodeIgniter\Config\Factories::__callStatic('models', [...])
 4 APPPATH\Libraries\SubscriptionService.php(103): model('App\\Models\\Invoice_model')
 5 APPPATH\Views\backend\shared\trial_expired_modal.php(77): App\Libraries\SubscriptionService->ensureRenewalInvoice('93')
 6 APPPATH\Views\backend\admin\dashboard\index.php(2): include('C:\\xampp\\htdocs\\School-Management-De_migration\\app\\Views\\backend\\shared\\trial_expired_modal.php')
 7 APPPATH\Views\backend\index.php(147): include('C:\\xampp\\htdocs\\School-Management-De_migration\\app\\Views\\backend\\admin\\dashboard\\index.php')
 8 SYSTEMPATH\View\View.php(240): include('C:\\xampp\\htdocs\\School-Management-De_migration\\app\\Views\\backend\\index.php')
 9 SYSTEMPATH\View\View.php(243): CodeIgniter\View\View->CodeIgniter\View\{closure}()
10 APPPATH\View\View.php(357): CodeIgniter\View\View->render('backend/index', [], true)
11 SYSTEMPATH\Common.php(1250): App\View\View->render('backend/index', [], true)
12 APPPATH\Controllers\Admin.php(108): view('backend/index', [...])
13 APPPATH\Config\Routes.php(341): App\Controllers\Admin->dashboard()
14 SYSTEMPATH\CodeIgniter.php(872): CodeIgniter\Router\RouteCollection::{closure}()
15 SYSTEMPATH\CodeIgniter.php(480): CodeIgniter\CodeIgniter->startController()
16 SYSTEMPATH\CodeIgniter.php(340): CodeIgniter\CodeIgniter->handleRequest(null, Object(Config\Cache), false)
17 SYSTEMPATH\Boot.php(417): CodeIgniter\CodeIgniter->run()
18 SYSTEMPATH\Boot.php(68): CodeIgniter\Boot::runCodeIgniter(Object(CodeIgniter\CodeIgniter))
19 FCPATH\index.php(75): CodeIgniter\Boot::bootWeb(Object(Config\Paths))
ERROR - 2026-04-13 14:53:38 --> ensureSubscriptionInvoice: school_id=93, type=string
ERROR - 2026-04-13 14:53:38 --> ensureSubscriptionInvoice: checking for existing invoice
ERROR - 2026-04-13 14:53:38 --> ensureSubscriptionInvoice: existing_invoice={"id":"15","status":"unpaid","period_start":"1776087749","period_end":"1778679749"}
ERROR - 2026-04-13 14:53:38 --> trial_expired_modal: invoice_result={"success":true,"invoice_id":"15","message":"Existing unpaid invoice found","existing":true}
ERROR - 2026-04-13 14:53:38 --> Table 'wayo_db.events' doesn't exist
in SYSTEMPATH\Database\MySQLi\Connection.php on line 300.
 1 SYSTEMPATH\Database\MySQLi\Connection.php(300): mysqli->query('SELECT *
FROM `events`
WHERE `school_id` = \'93\'
AND `date` >= \'2026-04-01\'
AND `date` <= \'2026-04-30\'', 0)
 2 SYSTEMPATH\Database\BaseConnection.php(910): CodeIgniter\Database\MySQLi\Connection->execute('SELECT *
FROM `events`
WHERE `school_id` = \'93\'
AND `date` >= \'2026-04-01\'
AND `date` <= \'2026-04-30\'')
 3 SYSTEMPATH\Database\BaseConnection.php(827): CodeIgniter\Database\BaseConnection->simpleQuery('SELECT *
FROM `events`
WHERE `school_id` = \'93\'
AND `date` >= \'2026-04-01\'
AND `date` <= \'2026-04-30\'')
 4 SYSTEMPATH\Database\BaseBuilder.php(1649): CodeIgniter\Database\BaseConnection->query('SELECT *
FROM `events`
WHERE `school_id` = :school_id:
AND `date` >= :date:
AND `date` <= :date.1:', [...], false)
 5 APPPATH\Models\Crud_model.php(349): CodeIgniter\Database\BaseBuilder->get()
 6 APPPATH\Views\backend\admin\dashboard\index.php(681): App\Models\Crud_model->get_current_month_events()
 7 APPPATH\Views\backend\index.php(147): include('C:\\xampp\\htdocs\\School-Management-De_migration\\app\\Views\\backend\\admin\\dashboard\\index.php')
 8 SYSTEMPATH\View\View.php(240): include('C:\\xampp\\htdocs\\School-Management-De_migration\\app\\Views\\backend\\index.php')
 9 SYSTEMPATH\View\View.php(243): CodeIgniter\View\View->CodeIgniter\View\{closure}()
10 APPPATH\View\View.php(357): CodeIgniter\View\View->render('backend/index', [], true)
11 SYSTEMPATH\Common.php(1250): App\View\View->render('backend/index', [], true)
12 APPPATH\Controllers\Admin.php(108): view('backend/index', [...])
13 APPPATH\Config\Routes.php(341): App\Controllers\Admin->dashboard()
14 SYSTEMPATH\CodeIgniter.php(872): CodeIgniter\Router\RouteCollection::{closure}()
15 SYSTEMPATH\CodeIgniter.php(480): CodeIgniter\CodeIgniter->startController()
16 SYSTEMPATH\CodeIgniter.php(340): CodeIgniter\CodeIgniter->handleRequest(null, Object(Config\Cache), false)
17 SYSTEMPATH\Boot.php(417): CodeIgniter\CodeIgniter->run()
18 SYSTEMPATH\Boot.php(68): CodeIgniter\Boot::runCodeIgniter(Object(CodeIgniter\CodeIgniter))
19 FCPATH\index.php(75): CodeIgniter\Boot::bootWeb(Object(Config\Paths))
ERROR - 2026-04-13 14:53:38 --> Table 'wayo_db.events' doesn't exist
in SYSTEMPATH\Database\MySQLi\Connection.php on line 300.
 1 SYSTEMPATH\Database\MySQLi\Connection.php(300): mysqli->query('SELECT *
FROM `events`
WHERE `school_id` = \'93\'
AND `date` >= \'2026-04-01\'
AND `date` <= \'2026-04-30\'', 0)
 2 SYSTEMPATH\Database\BaseConnection.php(910): CodeIgniter\Database\MySQLi\Connection->execute('SELECT *
FROM `events`
WHERE `school_id` = \'93\'
AND `date` >= \'2026-04-01\'
AND `date` <= \'2026-04-30\'')
 3 SYSTEMPATH\Database\BaseConnection.php(827): CodeIgniter\Database\BaseConnection->simpleQuery('SELECT *
FROM `events`
WHERE `school_id` = \'93\'
AND `date` >= \'2026-04-01\'
AND `date` <= \'2026-04-30\'')
 4 SYSTEMPATH\Database\BaseBuilder.php(1649): CodeIgniter\Database\BaseConnection->query('SELECT *
FROM `events`
WHERE `school_id` = :school_id:
AND `date` >= :date:
AND `date` <= :date.1:', [...], false)
 5 APPPATH\Models\Crud_model.php(349): CodeIgniter\Database\BaseBuilder->get()
 6 APPPATH\Views\backend\admin\dashboard\index.php(719): App\Models\Crud_model->get_current_month_events()
 7 APPPATH\Views\backend\index.php(147): include('C:\\xampp\\htdocs\\School-Management-De_migration\\app\\Views\\backend\\admin\\dashboard\\index.php')
 8 SYSTEMPATH\View\View.php(240): include('C:\\xampp\\htdocs\\School-Management-De_migration\\app\\Views\\backend\\index.php')
 9 SYSTEMPATH\View\View.php(243): CodeIgniter\View\View->CodeIgniter\View\{closure}()
10 APPPATH\View\View.php(357): CodeIgniter\View\View->render('backend/index', [], true)
11 SYSTEMPATH\Common.php(1250): App\View\View->render('backend/index', [], true)
12 APPPATH\Controllers\Admin.php(108): view('backend/index', [...])
13 APPPATH\Config\Routes.php(341): App\Controllers\Admin->dashboard()
14 SYSTEMPATH\CodeIgniter.php(872): CodeIgniter\Router\RouteCollection::{closure}()
15 SYSTEMPATH\CodeIgniter.php(480): CodeIgniter\CodeIgniter->startController()
16 SYSTEMPATH\CodeIgniter.php(340): CodeIgniter\CodeIgniter->handleRequest(null, Object(Config\Cache), false)
17 SYSTEMPATH\Boot.php(417): CodeIgniter\CodeIgniter->run()
18 SYSTEMPATH\Boot.php(68): CodeIgniter\Boot::runCodeIgniter(Object(CodeIgniter\CodeIgniter))
19 FCPATH\index.php(75): CodeIgniter\Boot::bootWeb(Object(Config\Paths))
DEBUG - 2026-04-13 14:53:39 --> Session: Class initialized using 'CodeIgniter\Session\Handlers\FileHandler' driver.
DEBUG - 2026-04-13 14:53:39 --> Session: Class initialized using 'CodeIgniter\Session\Handlers\FileHandler' driver.
DEBUG - 2026-04-13 14:53:44 --> Session: Class initialized using 'CodeIgniter\Session\Handlers\FileHandler' driver.
ERROR - 2026-04-13 14:53:44 --> Payment - user_type: admin, current_school_id: 93, invoice_school_id: 93
INFO - 2026-04-13 14:53:58 --> CSRF token verified.
DEBUG - 2026-04-13 14:53:58 --> Session: Class initialized using 'CodeIgniter\Session\Handlers\FileHandler' driver.
INFO - 2026-04-13 14:53:59 --> Stripe: Devise forcée via paramètre: AED
CRITICAL - 2026-04-13 14:53:59 --> ErrorException: require_once(C:\xampp\htdocs\School-Management-De_migration\application/libraries/Stripe/init.php): Failed to open stream: No such file or directory
[Method: POST, Route: app/payment_success/stripe/15/86]
in APPPATH\Models\Payment_model.php on line 69.
 1 APPPATH\Models\Payment_model.php(69): CodeIgniter\Debug\Exceptions->errorHandler(2, 'require_once(C:\\xampp\\htdocs\\School-Management-De_migration\\application/libraries/Stripe/init.php): Failed to open stream: No such file or directory', 'C:\\xampp\\htdocs\\School-Management-De_migration\\app\\Models\\Payment_model.php', 69)
 2 APPPATH\Models\Payment_model.php(69): require_once()
 3 APPPATH\Controllers\Admin.php(3188): App\Models\Payment_model->stripe_payment('tok_1TLkw6RoadNrtrJY9KLNaQJc', '15', '86', 'sk_test_51PYq0DRoadNrtrJY8Rs1z8uGgmim9PI5PEuLraLOdo5Af8f0hhJbbK1m5PEnDatAPOi46nyA28ffJXQLB45jEFJG00KL9v6Qhv', 'AED')
 4 APPPATH\Config\Routes.php(562): App\Controllers\Admin->payment_success('stripe', '15', '86')
 5 APPPATH\Config\Routes.php(574): CodeIgniter\Router\RouteCollection::{closure}('payment_success/stripe/15/86')
 6 SYSTEMPATH\CodeIgniter.php(872): CodeIgniter\Router\RouteCollection::{closure}('payment_success/stripe/15/86')
 7 SYSTEMPATH\CodeIgniter.php(480): CodeIgniter\CodeIgniter->startController()
 8 SYSTEMPATH\CodeIgniter.php(340): CodeIgniter\CodeIgniter->handleRequest(null, Object(Config\Cache), false)
 9 SYSTEMPATH\Boot.php(417): CodeIgniter\CodeIgniter->run()
10 SYSTEMPATH\Boot.php(68): CodeIgniter\Boot::runCodeIgniter(Object(CodeIgniter\CodeIgniter))
11 FCPATH\index.php(75): CodeIgniter\Boot::bootWeb(Object(Config\Paths))
INFO - 2026-04-13 14:54:57 --> CSRF token verified.
DEBUG - 2026-04-13 14:54:57 --> Session: Class initialized using 'CodeIgniter\Session\Handlers\FileHandler' driver.
INFO - 2026-04-13 14:54:57 --> Stripe: Devise forcée via paramètre: AED
INFO - 2026-04-13 14:55:10 --> Stripe: Paiement réussi pour facture #15, charge_id: ch_3TLkxFRoadNrtrJY154gKEP9
WARNING - 2026-04-13 14:55:10 --> [DEPRECATED] Creation of dynamic property App\Models\Invoice_model::$cache is deprecated in APPPATH\Models\Invoice_model.php on line 27.
 1 SYSTEMPATH\Config\Factories.php(236): App\Models\Invoice_model->__construct(null)
 2 SYSTEMPATH\Config\Factories.php(170): CodeIgniter\Config\Factories::createInstance('models', 'App\\Models\\Invoice_model', [...])
 3 SYSTEMPATH\Common.php(833): CodeIgniter\Config\Factories::__callStatic('models', [...])
 4 APPPATH\Controllers\Admin.php(3241): model('App\\Models\\Invoice_model')
 5 APPPATH\Config\Routes.php(562): App\Controllers\Admin->payment_success('stripe', '15', '86')
 6 APPPATH\Config\Routes.php(574): CodeIgniter\Router\RouteCollection::{closure}('payment_success/stripe/15/86')
 7 SYSTEMPATH\CodeIgniter.php(872): CodeIgniter\Router\RouteCollection::{closure}('payment_success/stripe/15/86')
 8 SYSTEMPATH\CodeIgniter.php(480): CodeIgniter\CodeIgniter->startController()
 9 SYSTEMPATH\CodeIgniter.php(340): CodeIgniter\CodeIgniter->handleRequest(null, Object(Config\Cache), false)
10 SYSTEMPATH\Boot.php(417): CodeIgniter\CodeIgniter->run()
11 SYSTEMPATH\Boot.php(68): CodeIgniter\Boot::runCodeIgniter(Object(CodeIgniter\CodeIgniter))
12 FCPATH\index.php(75): CodeIgniter\Boot::bootWeb(Object(Config\Paths))
INFO - 2026-04-13 14:55:10 --> Invoice_model: Marked invoice #15 as paid, school #93 active until 2026-05-13 14:42:29
INFO - 2026-04-13 14:55:10 --> Subscription payment processed - Invoice #15 paid, school #93 activated
DEBUG - 2026-04-13 14:55:10 --> Session: Class initialized using 'CodeIgniter\Session\Handlers\FileHandler' driver.
DEBUG - 2026-04-13 14:55:10 --> Total exams not yet taken calculated for school_id 93: 0
ERROR - 2026-04-13 14:55:11 --> Table 'wayo_db.events' doesn't exist
in SYSTEMPATH\Database\MySQLi\Connection.php on line 300.
 1 SYSTEMPATH\Database\MySQLi\Connection.php(300): mysqli->query('SELECT *
FROM `events`
WHERE `school_id` = \'93\'
AND `date` >= \'2026-04-01\'
AND `date` <= \'2026-04-30\'', 0)
 2 SYSTEMPATH\Database\BaseConnection.php(910): CodeIgniter\Database\MySQLi\Connection->execute('SELECT *
FROM `events`
WHERE `school_id` = \'93\'
AND `date` >= \'2026-04-01\'
AND `date` <= \'2026-04-30\'')
 3 SYSTEMPATH\Database\BaseConnection.php(827): CodeIgniter\Database\BaseConnection->simpleQuery('SELECT *
FROM `events`
WHERE `school_id` = \'93\'
AND `date` >= \'2026-04-01\'
AND `date` <= \'2026-04-30\'')
 4 SYSTEMPATH\Database\BaseBuilder.php(1649): CodeIgniter\Database\BaseConnection->query('SELECT *
FROM `events`
WHERE `school_id` = :school_id:
AND `date` >= :date:
AND `date` <= :date.1:', [...], false)
 5 APPPATH\Models\Crud_model.php(349): CodeIgniter\Database\BaseBuilder->get()
 6 APPPATH\Views\backend\admin\dashboard\index.php(681): App\Models\Crud_model->get_current_month_events()
 7 APPPATH\Views\backend\index.php(147): include('C:\\xampp\\htdocs\\School-Management-De_migration\\app\\Views\\backend\\admin\\dashboard\\index.php')
 8 SYSTEMPATH\View\View.php(240): include('C:\\xampp\\htdocs\\School-Management-De_migration\\app\\Views\\backend\\index.php')
 9 SYSTEMPATH\View\View.php(243): CodeIgniter\View\View->CodeIgniter\View\{closure}()
10 APPPATH\View\View.php(357): CodeIgniter\View\View->render('backend/index', [], true)
11 SYSTEMPATH\Common.php(1250): App\View\View->render('backend/index', [], true)
12 APPPATH\Controllers\Admin.php(108): view('backend/index', [...])
13 APPPATH\Config\Routes.php(341): App\Controllers\Admin->dashboard()
14 SYSTEMPATH\CodeIgniter.php(872): CodeIgniter\Router\RouteCollection::{closure}()
15 SYSTEMPATH\CodeIgniter.php(480): CodeIgniter\CodeIgniter->startController()
16 SYSTEMPATH\CodeIgniter.php(340): CodeIgniter\CodeIgniter->handleRequest(null, Object(Config\Cache), false)
17 SYSTEMPATH\Boot.php(417): CodeIgniter\CodeIgniter->run()
18 SYSTEMPATH\Boot.php(68): CodeIgniter\Boot::runCodeIgniter(Object(CodeIgniter\CodeIgniter))
19 FCPATH\index.php(75): CodeIgniter\Boot::bootWeb(Object(Config\Paths))
ERROR - 2026-04-13 14:55:11 --> Table 'wayo_db.events' doesn't exist
in SYSTEMPATH\Database\MySQLi\Connection.php on line 300.
 1 SYSTEMPATH\Database\MySQLi\Connection.php(300): mysqli->query('SELECT *
FROM `events`
WHERE `school_id` = \'93\'
AND `date` >= \'2026-04-01\'
AND `date` <= \'2026-04-30\'', 0)
 2 SYSTEMPATH\Database\BaseConnection.php(910): CodeIgniter\Database\MySQLi\Connection->execute('SELECT *
FROM `events`
WHERE `school_id` = \'93\'
AND `date` >= \'2026-04-01\'
AND `date` <= \'2026-04-30\'')
 3 SYSTEMPATH\Database\BaseConnection.php(827): CodeIgniter\Database\BaseConnection->simpleQuery('SELECT *
FROM `events`
WHERE `school_id` = \'93\'
AND `date` >= \'2026-04-01\'
AND `date` <= \'2026-04-30\'')
 4 SYSTEMPATH\Database\BaseBuilder.php(1649): CodeIgniter\Database\BaseConnection->query('SELECT *
FROM `events`
WHERE `school_id` = :school_id:
AND `date` >= :date:
AND `date` <= :date.1:', [...], false)
 5 APPPATH\Models\Crud_model.php(349): CodeIgniter\Database\BaseBuilder->get()
 6 APPPATH\Views\backend\admin\dashboard\index.php(719): App\Models\Crud_model->get_current_month_events()
 7 APPPATH\Views\backend\index.php(147): include('C:\\xampp\\htdocs\\School-Management-De_migration\\app\\Views\\backend\\admin\\dashboard\\index.php')
 8 SYSTEMPATH\View\View.php(240): include('C:\\xampp\\htdocs\\School-Management-De_migration\\app\\Views\\backend\\index.php')
 9 SYSTEMPATH\View\View.php(243): CodeIgniter\View\View->CodeIgniter\View\{closure}()
10 APPPATH\View\View.php(357): CodeIgniter\View\View->render('backend/index', [], true)
11 SYSTEMPATH\Common.php(1250): App\View\View->render('backend/index', [], true)
12 APPPATH\Controllers\Admin.php(108): view('backend/index', [...])
13 APPPATH\Config\Routes.php(341): App\Controllers\Admin->dashboard()
14 SYSTEMPATH\CodeIgniter.php(872): CodeIgniter\Router\RouteCollection::{closure}()
15 SYSTEMPATH\CodeIgniter.php(480): CodeIgniter\CodeIgniter->startController()
16 SYSTEMPATH\CodeIgniter.php(340): CodeIgniter\CodeIgniter->handleRequest(null, Object(Config\Cache), false)
17 SYSTEMPATH\Boot.php(417): CodeIgniter\CodeIgniter->run()
18 SYSTEMPATH\Boot.php(68): CodeIgniter\Boot::runCodeIgniter(Object(CodeIgniter\CodeIgniter))
19 FCPATH\index.php(75): CodeIgniter\Boot::bootWeb(Object(Config\Paths))
DEBUG - 2026-04-13 14:55:20 --> Session: Class initialized using 'CodeIgniter\Session\Handlers\FileHandler' driver.
DEBUG - 2026-04-13 14:55:24 --> Session: Class initialized using 'CodeIgniter\Session\Handlers\FileHandler' driver.
DEBUG - 2026-04-13 14:55:24 --> Session: Class initialized using 'CodeIgniter\Session\Handlers\FileHandler' driver.
INFO - 2026-04-13 14:55:29 --> CSRF token verified.
DEBUG - 2026-04-13 14:55:29 --> Session: Class initialized using 'CodeIgniter\Session\Handlers\FileHandler' driver.
DEBUG - 2026-04-13 14:55:38 --> Session: Class initialized using 'CodeIgniter\Session\Handlers\FileHandler' driver.
DEBUG - 2026-04-13 14:55:38 --> Total exams not yet taken calculated for school_id 93: 0
ERROR - 2026-04-13 14:55:38 --> Table 'wayo_db.events' doesn't exist
in SYSTEMPATH\Database\MySQLi\Connection.php on line 300.
 1 SYSTEMPATH\Database\MySQLi\Connection.php(300): mysqli->query('SELECT *
FROM `events`
WHERE `school_id` = \'93\'
AND `date` >= \'2026-04-01\'
AND `date` <= \'2026-04-30\'', 0)
 2 SYSTEMPATH\Database\BaseConnection.php(910): CodeIgniter\Database\MySQLi\Connection->execute('SELECT *
FROM `events`
WHERE `school_id` = \'93\'
AND `date` >= \'2026-04-01\'
AND `date` <= \'2026-04-30\'')
 3 SYSTEMPATH\Database\BaseConnection.php(827): CodeIgniter\Database\BaseConnection->simpleQuery('SELECT *
FROM `events`
WHERE `school_id` = \'93\'
AND `date` >= \'2026-04-01\'
AND `date` <= \'2026-04-30\'')
 4 SYSTEMPATH\Database\BaseBuilder.php(1649): CodeIgniter\Database\BaseConnection->query('SELECT *
FROM `events`
WHERE `school_id` = :school_id:
AND `date` >= :date:
AND `date` <= :date.1:', [...], false)
 5 APPPATH\Models\Crud_model.php(349): CodeIgniter\Database\BaseBuilder->get()
 6 APPPATH\Views\backend\admin\dashboard\index.php(681): App\Models\Crud_model->get_current_month_events()
 7 APPPATH\Views\backend\index.php(147): include('C:\\xampp\\htdocs\\School-Management-De_migration\\app\\Views\\backend\\admin\\dashboard\\index.php')
 8 SYSTEMPATH\View\View.php(240): include('C:\\xampp\\htdocs\\School-Management-De_migration\\app\\Views\\backend\\index.php')
 9 SYSTEMPATH\View\View.php(243): CodeIgniter\View\View->CodeIgniter\View\{closure}()
10 APPPATH\View\View.php(357): CodeIgniter\View\View->render('backend/index', [], true)
11 SYSTEMPATH\Common.php(1250): App\View\View->render('backend/index', [], true)
12 APPPATH\Controllers\Admin.php(108): view('backend/index', [...])
13 APPPATH\Config\Routes.php(341): App\Controllers\Admin->dashboard()
14 SYSTEMPATH\CodeIgniter.php(872): CodeIgniter\Router\RouteCollection::{closure}()
15 SYSTEMPATH\CodeIgniter.php(480): CodeIgniter\CodeIgniter->startController()
16 SYSTEMPATH\CodeIgniter.php(340): CodeIgniter\CodeIgniter->handleRequest(null, Object(Config\Cache), false)
17 SYSTEMPATH\Boot.php(417): CodeIgniter\CodeIgniter->run()
18 SYSTEMPATH\Boot.php(68): CodeIgniter\Boot::runCodeIgniter(Object(CodeIgniter\CodeIgniter))
19 FCPATH\index.php(75): CodeIgniter\Boot::bootWeb(Object(Config\Paths))
ERROR - 2026-04-13 14:55:38 --> Table 'wayo_db.events' doesn't exist
in SYSTEMPATH\Database\MySQLi\Connection.php on line 300.
 1 SYSTEMPATH\Database\MySQLi\Connection.php(300): mysqli->query('SELECT *
FROM `events`
WHERE `school_id` = \'93\'
AND `date` >= \'2026-04-01\'
AND `date` <= \'2026-04-30\'', 0)
 2 SYSTEMPATH\Database\BaseConnection.php(910): CodeIgniter\Database\MySQLi\Connection->execute('SELECT *
FROM `events`
WHERE `school_id` = \'93\'
AND `date` >= \'2026-04-01\'
AND `date` <= \'2026-04-30\'')
 3 SYSTEMPATH\Database\BaseConnection.php(827): CodeIgniter\Database\BaseConnection->simpleQuery('SELECT *
FROM `events`
WHERE `school_id` = \'93\'
AND `date` >= \'2026-04-01\'
AND `date` <= \'2026-04-30\'')
 4 SYSTEMPATH\Database\BaseBuilder.php(1649): CodeIgniter\Database\BaseConnection->query('SELECT *
FROM `events`
WHERE `school_id` = :school_id:
AND `date` >= :date:
AND `date` <= :date.1:', [...], false)
 5 APPPATH\Models\Crud_model.php(349): CodeIgniter\Database\BaseBuilder->get()
 6 APPPATH\Views\backend\admin\dashboard\index.php(719): App\Models\Crud_model->get_current_month_events()
 7 APPPATH\Views\backend\index.php(147): include('C:\\xampp\\htdocs\\School-Management-De_migration\\app\\Views\\backend\\admin\\dashboard\\index.php')
 8 SYSTEMPATH\View\View.php(240): include('C:\\xampp\\htdocs\\School-Management-De_migration\\app\\Views\\backend\\index.php')
 9 SYSTEMPATH\View\View.php(243): CodeIgniter\View\View->CodeIgniter\View\{closure}()
10 APPPATH\View\View.php(357): CodeIgniter\View\View->render('backend/index', [], true)
11 SYSTEMPATH\Common.php(1250): App\View\View->render('backend/index', [], true)
12 APPPATH\Controllers\Admin.php(108): view('backend/index', [...])
13 APPPATH\Config\Routes.php(341): App\Controllers\Admin->dashboard()
14 SYSTEMPATH\CodeIgniter.php(872): CodeIgniter\Router\RouteCollection::{closure}()
15 SYSTEMPATH\CodeIgniter.php(480): CodeIgniter\CodeIgniter->startController()
16 SYSTEMPATH\CodeIgniter.php(340): CodeIgniter\CodeIgniter->handleRequest(null, Object(Config\Cache), false)
17 SYSTEMPATH\Boot.php(417): CodeIgniter\CodeIgniter->run()
18 SYSTEMPATH\Boot.php(68): CodeIgniter\Boot::runCodeIgniter(Object(CodeIgniter\CodeIgniter))
19 FCPATH\index.php(75): CodeIgniter\Boot::bootWeb(Object(Config\Paths))
DEBUG - 2026-04-13 14:55:58 --> Session: Class initialized using 'CodeIgniter\Session\Handlers\FileHandler' driver.
DEBUG - 2026-04-13 14:55:59 --> Total exams not yet taken calculated for school_id 93: 0
DEBUG - 2026-04-13 14:56:03 --> Session: Class initialized using 'CodeIgniter\Session\Handlers\FileHandler' driver.
INFO - 2026-04-13 14:56:05 --> CSRF token verified.
DEBUG - 2026-04-13 14:56:05 --> Session: Class initialized using 'CodeIgniter\Session\Handlers\FileHandler' driver.
INFO - 2026-04-13 14:56:11 --> CSRF token verified.
DEBUG - 2026-04-13 14:56:11 --> Session: Class initialized using 'CodeIgniter\Session\Handlers\FileHandler' driver.
INFO - 2026-04-13 14:56:19 --> CSRF token verified.
DEBUG - 2026-04-13 14:56:19 --> Session: Class initialized using 'CodeIgniter\Session\Handlers\FileHandler' driver.
DEBUG - 2026-04-13 14:56:21 --> Session: Class initialized using 'CodeIgniter\Session\Handlers\FileHandler' driver.
DEBUG - 2026-04-13 14:56:25 --> Session: Class initialized using 'CodeIgniter\Session\Handlers\FileHandler' driver.
DEBUG - 2026-04-13 14:56:26 --> Session: Class initialized using 'CodeIgniter\Session\Handlers\FileHandler' driver.
DEBUG - 2026-04-13 14:56:27 --> Total exams not yet taken calculated for school_id 93: 0
DEBUG - 2026-04-13 14:56:31 --> Session: Class initialized using 'CodeIgniter\Session\Handlers\FileHandler' driver.
INFO - 2026-04-13 14:56:34 --> CSRF token verified.
DEBUG - 2026-04-13 14:56:34 --> Session: Class initialized using 'CodeIgniter\Session\Handlers\FileHandler' driver.
INFO - 2026-04-13 14:56:34 --> Permission created by user_id: 266 for teacher_id: 30, class_id: 132, initial values: {"marks":1,"attendance":1}, school_id: 93
CRITICAL - 2026-04-13 14:56:43 --> CodeIgniter\Security\Exceptions\SecurityException: The action you requested is not allowed.
[Method: POST, Route: app/permission/modify_permission]
in SYSTEMPATH\Security\Security.php on line 258.
 1 SYSTEMPATH\Security\Security.php(258): CodeIgniter\Security\Exceptions\SecurityException::forDisallowedAction()
 2 SYSTEMPATH\Filters\CSRF.php(52): CodeIgniter\Security\Security->verify(Object(CodeIgniter\HTTP\IncomingRequest))
 3 SYSTEMPATH\Filters\Filters.php(241): CodeIgniter\Filters\CSRF->before(Object(CodeIgniter\HTTP\IncomingRequest), null)
 4 SYSTEMPATH\Filters\Filters.php(221): CodeIgniter\Filters\Filters->runBefore([...])
 5 SYSTEMPATH\CodeIgniter.php(465): CodeIgniter\Filters\Filters->run('app/permission/modify_permission', 'before')
 6 SYSTEMPATH\CodeIgniter.php(340): CodeIgniter\CodeIgniter->handleRequest(null, Object(Config\Cache), false)
 7 SYSTEMPATH\Boot.php(417): CodeIgniter\CodeIgniter->run()
 8 SYSTEMPATH\Boot.php(68): CodeIgniter\Boot::runCodeIgniter(Object(CodeIgniter\CodeIgniter))
 9 FCPATH\index.php(75): CodeIgniter\Boot::bootWeb(Object(Config\Paths))
DEBUG - 2026-04-13 14:56:58 --> Session: Class initialized using 'CodeIgniter\Session\Handlers\FileHandler' driver.
DEBUG - 2026-04-13 14:56:59 --> Total exams not yet taken calculated for school_id 93: 0
DEBUG - 2026-04-13 14:57:04 --> Session: Class initialized using 'CodeIgniter\Session\Handlers\FileHandler' driver.
INFO - 2026-04-13 14:57:07 --> CSRF token verified.
DEBUG - 2026-04-13 14:57:07 --> Session: Class initialized using 'CodeIgniter\Session\Handlers\FileHandler' driver.
INFO - 2026-04-13 14:57:07 --> Permission modified by user_id: 266 for teacher_id: 30, class_id: 132, changes: {"marks":0,"attendance":0}, school_id: 93
CRITICAL - 2026-04-13 14:57:17 --> CodeIgniter\Security\Exceptions\SecurityException: The action you requested is not allowed.
[Method: POST, Route: app/permission/modify_permission]
in SYSTEMPATH\Security\Security.php on line 258.
 1 SYSTEMPATH\Security\Security.php(258): CodeIgniter\Security\Exceptions\SecurityException::forDisallowedAction()
 2 SYSTEMPATH\Filters\CSRF.php(52): CodeIgniter\Security\Security->verify(Object(CodeIgniter\HTTP\IncomingRequest))
 3 SYSTEMPATH\Filters\Filters.php(241): CodeIgniter\Filters\CSRF->before(Object(CodeIgniter\HTTP\IncomingRequest), null)
 4 SYSTEMPATH\Filters\Filters.php(221): CodeIgniter\Filters\Filters->runBefore([...])
 5 SYSTEMPATH\CodeIgniter.php(465): CodeIgniter\Filters\Filters->run('app/permission/modify_permission', 'before')
 6 SYSTEMPATH\CodeIgniter.php(340): CodeIgniter\CodeIgniter->handleRequest(null, Object(Config\Cache), false)
 7 SYSTEMPATH\Boot.php(417): CodeIgniter\CodeIgniter->run()
 8 SYSTEMPATH\Boot.php(68): CodeIgniter\Boot::runCodeIgniter(Object(CodeIgniter\CodeIgniter))
 9 FCPATH\index.php(75): CodeIgniter\Boot::bootWeb(Object(Config\Paths))
DEBUG - 2026-04-13 14:57:48 --> Session: Class initialized using 'CodeIgniter\Session\Handlers\FileHandler' driver.
DEBUG - 2026-04-13 14:57:49 --> Total exams not yet taken calculated for school_id 93: 0
ERROR - 2026-04-13 14:57:49 --> Table 'wayo_db.events' doesn't exist
in SYSTEMPATH\Database\MySQLi\Connection.php on line 300.
 1 SYSTEMPATH\Database\MySQLi\Connection.php(300): mysqli->query('SELECT *
FROM `events`
WHERE `school_id` = \'93\'
AND `date` >= \'2026-04-01\'
AND `date` <= \'2026-04-30\'', 0)
 2 SYSTEMPATH\Database\BaseConnection.php(910): CodeIgniter\Database\MySQLi\Connection->execute('SELECT *
FROM `events`
WHERE `school_id` = \'93\'
AND `date` >= \'2026-04-01\'
AND `date` <= \'2026-04-30\'')
 3 SYSTEMPATH\Database\BaseConnection.php(827): CodeIgniter\Database\BaseConnection->simpleQuery('SELECT *
FROM `events`
WHERE `school_id` = \'93\'
AND `date` >= \'2026-04-01\'
AND `date` <= \'2026-04-30\'')
 4 SYSTEMPATH\Database\BaseBuilder.php(1649): CodeIgniter\Database\BaseConnection->query('SELECT *
FROM `events`
WHERE `school_id` = :school_id:
AND `date` >= :date:
AND `date` <= :date.1:', [...], false)
 5 APPPATH\Models\Crud_model.php(349): CodeIgniter\Database\BaseBuilder->get()
 6 APPPATH\Views\backend\admin\dashboard\index.php(681): App\Models\Crud_model->get_current_month_events()
 7 APPPATH\Views\backend\index.php(147): include('C:\\xampp\\htdocs\\School-Management-De_migration\\app\\Views\\backend\\admin\\dashboard\\index.php')
 8 SYSTEMPATH\View\View.php(240): include('C:\\xampp\\htdocs\\School-Management-De_migration\\app\\Views\\backend\\index.php')
 9 SYSTEMPATH\View\View.php(243): CodeIgniter\View\View->CodeIgniter\View\{closure}()
10 APPPATH\View\View.php(357): CodeIgniter\View\View->render('backend/index', [], true)
11 SYSTEMPATH\Common.php(1250): App\View\View->render('backend/index', [], true)
12 APPPATH\Controllers\Admin.php(108): view('backend/index', [...])
13 APPPATH\Config\Routes.php(341): App\Controllers\Admin->dashboard()
14 SYSTEMPATH\CodeIgniter.php(872): CodeIgniter\Router\RouteCollection::{closure}()
15 SYSTEMPATH\CodeIgniter.php(480): CodeIgniter\CodeIgniter->startController()
16 SYSTEMPATH\CodeIgniter.php(340): CodeIgniter\CodeIgniter->handleRequest(null, Object(Config\Cache), false)
17 SYSTEMPATH\Boot.php(417): CodeIgniter\CodeIgniter->run()
18 SYSTEMPATH\Boot.php(68): CodeIgniter\Boot::runCodeIgniter(Object(CodeIgniter\CodeIgniter))
19 FCPATH\index.php(75): CodeIgniter\Boot::bootWeb(Object(Config\Paths))
ERROR - 2026-04-13 14:57:49 --> Table 'wayo_db.events' doesn't exist
in SYSTEMPATH\Database\MySQLi\Connection.php on line 300.
 1 SYSTEMPATH\Database\MySQLi\Connection.php(300): mysqli->query('SELECT *
FROM `events`
WHERE `school_id` = \'93\'
AND `date` >= \'2026-04-01\'
AND `date` <= \'2026-04-30\'', 0)
 2 SYSTEMPATH\Database\BaseConnection.php(910): CodeIgniter\Database\MySQLi\Connection->execute('SELECT *
FROM `events`
WHERE `school_id` = \'93\'
AND `date` >= \'2026-04-01\'
AND `date` <= \'2026-04-30\'')
 3 SYSTEMPATH\Database\BaseConnection.php(827): CodeIgniter\Database\BaseConnection->simpleQuery('SELECT *
FROM `events`
WHERE `school_id` = \'93\'
AND `date` >= \'2026-04-01\'
AND `date` <= \'2026-04-30\'')
 4 SYSTEMPATH\Database\BaseBuilder.php(1649): CodeIgniter\Database\BaseConnection->query('SELECT *
FROM `events`
WHERE `school_id` = :school_id:
AND `date` >= :date:
AND `date` <= :date.1:', [...], false)
 5 APPPATH\Models\Crud_model.php(349): CodeIgniter\Database\BaseBuilder->get()
 6 APPPATH\Views\backend\admin\dashboard\index.php(719): App\Models\Crud_model->get_current_month_events()
 7 APPPATH\Views\backend\index.php(147): include('C:\\xampp\\htdocs\\School-Management-De_migration\\app\\Views\\backend\\admin\\dashboard\\index.php')
 8 SYSTEMPATH\View\View.php(240): include('C:\\xampp\\htdocs\\School-Management-De_migration\\app\\Views\\backend\\index.php')
 9 SYSTEMPATH\View\View.php(243): CodeIgniter\View\View->CodeIgniter\View\{closure}()
10 APPPATH\View\View.php(357): CodeIgniter\View\View->render('backend/index', [], true)
11 SYSTEMPATH\Common.php(1250): App\View\View->render('backend/index', [], true)
12 APPPATH\Controllers\Admin.php(108): view('backend/index', [...])
13 APPPATH\Config\Routes.php(341): App\Controllers\Admin->dashboard()
14 SYSTEMPATH\CodeIgniter.php(872): CodeIgniter\Router\RouteCollection::{closure}()
15 SYSTEMPATH\CodeIgniter.php(480): CodeIgniter\CodeIgniter->startController()
16 SYSTEMPATH\CodeIgniter.php(340): CodeIgniter\CodeIgniter->handleRequest(null, Object(Config\Cache), false)
17 SYSTEMPATH\Boot.php(417): CodeIgniter\CodeIgniter->run()
18 SYSTEMPATH\Boot.php(68): CodeIgniter\Boot::runCodeIgniter(Object(CodeIgniter\CodeIgniter))
19 FCPATH\index.php(75): CodeIgniter\Boot::bootWeb(Object(Config\Paths))
DEBUG - 2026-04-13 14:57:54 --> Session: Class initialized using 'CodeIgniter\Session\Handlers\FileHandler' driver.
DEBUG - 2026-04-13 14:57:54 --> Session: Class initialized using 'CodeIgniter\Session\Handlers\FileHandler' driver.
INFO - 2026-04-13 14:58:06 --> CSRF token verified.
DEBUG - 2026-04-13 14:58:06 --> Session: Class initialized using 'CodeIgniter\Session\Handlers\FileHandler' driver.
WARNING - 2026-04-13 14:58:06 --> Failed login attempt - Email: olaola55@gmail.com, IP: ::1, Reason: Invalid password
DEBUG - 2026-04-13 14:58:20 --> Session: Class initialized using 'CodeIgniter\Session\Handlers\FileHandler' driver.
INFO - 2026-04-13 14:58:34 --> CSRF token verified.
DEBUG - 2026-04-13 14:58:34 --> Session: Class initialized using 'CodeIgniter\Session\Handlers\FileHandler' driver.
INFO - 2026-04-13 14:58:34 --> Successful login - Email: olaola55@gmail.com, IP: ::1, Role: admin
DEBUG - 2026-04-13 14:58:36 --> Session: Class initialized using 'CodeIgniter\Session\Handlers\FileHandler' driver.
DEBUG - 2026-04-13 14:58:38 --> Total exams not yet taken calculated for school_id 93: 0
ERROR - 2026-04-13 14:58:39 --> Table 'wayo_db.events' doesn't exist
in SYSTEMPATH\Database\MySQLi\Connection.php on line 300.
 1 SYSTEMPATH\Database\MySQLi\Connection.php(300): mysqli->query('SELECT *
FROM `events`
WHERE `school_id` = \'93\'
AND `date` >= \'2026-04-01\'
AND `date` <= \'2026-04-30\'', 0)
 2 SYSTEMPATH\Database\BaseConnection.php(910): CodeIgniter\Database\MySQLi\Connection->execute('SELECT *
FROM `events`
WHERE `school_id` = \'93\'
AND `date` >= \'2026-04-01\'
AND `date` <= \'2026-04-30\'')
 3 SYSTEMPATH\Database\BaseConnection.php(827): CodeIgniter\Database\BaseConnection->simpleQuery('SELECT *
FROM `events`
WHERE `school_id` = \'93\'
AND `date` >= \'2026-04-01\'
AND `date` <= \'2026-04-30\'')
 4 SYSTEMPATH\Database\BaseBuilder.php(1649): CodeIgniter\Database\BaseConnection->query('SELECT *
FROM `events`
WHERE `school_id` = :school_id:
AND `date` >= :date:
AND `date` <= :date.1:', [...], false)
 5 APPPATH\Models\Crud_model.php(349): CodeIgniter\Database\BaseBuilder->get()
 6 APPPATH\Views\backend\admin\dashboard\index.php(681): App\Models\Crud_model->get_current_month_events()
 7 APPPATH\Views\backend\index.php(147): include('C:\\xampp\\htdocs\\School-Management-De_migration\\app\\Views\\backend\\admin\\dashboard\\index.php')
 8 SYSTEMPATH\View\View.php(240): include('C:\\xampp\\htdocs\\School-Management-De_migration\\app\\Views\\backend\\index.php')
 9 SYSTEMPATH\View\View.php(243): CodeIgniter\View\View->CodeIgniter\View\{closure}()
10 APPPATH\View\View.php(357): CodeIgniter\View\View->render('backend/index', [], true)
11 SYSTEMPATH\Common.php(1250): App\View\View->render('backend/index', [], true)
12 APPPATH\Controllers\Admin.php(108): view('backend/index', [...])
13 APPPATH\Config\Routes.php(341): App\Controllers\Admin->dashboard()
14 SYSTEMPATH\CodeIgniter.php(872): CodeIgniter\Router\RouteCollection::{closure}()
15 SYSTEMPATH\CodeIgniter.php(480): CodeIgniter\CodeIgniter->startController()
16 SYSTEMPATH\CodeIgniter.php(340): CodeIgniter\CodeIgniter->handleRequest(null, Object(Config\Cache), false)
17 SYSTEMPATH\Boot.php(417): CodeIgniter\CodeIgniter->run()
18 SYSTEMPATH\Boot.php(68): CodeIgniter\Boot::runCodeIgniter(Object(CodeIgniter\CodeIgniter))
19 FCPATH\index.php(75): CodeIgniter\Boot::bootWeb(Object(Config\Paths))
ERROR - 2026-04-13 14:58:39 --> Table 'wayo_db.events' doesn't exist
in SYSTEMPATH\Database\MySQLi\Connection.php on line 300.
 1 SYSTEMPATH\Database\MySQLi\Connection.php(300): mysqli->query('SELECT *
FROM `events`
WHERE `school_id` = \'93\'
AND `date` >= \'2026-04-01\'
AND `date` <= \'2026-04-30\'', 0)
 2 SYSTEMPATH\Database\BaseConnection.php(910): CodeIgniter\Database\MySQLi\Connection->execute('SELECT *
FROM `events`
WHERE `school_id` = \'93\'
AND `date` >= \'2026-04-01\'
AND `date` <= \'2026-04-30\'')
 3 SYSTEMPATH\Database\BaseConnection.php(827): CodeIgniter\Database\BaseConnection->simpleQuery('SELECT *
FROM `events`
WHERE `school_id` = \'93\'
AND `date` >= \'2026-04-01\'
AND `date` <= \'2026-04-30\'')
 4 SYSTEMPATH\Database\BaseBuilder.php(1649): CodeIgniter\Database\BaseConnection->query('SELECT *
FROM `events`
WHERE `school_id` = :school_id:
AND `date` >= :date:
AND `date` <= :date.1:', [...], false)
 5 APPPATH\Models\Crud_model.php(349): CodeIgniter\Database\BaseBuilder->get()
 6 APPPATH\Views\backend\admin\dashboard\index.php(719): App\Models\Crud_model->get_current_month_events()
 7 APPPATH\Views\backend\index.php(147): include('C:\\xampp\\htdocs\\School-Management-De_migration\\app\\Views\\backend\\admin\\dashboard\\index.php')
 8 SYSTEMPATH\View\View.php(240): include('C:\\xampp\\htdocs\\School-Management-De_migration\\app\\Views\\backend\\index.php')
 9 SYSTEMPATH\View\View.php(243): CodeIgniter\View\View->CodeIgniter\View\{closure}()
10 APPPATH\View\View.php(357): CodeIgniter\View\View->render('backend/index', [], true)
11 SYSTEMPATH\Common.php(1250): App\View\View->render('backend/index', [], true)
12 APPPATH\Controllers\Admin.php(108): view('backend/index', [...])
13 APPPATH\Config\Routes.php(341): App\Controllers\Admin->dashboard()
14 SYSTEMPATH\CodeIgniter.php(872): CodeIgniter\Router\RouteCollection::{closure}()
15 SYSTEMPATH\CodeIgniter.php(480): CodeIgniter\CodeIgniter->startController()
16 SYSTEMPATH\CodeIgniter.php(340): CodeIgniter\CodeIgniter->handleRequest(null, Object(Config\Cache), false)
17 SYSTEMPATH\Boot.php(417): CodeIgniter\CodeIgniter->run()
18 SYSTEMPATH\Boot.php(68): CodeIgniter\Boot::runCodeIgniter(Object(CodeIgniter\CodeIgniter))
19 FCPATH\index.php(75): CodeIgniter\Boot::bootWeb(Object(Config\Paths))
DEBUG - 2026-04-13 14:58:46 --> Session: Class initialized using 'CodeIgniter\Session\Handlers\FileHandler' driver.
INFO - 2026-04-13 14:58:53 --> CSRF token verified.
DEBUG - 2026-04-13 14:58:53 --> Session: Class initialized using 'CodeIgniter\Session\Handlers\FileHandler' driver.
DEBUG - 2026-04-13 14:58:54 --> Session: Class initialized using 'CodeIgniter\Session\Handlers\FileHandler' driver.
DEBUG - 2026-04-13 14:58:55 --> Total exams not yet taken calculated for school_id 113: 0
ERROR - 2026-04-13 14:58:56 --> Table 'wayo_db.events' doesn't exist
in SYSTEMPATH\Database\MySQLi\Connection.php on line 300.
 1 SYSTEMPATH\Database\MySQLi\Connection.php(300): mysqli->query('SELECT *
FROM `events`
WHERE `school_id` = \'113\'
AND `date` >= \'2026-04-01\'
AND `date` <= \'2026-04-30\'', 0)
 2 SYSTEMPATH\Database\BaseConnection.php(910): CodeIgniter\Database\MySQLi\Connection->execute('SELECT *
FROM `events`
WHERE `school_id` = \'113\'
AND `date` >= \'2026-04-01\'
AND `date` <= \'2026-04-30\'')
 3 SYSTEMPATH\Database\BaseConnection.php(827): CodeIgniter\Database\BaseConnection->simpleQuery('SELECT *
FROM `events`
WHERE `school_id` = \'113\'
AND `date` >= \'2026-04-01\'
AND `date` <= \'2026-04-30\'')
 4 SYSTEMPATH\Database\BaseBuilder.php(1649): CodeIgniter\Database\BaseConnection->query('SELECT *
FROM `events`
WHERE `school_id` = :school_id:
AND `date` >= :date:
AND `date` <= :date.1:', [...], false)
 5 APPPATH\Models\Crud_model.php(349): CodeIgniter\Database\BaseBuilder->get()
 6 APPPATH\Views\backend\admin\dashboard\index.php(681): App\Models\Crud_model->get_current_month_events()
 7 APPPATH\Views\backend\index.php(147): include('C:\\xampp\\htdocs\\School-Management-De_migration\\app\\Views\\backend\\admin\\dashboard\\index.php')
 8 SYSTEMPATH\View\View.php(240): include('C:\\xampp\\htdocs\\School-Management-De_migration\\app\\Views\\backend\\index.php')
 9 SYSTEMPATH\View\View.php(243): CodeIgniter\View\View->CodeIgniter\View\{closure}()
10 APPPATH\View\View.php(357): CodeIgniter\View\View->render('backend/index', [], true)
11 SYSTEMPATH\Common.php(1250): App\View\View->render('backend/index', [], true)
12 APPPATH\Controllers\Admin.php(108): view('backend/index', [...])
13 APPPATH\Config\Routes.php(341): App\Controllers\Admin->dashboard()
14 SYSTEMPATH\CodeIgniter.php(872): CodeIgniter\Router\RouteCollection::{closure}()
15 SYSTEMPATH\CodeIgniter.php(480): CodeIgniter\CodeIgniter->startController()
16 SYSTEMPATH\CodeIgniter.php(340): CodeIgniter\CodeIgniter->handleRequest(null, Object(Config\Cache), false)
17 SYSTEMPATH\Boot.php(417): CodeIgniter\CodeIgniter->run()
18 SYSTEMPATH\Boot.php(68): CodeIgniter\Boot::runCodeIgniter(Object(CodeIgniter\CodeIgniter))
19 FCPATH\index.php(75): CodeIgniter\Boot::bootWeb(Object(Config\Paths))
ERROR - 2026-04-13 14:58:56 --> Table 'wayo_db.events' doesn't exist
in SYSTEMPATH\Database\MySQLi\Connection.php on line 300.
 1 SYSTEMPATH\Database\MySQLi\Connection.php(300): mysqli->query('SELECT *
FROM `events`
WHERE `school_id` = \'113\'
AND `date` >= \'2026-04-01\'
AND `date` <= \'2026-04-30\'', 0)
 2 SYSTEMPATH\Database\BaseConnection.php(910): CodeIgniter\Database\MySQLi\Connection->execute('SELECT *
FROM `events`
WHERE `school_id` = \'113\'
AND `date` >= \'2026-04-01\'
AND `date` <= \'2026-04-30\'')
 3 SYSTEMPATH\Database\BaseConnection.php(827): CodeIgniter\Database\BaseConnection->simpleQuery('SELECT *
FROM `events`
WHERE `school_id` = \'113\'
AND `date` >= \'2026-04-01\'
AND `date` <= \'2026-04-30\'')
 4 SYSTEMPATH\Database\BaseBuilder.php(1649): CodeIgniter\Database\BaseConnection->query('SELECT *
FROM `events`
WHERE `school_id` = :school_id:
AND `date` >= :date:
AND `date` <= :date.1:', [...], false)
 5 APPPATH\Models\Crud_model.php(349): CodeIgniter\Database\BaseBuilder->get()
 6 APPPATH\Views\backend\admin\dashboard\index.php(719): App\Models\Crud_model->get_current_month_events()
 7 APPPATH\Views\backend\index.php(147): include('C:\\xampp\\htdocs\\School-Management-De_migration\\app\\Views\\backend\\admin\\dashboard\\index.php')
 8 SYSTEMPATH\View\View.php(240): include('C:\\xampp\\htdocs\\School-Management-De_migration\\app\\Views\\backend\\index.php')
 9 SYSTEMPATH\View\View.php(243): CodeIgniter\View\View->CodeIgniter\View\{closure}()
10 APPPATH\View\View.php(357): CodeIgniter\View\View->render('backend/index', [], true)
11 SYSTEMPATH\Common.php(1250): App\View\View->render('backend/index', [], true)
12 APPPATH\Controllers\Admin.php(108): view('backend/index', [...])
13 APPPATH\Config\Routes.php(341): App\Controllers\Admin->dashboard()
14 SYSTEMPATH\CodeIgniter.php(872): CodeIgniter\Router\RouteCollection::{closure}()
15 SYSTEMPATH\CodeIgniter.php(480): CodeIgniter\CodeIgniter->startController()
16 SYSTEMPATH\CodeIgniter.php(340): CodeIgniter\CodeIgniter->handleRequest(null, Object(Config\Cache), false)
17 SYSTEMPATH\Boot.php(417): CodeIgniter\CodeIgniter->run()
18 SYSTEMPATH\Boot.php(68): CodeIgniter\Boot::runCodeIgniter(Object(CodeIgniter\CodeIgniter))
19 FCPATH\index.php(75): CodeIgniter\Boot::bootWeb(Object(Config\Paths))
ERROR - 2026-04-13 14:58:56 --> User_model: Student details not found for user_id: 188
DEBUG - 2026-04-13 14:59:00 --> Session: Class initialized using 'CodeIgniter\Session\Handlers\FileHandler' driver.
INFO - 2026-04-13 14:59:02 --> CSRF token verified.
DEBUG - 2026-04-13 14:59:02 --> Session: Class initialized using 'CodeIgniter\Session\Handlers\FileHandler' driver.
DEBUG - 2026-04-13 14:59:02 --> Session: Class initialized using 'CodeIgniter\Session\Handlers\FileHandler' driver.
DEBUG - 2026-04-13 14:59:02 --> Teacher construct - is_teacher: true, school_id: 93, method: GET
DEBUG - 2026-04-13 14:59:02 --> Teacher construct - school_id: 93, is_paid: 1, subscription_end: 1778679749, now: 1776088742
DEBUG - 2026-04-13 14:59:02 --> Teacher construct - subscription_end date: 2026-05-13 14:42:29, now date: 2026-04-13 14:59:02
DEBUG - 2026-04-13 14:59:02 --> Teacher construct - Subscription still valid: subscription_end (2026-05-13 14:42:29) >= now (2026-04-13 14:59:02)
DEBUG - 2026-04-13 14:59:02 --> Teacher construct - Access allowed for method 'GET' (no blocking conditions)
DEBUG - 2026-04-13 14:59:03 --> Total exams not yet taken calculated for school_id 93: 0
ERROR - 2026-04-13 14:59:03 --> Table 'wayo_db.events' doesn't exist
in SYSTEMPATH\Database\MySQLi\Connection.php on line 300.
 1 SYSTEMPATH\Database\MySQLi\Connection.php(300): mysqli->query('SELECT *
FROM `events`
WHERE `school_id` = \'93\'
AND `date` >= \'2026-04-01\'
AND `date` <= \'2026-04-30\'', 0)
 2 SYSTEMPATH\Database\BaseConnection.php(910): CodeIgniter\Database\MySQLi\Connection->execute('SELECT *
FROM `events`
WHERE `school_id` = \'93\'
AND `date` >= \'2026-04-01\'
AND `date` <= \'2026-04-30\'')
 3 SYSTEMPATH\Database\BaseConnection.php(827): CodeIgniter\Database\BaseConnection->simpleQuery('SELECT *
FROM `events`
WHERE `school_id` = \'93\'
AND `date` >= \'2026-04-01\'
AND `date` <= \'2026-04-30\'')
 4 SYSTEMPATH\Database\BaseBuilder.php(1649): CodeIgniter\Database\BaseConnection->query('SELECT *
FROM `events`
WHERE `school_id` = :school_id:
AND `date` >= :date:
AND `date` <= :date.1:', [...], false)
 5 APPPATH\Models\Crud_model.php(349): CodeIgniter\Database\BaseBuilder->get()
 6 APPPATH\Views\backend\teacher\dashboard\index.php(592): App\Models\Crud_model->get_current_month_events()
 7 APPPATH\Views\backend\index.php(147): include('C:\\xampp\\htdocs\\School-Management-De_migration\\app\\Views\\backend\\teacher\\dashboard\\index.php')
 8 SYSTEMPATH\View\View.php(240): include('C:\\xampp\\htdocs\\School-Management-De_migration\\app\\Views\\backend\\index.php')
 9 SYSTEMPATH\View\View.php(243): CodeIgniter\View\View->CodeIgniter\View\{closure}()
10 APPPATH\View\View.php(357): CodeIgniter\View\View->render('backend/index', [], true)
11 SYSTEMPATH\Common.php(1250): App\View\View->render('backend/index', [], true)
12 APPPATH\Controllers\Teacher.php(164): view('backend/index', [...])
13 APPPATH\Config\Routes.php(341): App\Controllers\Teacher->dashboard()
14 SYSTEMPATH\CodeIgniter.php(872): CodeIgniter\Router\RouteCollection::{closure}()
15 SYSTEMPATH\CodeIgniter.php(480): CodeIgniter\CodeIgniter->startController()
16 SYSTEMPATH\CodeIgniter.php(340): CodeIgniter\CodeIgniter->handleRequest(null, Object(Config\Cache), false)
17 SYSTEMPATH\Boot.php(417): CodeIgniter\CodeIgniter->run()
18 SYSTEMPATH\Boot.php(68): CodeIgniter\Boot::runCodeIgniter(Object(CodeIgniter\CodeIgniter))
19 FCPATH\index.php(75): CodeIgniter\Boot::bootWeb(Object(Config\Paths))
DEBUG - 2026-04-13 14:59:19 --> Session: Class initialized using 'CodeIgniter\Session\Handlers\FileHandler' driver.
DEBUG - 2026-04-13 14:59:19 --> Total exams not yet taken calculated for school_id 93: 0
DEBUG - 2026-04-13 14:59:23 --> Session: Class initialized using 'CodeIgniter\Session\Handlers\FileHandler' driver.
DEBUG - 2026-04-13 14:59:23 --> Total exams not yet taken calculated for school_id 93: 0
DEBUG - 2026-04-13 14:59:26 --> Session: Class initialized using 'CodeIgniter\Session\Handlers\FileHandler' driver.
INFO - 2026-04-13 14:59:39 --> CSRF token verified.
DEBUG - 2026-04-13 14:59:39 --> Session: Class initialized using 'CodeIgniter\Session\Handlers\FileHandler' driver.
INFO - 2026-04-13 14:59:40 --> Permission modified by user_id: 266 for teacher_id: 30, class_id: 132, changes: {"marks":1,"attendance":1}, school_id: 93
DEBUG - 2026-04-13 14:59:42 --> Session: Class initialized using 'CodeIgniter\Session\Handlers\FileHandler' driver.
DEBUG - 2026-04-13 14:59:43 --> Total exams not yet taken calculated for school_id 93: 0
DEBUG - 2026-04-13 14:59:45 --> Session: Class initialized using 'CodeIgniter\Session\Handlers\FileHandler' driver.
DEBUG - 2026-04-13 14:59:47 --> Session: Class initialized using 'CodeIgniter\Session\Handlers\FileHandler' driver.
DEBUG - 2026-04-13 14:59:48 --> Total exams not yet taken calculated for school_id 93: 0
DEBUG - 2026-04-13 15:00:00 --> Session: Class initialized using 'CodeIgniter\Session\Handlers\FileHandler' driver.
INFO - 2026-04-13 15:00:02 --> CSRF token verified.
DEBUG - 2026-04-13 15:00:02 --> Session: Class initialized using 'CodeIgniter\Session\Handlers\FileHandler' driver.
INFO - 2026-04-13 15:00:02 --> Permission created by user_id: 266 for teacher_id: 30, class_id: 133, initial values: {"marks":1,"attendance":1}, school_id: 93
CRITICAL - 2026-04-13 15:00:08 --> CodeIgniter\Security\Exceptions\SecurityException: The action you requested is not allowed.
[Method: POST, Route: app/permission/modify_permission]
in SYSTEMPATH\Security\Security.php on line 258.
 1 SYSTEMPATH\Security\Security.php(258): CodeIgniter\Security\Exceptions\SecurityException::forDisallowedAction()
 2 SYSTEMPATH\Filters\CSRF.php(52): CodeIgniter\Security\Security->verify(Object(CodeIgniter\HTTP\IncomingRequest))
 3 SYSTEMPATH\Filters\Filters.php(241): CodeIgniter\Filters\CSRF->before(Object(CodeIgniter\HTTP\IncomingRequest), null)
 4 SYSTEMPATH\Filters\Filters.php(221): CodeIgniter\Filters\Filters->runBefore([...])
 5 SYSTEMPATH\CodeIgniter.php(465): CodeIgniter\Filters\Filters->run('app/permission/modify_permission', 'before')
 6 SYSTEMPATH\CodeIgniter.php(340): CodeIgniter\CodeIgniter->handleRequest(null, Object(Config\Cache), false)
 7 SYSTEMPATH\Boot.php(417): CodeIgniter\CodeIgniter->run()
 8 SYSTEMPATH\Boot.php(68): CodeIgniter\Boot::runCodeIgniter(Object(CodeIgniter\CodeIgniter))
 9 FCPATH\index.php(75): CodeIgniter\Boot::bootWeb(Object(Config\Paths))
DEBUG - 2026-04-13 15:00:49 --> Session: Class initialized using 'CodeIgniter\Session\Handlers\FileHandler' driver.
DEBUG - 2026-04-13 15:00:49 --> Total exams not yet taken calculated for school_id 93: 0
DEBUG - 2026-04-13 15:00:50 --> Session: Class initialized using 'CodeIgniter\Session\Handlers\FileHandler' driver.
DEBUG - 2026-04-13 15:01:00 --> Session: Class initialized using 'CodeIgniter\Session\Handlers\FileHandler' driver.
INFO - 2026-04-13 15:01:02 --> CSRF token verified.
DEBUG - 2026-04-13 15:01:02 --> Session: Class initialized using 'CodeIgniter\Session\Handlers\FileHandler' driver.
INFO - 2026-04-13 15:01:02 --> Permission created by user_id: 266 for teacher_id: 29, class_id: 133, initial values: {"marks":1,"attendance":1}, school_id: 93
DEBUG - 2026-04-13 15:01:05 --> Session: Class initialized using 'CodeIgniter\Session\Handlers\FileHandler' driver.
DEBUG - 2026-04-13 15:01:05 --> Total exams not yet taken calculated for school_id 93: 0
DEBUG - 2026-04-13 15:01:11 --> Session: Class initialized using 'CodeIgniter\Session\Handlers\FileHandler' driver.
DEBUG - 2026-04-13 15:01:12 --> Total exams not yet taken calculated for school_id 93: 0
DEBUG - 2026-04-13 15:01:15 --> Session: Class initialized using 'CodeIgniter\Session\Handlers\FileHandler' driver.
DEBUG - 2026-04-13 15:01:32 --> Session: Class initialized using 'CodeIgniter\Session\Handlers\FileHandler' driver.
DEBUG - 2026-04-13 15:01:32 --> Teacher construct - is_teacher: true, school_id: 93, method: GET
DEBUG - 2026-04-13 15:01:32 --> Teacher construct - school_id: 93, is_paid: 1, subscription_end: 1778679749, now: 1776088892
DEBUG - 2026-04-13 15:01:32 --> Teacher construct - subscription_end date: 2026-05-13 14:42:29, now date: 2026-04-13 15:01:32
DEBUG - 2026-04-13 15:01:32 --> Teacher construct - Subscription still valid: subscription_end (2026-05-13 14:42:29) >= now (2026-04-13 15:01:32)
DEBUG - 2026-04-13 15:01:32 --> Teacher construct - Access allowed for method 'GET' (no blocking conditions)
DEBUG - 2026-04-13 15:01:34 --> Total exams not yet taken calculated for school_id 93: 0
DEBUG - 2026-04-13 15:01:37 --> Session: Class initialized using 'CodeIgniter\Session\Handlers\FileHandler' driver.
DEBUG - 2026-04-13 15:01:38 --> Teacher construct - is_teacher: true, school_id: 93, method: GET
DEBUG - 2026-04-13 15:01:38 --> Teacher construct - school_id: 93, is_paid: 1, subscription_end: 1778679749, now: 1776088898
DEBUG - 2026-04-13 15:01:38 --> Teacher construct - subscription_end date: 2026-05-13 14:42:29, now date: 2026-04-13 15:01:38
DEBUG - 2026-04-13 15:01:38 --> Teacher construct - Subscription still valid: subscription_end (2026-05-13 14:42:29) >= now (2026-04-13 15:01:38)
DEBUG - 2026-04-13 15:01:38 --> Teacher construct - Access allowed for method 'GET' (no blocking conditions)
DEBUG - 2026-04-13 15:01:39 --> Total exams not yet taken calculated for school_id 93: 0
DEBUG - 2026-04-13 15:01:40 --> Session: Class initialized using 'CodeIgniter\Session\Handlers\FileHandler' driver.
DEBUG - 2026-04-13 15:01:41 --> Teacher construct - is_teacher: true, school_id: 93, method: GET
DEBUG - 2026-04-13 15:01:41 --> Teacher construct - school_id: 93, is_paid: 1, subscription_end: 1778679749, now: 1776088901
DEBUG - 2026-04-13 15:01:41 --> Teacher construct - subscription_end date: 2026-05-13 14:42:29, now date: 2026-04-13 15:01:41
DEBUG - 2026-04-13 15:01:41 --> Teacher construct - Subscription still valid: subscription_end (2026-05-13 14:42:29) >= now (2026-04-13 15:01:41)
DEBUG - 2026-04-13 15:01:41 --> Teacher construct - Access allowed for method 'GET' (no blocking conditions)
DEBUG - 2026-04-13 15:01:42 --> Total exams not yet taken calculated for school_id 93: 0
DEBUG - 2026-04-13 15:01:44 --> Session: Class initialized using 'CodeIgniter\Session\Handlers\FileHandler' driver.
DEBUG - 2026-04-13 15:01:44 --> Teacher construct - is_teacher: true, school_id: 93, method: GET
DEBUG - 2026-04-13 15:01:44 --> Teacher construct - school_id: 93, is_paid: 1, subscription_end: 1778679749, now: 1776088904
DEBUG - 2026-04-13 15:01:44 --> Teacher construct - subscription_end date: 2026-05-13 14:42:29, now date: 2026-04-13 15:01:44
DEBUG - 2026-04-13 15:01:44 --> Teacher construct - Subscription still valid: subscription_end (2026-05-13 14:42:29) >= now (2026-04-13 15:01:44)
DEBUG - 2026-04-13 15:01:44 --> Teacher construct - Access allowed for method 'GET' (no blocking conditions)
DEBUG - 2026-04-13 15:01:44 --> Session: Class initialized using 'CodeIgniter\Session\Handlers\FileHandler' driver.
DEBUG - 2026-04-13 15:01:44 --> Teacher construct - is_teacher: true, school_id: 93, method: GET
DEBUG - 2026-04-13 15:01:44 --> Teacher construct - school_id: 93, is_paid: 1, subscription_end: 1778679749, now: 1776088904
DEBUG - 2026-04-13 15:01:44 --> Teacher construct - subscription_end date: 2026-05-13 14:42:29, now date: 2026-04-13 15:01:44
DEBUG - 2026-04-13 15:01:44 --> Teacher construct - Subscription still valid: subscription_end (2026-05-13 14:42:29) >= now (2026-04-13 15:01:44)
DEBUG - 2026-04-13 15:01:44 --> Teacher construct - Access allowed for method 'GET' (no blocking conditions)
DEBUG - 2026-04-13 15:01:45 --> Session: Class initialized using 'CodeIgniter\Session\Handlers\FileHandler' driver.
DEBUG - 2026-04-13 15:01:45 --> Teacher construct - is_teacher: true, school_id: 93, method: GET
DEBUG - 2026-04-13 15:01:45 --> Teacher construct - school_id: 93, is_paid: 1, subscription_end: 1778679749, now: 1776088905
DEBUG - 2026-04-13 15:01:45 --> Teacher construct - subscription_end date: 2026-05-13 14:42:29, now date: 2026-04-13 15:01:45
DEBUG - 2026-04-13 15:01:45 --> Teacher construct - Subscription still valid: subscription_end (2026-05-13 14:42:29) >= now (2026-04-13 15:01:45)
DEBUG - 2026-04-13 15:01:45 --> Teacher construct - Access allowed for method 'GET' (no blocking conditions)
DEBUG - 2026-04-13 15:01:45 --> Session: Class initialized using 'CodeIgniter\Session\Handlers\FileHandler' driver.
DEBUG - 2026-04-13 15:01:45 --> Teacher construct - is_teacher: true, school_id: 93, method: GET
DEBUG - 2026-04-13 15:01:45 --> Teacher construct - school_id: 93, is_paid: 1, subscription_end: 1778679749, now: 1776088905
DEBUG - 2026-04-13 15:01:45 --> Teacher construct - subscription_end date: 2026-05-13 14:42:29, now date: 2026-04-13 15:01:45
DEBUG - 2026-04-13 15:01:45 --> Teacher construct - Subscription still valid: subscription_end (2026-05-13 14:42:29) >= now (2026-04-13 15:01:45)
DEBUG - 2026-04-13 15:01:45 --> Teacher construct - Access allowed for method 'GET' (no blocking conditions)
DEBUG - 2026-04-13 15:01:45 --> Session: Class initialized using 'CodeIgniter\Session\Handlers\FileHandler' driver.
DEBUG - 2026-04-13 15:01:45 --> Teacher construct - is_teacher: true, school_id: 93, method: GET
DEBUG - 2026-04-13 15:01:45 --> Teacher construct - school_id: 93, is_paid: 1, subscription_end: 1778679749, now: 1776088905
DEBUG - 2026-04-13 15:01:45 --> Teacher construct - subscription_end date: 2026-05-13 14:42:29, now date: 2026-04-13 15:01:45
DEBUG - 2026-04-13 15:01:45 --> Teacher construct - Subscription still valid: subscription_end (2026-05-13 14:42:29) >= now (2026-04-13 15:01:45)
DEBUG - 2026-04-13 15:01:45 --> Teacher construct - Access allowed for method 'GET' (no blocking conditions)
DEBUG - 2026-04-13 15:01:45 --> Session: Class initialized using 'CodeIgniter\Session\Handlers\FileHandler' driver.
DEBUG - 2026-04-13 15:01:45 --> Teacher construct - is_teacher: true, school_id: 93, method: GET
DEBUG - 2026-04-13 15:01:45 --> Teacher construct - school_id: 93, is_paid: 1, subscription_end: 1778679749, now: 1776088905
DEBUG - 2026-04-13 15:01:45 --> Teacher construct - subscription_end date: 2026-05-13 14:42:29, now date: 2026-04-13 15:01:45
DEBUG - 2026-04-13 15:01:45 --> Teacher construct - Subscription still valid: subscription_end (2026-05-13 14:42:29) >= now (2026-04-13 15:01:45)
DEBUG - 2026-04-13 15:01:45 --> Teacher construct - Access allowed for method 'GET' (no blocking conditions)
DEBUG - 2026-04-13 15:01:59 --> Session: Class initialized using 'CodeIgniter\Session\Handlers\FileHandler' driver.
INFO - 2026-04-13 15:02:15 --> CSRF token verified.
DEBUG - 2026-04-13 15:02:15 --> Session: Class initialized using 'CodeIgniter\Session\Handlers\FileHandler' driver.
INFO - 2026-04-13 15:02:16 --> Successful login - Email: olaola55@gmail.com, IP: ::1, Role: teacher
INFO - 2026-04-13 15:02:16 --> CSRF token verified.
DEBUG - 2026-04-13 15:02:17 --> Session: Class initialized using 'CodeIgniter\Session\Handlers\FileHandler' driver.
INFO - 2026-04-13 15:02:17 --> Successful login - Email: olaola55@gmail.com, IP: ::1, Role: teacher
DEBUG - 2026-04-13 15:02:18 --> Session: Class initialized using 'CodeIgniter\Session\Handlers\FileHandler' driver.
DEBUG - 2026-04-13 15:02:18 --> Teacher construct - is_teacher: true, school_id: 93, method: GET
DEBUG - 2026-04-13 15:02:18 --> Teacher construct - school_id: 93, is_paid: 1, subscription_end: 1778679749, now: 1776088938
DEBUG - 2026-04-13 15:02:18 --> Teacher construct - subscription_end date: 2026-05-13 14:42:29, now date: 2026-04-13 15:02:18
DEBUG - 2026-04-13 15:02:18 --> Teacher construct - Subscription still valid: subscription_end (2026-05-13 14:42:29) >= now (2026-04-13 15:02:18)
DEBUG - 2026-04-13 15:02:18 --> Teacher construct - Access allowed for method 'GET' (no blocking conditions)
DEBUG - 2026-04-13 15:02:20 --> Total exams not yet taken calculated for school_id 93: 0
ERROR - 2026-04-13 15:02:21 --> Table 'wayo_db.events' doesn't exist
in SYSTEMPATH\Database\MySQLi\Connection.php on line 300.
 1 SYSTEMPATH\Database\MySQLi\Connection.php(300): mysqli->query('SELECT *
FROM `events`
WHERE `school_id` = \'93\'
AND `date` >= \'2026-04-01\'
AND `date` <= \'2026-04-30\'', 0)
 2 SYSTEMPATH\Database\BaseConnection.php(910): CodeIgniter\Database\MySQLi\Connection->execute('SELECT *
FROM `events`
WHERE `school_id` = \'93\'
AND `date` >= \'2026-04-01\'
AND `date` <= \'2026-04-30\'')
 3 SYSTEMPATH\Database\BaseConnection.php(827): CodeIgniter\Database\BaseConnection->simpleQuery('SELECT *
FROM `events`
WHERE `school_id` = \'93\'
AND `date` >= \'2026-04-01\'
AND `date` <= \'2026-04-30\'')
 4 SYSTEMPATH\Database\BaseBuilder.php(1649): CodeIgniter\Database\BaseConnection->query('SELECT *
FROM `events`
WHERE `school_id` = :school_id:
AND `date` >= :date:
AND `date` <= :date.1:', [...], false)
 5 APPPATH\Models\Crud_model.php(349): CodeIgniter\Database\BaseBuilder->get()
 6 APPPATH\Views\backend\teacher\dashboard\index.php(592): App\Models\Crud_model->get_current_month_events()
 7 APPPATH\Views\backend\index.php(147): include('C:\\xampp\\htdocs\\School-Management-De_migration\\app\\Views\\backend\\teacher\\dashboard\\index.php')
 8 SYSTEMPATH\View\View.php(240): include('C:\\xampp\\htdocs\\School-Management-De_migration\\app\\Views\\backend\\index.php')
 9 SYSTEMPATH\View\View.php(243): CodeIgniter\View\View->CodeIgniter\View\{closure}()
10 APPPATH\View\View.php(357): CodeIgniter\View\View->render('backend/index', [], true)
11 SYSTEMPATH\Common.php(1250): App\View\View->render('backend/index', [], true)
12 APPPATH\Controllers\Teacher.php(164): view('backend/index', [...])
13 APPPATH\Config\Routes.php(341): App\Controllers\Teacher->dashboard()
14 SYSTEMPATH\CodeIgniter.php(872): CodeIgniter\Router\RouteCollection::{closure}()
15 SYSTEMPATH\CodeIgniter.php(480): CodeIgniter\CodeIgniter->startController()
16 SYSTEMPATH\CodeIgniter.php(340): CodeIgniter\CodeIgniter->handleRequest(null, Object(Config\Cache), false)
17 SYSTEMPATH\Boot.php(417): CodeIgniter\CodeIgniter->run()
18 SYSTEMPATH\Boot.php(68): CodeIgniter\Boot::runCodeIgniter(Object(CodeIgniter\CodeIgniter))
19 FCPATH\index.php(75): CodeIgniter\Boot::bootWeb(Object(Config\Paths))
DEBUG - 2026-04-13 15:02:41 --> Session: Class initialized using 'CodeIgniter\Session\Handlers\FileHandler' driver.
DEBUG - 2026-04-13 15:02:42 --> Teacher construct - is_teacher: true, school_id: 93, method: GET
DEBUG - 2026-04-13 15:02:42 --> Teacher construct - school_id: 93, is_paid: 1, subscription_end: 1778679749, now: 1776088962
DEBUG - 2026-04-13 15:02:42 --> Teacher construct - subscription_end date: 2026-05-13 14:42:29, now date: 2026-04-13 15:02:42
DEBUG - 2026-04-13 15:02:42 --> Teacher construct - Subscription still valid: subscription_end (2026-05-13 14:42:29) >= now (2026-04-13 15:02:42)
DEBUG - 2026-04-13 15:02:42 --> Teacher construct - Access allowed for method 'GET' (no blocking conditions)
DEBUG - 2026-04-13 15:02:44 --> Total exams not yet taken calculated for school_id 93: 0
DEBUG - 2026-04-13 15:02:51 --> Session: Class initialized using 'CodeIgniter\Session\Handlers\FileHandler' driver.
DEBUG - 2026-04-13 15:02:51 --> Teacher construct - is_teacher: true, school_id: 93, method: GET
DEBUG - 2026-04-13 15:02:51 --> Teacher construct - school_id: 93, is_paid: 1, subscription_end: 1778679749, now: 1776088971
DEBUG - 2026-04-13 15:02:51 --> Teacher construct - subscription_end date: 2026-05-13 14:42:29, now date: 2026-04-13 15:02:51
DEBUG - 2026-04-13 15:02:51 --> Teacher construct - Subscription still valid: subscription_end (2026-05-13 14:42:29) >= now (2026-04-13 15:02:51)
DEBUG - 2026-04-13 15:02:51 --> Teacher construct - Access allowed for method 'GET' (no blocking conditions)
DEBUG - 2026-04-13 15:02:51 --> Session: Class initialized using 'CodeIgniter\Session\Handlers\FileHandler' driver.
DEBUG - 2026-04-13 15:02:52 --> Teacher construct - is_teacher: true, school_id: 93, method: GET
DEBUG - 2026-04-13 15:02:52 --> Teacher construct - school_id: 93, is_paid: 1, subscription_end: 1778679749, now: 1776088972
DEBUG - 2026-04-13 15:02:52 --> Teacher construct - subscription_end date: 2026-05-13 14:42:29, now date: 2026-04-13 15:02:52
DEBUG - 2026-04-13 15:02:52 --> Teacher construct - Subscription still valid: subscription_end (2026-05-13 14:42:29) >= now (2026-04-13 15:02:52)
DEBUG - 2026-04-13 15:02:52 --> Teacher construct - Access allowed for method 'GET' (no blocking conditions)
DEBUG - 2026-04-13 15:02:52 --> Session: Class initialized using 'CodeIgniter\Session\Handlers\FileHandler' driver.
DEBUG - 2026-04-13 15:02:52 --> Teacher construct - is_teacher: true, school_id: 93, method: GET
DEBUG - 2026-04-13 15:02:52 --> Teacher construct - school_id: 93, is_paid: 1, subscription_end: 1778679749, now: 1776088972
DEBUG - 2026-04-13 15:02:52 --> Teacher construct - subscription_end date: 2026-05-13 14:42:29, now date: 2026-04-13 15:02:52
DEBUG - 2026-04-13 15:02:52 --> Teacher construct - Subscription still valid: subscription_end (2026-05-13 14:42:29) >= now (2026-04-13 15:02:52)
DEBUG - 2026-04-13 15:02:52 --> Teacher construct - Access allowed for method 'GET' (no blocking conditions)
DEBUG - 2026-04-13 15:02:52 --> Session: Class initialized using 'CodeIgniter\Session\Handlers\FileHandler' driver.
DEBUG - 2026-04-13 15:02:52 --> Teacher construct - is_teacher: true, school_id: 93, method: GET
DEBUG - 2026-04-13 15:02:52 --> Teacher construct - school_id: 93, is_paid: 1, subscription_end: 1778679749, now: 1776088972
DEBUG - 2026-04-13 15:02:52 --> Teacher construct - subscription_end date: 2026-05-13 14:42:29, now date: 2026-04-13 15:02:52
DEBUG - 2026-04-13 15:02:52 --> Teacher construct - Subscription still valid: subscription_end (2026-05-13 14:42:29) >= now (2026-04-13 15:02:52)
DEBUG - 2026-04-13 15:02:52 --> Teacher construct - Access allowed for method 'GET' (no blocking conditions)
DEBUG - 2026-04-13 15:02:52 --> Session: Class initialized using 'CodeIgniter\Session\Handlers\FileHandler' driver.
DEBUG - 2026-04-13 15:02:52 --> Teacher construct - is_teacher: true, school_id: 93, method: GET
DEBUG - 2026-04-13 15:02:52 --> Teacher construct - school_id: 93, is_paid: 1, subscription_end: 1778679749, now: 1776088972
DEBUG - 2026-04-13 15:02:52 --> Teacher construct - subscription_end date: 2026-05-13 14:42:29, now date: 2026-04-13 15:02:52
DEBUG - 2026-04-13 15:02:52 --> Teacher construct - Subscription still valid: subscription_end (2026-05-13 14:42:29) >= now (2026-04-13 15:02:52)
DEBUG - 2026-04-13 15:02:52 --> Teacher construct - Access allowed for method 'GET' (no blocking conditions)
DEBUG - 2026-04-13 15:02:52 --> Session: Class initialized using 'CodeIgniter\Session\Handlers\FileHandler' driver.
DEBUG - 2026-04-13 15:02:52 --> Teacher construct - is_teacher: true, school_id: 93, method: GET
DEBUG - 2026-04-13 15:02:52 --> Teacher construct - school_id: 93, is_paid: 1, subscription_end: 1778679749, now: 1776088972
DEBUG - 2026-04-13 15:02:52 --> Teacher construct - subscription_end date: 2026-05-13 14:42:29, now date: 2026-04-13 15:02:52
DEBUG - 2026-04-13 15:02:52 --> Teacher construct - Subscription still valid: subscription_end (2026-05-13 14:42:29) >= now (2026-04-13 15:02:52)
DEBUG - 2026-04-13 15:02:52 --> Teacher construct - Access allowed for method 'GET' (no blocking conditions)
DEBUG - 2026-04-13 15:10:49 --> Session: Class initialized using 'CodeIgniter\Session\Handlers\FileHandler' driver.
DEBUG - 2026-04-13 15:10:49 --> Total exams not yet taken calculated for school_id 93: 0
DEBUG - 2026-04-13 15:10:50 --> Session: Class initialized using 'CodeIgniter\Session\Handlers\FileHandler' driver.
INFO - 2026-04-13 15:10:53 --> CSRF token verified.
DEBUG - 2026-04-13 15:10:53 --> Session: Class initialized using 'CodeIgniter\Session\Handlers\FileHandler' driver.
INFO - 2026-04-13 15:10:53 --> Permission modified by user_id: 266 for teacher_id: 29, class_id: 132, changes: {"marks":0,"attendance":0}, school_id: 93
DEBUG - 2026-04-13 15:26:33 --> Session: Class initialized using 'CodeIgniter\Session\Handlers\FileHandler' driver.
DEBUG - 2026-04-13 15:26:33 --> Teacher construct - is_teacher: true, school_id: 93, method: GET
DEBUG - 2026-04-13 15:26:33 --> Teacher construct - school_id: 93, is_paid: 1, subscription_end: 1778679749, now: 1776090393
DEBUG - 2026-04-13 15:26:33 --> Teacher construct - subscription_end date: 2026-05-13 14:42:29, now date: 2026-04-13 15:26:33
DEBUG - 2026-04-13 15:26:33 --> Teacher construct - Subscription still valid: subscription_end (2026-05-13 14:42:29) >= now (2026-04-13 15:26:33)
DEBUG - 2026-04-13 15:26:33 --> Teacher construct - Access allowed for method 'GET' (no blocking conditions)
DEBUG - 2026-04-13 15:26:33 --> Total exams not yet taken calculated for school_id 93: 0
DEBUG - 2026-04-13 15:26:34 --> Session: Class initialized using 'CodeIgniter\Session\Handlers\FileHandler' driver.
DEBUG - 2026-04-13 15:26:34 --> Teacher construct - is_teacher: true, school_id: 93, method: GET
DEBUG - 2026-04-13 15:26:34 --> Teacher construct - school_id: 93, is_paid: 1, subscription_end: 1778679749, now: 1776090394
DEBUG - 2026-04-13 15:26:34 --> Teacher construct - subscription_end date: 2026-05-13 14:42:29, now date: 2026-04-13 15:26:34
DEBUG - 2026-04-13 15:26:34 --> Teacher construct - Subscription still valid: subscription_end (2026-05-13 14:42:29) >= now (2026-04-13 15:26:34)
DEBUG - 2026-04-13 15:26:34 --> Teacher construct - Access allowed for method 'GET' (no blocking conditions)
DEBUG - 2026-04-13 15:26:34 --> Session: Class initialized using 'CodeIgniter\Session\Handlers\FileHandler' driver.
DEBUG - 2026-04-13 15:26:34 --> Teacher construct - is_teacher: true, school_id: 93, method: GET
DEBUG - 2026-04-13 15:26:34 --> Teacher construct - school_id: 93, is_paid: 1, subscription_end: 1778679749, now: 1776090394
DEBUG - 2026-04-13 15:26:34 --> Teacher construct - subscription_end date: 2026-05-13 14:42:29, now date: 2026-04-13 15:26:34
DEBUG - 2026-04-13 15:26:34 --> Teacher construct - Subscription still valid: subscription_end (2026-05-13 14:42:29) >= now (2026-04-13 15:26:34)
DEBUG - 2026-04-13 15:26:34 --> Teacher construct - Access allowed for method 'GET' (no blocking conditions)
DEBUG - 2026-04-13 15:26:34 --> Session: Class initialized using 'CodeIgniter\Session\Handlers\FileHandler' driver.
DEBUG - 2026-04-13 15:26:34 --> Teacher construct - is_teacher: true, school_id: 93, method: GET
DEBUG - 2026-04-13 15:26:34 --> Teacher construct - school_id: 93, is_paid: 1, subscription_end: 1778679749, now: 1776090394
DEBUG - 2026-04-13 15:26:34 --> Teacher construct - subscription_end date: 2026-05-13 14:42:29, now date: 2026-04-13 15:26:34
DEBUG - 2026-04-13 15:26:34 --> Teacher construct - Subscription still valid: subscription_end (2026-05-13 14:42:29) >= now (2026-04-13 15:26:34)
DEBUG - 2026-04-13 15:26:34 --> Teacher construct - Access allowed for method 'GET' (no blocking conditions)
DEBUG - 2026-04-13 15:26:34 --> Session: Class initialized using 'CodeIgniter\Session\Handlers\FileHandler' driver.
DEBUG - 2026-04-13 15:26:34 --> Teacher construct - is_teacher: true, school_id: 93, method: GET
DEBUG - 2026-04-13 15:26:34 --> Teacher construct - school_id: 93, is_paid: 1, subscription_end: 1778679749, now: 1776090394
DEBUG - 2026-04-13 15:26:34 --> Teacher construct - subscription_end date: 2026-05-13 14:42:29, now date: 2026-04-13 15:26:34
DEBUG - 2026-04-13 15:26:34 --> Teacher construct - Subscription still valid: subscription_end (2026-05-13 14:42:29) >= now (2026-04-13 15:26:34)
DEBUG - 2026-04-13 15:26:34 --> Teacher construct - Access allowed for method 'GET' (no blocking conditions)
DEBUG - 2026-04-13 15:26:34 --> Session: Class initialized using 'CodeIgniter\Session\Handlers\FileHandler' driver.
DEBUG - 2026-04-13 15:26:34 --> Teacher construct - is_teacher: true, school_id: 93, method: GET
DEBUG - 2026-04-13 15:26:34 --> Teacher construct - school_id: 93, is_paid: 1, subscription_end: 1778679749, now: 1776090394
DEBUG - 2026-04-13 15:26:34 --> Teacher construct - subscription_end date: 2026-05-13 14:42:29, now date: 2026-04-13 15:26:34
DEBUG - 2026-04-13 15:26:34 --> Teacher construct - Subscription still valid: subscription_end (2026-05-13 14:42:29) >= now (2026-04-13 15:26:34)
DEBUG - 2026-04-13 15:26:34 --> Teacher construct - Access allowed for method 'GET' (no blocking conditions)
DEBUG - 2026-04-13 15:26:34 --> Session: Class initialized using 'CodeIgniter\Session\Handlers\FileHandler' driver.
DEBUG - 2026-04-13 15:26:35 --> Teacher construct - is_teacher: true, school_id: 93, method: GET
DEBUG - 2026-04-13 15:26:35 --> Teacher construct - school_id: 93, is_paid: 1, subscription_end: 1778679749, now: 1776090395
DEBUG - 2026-04-13 15:26:35 --> Teacher construct - subscription_end date: 2026-05-13 14:42:29, now date: 2026-04-13 15:26:35
DEBUG - 2026-04-13 15:26:35 --> Teacher construct - Subscription still valid: subscription_end (2026-05-13 14:42:29) >= now (2026-04-13 15:26:35)
DEBUG - 2026-04-13 15:26:35 --> Teacher construct - Access allowed for method 'GET' (no blocking conditions)
DEBUG - 2026-04-13 15:28:33 --> Session: Class initialized using 'CodeIgniter\Session\Handlers\FileHandler' driver.
DEBUG - 2026-04-13 15:28:33 --> Teacher construct - is_teacher: true, school_id: 93, method: GET
DEBUG - 2026-04-13 15:28:33 --> Teacher construct - school_id: 93, is_paid: 1, subscription_end: 1778679749, now: 1776090513
DEBUG - 2026-04-13 15:28:33 --> Teacher construct - subscription_end date: 2026-05-13 14:42:29, now date: 2026-04-13 15:28:33
DEBUG - 2026-04-13 15:28:33 --> Teacher construct - Subscription still valid: subscription_end (2026-05-13 14:42:29) >= now (2026-04-13 15:28:33)
DEBUG - 2026-04-13 15:28:33 --> Teacher construct - Access allowed for method 'GET' (no blocking conditions)
DEBUG - 2026-04-13 15:28:33 --> Total exams not yet taken calculated for school_id 93: 0
DEBUG - 2026-04-13 15:28:35 --> Session: Class initialized using 'CodeIgniter\Session\Handlers\FileHandler' driver.
DEBUG - 2026-04-13 15:28:35 --> Teacher construct - is_teacher: true, school_id: 93, method: GET
DEBUG - 2026-04-13 15:28:35 --> Teacher construct - school_id: 93, is_paid: 1, subscription_end: 1778679749, now: 1776090515
DEBUG - 2026-04-13 15:28:35 --> Teacher construct - subscription_end date: 2026-05-13 14:42:29, now date: 2026-04-13 15:28:35
DEBUG - 2026-04-13 15:28:35 --> Teacher construct - Subscription still valid: subscription_end (2026-05-13 14:42:29) >= now (2026-04-13 15:28:35)
DEBUG - 2026-04-13 15:28:35 --> Teacher construct - Access allowed for method 'GET' (no blocking conditions)
DEBUG - 2026-04-13 15:28:35 --> Session: Class initialized using 'CodeIgniter\Session\Handlers\FileHandler' driver.
DEBUG - 2026-04-13 15:28:35 --> Teacher construct - is_teacher: true, school_id: 93, method: GET
DEBUG - 2026-04-13 15:28:35 --> Teacher construct - school_id: 93, is_paid: 1, subscription_end: 1778679749, now: 1776090515
DEBUG - 2026-04-13 15:28:35 --> Teacher construct - subscription_end date: 2026-05-13 14:42:29, now date: 2026-04-13 15:28:35
DEBUG - 2026-04-13 15:28:35 --> Teacher construct - Subscription still valid: subscription_end (2026-05-13 14:42:29) >= now (2026-04-13 15:28:35)
DEBUG - 2026-04-13 15:28:35 --> Teacher construct - Access allowed for method 'GET' (no blocking conditions)
DEBUG - 2026-04-13 15:28:35 --> Session: Class initialized using 'CodeIgniter\Session\Handlers\FileHandler' driver.
DEBUG - 2026-04-13 15:28:35 --> Teacher construct - is_teacher: true, school_id: 93, method: GET
DEBUG - 2026-04-13 15:28:35 --> Teacher construct - school_id: 93, is_paid: 1, subscription_end: 1778679749, now: 1776090515
DEBUG - 2026-04-13 15:28:35 --> Teacher construct - subscription_end date: 2026-05-13 14:42:29, now date: 2026-04-13 15:28:35
DEBUG - 2026-04-13 15:28:35 --> Teacher construct - Subscription still valid: subscription_end (2026-05-13 14:42:29) >= now (2026-04-13 15:28:35)
DEBUG - 2026-04-13 15:28:35 --> Teacher construct - Access allowed for method 'GET' (no blocking conditions)
DEBUG - 2026-04-13 15:28:35 --> Session: Class initialized using 'CodeIgniter\Session\Handlers\FileHandler' driver.
DEBUG - 2026-04-13 15:28:36 --> Teacher construct - is_teacher: true, school_id: 93, method: GET
DEBUG - 2026-04-13 15:28:36 --> Teacher construct - school_id: 93, is_paid: 1, subscription_end: 1778679749, now: 1776090516
DEBUG - 2026-04-13 15:28:36 --> Teacher construct - subscription_end date: 2026-05-13 14:42:29, now date: 2026-04-13 15:28:36
DEBUG - 2026-04-13 15:28:36 --> Teacher construct - Subscription still valid: subscription_end (2026-05-13 14:42:29) >= now (2026-04-13 15:28:36)
DEBUG - 2026-04-13 15:28:36 --> Teacher construct - Access allowed for method 'GET' (no blocking conditions)
DEBUG - 2026-04-13 15:28:36 --> Session: Class initialized using 'CodeIgniter\Session\Handlers\FileHandler' driver.
DEBUG - 2026-04-13 15:28:36 --> Teacher construct - is_teacher: true, school_id: 93, method: GET
DEBUG - 2026-04-13 15:28:36 --> Teacher construct - school_id: 93, is_paid: 1, subscription_end: 1778679749, now: 1776090516
DEBUG - 2026-04-13 15:28:36 --> Teacher construct - subscription_end date: 2026-05-13 14:42:29, now date: 2026-04-13 15:28:36
DEBUG - 2026-04-13 15:28:36 --> Teacher construct - Subscription still valid: subscription_end (2026-05-13 14:42:29) >= now (2026-04-13 15:28:36)
DEBUG - 2026-04-13 15:28:36 --> Teacher construct - Access allowed for method 'GET' (no blocking conditions)
DEBUG - 2026-04-13 15:28:36 --> Session: Class initialized using 'CodeIgniter\Session\Handlers\FileHandler' driver.
DEBUG - 2026-04-13 15:28:36 --> Teacher construct - is_teacher: true, school_id: 93, method: GET
DEBUG - 2026-04-13 15:28:36 --> Teacher construct - school_id: 93, is_paid: 1, subscription_end: 1778679749, now: 1776090516
DEBUG - 2026-04-13 15:28:36 --> Teacher construct - subscription_end date: 2026-05-13 14:42:29, now date: 2026-04-13 15:28:36
DEBUG - 2026-04-13 15:28:36 --> Teacher construct - Subscription still valid: subscription_end (2026-05-13 14:42:29) >= now (2026-04-13 15:28:36)
DEBUG - 2026-04-13 15:28:36 --> Teacher construct - Access allowed for method 'GET' (no blocking conditions)
DEBUG - 2026-04-13 15:31:49 --> Session: Class initialized using 'CodeIgniter\Session\Handlers\FileHandler' driver.
DEBUG - 2026-04-13 15:31:49 --> Teacher construct - is_teacher: true, school_id: 93, method: GET
DEBUG - 2026-04-13 15:31:49 --> Teacher construct - school_id: 93, is_paid: 1, subscription_end: 1778679749, now: 1776090709
DEBUG - 2026-04-13 15:31:49 --> Teacher construct - subscription_end date: 2026-05-13 14:42:29, now date: 2026-04-13 15:31:49
DEBUG - 2026-04-13 15:31:49 --> Teacher construct - Subscription still valid: subscription_end (2026-05-13 14:42:29) >= now (2026-04-13 15:31:49)
DEBUG - 2026-04-13 15:31:49 --> Teacher construct - Access allowed for method 'GET' (no blocking conditions)
DEBUG - 2026-04-13 15:31:51 --> Total exams not yet taken calculated for school_id 93: 0
DEBUG - 2026-04-13 15:32:00 --> Session: Class initialized using 'CodeIgniter\Session\Handlers\FileHandler' driver.
DEBUG - 2026-04-13 15:32:00 --> Teacher construct - is_teacher: true, school_id: 93, method: GET
DEBUG - 2026-04-13 15:32:00 --> Teacher construct - school_id: 93, is_paid: 1, subscription_end: 1778679749, now: 1776090720
DEBUG - 2026-04-13 15:32:00 --> Teacher construct - subscription_end date: 2026-05-13 14:42:29, now date: 2026-04-13 15:32:00
DEBUG - 2026-04-13 15:32:00 --> Teacher construct - Subscription still valid: subscription_end (2026-05-13 14:42:29) >= now (2026-04-13 15:32:00)
DEBUG - 2026-04-13 15:32:00 --> Teacher construct - Access allowed for method 'GET' (no blocking conditions)
DEBUG - 2026-04-13 15:32:00 --> Session: Class initialized using 'CodeIgniter\Session\Handlers\FileHandler' driver.
DEBUG - 2026-04-13 15:32:00 --> Teacher construct - is_teacher: true, school_id: 93, method: GET
DEBUG - 2026-04-13 15:32:00 --> Teacher construct - school_id: 93, is_paid: 1, subscription_end: 1778679749, now: 1776090720
DEBUG - 2026-04-13 15:32:00 --> Teacher construct - subscription_end date: 2026-05-13 14:42:29, now date: 2026-04-13 15:32:00
DEBUG - 2026-04-13 15:32:00 --> Teacher construct - Subscription still valid: subscription_end (2026-05-13 14:42:29) >= now (2026-04-13 15:32:00)
DEBUG - 2026-04-13 15:32:00 --> Teacher construct - Access allowed for method 'GET' (no blocking conditions)
DEBUG - 2026-04-13 15:32:00 --> Session: Class initialized using 'CodeIgniter\Session\Handlers\FileHandler' driver.
DEBUG - 2026-04-13 15:32:01 --> Teacher construct - is_teacher: true, school_id: 93, method: GET
DEBUG - 2026-04-13 15:32:01 --> Teacher construct - school_id: 93, is_paid: 1, subscription_end: 1778679749, now: 1776090721
DEBUG - 2026-04-13 15:32:01 --> Teacher construct - subscription_end date: 2026-05-13 14:42:29, now date: 2026-04-13 15:32:01
DEBUG - 2026-04-13 15:32:01 --> Teacher construct - Subscription still valid: subscription_end (2026-05-13 14:42:29) >= now (2026-04-13 15:32:01)
DEBUG - 2026-04-13 15:32:01 --> Teacher construct - Access allowed for method 'GET' (no blocking conditions)
DEBUG - 2026-04-13 15:32:01 --> Session: Class initialized using 'CodeIgniter\Session\Handlers\FileHandler' driver.
DEBUG - 2026-04-13 15:32:01 --> Teacher construct - is_teacher: true, school_id: 93, method: GET
DEBUG - 2026-04-13 15:32:01 --> Teacher construct - school_id: 93, is_paid: 1, subscription_end: 1778679749, now: 1776090721
DEBUG - 2026-04-13 15:32:01 --> Teacher construct - subscription_end date: 2026-05-13 14:42:29, now date: 2026-04-13 15:32:01
DEBUG - 2026-04-13 15:32:01 --> Teacher construct - Subscription still valid: subscription_end (2026-05-13 14:42:29) >= now (2026-04-13 15:32:01)
DEBUG - 2026-04-13 15:32:01 --> Teacher construct - Access allowed for method 'GET' (no blocking conditions)
DEBUG - 2026-04-13 15:32:01 --> Session: Class initialized using 'CodeIgniter\Session\Handlers\FileHandler' driver.
DEBUG - 2026-04-13 15:32:01 --> Teacher construct - is_teacher: true, school_id: 93, method: GET
DEBUG - 2026-04-13 15:32:01 --> Teacher construct - school_id: 93, is_paid: 1, subscription_end: 1778679749, now: 1776090721
DEBUG - 2026-04-13 15:32:01 --> Teacher construct - subscription_end date: 2026-05-13 14:42:29, now date: 2026-04-13 15:32:01
DEBUG - 2026-04-13 15:32:01 --> Teacher construct - Subscription still valid: subscription_end (2026-05-13 14:42:29) >= now (2026-04-13 15:32:01)
DEBUG - 2026-04-13 15:32:01 --> Teacher construct - Access allowed for method 'GET' (no blocking conditions)
DEBUG - 2026-04-13 15:32:01 --> Session: Class initialized using 'CodeIgniter\Session\Handlers\FileHandler' driver.
DEBUG - 2026-04-13 15:32:02 --> Teacher construct - is_teacher: true, school_id: 93, method: GET
DEBUG - 2026-04-13 15:32:02 --> Teacher construct - school_id: 93, is_paid: 1, subscription_end: 1778679749, now: 1776090722
DEBUG - 2026-04-13 15:32:02 --> Teacher construct - subscription_end date: 2026-05-13 14:42:29, now date: 2026-04-13 15:32:02
DEBUG - 2026-04-13 15:32:02 --> Teacher construct - Subscription still valid: subscription_end (2026-05-13 14:42:29) >= now (2026-04-13 15:32:02)
DEBUG - 2026-04-13 15:32:02 --> Teacher construct - Access allowed for method 'GET' (no blocking conditions)
DEBUG - 2026-04-13 15:32:06 --> Session: Class initialized using 'CodeIgniter\Session\Handlers\FileHandler' driver.
DEBUG - 2026-04-13 15:32:06 --> Teacher construct - is_teacher: true, school_id: 93, method: GET
DEBUG - 2026-04-13 15:32:06 --> Teacher construct - school_id: 93, is_paid: 1, subscription_end: 1778679749, now: 1776090726
DEBUG - 2026-04-13 15:32:06 --> Teacher construct - subscription_end date: 2026-05-13 14:42:29, now date: 2026-04-13 15:32:06
DEBUG - 2026-04-13 15:32:06 --> Teacher construct - Subscription still valid: subscription_end (2026-05-13 14:42:29) >= now (2026-04-13 15:32:06)
DEBUG - 2026-04-13 15:32:06 --> Teacher construct - Access allowed for method 'GET' (no blocking conditions)
DEBUG - 2026-04-13 15:32:27 --> Session: Class initialized using 'CodeIgniter\Session\Handlers\FileHandler' driver.
DEBUG - 2026-04-13 15:32:27 --> Teacher construct - is_teacher: true, school_id: 93, method: GET
DEBUG - 2026-04-13 15:32:27 --> Teacher construct - school_id: 93, is_paid: 1, subscription_end: 1778679749, now: 1776090747
DEBUG - 2026-04-13 15:32:27 --> Teacher construct - subscription_end date: 2026-05-13 14:42:29, now date: 2026-04-13 15:32:27
DEBUG - 2026-04-13 15:32:27 --> Teacher construct - Subscription still valid: subscription_end (2026-05-13 14:42:29) >= now (2026-04-13 15:32:27)
DEBUG - 2026-04-13 15:32:27 --> Teacher construct - Access allowed for method 'GET' (no blocking conditions)
DEBUG - 2026-04-13 15:32:30 --> Total exams not yet taken calculated for school_id 93: 0
DEBUG - 2026-04-13 15:32:40 --> Session: Class initialized using 'CodeIgniter\Session\Handlers\FileHandler' driver.
DEBUG - 2026-04-13 15:32:41 --> Teacher construct - is_teacher: true, school_id: 93, method: GET
DEBUG - 2026-04-13 15:32:41 --> Teacher construct - school_id: 93, is_paid: 1, subscription_end: 1778679749, now: 1776090761
DEBUG - 2026-04-13 15:32:41 --> Teacher construct - subscription_end date: 2026-05-13 14:42:29, now date: 2026-04-13 15:32:41
DEBUG - 2026-04-13 15:32:41 --> Teacher construct - Subscription still valid: subscription_end (2026-05-13 14:42:29) >= now (2026-04-13 15:32:41)
DEBUG - 2026-04-13 15:32:41 --> Teacher construct - Access allowed for method 'GET' (no blocking conditions)
DEBUG - 2026-04-13 15:32:41 --> Session: Class initialized using 'CodeIgniter\Session\Handlers\FileHandler' driver.
DEBUG - 2026-04-13 15:32:41 --> Teacher construct - is_teacher: true, school_id: 93, method: GET
DEBUG - 2026-04-13 15:32:41 --> Teacher construct - school_id: 93, is_paid: 1, subscription_end: 1778679749, now: 1776090761
DEBUG - 2026-04-13 15:32:41 --> Teacher construct - subscription_end date: 2026-05-13 14:42:29, now date: 2026-04-13 15:32:41
DEBUG - 2026-04-13 15:32:41 --> Teacher construct - Subscription still valid: subscription_end (2026-05-13 14:42:29) >= now (2026-04-13 15:32:41)
DEBUG - 2026-04-13 15:32:41 --> Teacher construct - Access allowed for method 'GET' (no blocking conditions)
DEBUG - 2026-04-13 15:32:41 --> Session: Class initialized using 'CodeIgniter\Session\Handlers\FileHandler' driver.
DEBUG - 2026-04-13 15:32:41 --> Teacher construct - is_teacher: true, school_id: 93, method: GET
DEBUG - 2026-04-13 15:32:41 --> Teacher construct - school_id: 93, is_paid: 1, subscription_end: 1778679749, now: 1776090761
DEBUG - 2026-04-13 15:32:41 --> Teacher construct - subscription_end date: 2026-05-13 14:42:29, now date: 2026-04-13 15:32:41
DEBUG - 2026-04-13 15:32:41 --> Teacher construct - Subscription still valid: subscription_end (2026-05-13 14:42:29) >= now (2026-04-13 15:32:41)
DEBUG - 2026-04-13 15:32:41 --> Teacher construct - Access allowed for method 'GET' (no blocking conditions)
DEBUG - 2026-04-13 15:32:41 --> Session: Class initialized using 'CodeIgniter\Session\Handlers\FileHandler' driver.
DEBUG - 2026-04-13 15:32:42 --> Teacher construct - is_teacher: true, school_id: 93, method: GET
DEBUG - 2026-04-13 15:32:42 --> Teacher construct - school_id: 93, is_paid: 1, subscription_end: 1778679749, now: 1776090762
DEBUG - 2026-04-13 15:32:42 --> Teacher construct - subscription_end date: 2026-05-13 14:42:29, now date: 2026-04-13 15:32:42
DEBUG - 2026-04-13 15:32:42 --> Teacher construct - Subscription still valid: subscription_end (2026-05-13 14:42:29) >= now (2026-04-13 15:32:42)
DEBUG - 2026-04-13 15:32:42 --> Teacher construct - Access allowed for method 'GET' (no blocking conditions)
DEBUG - 2026-04-13 15:32:42 --> Session: Class initialized using 'CodeIgniter\Session\Handlers\FileHandler' driver.
DEBUG - 2026-04-13 15:32:42 --> Teacher construct - is_teacher: true, school_id: 93, method: GET
DEBUG - 2026-04-13 15:32:42 --> Teacher construct - school_id: 93, is_paid: 1, subscription_end: 1778679749, now: 1776090762
DEBUG - 2026-04-13 15:32:42 --> Teacher construct - subscription_end date: 2026-05-13 14:42:29, now date: 2026-04-13 15:32:42
DEBUG - 2026-04-13 15:32:42 --> Teacher construct - Subscription still valid: subscription_end (2026-05-13 14:42:29) >= now (2026-04-13 15:32:42)
DEBUG - 2026-04-13 15:32:42 --> Teacher construct - Access allowed for method 'GET' (no blocking conditions)
DEBUG - 2026-04-13 15:32:42 --> Session: Class initialized using 'CodeIgniter\Session\Handlers\FileHandler' driver.
DEBUG - 2026-04-13 15:32:43 --> Teacher construct - is_teacher: true, school_id: 93, method: GET
DEBUG - 2026-04-13 15:32:43 --> Teacher construct - school_id: 93, is_paid: 1, subscription_end: 1778679749, now: 1776090763
DEBUG - 2026-04-13 15:32:43 --> Teacher construct - subscription_end date: 2026-05-13 14:42:29, now date: 2026-04-13 15:32:43
DEBUG - 2026-04-13 15:32:43 --> Teacher construct - Subscription still valid: subscription_end (2026-05-13 14:42:29) >= now (2026-04-13 15:32:43)
DEBUG - 2026-04-13 15:32:43 --> Teacher construct - Access allowed for method 'GET' (no blocking conditions)
DEBUG - 2026-04-13 15:34:25 --> Session: Class initialized using 'CodeIgniter\Session\Handlers\FileHandler' driver.
DEBUG - 2026-04-13 15:34:26 --> Teacher construct - is_teacher: true, school_id: 93, method: GET
DEBUG - 2026-04-13 15:34:26 --> Teacher construct - school_id: 93, is_paid: 1, subscription_end: 1778679749, now: 1776090866
DEBUG - 2026-04-13 15:34:26 --> Teacher construct - subscription_end date: 2026-05-13 14:42:29, now date: 2026-04-13 15:34:26
DEBUG - 2026-04-13 15:34:26 --> Teacher construct - Subscription still valid: subscription_end (2026-05-13 14:42:29) >= now (2026-04-13 15:34:26)
DEBUG - 2026-04-13 15:34:26 --> Teacher construct - Access allowed for method 'GET' (no blocking conditions)
DEBUG - 2026-04-13 15:34:27 --> Total exams not yet taken calculated for school_id 93: 0
DEBUG - 2026-04-13 15:34:33 --> Session: Class initialized using 'CodeIgniter\Session\Handlers\FileHandler' driver.
DEBUG - 2026-04-13 15:34:34 --> Teacher construct - is_teacher: true, school_id: 93, method: GET
DEBUG - 2026-04-13 15:34:34 --> Teacher construct - school_id: 93, is_paid: 1, subscription_end: 1778679749, now: 1776090874
DEBUG - 2026-04-13 15:34:34 --> Teacher construct - subscription_end date: 2026-05-13 14:42:29, now date: 2026-04-13 15:34:34
DEBUG - 2026-04-13 15:34:34 --> Teacher construct - Subscription still valid: subscription_end (2026-05-13 14:42:29) >= now (2026-04-13 15:34:34)
DEBUG - 2026-04-13 15:34:34 --> Teacher construct - Access allowed for method 'GET' (no blocking conditions)
DEBUG - 2026-04-13 15:34:35 --> Session: Class initialized using 'CodeIgniter\Session\Handlers\FileHandler' driver.
DEBUG - 2026-04-13 15:34:36 --> Teacher construct - is_teacher: true, school_id: 93, method: GET
DEBUG - 2026-04-13 15:34:36 --> Teacher construct - school_id: 93, is_paid: 1, subscription_end: 1778679749, now: 1776090876
DEBUG - 2026-04-13 15:34:36 --> Teacher construct - subscription_end date: 2026-05-13 14:42:29, now date: 2026-04-13 15:34:36
DEBUG - 2026-04-13 15:34:36 --> Teacher construct - Subscription still valid: subscription_end (2026-05-13 14:42:29) >= now (2026-04-13 15:34:36)
DEBUG - 2026-04-13 15:34:36 --> Teacher construct - Access allowed for method 'GET' (no blocking conditions)
DEBUG - 2026-04-13 15:34:36 --> Session: Class initialized using 'CodeIgniter\Session\Handlers\FileHandler' driver.
DEBUG - 2026-04-13 15:34:37 --> Teacher construct - is_teacher: true, school_id: 93, method: GET
DEBUG - 2026-04-13 15:34:37 --> Teacher construct - school_id: 93, is_paid: 1, subscription_end: 1778679749, now: 1776090877
DEBUG - 2026-04-13 15:34:37 --> Teacher construct - subscription_end date: 2026-05-13 14:42:29, now date: 2026-04-13 15:34:37
DEBUG - 2026-04-13 15:34:37 --> Teacher construct - Subscription still valid: subscription_end (2026-05-13 14:42:29) >= now (2026-04-13 15:34:37)
DEBUG - 2026-04-13 15:34:37 --> Teacher construct - Access allowed for method 'GET' (no blocking conditions)
DEBUG - 2026-04-13 15:34:39 --> Session: Class initialized using 'CodeIgniter\Session\Handlers\FileHandler' driver.
DEBUG - 2026-04-13 15:34:39 --> Teacher construct - is_teacher: true, school_id: 93, method: GET
DEBUG - 2026-04-13 15:34:39 --> Teacher construct - school_id: 93, is_paid: 1, subscription_end: 1778679749, now: 1776090879
DEBUG - 2026-04-13 15:34:39 --> Teacher construct - subscription_end date: 2026-05-13 14:42:29, now date: 2026-04-13 15:34:39
DEBUG - 2026-04-13 15:34:39 --> Teacher construct - Subscription still valid: subscription_end (2026-05-13 14:42:29) >= now (2026-04-13 15:34:39)
DEBUG - 2026-04-13 15:34:39 --> Teacher construct - Access allowed for method 'GET' (no blocking conditions)
DEBUG - 2026-04-13 15:34:39 --> Session: Class initialized using 'CodeIgniter\Session\Handlers\FileHandler' driver.
DEBUG - 2026-04-13 15:34:40 --> Teacher construct - is_teacher: true, school_id: 93, method: GET
DEBUG - 2026-04-13 15:34:40 --> Teacher construct - school_id: 93, is_paid: 1, subscription_end: 1778679749, now: 1776090880
DEBUG - 2026-04-13 15:34:40 --> Teacher construct - subscription_end date: 2026-05-13 14:42:29, now date: 2026-04-13 15:34:40
DEBUG - 2026-04-13 15:34:40 --> Teacher construct - Subscription still valid: subscription_end (2026-05-13 14:42:29) >= now (2026-04-13 15:34:40)
DEBUG - 2026-04-13 15:34:40 --> Teacher construct - Access allowed for method 'GET' (no blocking conditions)
DEBUG - 2026-04-13 15:34:40 --> Session: Class initialized using 'CodeIgniter\Session\Handlers\FileHandler' driver.
DEBUG - 2026-04-13 15:34:41 --> Teacher construct - is_teacher: true, school_id: 93, method: GET
DEBUG - 2026-04-13 15:34:41 --> Teacher construct - school_id: 93, is_paid: 1, subscription_end: 1778679749, now: 1776090881
DEBUG - 2026-04-13 15:34:41 --> Teacher construct - subscription_end date: 2026-05-13 14:42:29, now date: 2026-04-13 15:34:41
DEBUG - 2026-04-13 15:34:41 --> Teacher construct - Subscription still valid: subscription_end (2026-05-13 14:42:29) >= now (2026-04-13 15:34:41)
DEBUG - 2026-04-13 15:34:41 --> Teacher construct - Access allowed for method 'GET' (no blocking conditions)
DEBUG - 2026-04-13 15:34:42 --> Session: Class initialized using 'CodeIgniter\Session\Handlers\FileHandler' driver.
DEBUG - 2026-04-13 15:34:43 --> Teacher construct - is_teacher: true, school_id: 93, method: GET
DEBUG - 2026-04-13 15:34:43 --> Teacher construct - school_id: 93, is_paid: 1, subscription_end: 1778679749, now: 1776090883
DEBUG - 2026-04-13 15:34:43 --> Teacher construct - subscription_end date: 2026-05-13 14:42:29, now date: 2026-04-13 15:34:43
DEBUG - 2026-04-13 15:34:43 --> Teacher construct - Subscription still valid: subscription_end (2026-05-13 14:42:29) >= now (2026-04-13 15:34:43)
DEBUG - 2026-04-13 15:34:43 --> Teacher construct - Access allowed for method 'GET' (no blocking conditions)
DEBUG - 2026-04-13 15:34:44 --> Session: Class initialized using 'CodeIgniter\Session\Handlers\FileHandler' driver.
DEBUG - 2026-04-13 15:34:44 --> Teacher construct - is_teacher: true, school_id: 93, method: GET
DEBUG - 2026-04-13 15:34:44 --> Teacher construct - school_id: 93, is_paid: 1, subscription_end: 1778679749, now: 1776090884
DEBUG - 2026-04-13 15:34:44 --> Teacher construct - subscription_end date: 2026-05-13 14:42:29, now date: 2026-04-13 15:34:44
DEBUG - 2026-04-13 15:34:44 --> Teacher construct - Subscription still valid: subscription_end (2026-05-13 14:42:29) >= now (2026-04-13 15:34:44)
DEBUG - 2026-04-13 15:34:44 --> Teacher construct - Access allowed for method 'GET' (no blocking conditions)
DEBUG - 2026-04-13 15:34:45 --> Total exams not yet taken calculated for school_id 93: 0
DEBUG - 2026-04-13 15:34:54 --> Session: Class initialized using 'CodeIgniter\Session\Handlers\FileHandler' driver.
DEBUG - 2026-04-13 15:34:55 --> Teacher construct - is_teacher: true, school_id: 93, method: GET
DEBUG - 2026-04-13 15:34:55 --> Teacher construct - school_id: 93, is_paid: 1, subscription_end: 1778679749, now: 1776090895
DEBUG - 2026-04-13 15:34:55 --> Teacher construct - subscription_end date: 2026-05-13 14:42:29, now date: 2026-04-13 15:34:55
DEBUG - 2026-04-13 15:34:55 --> Teacher construct - Subscription still valid: subscription_end (2026-05-13 14:42:29) >= now (2026-04-13 15:34:55)
DEBUG - 2026-04-13 15:34:55 --> Teacher construct - Access allowed for method 'GET' (no blocking conditions)
DEBUG - 2026-04-13 15:34:55 --> Session: Class initialized using 'CodeIgniter\Session\Handlers\FileHandler' driver.
DEBUG - 2026-04-13 15:34:55 --> Teacher construct - is_teacher: true, school_id: 93, method: GET
DEBUG - 2026-04-13 15:34:55 --> Teacher construct - school_id: 93, is_paid: 1, subscription_end: 1778679749, now: 1776090895
DEBUG - 2026-04-13 15:34:55 --> Teacher construct - subscription_end date: 2026-05-13 14:42:29, now date: 2026-04-13 15:34:55
DEBUG - 2026-04-13 15:34:55 --> Teacher construct - Subscription still valid: subscription_end (2026-05-13 14:42:29) >= now (2026-04-13 15:34:55)
DEBUG - 2026-04-13 15:34:55 --> Teacher construct - Access allowed for method 'GET' (no blocking conditions)
DEBUG - 2026-04-13 15:34:55 --> Session: Class initialized using 'CodeIgniter\Session\Handlers\FileHandler' driver.
DEBUG - 2026-04-13 15:34:56 --> Teacher construct - is_teacher: true, school_id: 93, method: GET
DEBUG - 2026-04-13 15:34:56 --> Teacher construct - school_id: 93, is_paid: 1, subscription_end: 1778679749, now: 1776090896
DEBUG - 2026-04-13 15:34:56 --> Teacher construct - subscription_end date: 2026-05-13 14:42:29, now date: 2026-04-13 15:34:56
DEBUG - 2026-04-13 15:34:56 --> Teacher construct - Subscription still valid: subscription_end (2026-05-13 14:42:29) >= now (2026-04-13 15:34:56)
DEBUG - 2026-04-13 15:34:56 --> Teacher construct - Access allowed for method 'GET' (no blocking conditions)
DEBUG - 2026-04-13 15:34:56 --> Session: Class initialized using 'CodeIgniter\Session\Handlers\FileHandler' driver.
DEBUG - 2026-04-13 15:34:56 --> Teacher construct - is_teacher: true, school_id: 93, method: GET
DEBUG - 2026-04-13 15:34:56 --> Teacher construct - school_id: 93, is_paid: 1, subscription_end: 1778679749, now: 1776090896
DEBUG - 2026-04-13 15:34:56 --> Teacher construct - subscription_end date: 2026-05-13 14:42:29, now date: 2026-04-13 15:34:56
DEBUG - 2026-04-13 15:34:56 --> Teacher construct - Subscription still valid: subscription_end (2026-05-13 14:42:29) >= now (2026-04-13 15:34:56)
DEBUG - 2026-04-13 15:34:56 --> Teacher construct - Access allowed for method 'GET' (no blocking conditions)
DEBUG - 2026-04-13 15:34:56 --> Session: Class initialized using 'CodeIgniter\Session\Handlers\FileHandler' driver.
DEBUG - 2026-04-13 15:34:57 --> Teacher construct - is_teacher: true, school_id: 93, method: GET
DEBUG - 2026-04-13 15:34:57 --> Teacher construct - school_id: 93, is_paid: 1, subscription_end: 1778679749, now: 1776090897
DEBUG - 2026-04-13 15:34:57 --> Teacher construct - subscription_end date: 2026-05-13 14:42:29, now date: 2026-04-13 15:34:57
DEBUG - 2026-04-13 15:34:57 --> Teacher construct - Subscription still valid: subscription_end (2026-05-13 14:42:29) >= now (2026-04-13 15:34:57)
DEBUG - 2026-04-13 15:34:57 --> Teacher construct - Access allowed for method 'GET' (no blocking conditions)
DEBUG - 2026-04-13 15:34:57 --> Session: Class initialized using 'CodeIgniter\Session\Handlers\FileHandler' driver.
DEBUG - 2026-04-13 15:34:58 --> Teacher construct - is_teacher: true, school_id: 93, method: GET
DEBUG - 2026-04-13 15:34:58 --> Teacher construct - school_id: 93, is_paid: 1, subscription_end: 1778679749, now: 1776090898
DEBUG - 2026-04-13 15:34:58 --> Teacher construct - subscription_end date: 2026-05-13 14:42:29, now date: 2026-04-13 15:34:58
DEBUG - 2026-04-13 15:34:58 --> Teacher construct - Subscription still valid: subscription_end (2026-05-13 14:42:29) >= now (2026-04-13 15:34:58)
DEBUG - 2026-04-13 15:34:58 --> Teacher construct - Access allowed for method 'GET' (no blocking conditions)
DEBUG - 2026-04-13 15:34:59 --> Session: Class initialized using 'CodeIgniter\Session\Handlers\FileHandler' driver.
DEBUG - 2026-04-13 15:34:59 --> Teacher construct - is_teacher: true, school_id: 93, method: GET
DEBUG - 2026-04-13 15:34:59 --> Teacher construct - school_id: 93, is_paid: 1, subscription_end: 1778679749, now: 1776090899
DEBUG - 2026-04-13 15:34:59 --> Teacher construct - subscription_end date: 2026-05-13 14:42:29, now date: 2026-04-13 15:34:59
DEBUG - 2026-04-13 15:34:59 --> Teacher construct - Subscription still valid: subscription_end (2026-05-13 14:42:29) >= now (2026-04-13 15:34:59)
DEBUG - 2026-04-13 15:34:59 --> Teacher construct - Access allowed for method 'GET' (no blocking conditions)
DEBUG - 2026-04-13 15:37:23 --> Session: Class initialized using 'CodeIgniter\Session\Handlers\FileHandler' driver.
DEBUG - 2026-04-13 15:37:23 --> Teacher construct - is_teacher: true, school_id: 93, method: GET
DEBUG - 2026-04-13 15:37:23 --> Teacher construct - school_id: 93, is_paid: 1, subscription_end: 1778679749, now: 1776091043
DEBUG - 2026-04-13 15:37:23 --> Teacher construct - subscription_end date: 2026-05-13 14:42:29, now date: 2026-04-13 15:37:23
DEBUG - 2026-04-13 15:37:23 --> Teacher construct - Subscription still valid: subscription_end (2026-05-13 14:42:29) >= now (2026-04-13 15:37:23)
DEBUG - 2026-04-13 15:37:23 --> Teacher construct - Access allowed for method 'GET' (no blocking conditions)
DEBUG - 2026-04-13 15:37:24 --> Total exams not yet taken calculated for school_id 93: 0
DEBUG - 2026-04-13 15:37:25 --> Session: Class initialized using 'CodeIgniter\Session\Handlers\FileHandler' driver.
DEBUG - 2026-04-13 15:37:25 --> Teacher construct - is_teacher: true, school_id: 93, method: GET
DEBUG - 2026-04-13 15:37:25 --> Teacher construct - school_id: 93, is_paid: 1, subscription_end: 1778679749, now: 1776091045
DEBUG - 2026-04-13 15:37:25 --> Teacher construct - subscription_end date: 2026-05-13 14:42:29, now date: 2026-04-13 15:37:25
DEBUG - 2026-04-13 15:37:25 --> Teacher construct - Subscription still valid: subscription_end (2026-05-13 14:42:29) >= now (2026-04-13 15:37:25)
DEBUG - 2026-04-13 15:37:25 --> Teacher construct - Access allowed for method 'GET' (no blocking conditions)
DEBUG - 2026-04-13 15:37:26 --> Session: Class initialized using 'CodeIgniter\Session\Handlers\FileHandler' driver.
DEBUG - 2026-04-13 15:37:26 --> Teacher construct - is_teacher: true, school_id: 93, method: GET
DEBUG - 2026-04-13 15:37:26 --> Teacher construct - school_id: 93, is_paid: 1, subscription_end: 1778679749, now: 1776091046
DEBUG - 2026-04-13 15:37:26 --> Teacher construct - subscription_end date: 2026-05-13 14:42:29, now date: 2026-04-13 15:37:26
DEBUG - 2026-04-13 15:37:26 --> Teacher construct - Subscription still valid: subscription_end (2026-05-13 14:42:29) >= now (2026-04-13 15:37:26)
DEBUG - 2026-04-13 15:37:26 --> Teacher construct - Access allowed for method 'GET' (no blocking conditions)
DEBUG - 2026-04-13 15:37:26 --> Session: Class initialized using 'CodeIgniter\Session\Handlers\FileHandler' driver.
DEBUG - 2026-04-13 15:37:26 --> Teacher construct - is_teacher: true, school_id: 93, method: GET
DEBUG - 2026-04-13 15:37:26 --> Teacher construct - school_id: 93, is_paid: 1, subscription_end: 1778679749, now: 1776091046
DEBUG - 2026-04-13 15:37:26 --> Teacher construct - subscription_end date: 2026-05-13 14:42:29, now date: 2026-04-13 15:37:26
DEBUG - 2026-04-13 15:37:26 --> Teacher construct - Subscription still valid: subscription_end (2026-05-13 14:42:29) >= now (2026-04-13 15:37:26)
DEBUG - 2026-04-13 15:37:26 --> Teacher construct - Access allowed for method 'GET' (no blocking conditions)
DEBUG - 2026-04-13 15:37:26 --> Session: Class initialized using 'CodeIgniter\Session\Handlers\FileHandler' driver.
DEBUG - 2026-04-13 15:37:26 --> Teacher construct - is_teacher: true, school_id: 93, method: GET
DEBUG - 2026-04-13 15:37:26 --> Teacher construct - school_id: 93, is_paid: 1, subscription_end: 1778679749, now: 1776091046
DEBUG - 2026-04-13 15:37:26 --> Teacher construct - subscription_end date: 2026-05-13 14:42:29, now date: 2026-04-13 15:37:26
DEBUG - 2026-04-13 15:37:26 --> Teacher construct - Subscription still valid: subscription_end (2026-05-13 14:42:29) >= now (2026-04-13 15:37:26)
DEBUG - 2026-04-13 15:37:26 --> Teacher construct - Access allowed for method 'GET' (no blocking conditions)
DEBUG - 2026-04-13 15:37:26 --> Session: Class initialized using 'CodeIgniter\Session\Handlers\FileHandler' driver.
DEBUG - 2026-04-13 15:37:26 --> Teacher construct - is_teacher: true, school_id: 93, method: GET
DEBUG - 2026-04-13 15:37:26 --> Teacher construct - school_id: 93, is_paid: 1, subscription_end: 1778679749, now: 1776091046
DEBUG - 2026-04-13 15:37:26 --> Teacher construct - subscription_end date: 2026-05-13 14:42:29, now date: 2026-04-13 15:37:26
DEBUG - 2026-04-13 15:37:26 --> Teacher construct - Subscription still valid: subscription_end (2026-05-13 14:42:29) >= now (2026-04-13 15:37:26)
DEBUG - 2026-04-13 15:37:26 --> Teacher construct - Access allowed for method 'GET' (no blocking conditions)
DEBUG - 2026-04-13 15:37:26 --> Session: Class initialized using 'CodeIgniter\Session\Handlers\FileHandler' driver.
DEBUG - 2026-04-13 15:37:26 --> Teacher construct - is_teacher: true, school_id: 93, method: GET
DEBUG - 2026-04-13 15:37:26 --> Teacher construct - school_id: 93, is_paid: 1, subscription_end: 1778679749, now: 1776091046
DEBUG - 2026-04-13 15:37:26 --> Teacher construct - subscription_end date: 2026-05-13 14:42:29, now date: 2026-04-13 15:37:26
DEBUG - 2026-04-13 15:37:26 --> Teacher construct - Subscription still valid: subscription_end (2026-05-13 14:42:29) >= now (2026-04-13 15:37:26)
DEBUG - 2026-04-13 15:37:26 --> Teacher construct - Access allowed for method 'GET' (no blocking conditions)
DEBUG - 2026-04-13 15:37:31 --> Session: Class initialized using 'CodeIgniter\Session\Handlers\FileHandler' driver.
DEBUG - 2026-04-13 15:37:31 --> Teacher construct - is_teacher: true, school_id: 93, method: GET
DEBUG - 2026-04-13 15:37:31 --> Teacher construct - school_id: 93, is_paid: 1, subscription_end: 1778679749, now: 1776091051
DEBUG - 2026-04-13 15:37:31 --> Teacher construct - subscription_end date: 2026-05-13 14:42:29, now date: 2026-04-13 15:37:31
DEBUG - 2026-04-13 15:37:31 --> Teacher construct - Subscription still valid: subscription_end (2026-05-13 14:42:29) >= now (2026-04-13 15:37:31)
DEBUG - 2026-04-13 15:37:31 --> Teacher construct - Access allowed for method 'GET' (no blocking conditions)
DEBUG - 2026-04-13 15:40:50 --> Session: Class initialized using 'CodeIgniter\Session\Handlers\FileHandler' driver.
DEBUG - 2026-04-13 15:40:50 --> Teacher construct - is_teacher: true, school_id: 93, method: GET
DEBUG - 2026-04-13 15:40:50 --> Teacher construct - school_id: 93, is_paid: 1, subscription_end: 1778679749, now: 1776091250
DEBUG - 2026-04-13 15:40:50 --> Teacher construct - subscription_end date: 2026-05-13 14:42:29, now date: 2026-04-13 15:40:50
DEBUG - 2026-04-13 15:40:50 --> Teacher construct - Subscription still valid: subscription_end (2026-05-13 14:42:29) >= now (2026-04-13 15:40:50)
DEBUG - 2026-04-13 15:40:50 --> Teacher construct - Access allowed for method 'GET' (no blocking conditions)
DEBUG - 2026-04-13 15:40:52 --> Total exams not yet taken calculated for school_id 93: 0
DEBUG - 2026-04-13 15:40:58 --> Session: Class initialized using 'CodeIgniter\Session\Handlers\FileHandler' driver.
DEBUG - 2026-04-13 15:40:58 --> Teacher construct - is_teacher: true, school_id: 93, method: GET
DEBUG - 2026-04-13 15:40:58 --> Teacher construct - school_id: 93, is_paid: 1, subscription_end: 1778679749, now: 1776091258
DEBUG - 2026-04-13 15:40:58 --> Teacher construct - subscription_end date: 2026-05-13 14:42:29, now date: 2026-04-13 15:40:58
DEBUG - 2026-04-13 15:40:58 --> Teacher construct - Subscription still valid: subscription_end (2026-05-13 14:42:29) >= now (2026-04-13 15:40:58)
DEBUG - 2026-04-13 15:40:58 --> Teacher construct - Access allowed for method 'GET' (no blocking conditions)
DEBUG - 2026-04-13 15:40:58 --> Session: Class initialized using 'CodeIgniter\Session\Handlers\FileHandler' driver.
DEBUG - 2026-04-13 15:40:58 --> Teacher construct - is_teacher: true, school_id: 93, method: GET
DEBUG - 2026-04-13 15:40:58 --> Teacher construct - school_id: 93, is_paid: 1, subscription_end: 1778679749, now: 1776091258
DEBUG - 2026-04-13 15:40:58 --> Teacher construct - subscription_end date: 2026-05-13 14:42:29, now date: 2026-04-13 15:40:58
DEBUG - 2026-04-13 15:40:58 --> Teacher construct - Subscription still valid: subscription_end (2026-05-13 14:42:29) >= now (2026-04-13 15:40:58)
DEBUG - 2026-04-13 15:40:58 --> Teacher construct - Access allowed for method 'GET' (no blocking conditions)
DEBUG - 2026-04-13 15:40:58 --> Session: Class initialized using 'CodeIgniter\Session\Handlers\FileHandler' driver.
DEBUG - 2026-04-13 15:40:59 --> Teacher construct - is_teacher: true, school_id: 93, method: GET
DEBUG - 2026-04-13 15:40:59 --> Teacher construct - school_id: 93, is_paid: 1, subscription_end: 1778679749, now: 1776091259
DEBUG - 2026-04-13 15:40:59 --> Teacher construct - subscription_end date: 2026-05-13 14:42:29, now date: 2026-04-13 15:40:59
DEBUG - 2026-04-13 15:40:59 --> Teacher construct - Subscription still valid: subscription_end (2026-05-13 14:42:29) >= now (2026-04-13 15:40:59)
DEBUG - 2026-04-13 15:40:59 --> Teacher construct - Access allowed for method 'GET' (no blocking conditions)
DEBUG - 2026-04-13 15:40:59 --> Session: Class initialized using 'CodeIgniter\Session\Handlers\FileHandler' driver.
DEBUG - 2026-04-13 15:40:59 --> Teacher construct - is_teacher: true, school_id: 93, method: GET
DEBUG - 2026-04-13 15:40:59 --> Teacher construct - school_id: 93, is_paid: 1, subscription_end: 1778679749, now: 1776091259
DEBUG - 2026-04-13 15:40:59 --> Teacher construct - subscription_end date: 2026-05-13 14:42:29, now date: 2026-04-13 15:40:59
DEBUG - 2026-04-13 15:40:59 --> Teacher construct - Subscription still valid: subscription_end (2026-05-13 14:42:29) >= now (2026-04-13 15:40:59)
DEBUG - 2026-04-13 15:40:59 --> Teacher construct - Access allowed for method 'GET' (no blocking conditions)
DEBUG - 2026-04-13 15:40:59 --> Session: Class initialized using 'CodeIgniter\Session\Handlers\FileHandler' driver.
DEBUG - 2026-04-13 15:40:59 --> Teacher construct - is_teacher: true, school_id: 93, method: GET
DEBUG - 2026-04-13 15:40:59 --> Teacher construct - school_id: 93, is_paid: 1, subscription_end: 1778679749, now: 1776091259
DEBUG - 2026-04-13 15:40:59 --> Teacher construct - subscription_end date: 2026-05-13 14:42:29, now date: 2026-04-13 15:40:59
DEBUG - 2026-04-13 15:40:59 --> Teacher construct - Subscription still valid: subscription_end (2026-05-13 14:42:29) >= now (2026-04-13 15:40:59)
DEBUG - 2026-04-13 15:40:59 --> Teacher construct - Access allowed for method 'GET' (no blocking conditions)
DEBUG - 2026-04-13 15:40:59 --> Session: Class initialized using 'CodeIgniter\Session\Handlers\FileHandler' driver.
DEBUG - 2026-04-13 15:40:59 --> Teacher construct - is_teacher: true, school_id: 93, method: GET
DEBUG - 2026-04-13 15:40:59 --> Teacher construct - school_id: 93, is_paid: 1, subscription_end: 1778679749, now: 1776091259
DEBUG - 2026-04-13 15:40:59 --> Teacher construct - subscription_end date: 2026-05-13 14:42:29, now date: 2026-04-13 15:40:59
DEBUG - 2026-04-13 15:40:59 --> Teacher construct - Subscription still valid: subscription_end (2026-05-13 14:42:29) >= now (2026-04-13 15:40:59)
DEBUG - 2026-04-13 15:40:59 --> Teacher construct - Access allowed for method 'GET' (no blocking conditions)
DEBUG - 2026-04-13 15:41:00 --> Session: Class initialized using 'CodeIgniter\Session\Handlers\FileHandler' driver.
DEBUG - 2026-04-13 15:41:00 --> Teacher construct - is_teacher: true, school_id: 93, method: GET
DEBUG - 2026-04-13 15:41:00 --> Teacher construct - school_id: 93, is_paid: 1, subscription_end: 1778679749, now: 1776091260
DEBUG - 2026-04-13 15:41:00 --> Teacher construct - subscription_end date: 2026-05-13 14:42:29, now date: 2026-04-13 15:41:00
DEBUG - 2026-04-13 15:41:00 --> Teacher construct - Subscription still valid: subscription_end (2026-05-13 14:42:29) >= now (2026-04-13 15:41:00)
DEBUG - 2026-04-13 15:41:00 --> Teacher construct - Access allowed for method 'GET' (no blocking conditions)
DEBUG - 2026-04-13 15:42:22 --> Session: Class initialized using 'CodeIgniter\Session\Handlers\FileHandler' driver.
DEBUG - 2026-04-13 15:42:22 --> Teacher construct - is_teacher: true, school_id: 93, method: GET
DEBUG - 2026-04-13 15:42:22 --> Teacher construct - school_id: 93, is_paid: 1, subscription_end: 1778679749, now: 1776091342
DEBUG - 2026-04-13 15:42:22 --> Teacher construct - subscription_end date: 2026-05-13 14:42:29, now date: 2026-04-13 15:42:22
DEBUG - 2026-04-13 15:42:22 --> Teacher construct - Subscription still valid: subscription_end (2026-05-13 14:42:29) >= now (2026-04-13 15:42:22)
DEBUG - 2026-04-13 15:42:22 --> Teacher construct - Access allowed for method 'GET' (no blocking conditions)
DEBUG - 2026-04-13 15:42:24 --> Total exams not yet taken calculated for school_id 93: 0
DEBUG - 2026-04-13 15:42:29 --> Session: Class initialized using 'CodeIgniter\Session\Handlers\FileHandler' driver.
DEBUG - 2026-04-13 15:42:29 --> Teacher construct - is_teacher: true, school_id: 93, method: GET
DEBUG - 2026-04-13 15:42:29 --> Teacher construct - school_id: 93, is_paid: 1, subscription_end: 1778679749, now: 1776091349
DEBUG - 2026-04-13 15:42:29 --> Teacher construct - subscription_end date: 2026-05-13 14:42:29, now date: 2026-04-13 15:42:29
DEBUG - 2026-04-13 15:42:29 --> Teacher construct - Subscription still valid: subscription_end (2026-05-13 14:42:29) >= now (2026-04-13 15:42:29)
DEBUG - 2026-04-13 15:42:29 --> Teacher construct - Access allowed for method 'GET' (no blocking conditions)
DEBUG - 2026-04-13 15:42:29 --> Session: Class initialized using 'CodeIgniter\Session\Handlers\FileHandler' driver.
DEBUG - 2026-04-13 15:42:30 --> Teacher construct - is_teacher: true, school_id: 93, method: GET
DEBUG - 2026-04-13 15:42:30 --> Teacher construct - school_id: 93, is_paid: 1, subscription_end: 1778679749, now: 1776091350
DEBUG - 2026-04-13 15:42:30 --> Teacher construct - subscription_end date: 2026-05-13 14:42:29, now date: 2026-04-13 15:42:30
DEBUG - 2026-04-13 15:42:30 --> Teacher construct - Subscription still valid: subscription_end (2026-05-13 14:42:29) >= now (2026-04-13 15:42:30)
DEBUG - 2026-04-13 15:42:30 --> Teacher construct - Access allowed for method 'GET' (no blocking conditions)
DEBUG - 2026-04-13 15:42:31 --> Session: Class initialized using 'CodeIgniter\Session\Handlers\FileHandler' driver.
DEBUG - 2026-04-13 15:42:31 --> Teacher construct - is_teacher: true, school_id: 93, method: GET
DEBUG - 2026-04-13 15:42:31 --> Teacher construct - school_id: 93, is_paid: 1, subscription_end: 1778679749, now: 1776091351
DEBUG - 2026-04-13 15:42:31 --> Teacher construct - subscription_end date: 2026-05-13 14:42:29, now date: 2026-04-13 15:42:31
DEBUG - 2026-04-13 15:42:31 --> Teacher construct - Subscription still valid: subscription_end (2026-05-13 14:42:29) >= now (2026-04-13 15:42:31)
DEBUG - 2026-04-13 15:42:31 --> Teacher construct - Access allowed for method 'GET' (no blocking conditions)
DEBUG - 2026-04-13 15:42:31 --> Session: Class initialized using 'CodeIgniter\Session\Handlers\FileHandler' driver.
DEBUG - 2026-04-13 15:42:32 --> Teacher construct - is_teacher: true, school_id: 93, method: GET
DEBUG - 2026-04-13 15:42:32 --> Teacher construct - school_id: 93, is_paid: 1, subscription_end: 1778679749, now: 1776091352
DEBUG - 2026-04-13 15:42:32 --> Teacher construct - subscription_end date: 2026-05-13 14:42:29, now date: 2026-04-13 15:42:32
DEBUG - 2026-04-13 15:42:32 --> Teacher construct - Subscription still valid: subscription_end (2026-05-13 14:42:29) >= now (2026-04-13 15:42:32)
DEBUG - 2026-04-13 15:42:32 --> Teacher construct - Access allowed for method 'GET' (no blocking conditions)
DEBUG - 2026-04-13 15:42:32 --> Session: Class initialized using 'CodeIgniter\Session\Handlers\FileHandler' driver.
DEBUG - 2026-04-13 15:42:33 --> Teacher construct - is_teacher: true, school_id: 93, method: GET
DEBUG - 2026-04-13 15:42:33 --> Teacher construct - school_id: 93, is_paid: 1, subscription_end: 1778679749, now: 1776091353
DEBUG - 2026-04-13 15:42:33 --> Teacher construct - subscription_end date: 2026-05-13 14:42:29, now date: 2026-04-13 15:42:33
DEBUG - 2026-04-13 15:42:33 --> Teacher construct - Subscription still valid: subscription_end (2026-05-13 14:42:29) >= now (2026-04-13 15:42:33)
DEBUG - 2026-04-13 15:42:33 --> Teacher construct - Access allowed for method 'GET' (no blocking conditions)
DEBUG - 2026-04-13 15:42:33 --> Session: Class initialized using 'CodeIgniter\Session\Handlers\FileHandler' driver.
DEBUG - 2026-04-13 15:42:33 --> Teacher construct - is_teacher: true, school_id: 93, method: GET
DEBUG - 2026-04-13 15:42:33 --> Teacher construct - school_id: 93, is_paid: 1, subscription_end: 1778679749, now: 1776091353
DEBUG - 2026-04-13 15:42:33 --> Teacher construct - subscription_end date: 2026-05-13 14:42:29, now date: 2026-04-13 15:42:33
DEBUG - 2026-04-13 15:42:33 --> Teacher construct - Subscription still valid: subscription_end (2026-05-13 14:42:29) >= now (2026-04-13 15:42:33)
DEBUG - 2026-04-13 15:42:33 --> Teacher construct - Access allowed for method 'GET' (no blocking conditions)
DEBUG - 2026-04-13 15:42:34 --> Session: Class initialized using 'CodeIgniter\Session\Handlers\FileHandler' driver.
DEBUG - 2026-04-13 15:42:34 --> Teacher construct - is_teacher: true, school_id: 93, method: GET
DEBUG - 2026-04-13 15:42:34 --> Teacher construct - school_id: 93, is_paid: 1, subscription_end: 1778679749, now: 1776091354
DEBUG - 2026-04-13 15:42:34 --> Teacher construct - subscription_end date: 2026-05-13 14:42:29, now date: 2026-04-13 15:42:34
DEBUG - 2026-04-13 15:42:34 --> Teacher construct - Subscription still valid: subscription_end (2026-05-13 14:42:29) >= now (2026-04-13 15:42:34)
DEBUG - 2026-04-13 15:42:34 --> Teacher construct - Access allowed for method 'GET' (no blocking conditions)
DEBUG - 2026-04-13 15:42:36 --> Session: Class initialized using 'CodeIgniter\Session\Handlers\FileHandler' driver.
DEBUG - 2026-04-13 15:42:36 --> Teacher construct - is_teacher: true, school_id: 93, method: GET
DEBUG - 2026-04-13 15:42:36 --> Teacher construct - school_id: 93, is_paid: 1, subscription_end: 1778679749, now: 1776091356
DEBUG - 2026-04-13 15:42:36 --> Teacher construct - subscription_end date: 2026-05-13 14:42:29, now date: 2026-04-13 15:42:36
DEBUG - 2026-04-13 15:42:36 --> Teacher construct - Subscription still valid: subscription_end (2026-05-13 14:42:29) >= now (2026-04-13 15:42:36)
DEBUG - 2026-04-13 15:42:36 --> Teacher construct - Access allowed for method 'GET' (no blocking conditions)
DEBUG - 2026-04-13 15:42:36 --> Total exams not yet taken calculated for school_id 93: 0
DEBUG - 2026-04-13 15:42:41 --> Session: Class initialized using 'CodeIgniter\Session\Handlers\FileHandler' driver.
DEBUG - 2026-04-13 15:42:41 --> Teacher construct - is_teacher: true, school_id: 93, method: GET
DEBUG - 2026-04-13 15:42:41 --> Teacher construct - school_id: 93, is_paid: 1, subscription_end: 1778679749, now: 1776091361
DEBUG - 2026-04-13 15:42:41 --> Teacher construct - subscription_end date: 2026-05-13 14:42:29, now date: 2026-04-13 15:42:41
DEBUG - 2026-04-13 15:42:41 --> Teacher construct - Subscription still valid: subscription_end (2026-05-13 14:42:29) >= now (2026-04-13 15:42:41)
DEBUG - 2026-04-13 15:42:41 --> Teacher construct - Access allowed for method 'GET' (no blocking conditions)
DEBUG - 2026-04-13 15:42:41 --> Session: Class initialized using 'CodeIgniter\Session\Handlers\FileHandler' driver.
DEBUG - 2026-04-13 15:42:41 --> Teacher construct - is_teacher: true, school_id: 93, method: GET
DEBUG - 2026-04-13 15:42:41 --> Teacher construct - school_id: 93, is_paid: 1, subscription_end: 1778679749, now: 1776091361
DEBUG - 2026-04-13 15:42:41 --> Teacher construct - subscription_end date: 2026-05-13 14:42:29, now date: 2026-04-13 15:42:41
DEBUG - 2026-04-13 15:42:41 --> Teacher construct - Subscription still valid: subscription_end (2026-05-13 14:42:29) >= now (2026-04-13 15:42:41)
DEBUG - 2026-04-13 15:42:41 --> Teacher construct - Access allowed for method 'GET' (no blocking conditions)
DEBUG - 2026-04-13 15:42:41 --> Session: Class initialized using 'CodeIgniter\Session\Handlers\FileHandler' driver.
DEBUG - 2026-04-13 15:42:42 --> Teacher construct - is_teacher: true, school_id: 93, method: GET
DEBUG - 2026-04-13 15:42:42 --> Teacher construct - school_id: 93, is_paid: 1, subscription_end: 1778679749, now: 1776091362
DEBUG - 2026-04-13 15:42:42 --> Teacher construct - subscription_end date: 2026-05-13 14:42:29, now date: 2026-04-13 15:42:42
DEBUG - 2026-04-13 15:42:42 --> Teacher construct - Subscription still valid: subscription_end (2026-05-13 14:42:29) >= now (2026-04-13 15:42:42)
DEBUG - 2026-04-13 15:42:42 --> Teacher construct - Access allowed for method 'GET' (no blocking conditions)
DEBUG - 2026-04-13 15:42:42 --> Session: Class initialized using 'CodeIgniter\Session\Handlers\FileHandler' driver.
DEBUG - 2026-04-13 15:42:42 --> Teacher construct - is_teacher: true, school_id: 93, method: GET
DEBUG - 2026-04-13 15:42:42 --> Teacher construct - school_id: 93, is_paid: 1, subscription_end: 1778679749, now: 1776091362
DEBUG - 2026-04-13 15:42:42 --> Teacher construct - subscription_end date: 2026-05-13 14:42:29, now date: 2026-04-13 15:42:42
DEBUG - 2026-04-13 15:42:42 --> Teacher construct - Subscription still valid: subscription_end (2026-05-13 14:42:29) >= now (2026-04-13 15:42:42)
DEBUG - 2026-04-13 15:42:42 --> Teacher construct - Access allowed for method 'GET' (no blocking conditions)
DEBUG - 2026-04-13 15:42:42 --> Session: Class initialized using 'CodeIgniter\Session\Handlers\FileHandler' driver.
DEBUG - 2026-04-13 15:42:42 --> Teacher construct - is_teacher: true, school_id: 93, method: GET
DEBUG - 2026-04-13 15:42:42 --> Teacher construct - school_id: 93, is_paid: 1, subscription_end: 1778679749, now: 1776091362
DEBUG - 2026-04-13 15:42:42 --> Teacher construct - subscription_end date: 2026-05-13 14:42:29, now date: 2026-04-13 15:42:42
DEBUG - 2026-04-13 15:42:42 --> Teacher construct - Subscription still valid: subscription_end (2026-05-13 14:42:29) >= now (2026-04-13 15:42:42)
DEBUG - 2026-04-13 15:42:42 --> Teacher construct - Access allowed for method 'GET' (no blocking conditions)
DEBUG - 2026-04-13 15:42:42 --> Session: Class initialized using 'CodeIgniter\Session\Handlers\FileHandler' driver.
DEBUG - 2026-04-13 15:42:43 --> Teacher construct - is_teacher: true, school_id: 93, method: GET
DEBUG - 2026-04-13 15:42:43 --> Teacher construct - school_id: 93, is_paid: 1, subscription_end: 1778679749, now: 1776091363
DEBUG - 2026-04-13 15:42:43 --> Teacher construct - subscription_end date: 2026-05-13 14:42:29, now date: 2026-04-13 15:42:43
DEBUG - 2026-04-13 15:42:43 --> Teacher construct - Subscription still valid: subscription_end (2026-05-13 14:42:29) >= now (2026-04-13 15:42:43)
DEBUG - 2026-04-13 15:42:43 --> Teacher construct - Access allowed for method 'GET' (no blocking conditions)
DEBUG - 2026-04-13 15:42:44 --> Session: Class initialized using 'CodeIgniter\Session\Handlers\FileHandler' driver.
DEBUG - 2026-04-13 15:42:45 --> Teacher construct - is_teacher: true, school_id: 93, method: GET
DEBUG - 2026-04-13 15:42:45 --> Teacher construct - school_id: 93, is_paid: 1, subscription_end: 1778679749, now: 1776091365
DEBUG - 2026-04-13 15:42:45 --> Teacher construct - subscription_end date: 2026-05-13 14:42:29, now date: 2026-04-13 15:42:45
DEBUG - 2026-04-13 15:42:45 --> Teacher construct - Subscription still valid: subscription_end (2026-05-13 14:42:29) >= now (2026-04-13 15:42:45)
DEBUG - 2026-04-13 15:42:45 --> Teacher construct - Access allowed for method 'GET' (no blocking conditions)
DEBUG - 2026-04-13 15:44:09 --> Session: Class initialized using 'CodeIgniter\Session\Handlers\FileHandler' driver.
DEBUG - 2026-04-13 15:44:09 --> Teacher construct - is_teacher: true, school_id: 93, method: GET
DEBUG - 2026-04-13 15:44:09 --> Teacher construct - school_id: 93, is_paid: 1, subscription_end: 1778679749, now: 1776091449
DEBUG - 2026-04-13 15:44:09 --> Teacher construct - subscription_end date: 2026-05-13 14:42:29, now date: 2026-04-13 15:44:09
DEBUG - 2026-04-13 15:44:09 --> Teacher construct - Subscription still valid: subscription_end (2026-05-13 14:42:29) >= now (2026-04-13 15:44:09)
DEBUG - 2026-04-13 15:44:09 --> Teacher construct - Access allowed for method 'GET' (no blocking conditions)
DEBUG - 2026-04-13 15:44:10 --> Total exams not yet taken calculated for school_id 93: 0
DEBUG - 2026-04-13 15:44:15 --> Session: Class initialized using 'CodeIgniter\Session\Handlers\FileHandler' driver.
DEBUG - 2026-04-13 15:44:15 --> Teacher construct - is_teacher: true, school_id: 93, method: GET
DEBUG - 2026-04-13 15:44:15 --> Teacher construct - school_id: 93, is_paid: 1, subscription_end: 1778679749, now: 1776091455
DEBUG - 2026-04-13 15:44:15 --> Teacher construct - subscription_end date: 2026-05-13 14:42:29, now date: 2026-04-13 15:44:15
DEBUG - 2026-04-13 15:44:15 --> Teacher construct - Subscription still valid: subscription_end (2026-05-13 14:42:29) >= now (2026-04-13 15:44:15)
DEBUG - 2026-04-13 15:44:15 --> Teacher construct - Access allowed for method 'GET' (no blocking conditions)
DEBUG - 2026-04-13 15:44:15 --> Session: Class initialized using 'CodeIgniter\Session\Handlers\FileHandler' driver.
DEBUG - 2026-04-13 15:44:16 --> Teacher construct - is_teacher: true, school_id: 93, method: GET
DEBUG - 2026-04-13 15:44:16 --> Teacher construct - school_id: 93, is_paid: 1, subscription_end: 1778679749, now: 1776091456
DEBUG - 2026-04-13 15:44:16 --> Teacher construct - subscription_end date: 2026-05-13 14:42:29, now date: 2026-04-13 15:44:16
DEBUG - 2026-04-13 15:44:16 --> Teacher construct - Subscription still valid: subscription_end (2026-05-13 14:42:29) >= now (2026-04-13 15:44:16)
DEBUG - 2026-04-13 15:44:16 --> Teacher construct - Access allowed for method 'GET' (no blocking conditions)
DEBUG - 2026-04-13 15:44:16 --> Session: Class initialized using 'CodeIgniter\Session\Handlers\FileHandler' driver.
DEBUG - 2026-04-13 15:44:16 --> Teacher construct - is_teacher: true, school_id: 93, method: GET
DEBUG - 2026-04-13 15:44:16 --> Teacher construct - school_id: 93, is_paid: 1, subscription_end: 1778679749, now: 1776091456
DEBUG - 2026-04-13 15:44:16 --> Teacher construct - subscription_end date: 2026-05-13 14:42:29, now date: 2026-04-13 15:44:16
DEBUG - 2026-04-13 15:44:16 --> Teacher construct - Subscription still valid: subscription_end (2026-05-13 14:42:29) >= now (2026-04-13 15:44:16)
DEBUG - 2026-04-13 15:44:16 --> Teacher construct - Access allowed for method 'GET' (no blocking conditions)
DEBUG - 2026-04-13 15:44:16 --> Session: Class initialized using 'CodeIgniter\Session\Handlers\FileHandler' driver.
DEBUG - 2026-04-13 15:44:16 --> Teacher construct - is_teacher: true, school_id: 93, method: GET
DEBUG - 2026-04-13 15:44:16 --> Teacher construct - school_id: 93, is_paid: 1, subscription_end: 1778679749, now: 1776091456
DEBUG - 2026-04-13 15:44:16 --> Teacher construct - subscription_end date: 2026-05-13 14:42:29, now date: 2026-04-13 15:44:16
DEBUG - 2026-04-13 15:44:16 --> Teacher construct - Subscription still valid: subscription_end (2026-05-13 14:42:29) >= now (2026-04-13 15:44:16)
DEBUG - 2026-04-13 15:44:16 --> Teacher construct - Access allowed for method 'GET' (no blocking conditions)
DEBUG - 2026-04-13 15:44:16 --> Session: Class initialized using 'CodeIgniter\Session\Handlers\FileHandler' driver.
DEBUG - 2026-04-13 15:44:17 --> Teacher construct - is_teacher: true, school_id: 93, method: GET
DEBUG - 2026-04-13 15:44:17 --> Teacher construct - school_id: 93, is_paid: 1, subscription_end: 1778679749, now: 1776091457
DEBUG - 2026-04-13 15:44:17 --> Teacher construct - subscription_end date: 2026-05-13 14:42:29, now date: 2026-04-13 15:44:17
DEBUG - 2026-04-13 15:44:17 --> Teacher construct - Subscription still valid: subscription_end (2026-05-13 14:42:29) >= now (2026-04-13 15:44:17)
DEBUG - 2026-04-13 15:44:17 --> Teacher construct - Access allowed for method 'GET' (no blocking conditions)
DEBUG - 2026-04-13 15:44:17 --> Session: Class initialized using 'CodeIgniter\Session\Handlers\FileHandler' driver.
DEBUG - 2026-04-13 15:44:17 --> Teacher construct - is_teacher: true, school_id: 93, method: GET
DEBUG - 2026-04-13 15:44:17 --> Teacher construct - school_id: 93, is_paid: 1, subscription_end: 1778679749, now: 1776091457
DEBUG - 2026-04-13 15:44:17 --> Teacher construct - subscription_end date: 2026-05-13 14:42:29, now date: 2026-04-13 15:44:17
DEBUG - 2026-04-13 15:44:17 --> Teacher construct - Subscription still valid: subscription_end (2026-05-13 14:42:29) >= now (2026-04-13 15:44:17)
DEBUG - 2026-04-13 15:44:17 --> Teacher construct - Access allowed for method 'GET' (no blocking conditions)
DEBUG - 2026-04-13 15:45:28 --> Session: Class initialized using 'CodeIgniter\Session\Handlers\FileHandler' driver.
DEBUG - 2026-04-13 15:45:28 --> Teacher construct - is_teacher: true, school_id: 93, method: GET
DEBUG - 2026-04-13 15:45:28 --> Teacher construct - school_id: 93, is_paid: 1, subscription_end: 1778679749, now: 1776091528
DEBUG - 2026-04-13 15:45:28 --> Teacher construct - subscription_end date: 2026-05-13 14:42:29, now date: 2026-04-13 15:45:28
DEBUG - 2026-04-13 15:45:28 --> Teacher construct - Subscription still valid: subscription_end (2026-05-13 14:42:29) >= now (2026-04-13 15:45:28)
DEBUG - 2026-04-13 15:45:28 --> Teacher construct - Access allowed for method 'GET' (no blocking conditions)
DEBUG - 2026-04-13 15:45:29 --> Total exams not yet taken calculated for school_id 93: 0
DEBUG - 2026-04-13 15:45:35 --> Session: Class initialized using 'CodeIgniter\Session\Handlers\FileHandler' driver.
DEBUG - 2026-04-13 15:45:36 --> Teacher construct - is_teacher: true, school_id: 93, method: GET
DEBUG - 2026-04-13 15:45:36 --> Teacher construct - school_id: 93, is_paid: 1, subscription_end: 1778679749, now: 1776091536
DEBUG - 2026-04-13 15:45:36 --> Teacher construct - subscription_end date: 2026-05-13 14:42:29, now date: 2026-04-13 15:45:36
DEBUG - 2026-04-13 15:45:36 --> Teacher construct - Subscription still valid: subscription_end (2026-05-13 14:42:29) >= now (2026-04-13 15:45:36)
DEBUG - 2026-04-13 15:45:36 --> Teacher construct - Access allowed for method 'GET' (no blocking conditions)
DEBUG - 2026-04-13 15:45:36 --> Session: Class initialized using 'CodeIgniter\Session\Handlers\FileHandler' driver.
DEBUG - 2026-04-13 15:45:36 --> Teacher construct - is_teacher: true, school_id: 93, method: GET
DEBUG - 2026-04-13 15:45:36 --> Teacher construct - school_id: 93, is_paid: 1, subscription_end: 1778679749, now: 1776091536
DEBUG - 2026-04-13 15:45:36 --> Teacher construct - subscription_end date: 2026-05-13 14:42:29, now date: 2026-04-13 15:45:36
DEBUG - 2026-04-13 15:45:36 --> Teacher construct - Subscription still valid: subscription_end (2026-05-13 14:42:29) >= now (2026-04-13 15:45:36)
DEBUG - 2026-04-13 15:45:36 --> Teacher construct - Access allowed for method 'GET' (no blocking conditions)
DEBUG - 2026-04-13 15:45:36 --> Session: Class initialized using 'CodeIgniter\Session\Handlers\FileHandler' driver.
DEBUG - 2026-04-13 15:45:36 --> Teacher construct - is_teacher: true, school_id: 93, method: GET
DEBUG - 2026-04-13 15:45:36 --> Teacher construct - school_id: 93, is_paid: 1, subscription_end: 1778679749, now: 1776091536
DEBUG - 2026-04-13 15:45:36 --> Teacher construct - subscription_end date: 2026-05-13 14:42:29, now date: 2026-04-13 15:45:36
DEBUG - 2026-04-13 15:45:36 --> Teacher construct - Subscription still valid: subscription_end (2026-05-13 14:42:29) >= now (2026-04-13 15:45:36)
DEBUG - 2026-04-13 15:45:36 --> Teacher construct - Access allowed for method 'GET' (no blocking conditions)
DEBUG - 2026-04-13 15:45:36 --> Session: Class initialized using 'CodeIgniter\Session\Handlers\FileHandler' driver.
DEBUG - 2026-04-13 15:45:36 --> Teacher construct - is_teacher: true, school_id: 93, method: GET
DEBUG - 2026-04-13 15:45:36 --> Teacher construct - school_id: 93, is_paid: 1, subscription_end: 1778679749, now: 1776091536
DEBUG - 2026-04-13 15:45:36 --> Teacher construct - subscription_end date: 2026-05-13 14:42:29, now date: 2026-04-13 15:45:36
DEBUG - 2026-04-13 15:45:36 --> Teacher construct - Subscription still valid: subscription_end (2026-05-13 14:42:29) >= now (2026-04-13 15:45:36)
DEBUG - 2026-04-13 15:45:36 --> Teacher construct - Access allowed for method 'GET' (no blocking conditions)
DEBUG - 2026-04-13 15:45:36 --> Session: Class initialized using 'CodeIgniter\Session\Handlers\FileHandler' driver.
DEBUG - 2026-04-13 15:45:36 --> Teacher construct - is_teacher: true, school_id: 93, method: GET
DEBUG - 2026-04-13 15:45:36 --> Teacher construct - school_id: 93, is_paid: 1, subscription_end: 1778679749, now: 1776091536
DEBUG - 2026-04-13 15:45:36 --> Teacher construct - subscription_end date: 2026-05-13 14:42:29, now date: 2026-04-13 15:45:36
DEBUG - 2026-04-13 15:45:36 --> Teacher construct - Subscription still valid: subscription_end (2026-05-13 14:42:29) >= now (2026-04-13 15:45:36)
DEBUG - 2026-04-13 15:45:36 --> Teacher construct - Access allowed for method 'GET' (no blocking conditions)
DEBUG - 2026-04-13 15:45:36 --> Session: Class initialized using 'CodeIgniter\Session\Handlers\FileHandler' driver.
DEBUG - 2026-04-13 15:45:36 --> Teacher construct - is_teacher: true, school_id: 93, method: GET
DEBUG - 2026-04-13 15:45:36 --> Teacher construct - school_id: 93, is_paid: 1, subscription_end: 1778679749, now: 1776091536
DEBUG - 2026-04-13 15:45:36 --> Teacher construct - subscription_end date: 2026-05-13 14:42:29, now date: 2026-04-13 15:45:36
DEBUG - 2026-04-13 15:45:36 --> Teacher construct - Subscription still valid: subscription_end (2026-05-13 14:42:29) >= now (2026-04-13 15:45:36)
DEBUG - 2026-04-13 15:45:36 --> Teacher construct - Access allowed for method 'GET' (no blocking conditions)
DEBUG - 2026-04-13 15:45:37 --> Session: Class initialized using 'CodeIgniter\Session\Handlers\FileHandler' driver.
DEBUG - 2026-04-13 15:45:37 --> Teacher construct - is_teacher: true, school_id: 93, method: GET
DEBUG - 2026-04-13 15:45:37 --> Teacher construct - school_id: 93, is_paid: 1, subscription_end: 1778679749, now: 1776091537
DEBUG - 2026-04-13 15:45:37 --> Teacher construct - subscription_end date: 2026-05-13 14:42:29, now date: 2026-04-13 15:45:37
DEBUG - 2026-04-13 15:45:37 --> Teacher construct - Subscription still valid: subscription_end (2026-05-13 14:42:29) >= now (2026-04-13 15:45:37)
DEBUG - 2026-04-13 15:45:37 --> Teacher construct - Access allowed for method 'GET' (no blocking conditions)
DEBUG - 2026-04-13 15:45:43 --> Session: Class initialized using 'CodeIgniter\Session\Handlers\FileHandler' driver.
DEBUG - 2026-04-13 15:45:43 --> Teacher construct - is_teacher: true, school_id: 93, method: GET
DEBUG - 2026-04-13 15:45:43 --> Teacher construct - school_id: 93, is_paid: 1, subscription_end: 1778679749, now: 1776091543
DEBUG - 2026-04-13 15:45:43 --> Teacher construct - subscription_end date: 2026-05-13 14:42:29, now date: 2026-04-13 15:45:43
DEBUG - 2026-04-13 15:45:43 --> Teacher construct - Subscription still valid: subscription_end (2026-05-13 14:42:29) >= now (2026-04-13 15:45:43)
DEBUG - 2026-04-13 15:45:43 --> Teacher construct - Access allowed for method 'GET' (no blocking conditions)
DEBUG - 2026-04-13 15:46:21 --> Session: Class initialized using 'CodeIgniter\Session\Handlers\FileHandler' driver.
DEBUG - 2026-04-13 15:46:21 --> Teacher construct - is_teacher: true, school_id: 93, method: GET
DEBUG - 2026-04-13 15:46:21 --> Teacher construct - school_id: 93, is_paid: 1, subscription_end: 1778679749, now: 1776091581
DEBUG - 2026-04-13 15:46:21 --> Teacher construct - subscription_end date: 2026-05-13 14:42:29, now date: 2026-04-13 15:46:21
DEBUG - 2026-04-13 15:46:21 --> Teacher construct - Subscription still valid: subscription_end (2026-05-13 14:42:29) >= now (2026-04-13 15:46:21)
DEBUG - 2026-04-13 15:46:21 --> Teacher construct - Access allowed for method 'GET' (no blocking conditions)
DEBUG - 2026-04-13 15:50:42 --> Session: Class initialized using 'CodeIgniter\Session\Handlers\FileHandler' driver.
DEBUG - 2026-04-13 15:50:44 --> Teacher construct - is_teacher: true, school_id: 93, method: GET
DEBUG - 2026-04-13 15:50:44 --> Teacher construct - school_id: 93, is_paid: 1, subscription_end: 1778679749, now: 1776091844
DEBUG - 2026-04-13 15:50:44 --> Teacher construct - subscription_end date: 2026-05-13 14:42:29, now date: 2026-04-13 15:50:44
DEBUG - 2026-04-13 15:50:44 --> Teacher construct - Subscription still valid: subscription_end (2026-05-13 14:42:29) >= now (2026-04-13 15:50:44)
DEBUG - 2026-04-13 15:50:44 --> Teacher construct - Access allowed for method 'GET' (no blocking conditions)
DEBUG - 2026-04-13 15:50:47 --> Total exams not yet taken calculated for school_id 93: 0
DEBUG - 2026-04-13 15:51:05 --> Session: Class initialized using 'CodeIgniter\Session\Handlers\FileHandler' driver.
DEBUG - 2026-04-13 15:51:06 --> Teacher construct - is_teacher: true, school_id: 93, method: GET
DEBUG - 2026-04-13 15:51:06 --> Teacher construct - school_id: 93, is_paid: 1, subscription_end: 1778679749, now: 1776091866
DEBUG - 2026-04-13 15:51:06 --> Teacher construct - subscription_end date: 2026-05-13 14:42:29, now date: 2026-04-13 15:51:06
DEBUG - 2026-04-13 15:51:06 --> Teacher construct - Subscription still valid: subscription_end (2026-05-13 14:42:29) >= now (2026-04-13 15:51:06)
DEBUG - 2026-04-13 15:51:06 --> Teacher construct - Access allowed for method 'GET' (no blocking conditions)
DEBUG - 2026-04-13 15:51:06 --> Session: Class initialized using 'CodeIgniter\Session\Handlers\FileHandler' driver.
DEBUG - 2026-04-13 15:51:07 --> Teacher construct - is_teacher: true, school_id: 93, method: GET
DEBUG - 2026-04-13 15:51:07 --> Teacher construct - school_id: 93, is_paid: 1, subscription_end: 1778679749, now: 1776091867
DEBUG - 2026-04-13 15:51:07 --> Teacher construct - subscription_end date: 2026-05-13 14:42:29, now date: 2026-04-13 15:51:07
DEBUG - 2026-04-13 15:51:07 --> Teacher construct - Subscription still valid: subscription_end (2026-05-13 14:42:29) >= now (2026-04-13 15:51:07)
DEBUG - 2026-04-13 15:51:07 --> Teacher construct - Access allowed for method 'GET' (no blocking conditions)
DEBUG - 2026-04-13 15:51:07 --> Session: Class initialized using 'CodeIgniter\Session\Handlers\FileHandler' driver.
DEBUG - 2026-04-13 15:51:07 --> Teacher construct - is_teacher: true, school_id: 93, method: GET
DEBUG - 2026-04-13 15:51:07 --> Teacher construct - school_id: 93, is_paid: 1, subscription_end: 1778679749, now: 1776091867
DEBUG - 2026-04-13 15:51:07 --> Teacher construct - subscription_end date: 2026-05-13 14:42:29, now date: 2026-04-13 15:51:07
DEBUG - 2026-04-13 15:51:07 --> Teacher construct - Subscription still valid: subscription_end (2026-05-13 14:42:29) >= now (2026-04-13 15:51:07)
DEBUG - 2026-04-13 15:51:07 --> Teacher construct - Access allowed for method 'GET' (no blocking conditions)
DEBUG - 2026-04-13 15:51:07 --> Session: Class initialized using 'CodeIgniter\Session\Handlers\FileHandler' driver.
DEBUG - 2026-04-13 15:51:08 --> Teacher construct - is_teacher: true, school_id: 93, method: GET
DEBUG - 2026-04-13 15:51:08 --> Teacher construct - school_id: 93, is_paid: 1, subscription_end: 1778679749, now: 1776091868
DEBUG - 2026-04-13 15:51:08 --> Teacher construct - subscription_end date: 2026-05-13 14:42:29, now date: 2026-04-13 15:51:08
DEBUG - 2026-04-13 15:51:08 --> Teacher construct - Subscription still valid: subscription_end (2026-05-13 14:42:29) >= now (2026-04-13 15:51:08)
DEBUG - 2026-04-13 15:51:08 --> Teacher construct - Access allowed for method 'GET' (no blocking conditions)
DEBUG - 2026-04-13 15:51:08 --> Session: Class initialized using 'CodeIgniter\Session\Handlers\FileHandler' driver.
DEBUG - 2026-04-13 15:51:08 --> Teacher construct - is_teacher: true, school_id: 93, method: GET
DEBUG - 2026-04-13 15:51:08 --> Teacher construct - school_id: 93, is_paid: 1, subscription_end: 1778679749, now: 1776091868
DEBUG - 2026-04-13 15:51:08 --> Teacher construct - subscription_end date: 2026-05-13 14:42:29, now date: 2026-04-13 15:51:08
DEBUG - 2026-04-13 15:51:08 --> Teacher construct - Subscription still valid: subscription_end (2026-05-13 14:42:29) >= now (2026-04-13 15:51:08)
DEBUG - 2026-04-13 15:51:08 --> Teacher construct - Access allowed for method 'GET' (no blocking conditions)
DEBUG - 2026-04-13 15:51:08 --> Session: Class initialized using 'CodeIgniter\Session\Handlers\FileHandler' driver.
DEBUG - 2026-04-13 15:51:09 --> Teacher construct - is_teacher: true, school_id: 93, method: GET
DEBUG - 2026-04-13 15:51:09 --> Teacher construct - school_id: 93, is_paid: 1, subscription_end: 1778679749, now: 1776091869
DEBUG - 2026-04-13 15:51:09 --> Teacher construct - subscription_end date: 2026-05-13 14:42:29, now date: 2026-04-13 15:51:09
DEBUG - 2026-04-13 15:51:09 --> Teacher construct - Subscription still valid: subscription_end (2026-05-13 14:42:29) >= now (2026-04-13 15:51:09)
DEBUG - 2026-04-13 15:51:09 --> Teacher construct - Access allowed for method 'GET' (no blocking conditions)
DEBUG - 2026-04-13 15:51:12 --> Session: Class initialized using 'CodeIgniter\Session\Handlers\FileHandler' driver.
DEBUG - 2026-04-13 15:51:12 --> Teacher construct - is_teacher: true, school_id: 93, method: GET
DEBUG - 2026-04-13 15:51:12 --> Teacher construct - school_id: 93, is_paid: 1, subscription_end: 1778679749, now: 1776091872
DEBUG - 2026-04-13 15:51:12 --> Teacher construct - subscription_end date: 2026-05-13 14:42:29, now date: 2026-04-13 15:51:12
DEBUG - 2026-04-13 15:51:12 --> Teacher construct - Subscription still valid: subscription_end (2026-05-13 14:42:29) >= now (2026-04-13 15:51:12)
DEBUG - 2026-04-13 15:51:12 --> Teacher construct - Access allowed for method 'GET' (no blocking conditions)
DEBUG - 2026-04-13 15:51:17 --> Session: Class initialized using 'CodeIgniter\Session\Handlers\FileHandler' driver.
DEBUG - 2026-04-13 15:51:18 --> Teacher construct - is_teacher: true, school_id: 93, method: GET
DEBUG - 2026-04-13 15:51:18 --> Teacher construct - school_id: 93, is_paid: 1, subscription_end: 1778679749, now: 1776091878
DEBUG - 2026-04-13 15:51:18 --> Teacher construct - subscription_end date: 2026-05-13 14:42:29, now date: 2026-04-13 15:51:18
DEBUG - 2026-04-13 15:51:18 --> Teacher construct - Subscription still valid: subscription_end (2026-05-13 14:42:29) >= now (2026-04-13 15:51:18)
DEBUG - 2026-04-13 15:51:18 --> Teacher construct - Access allowed for method 'GET' (no blocking conditions)
DEBUG - 2026-04-13 15:53:32 --> Session: Class initialized using 'CodeIgniter\Session\Handlers\FileHandler' driver.
DEBUG - 2026-04-13 15:53:34 --> Teacher construct - is_teacher: true, school_id: 93, method: GET
DEBUG - 2026-04-13 15:53:34 --> Teacher construct - school_id: 93, is_paid: 1, subscription_end: 1778679749, now: 1776092014
DEBUG - 2026-04-13 15:53:34 --> Teacher construct - subscription_end date: 2026-05-13 14:42:29, now date: 2026-04-13 15:53:34
DEBUG - 2026-04-13 15:53:34 --> Teacher construct - Subscription still valid: subscription_end (2026-05-13 14:42:29) >= now (2026-04-13 15:53:34)
DEBUG - 2026-04-13 15:53:34 --> Teacher construct - Access allowed for method 'GET' (no blocking conditions)
DEBUG - 2026-04-13 15:53:38 --> Total exams not yet taken calculated for school_id 93: 0
DEBUG - 2026-04-13 15:53:50 --> Session: Class initialized using 'CodeIgniter\Session\Handlers\FileHandler' driver.
DEBUG - 2026-04-13 15:53:50 --> Teacher construct - is_teacher: true, school_id: 93, method: GET
DEBUG - 2026-04-13 15:53:50 --> Teacher construct - school_id: 93, is_paid: 1, subscription_end: 1778679749, now: 1776092030
DEBUG - 2026-04-13 15:53:50 --> Teacher construct - subscription_end date: 2026-05-13 14:42:29, now date: 2026-04-13 15:53:50
DEBUG - 2026-04-13 15:53:50 --> Teacher construct - Subscription still valid: subscription_end (2026-05-13 14:42:29) >= now (2026-04-13 15:53:50)
DEBUG - 2026-04-13 15:53:50 --> Teacher construct - Access allowed for method 'GET' (no blocking conditions)
ERROR - 2026-04-13 15:53:50 --> TEACHER get_events() called - teacher_login: 1
ERROR - 2026-04-13 15:53:50 --> TEACHER get_events() - user_id: 401
ERROR - 2026-04-13 15:53:50 --> TEACHER get_events() - role: teacher
DEBUG - 2026-04-13 15:53:51 --> Session: Class initialized using 'CodeIgniter\Session\Handlers\FileHandler' driver.
DEBUG - 2026-04-13 15:53:52 --> Teacher construct - is_teacher: true, school_id: 93, method: GET
DEBUG - 2026-04-13 15:53:52 --> Teacher construct - school_id: 93, is_paid: 1, subscription_end: 1778679749, now: 1776092032
DEBUG - 2026-04-13 15:53:52 --> Teacher construct - subscription_end date: 2026-05-13 14:42:29, now date: 2026-04-13 15:53:52
DEBUG - 2026-04-13 15:53:52 --> Teacher construct - Subscription still valid: subscription_end (2026-05-13 14:42:29) >= now (2026-04-13 15:53:52)
DEBUG - 2026-04-13 15:53:52 --> Teacher construct - Access allowed for method 'GET' (no blocking conditions)
DEBUG - 2026-04-13 15:53:52 --> Session: Class initialized using 'CodeIgniter\Session\Handlers\FileHandler' driver.
DEBUG - 2026-04-13 15:53:52 --> Teacher construct - is_teacher: true, school_id: 93, method: GET
DEBUG - 2026-04-13 15:53:52 --> Teacher construct - school_id: 93, is_paid: 1, subscription_end: 1778679749, now: 1776092032
DEBUG - 2026-04-13 15:53:52 --> Teacher construct - subscription_end date: 2026-05-13 14:42:29, now date: 2026-04-13 15:53:52
DEBUG - 2026-04-13 15:53:52 --> Teacher construct - Subscription still valid: subscription_end (2026-05-13 14:42:29) >= now (2026-04-13 15:53:52)
DEBUG - 2026-04-13 15:53:52 --> Teacher construct - Access allowed for method 'GET' (no blocking conditions)
ERROR - 2026-04-13 15:53:52 --> TEACHER get_events() called - teacher_login: 1
ERROR - 2026-04-13 15:53:52 --> TEACHER get_events() - user_id: 401
ERROR - 2026-04-13 15:53:52 --> TEACHER get_events() - role: teacher
DEBUG - 2026-04-13 15:53:53 --> Session: Class initialized using 'CodeIgniter\Session\Handlers\FileHandler' driver.
DEBUG - 2026-04-13 15:53:53 --> Teacher construct - is_teacher: true, school_id: 93, method: GET
DEBUG - 2026-04-13 15:53:53 --> Teacher construct - school_id: 93, is_paid: 1, subscription_end: 1778679749, now: 1776092033
DEBUG - 2026-04-13 15:53:53 --> Teacher construct - subscription_end date: 2026-05-13 14:42:29, now date: 2026-04-13 15:53:53
DEBUG - 2026-04-13 15:53:53 --> Teacher construct - Subscription still valid: subscription_end (2026-05-13 14:42:29) >= now (2026-04-13 15:53:53)
DEBUG - 2026-04-13 15:53:53 --> Teacher construct - Access allowed for method 'GET' (no blocking conditions)
ERROR - 2026-04-13 15:53:53 --> TEACHER get_events() called - teacher_login: 1
ERROR - 2026-04-13 15:53:53 --> TEACHER get_events() - user_id: 401
ERROR - 2026-04-13 15:53:53 --> TEACHER get_events() - role: teacher
DEBUG - 2026-04-13 15:53:53 --> Session: Class initialized using 'CodeIgniter\Session\Handlers\FileHandler' driver.
DEBUG - 2026-04-13 15:53:54 --> Teacher construct - is_teacher: true, school_id: 93, method: GET
DEBUG - 2026-04-13 15:53:54 --> Teacher construct - school_id: 93, is_paid: 1, subscription_end: 1778679749, now: 1776092034
DEBUG - 2026-04-13 15:53:54 --> Teacher construct - subscription_end date: 2026-05-13 14:42:29, now date: 2026-04-13 15:53:54
DEBUG - 2026-04-13 15:53:54 --> Teacher construct - Subscription still valid: subscription_end (2026-05-13 14:42:29) >= now (2026-04-13 15:53:54)
DEBUG - 2026-04-13 15:53:54 --> Teacher construct - Access allowed for method 'GET' (no blocking conditions)
DEBUG - 2026-04-13 15:53:54 --> Session: Class initialized using 'CodeIgniter\Session\Handlers\FileHandler' driver.
DEBUG - 2026-04-13 15:53:54 --> Teacher construct - is_teacher: true, school_id: 93, method: GET
DEBUG - 2026-04-13 15:53:54 --> Teacher construct - school_id: 93, is_paid: 1, subscription_end: 1778679749, now: 1776092034
DEBUG - 2026-04-13 15:53:54 --> Teacher construct - subscription_end date: 2026-05-13 14:42:29, now date: 2026-04-13 15:53:54
DEBUG - 2026-04-13 15:53:54 --> Teacher construct - Subscription still valid: subscription_end (2026-05-13 14:42:29) >= now (2026-04-13 15:53:54)
DEBUG - 2026-04-13 15:53:54 --> Teacher construct - Access allowed for method 'GET' (no blocking conditions)
ERROR - 2026-04-13 15:53:54 --> TEACHER get_events() called - teacher_login: 1
ERROR - 2026-04-13 15:53:54 --> TEACHER get_events() - user_id: 401
ERROR - 2026-04-13 15:53:54 --> TEACHER get_events() - role: teacher
DEBUG - 2026-04-13 15:53:55 --> Session: Class initialized using 'CodeIgniter\Session\Handlers\FileHandler' driver.
DEBUG - 2026-04-13 15:53:55 --> Teacher construct - is_teacher: true, school_id: 93, method: GET
DEBUG - 2026-04-13 15:53:55 --> Teacher construct - school_id: 93, is_paid: 1, subscription_end: 1778679749, now: 1776092035
DEBUG - 2026-04-13 15:53:55 --> Teacher construct - subscription_end date: 2026-05-13 14:42:29, now date: 2026-04-13 15:53:55
DEBUG - 2026-04-13 15:53:55 --> Teacher construct - Subscription still valid: subscription_end (2026-05-13 14:42:29) >= now (2026-04-13 15:53:55)
DEBUG - 2026-04-13 15:53:55 --> Teacher construct - Access allowed for method 'GET' (no blocking conditions)
ERROR - 2026-04-13 15:53:55 --> TEACHER get_events() called - teacher_login: 1
ERROR - 2026-04-13 15:53:55 --> TEACHER get_events() - user_id: 401
ERROR - 2026-04-13 15:53:55 --> TEACHER get_events() - role: teacher
DEBUG - 2026-04-13 15:54:08 --> Session: Class initialized using 'CodeIgniter\Session\Handlers\FileHandler' driver.
DEBUG - 2026-04-13 15:54:08 --> Teacher construct - is_teacher: true, school_id: 93, method: GET
DEBUG - 2026-04-13 15:54:08 --> Teacher construct - school_id: 93, is_paid: 1, subscription_end: 1778679749, now: 1776092048
DEBUG - 2026-04-13 15:54:08 --> Teacher construct - subscription_end date: 2026-05-13 14:42:29, now date: 2026-04-13 15:54:08
DEBUG - 2026-04-13 15:54:08 --> Teacher construct - Subscription still valid: subscription_end (2026-05-13 14:42:29) >= now (2026-04-13 15:54:08)
DEBUG - 2026-04-13 15:54:08 --> Teacher construct - Access allowed for method 'GET' (no blocking conditions)
DEBUG - 2026-04-13 15:54:44 --> Session: Class initialized using 'CodeIgniter\Session\Handlers\FileHandler' driver.
DEBUG - 2026-04-13 15:54:44 --> Teacher construct - is_teacher: true, school_id: 93, method: GET
DEBUG - 2026-04-13 15:54:44 --> Teacher construct - school_id: 93, is_paid: 1, subscription_end: 1778679749, now: 1776092084
DEBUG - 2026-04-13 15:54:44 --> Teacher construct - subscription_end date: 2026-05-13 14:42:29, now date: 2026-04-13 15:54:44
DEBUG - 2026-04-13 15:54:44 --> Teacher construct - Subscription still valid: subscription_end (2026-05-13 14:42:29) >= now (2026-04-13 15:54:44)
DEBUG - 2026-04-13 15:54:44 --> Teacher construct - Access allowed for method 'GET' (no blocking conditions)
DEBUG - 2026-04-13 15:54:45 --> Total exams not yet taken calculated for school_id 93: 0
DEBUG - 2026-04-13 15:54:48 --> Session: Class initialized using 'CodeIgniter\Session\Handlers\FileHandler' driver.
DEBUG - 2026-04-13 15:54:49 --> Teacher construct - is_teacher: true, school_id: 93, method: GET
DEBUG - 2026-04-13 15:54:49 --> Teacher construct - school_id: 93, is_paid: 1, subscription_end: 1778679749, now: 1776092089
DEBUG - 2026-04-13 15:54:49 --> Teacher construct - subscription_end date: 2026-05-13 14:42:29, now date: 2026-04-13 15:54:49
DEBUG - 2026-04-13 15:54:49 --> Teacher construct - Subscription still valid: subscription_end (2026-05-13 14:42:29) >= now (2026-04-13 15:54:49)
DEBUG - 2026-04-13 15:54:49 --> Teacher construct - Access allowed for method 'GET' (no blocking conditions)
ERROR - 2026-04-13 15:54:49 --> TEACHER get_events() called - teacher_login: 1
ERROR - 2026-04-13 15:54:49 --> TEACHER get_events() - user_id: 401
ERROR - 2026-04-13 15:54:49 --> TEACHER get_events() - role: teacher
DEBUG - 2026-04-13 15:54:49 --> Session: Class initialized using 'CodeIgniter\Session\Handlers\FileHandler' driver.
DEBUG - 2026-04-13 15:54:49 --> Teacher construct - is_teacher: true, school_id: 93, method: GET
DEBUG - 2026-04-13 15:54:49 --> Teacher construct - school_id: 93, is_paid: 1, subscription_end: 1778679749, now: 1776092089
DEBUG - 2026-04-13 15:54:49 --> Teacher construct - subscription_end date: 2026-05-13 14:42:29, now date: 2026-04-13 15:54:49
DEBUG - 2026-04-13 15:54:49 --> Teacher construct - Subscription still valid: subscription_end (2026-05-13 14:42:29) >= now (2026-04-13 15:54:49)
DEBUG - 2026-04-13 15:54:49 --> Teacher construct - Access allowed for method 'GET' (no blocking conditions)
DEBUG - 2026-04-13 15:54:49 --> Session: Class initialized using 'CodeIgniter\Session\Handlers\FileHandler' driver.
DEBUG - 2026-04-13 15:54:50 --> Teacher construct - is_teacher: true, school_id: 93, method: GET
DEBUG - 2026-04-13 15:54:50 --> Teacher construct - school_id: 93, is_paid: 1, subscription_end: 1778679749, now: 1776092090
DEBUG - 2026-04-13 15:54:50 --> Teacher construct - subscription_end date: 2026-05-13 14:42:29, now date: 2026-04-13 15:54:50
DEBUG - 2026-04-13 15:54:50 --> Teacher construct - Subscription still valid: subscription_end (2026-05-13 14:42:29) >= now (2026-04-13 15:54:50)
DEBUG - 2026-04-13 15:54:50 --> Teacher construct - Access allowed for method 'GET' (no blocking conditions)
ERROR - 2026-04-13 15:54:50 --> TEACHER get_events() called - teacher_login: 1
ERROR - 2026-04-13 15:54:50 --> TEACHER get_events() - user_id: 401
ERROR - 2026-04-13 15:54:50 --> TEACHER get_events() - role: teacher
DEBUG - 2026-04-13 15:54:50 --> Session: Class initialized using 'CodeIgniter\Session\Handlers\FileHandler' driver.
DEBUG - 2026-04-13 15:54:50 --> Teacher construct - is_teacher: true, school_id: 93, method: GET
DEBUG - 2026-04-13 15:54:50 --> Teacher construct - school_id: 93, is_paid: 1, subscription_end: 1778679749, now: 1776092090
DEBUG - 2026-04-13 15:54:50 --> Teacher construct - subscription_end date: 2026-05-13 14:42:29, now date: 2026-04-13 15:54:50
DEBUG - 2026-04-13 15:54:50 --> Teacher construct - Subscription still valid: subscription_end (2026-05-13 14:42:29) >= now (2026-04-13 15:54:50)
DEBUG - 2026-04-13 15:54:50 --> Teacher construct - Access allowed for method 'GET' (no blocking conditions)
ERROR - 2026-04-13 15:54:50 --> TEACHER get_events() called - teacher_login: 1
ERROR - 2026-04-13 15:54:50 --> TEACHER get_events() - user_id: 401
ERROR - 2026-04-13 15:54:50 --> TEACHER get_events() - role: teacher
DEBUG - 2026-04-13 15:54:51 --> Session: Class initialized using 'CodeIgniter\Session\Handlers\FileHandler' driver.
DEBUG - 2026-04-13 15:54:51 --> Teacher construct - is_teacher: true, school_id: 93, method: GET
DEBUG - 2026-04-13 15:54:51 --> Teacher construct - school_id: 93, is_paid: 1, subscription_end: 1778679749, now: 1776092091
DEBUG - 2026-04-13 15:54:51 --> Teacher construct - subscription_end date: 2026-05-13 14:42:29, now date: 2026-04-13 15:54:51
DEBUG - 2026-04-13 15:54:51 --> Teacher construct - Subscription still valid: subscription_end (2026-05-13 14:42:29) >= now (2026-04-13 15:54:51)
DEBUG - 2026-04-13 15:54:51 --> Teacher construct - Access allowed for method 'GET' (no blocking conditions)
ERROR - 2026-04-13 15:54:51 --> TEACHER get_events() called - teacher_login: 1
ERROR - 2026-04-13 15:54:51 --> TEACHER get_events() - user_id: 401
ERROR - 2026-04-13 15:54:51 --> TEACHER get_events() - role: teacher
DEBUG - 2026-04-13 15:54:52 --> Session: Class initialized using 'CodeIgniter\Session\Handlers\FileHandler' driver.
DEBUG - 2026-04-13 15:54:52 --> Teacher construct - is_teacher: true, school_id: 93, method: GET
DEBUG - 2026-04-13 15:54:52 --> Teacher construct - school_id: 93, is_paid: 1, subscription_end: 1778679749, now: 1776092092
DEBUG - 2026-04-13 15:54:52 --> Teacher construct - subscription_end date: 2026-05-13 14:42:29, now date: 2026-04-13 15:54:52
DEBUG - 2026-04-13 15:54:52 --> Teacher construct - Subscription still valid: subscription_end (2026-05-13 14:42:29) >= now (2026-04-13 15:54:52)
DEBUG - 2026-04-13 15:54:52 --> Teacher construct - Access allowed for method 'GET' (no blocking conditions)
DEBUG - 2026-04-13 15:54:52 --> Session: Class initialized using 'CodeIgniter\Session\Handlers\FileHandler' driver.
DEBUG - 2026-04-13 15:54:52 --> Teacher construct - is_teacher: true, school_id: 93, method: GET
DEBUG - 2026-04-13 15:54:52 --> Teacher construct - school_id: 93, is_paid: 1, subscription_end: 1778679749, now: 1776092092
DEBUG - 2026-04-13 15:54:52 --> Teacher construct - subscription_end date: 2026-05-13 14:42:29, now date: 2026-04-13 15:54:52
DEBUG - 2026-04-13 15:54:52 --> Teacher construct - Subscription still valid: subscription_end (2026-05-13 14:42:29) >= now (2026-04-13 15:54:52)
DEBUG - 2026-04-13 15:54:52 --> Teacher construct - Access allowed for method 'GET' (no blocking conditions)
DEBUG - 2026-04-13 15:57:48 --> Session: Class initialized using 'CodeIgniter\Session\Handlers\FileHandler' driver.
DEBUG - 2026-04-13 15:57:49 --> Teacher construct - is_teacher: true, school_id: 93, method: GET
DEBUG - 2026-04-13 15:57:49 --> Teacher construct - school_id: 93, is_paid: 1, subscription_end: 1778679749, now: 1776092269
DEBUG - 2026-04-13 15:57:49 --> Teacher construct - subscription_end date: 2026-05-13 14:42:29, now date: 2026-04-13 15:57:49
DEBUG - 2026-04-13 15:57:49 --> Teacher construct - Subscription still valid: subscription_end (2026-05-13 14:42:29) >= now (2026-04-13 15:57:49)
DEBUG - 2026-04-13 15:57:49 --> Teacher construct - Access allowed for method 'GET' (no blocking conditions)
DEBUG - 2026-04-13 15:57:52 --> Total exams not yet taken calculated for school_id 93: 0
DEBUG - 2026-04-13 15:58:03 --> Session: Class initialized using 'CodeIgniter\Session\Handlers\FileHandler' driver.
DEBUG - 2026-04-13 15:58:04 --> Teacher construct - is_teacher: true, school_id: 93, method: GET
DEBUG - 2026-04-13 15:58:04 --> Teacher construct - school_id: 93, is_paid: 1, subscription_end: 1778679749, now: 1776092284
DEBUG - 2026-04-13 15:58:04 --> Teacher construct - subscription_end date: 2026-05-13 14:42:29, now date: 2026-04-13 15:58:04
DEBUG - 2026-04-13 15:58:04 --> Teacher construct - Subscription still valid: subscription_end (2026-05-13 14:42:29) >= now (2026-04-13 15:58:04)
DEBUG - 2026-04-13 15:58:04 --> Teacher construct - Access allowed for method 'GET' (no blocking conditions)
ERROR - 2026-04-13 15:58:04 --> TEACHER get_events() called - teacher_login: 1
ERROR - 2026-04-13 15:58:04 --> TEACHER get_events() - user_id: 401
ERROR - 2026-04-13 15:58:04 --> TEACHER get_events() - role: teacher
DEBUG - 2026-04-13 15:58:04 --> Session: Class initialized using 'CodeIgniter\Session\Handlers\FileHandler' driver.
DEBUG - 2026-04-13 15:58:04 --> Teacher construct - is_teacher: true, school_id: 93, method: GET
DEBUG - 2026-04-13 15:58:04 --> Teacher construct - school_id: 93, is_paid: 1, subscription_end: 1778679749, now: 1776092284
DEBUG - 2026-04-13 15:58:04 --> Teacher construct - subscription_end date: 2026-05-13 14:42:29, now date: 2026-04-13 15:58:04
DEBUG - 2026-04-13 15:58:04 --> Teacher construct - Subscription still valid: subscription_end (2026-05-13 14:42:29) >= now (2026-04-13 15:58:04)
DEBUG - 2026-04-13 15:58:04 --> Teacher construct - Access allowed for method 'GET' (no blocking conditions)
ERROR - 2026-04-13 15:58:04 --> TEACHER get_events() called - teacher_login: 1
ERROR - 2026-04-13 15:58:04 --> TEACHER get_events() - user_id: 401
ERROR - 2026-04-13 15:58:04 --> TEACHER get_events() - role: teacher
DEBUG - 2026-04-13 15:58:05 --> Session: Class initialized using 'CodeIgniter\Session\Handlers\FileHandler' driver.
DEBUG - 2026-04-13 15:58:05 --> Teacher construct - is_teacher: true, school_id: 93, method: GET
DEBUG - 2026-04-13 15:58:05 --> Teacher construct - school_id: 93, is_paid: 1, subscription_end: 1778679749, now: 1776092285
DEBUG - 2026-04-13 15:58:05 --> Teacher construct - subscription_end date: 2026-05-13 14:42:29, now date: 2026-04-13 15:58:05
DEBUG - 2026-04-13 15:58:05 --> Teacher construct - Subscription still valid: subscription_end (2026-05-13 14:42:29) >= now (2026-04-13 15:58:05)
DEBUG - 2026-04-13 15:58:05 --> Teacher construct - Access allowed for method 'GET' (no blocking conditions)
ERROR - 2026-04-13 15:58:05 --> TEACHER get_events() called - teacher_login: 1
ERROR - 2026-04-13 15:58:05 --> TEACHER get_events() - user_id: 401
ERROR - 2026-04-13 15:58:05 --> TEACHER get_events() - role: teacher
DEBUG - 2026-04-13 15:58:05 --> Session: Class initialized using 'CodeIgniter\Session\Handlers\FileHandler' driver.
DEBUG - 2026-04-13 15:58:05 --> Teacher construct - is_teacher: true, school_id: 93, method: GET
DEBUG - 2026-04-13 15:58:05 --> Teacher construct - school_id: 93, is_paid: 1, subscription_end: 1778679749, now: 1776092285
DEBUG - 2026-04-13 15:58:05 --> Teacher construct - subscription_end date: 2026-05-13 14:42:29, now date: 2026-04-13 15:58:05
DEBUG - 2026-04-13 15:58:05 --> Teacher construct - Subscription still valid: subscription_end (2026-05-13 14:42:29) >= now (2026-04-13 15:58:05)
DEBUG - 2026-04-13 15:58:05 --> Teacher construct - Access allowed for method 'GET' (no blocking conditions)
DEBUG - 2026-04-13 15:58:05 --> Session: Class initialized using 'CodeIgniter\Session\Handlers\FileHandler' driver.
DEBUG - 2026-04-13 15:58:06 --> Teacher construct - is_teacher: true, school_id: 93, method: GET
DEBUG - 2026-04-13 15:58:06 --> Teacher construct - school_id: 93, is_paid: 1, subscription_end: 1778679749, now: 1776092286
DEBUG - 2026-04-13 15:58:06 --> Teacher construct - subscription_end date: 2026-05-13 14:42:29, now date: 2026-04-13 15:58:06
DEBUG - 2026-04-13 15:58:06 --> Teacher construct - Subscription still valid: subscription_end (2026-05-13 14:42:29) >= now (2026-04-13 15:58:06)
DEBUG - 2026-04-13 15:58:06 --> Teacher construct - Access allowed for method 'GET' (no blocking conditions)
ERROR - 2026-04-13 15:58:06 --> TEACHER get_events() called - teacher_login: 1
ERROR - 2026-04-13 15:58:06 --> TEACHER get_events() - user_id: 401
ERROR - 2026-04-13 15:58:06 --> TEACHER get_events() - role: teacher
DEBUG - 2026-04-13 15:58:06 --> Session: Class initialized using 'CodeIgniter\Session\Handlers\FileHandler' driver.
DEBUG - 2026-04-13 15:58:06 --> Teacher construct - is_teacher: true, school_id: 93, method: GET
DEBUG - 2026-04-13 15:58:06 --> Teacher construct - school_id: 93, is_paid: 1, subscription_end: 1778679749, now: 1776092286
DEBUG - 2026-04-13 15:58:06 --> Teacher construct - subscription_end date: 2026-05-13 14:42:29, now date: 2026-04-13 15:58:06
DEBUG - 2026-04-13 15:58:06 --> Teacher construct - Subscription still valid: subscription_end (2026-05-13 14:42:29) >= now (2026-04-13 15:58:06)
DEBUG - 2026-04-13 15:58:06 --> Teacher construct - Access allowed for method 'GET' (no blocking conditions)
DEBUG - 2026-04-13 15:58:07 --> Session: Class initialized using 'CodeIgniter\Session\Handlers\FileHandler' driver.
DEBUG - 2026-04-13 15:58:08 --> Teacher construct - is_teacher: true, school_id: 93, method: GET
DEBUG - 2026-04-13 15:58:08 --> Teacher construct - school_id: 93, is_paid: 1, subscription_end: 1778679749, now: 1776092288
DEBUG - 2026-04-13 15:58:08 --> Teacher construct - subscription_end date: 2026-05-13 14:42:29, now date: 2026-04-13 15:58:08
DEBUG - 2026-04-13 15:58:08 --> Teacher construct - Subscription still valid: subscription_end (2026-05-13 14:42:29) >= now (2026-04-13 15:58:08)
DEBUG - 2026-04-13 15:58:08 --> Teacher construct - Access allowed for method 'GET' (no blocking conditions)
INFO - 2026-04-13 15:58:08 --> CSRF token verified.
DEBUG - 2026-04-13 15:58:08 --> Session: Class initialized using 'CodeIgniter\Session\Handlers\FileHandler' driver.
DEBUG - 2026-04-13 15:58:08 --> Teacher construct - is_teacher: true, school_id: 93, method: POST
DEBUG - 2026-04-13 15:58:08 --> Teacher construct - school_id: 93, is_paid: 1, subscription_end: 1778679749, now: 1776092288
DEBUG - 2026-04-13 15:58:08 --> Teacher construct - subscription_end date: 2026-05-13 14:42:29, now date: 2026-04-13 15:58:08
DEBUG - 2026-04-13 15:58:08 --> Teacher construct - Subscription still valid: subscription_end (2026-05-13 14:42:29) >= now (2026-04-13 15:58:08)
DEBUG - 2026-04-13 15:58:08 --> Teacher construct - Access allowed for method 'POST' (no blocking conditions)
INFO - 2026-04-13 15:58:25 --> CSRF token verified.
DEBUG - 2026-04-13 15:58:25 --> Session: Class initialized using 'CodeIgniter\Session\Handlers\FileHandler' driver.
DEBUG - 2026-04-13 15:58:26 --> Teacher construct - is_teacher: true, school_id: 93, method: POST
DEBUG - 2026-04-13 15:58:26 --> Teacher construct - school_id: 93, is_paid: 1, subscription_end: 1778679749, now: 1776092306
DEBUG - 2026-04-13 15:58:26 --> Teacher construct - subscription_end date: 2026-05-13 14:42:29, now date: 2026-04-13 15:58:26
DEBUG - 2026-04-13 15:58:26 --> Teacher construct - Subscription still valid: subscription_end (2026-05-13 14:42:29) >= now (2026-04-13 15:58:26)
DEBUG - 2026-04-13 15:58:26 --> Teacher construct - Access allowed for method 'POST' (no blocking conditions)
DEBUG - 2026-04-13 15:58:29 --> Session: Class initialized using 'CodeIgniter\Session\Handlers\FileHandler' driver.
DEBUG - 2026-04-13 15:58:31 --> Teacher construct - is_teacher: true, school_id: 93, method: GET
DEBUG - 2026-04-13 15:58:31 --> Teacher construct - school_id: 93, is_paid: 1, subscription_end: 1778679749, now: 1776092311
DEBUG - 2026-04-13 15:58:31 --> Teacher construct - subscription_end date: 2026-05-13 14:42:29, now date: 2026-04-13 15:58:31
DEBUG - 2026-04-13 15:58:31 --> Teacher construct - Subscription still valid: subscription_end (2026-05-13 14:42:29) >= now (2026-04-13 15:58:31)
DEBUG - 2026-04-13 15:58:31 --> Teacher construct - Access allowed for method 'GET' (no blocking conditions)
ERROR - 2026-04-13 15:58:31 --> TEACHER get_events() called - teacher_login: 1
ERROR - 2026-04-13 15:58:31 --> TEACHER get_events() - user_id: 401
ERROR - 2026-04-13 15:58:31 --> TEACHER get_events() - role: teacher
DEBUG - 2026-04-13 16:09:00 --> Session: Class initialized using 'CodeIgniter\Session\Handlers\FileHandler' driver.
DEBUG - 2026-04-13 16:09:00 --> Teacher construct - is_teacher: true, school_id: 93, method: GET
DEBUG - 2026-04-13 16:09:00 --> Teacher construct - school_id: 93, is_paid: 1, subscription_end: 1778679749, now: 1776092940
DEBUG - 2026-04-13 16:09:00 --> Teacher construct - subscription_end date: 2026-05-13 14:42:29, now date: 2026-04-13 16:09:00
DEBUG - 2026-04-13 16:09:00 --> Teacher construct - Subscription still valid: subscription_end (2026-05-13 14:42:29) >= now (2026-04-13 16:09:00)
DEBUG - 2026-04-13 16:09:00 --> Teacher construct - Access allowed for method 'GET' (no blocking conditions)
DEBUG - 2026-04-13 16:09:00 --> Total exams not yet taken calculated for school_id 93: 0
INFO - 2026-04-13 16:09:04 --> CSRF token verified.
DEBUG - 2026-04-13 16:09:04 --> Session: Class initialized using 'CodeIgniter\Session\Handlers\FileHandler' driver.
DEBUG - 2026-04-13 16:09:04 --> Teacher construct - is_teacher: true, school_id: 93, method: POST
DEBUG - 2026-04-13 16:09:04 --> Teacher construct - school_id: 93, is_paid: 1, subscription_end: 1778679749, now: 1776092944
DEBUG - 2026-04-13 16:09:04 --> Teacher construct - subscription_end date: 2026-05-13 14:42:29, now date: 2026-04-13 16:09:04
DEBUG - 2026-04-13 16:09:04 --> Teacher construct - Subscription still valid: subscription_end (2026-05-13 14:42:29) >= now (2026-04-13 16:09:04)
DEBUG - 2026-04-13 16:09:04 --> Teacher construct - Access allowed for method 'POST' (no blocking conditions)
DEBUG - 2026-04-13 16:15:58 --> Session: Class initialized using 'CodeIgniter\Session\Handlers\FileHandler' driver.
DEBUG - 2026-04-13 16:15:58 --> Teacher construct - is_teacher: true, school_id: 93, method: GET
DEBUG - 2026-04-13 16:15:58 --> Teacher construct - school_id: 93, is_paid: 1, subscription_end: 1778679749, now: 1776093358
DEBUG - 2026-04-13 16:15:58 --> Teacher construct - subscription_end date: 2026-05-13 14:42:29, now date: 2026-04-13 16:15:58
DEBUG - 2026-04-13 16:15:58 --> Teacher construct - Subscription still valid: subscription_end (2026-05-13 14:42:29) >= now (2026-04-13 16:15:58)
DEBUG - 2026-04-13 16:15:58 --> Teacher construct - Access allowed for method 'GET' (no blocking conditions)
DEBUG - 2026-04-13 16:15:58 --> Total exams not yet taken calculated for school_id 93: 0
INFO - 2026-04-13 16:16:02 --> CSRF token verified.
DEBUG - 2026-04-13 16:16:02 --> Session: Class initialized using 'CodeIgniter\Session\Handlers\FileHandler' driver.
DEBUG - 2026-04-13 16:16:02 --> Teacher construct - is_teacher: true, school_id: 93, method: POST
DEBUG - 2026-04-13 16:16:02 --> Teacher construct - school_id: 93, is_paid: 1, subscription_end: 1778679749, now: 1776093362
DEBUG - 2026-04-13 16:16:02 --> Teacher construct - subscription_end date: 2026-05-13 14:42:29, now date: 2026-04-13 16:16:02
DEBUG - 2026-04-13 16:16:02 --> Teacher construct - Subscription still valid: subscription_end (2026-05-13 14:42:29) >= now (2026-04-13 16:16:02)
DEBUG - 2026-04-13 16:16:02 --> Teacher construct - Access allowed for method 'POST' (no blocking conditions)
DEBUG - 2026-04-13 16:16:29 --> Session: Class initialized using 'CodeIgniter\Session\Handlers\FileHandler' driver.
DEBUG - 2026-04-13 16:16:29 --> Teacher construct - is_teacher: true, school_id: 93, method: GET
DEBUG - 2026-04-13 16:16:29 --> Teacher construct - school_id: 93, is_paid: 1, subscription_end: 1778679749, now: 1776093389
DEBUG - 2026-04-13 16:16:29 --> Teacher construct - subscription_end date: 2026-05-13 14:42:29, now date: 2026-04-13 16:16:29
DEBUG - 2026-04-13 16:16:29 --> Teacher construct - Subscription still valid: subscription_end (2026-05-13 14:42:29) >= now (2026-04-13 16:16:29)
DEBUG - 2026-04-13 16:16:29 --> Teacher construct - Access allowed for method 'GET' (no blocking conditions)
DEBUG - 2026-04-13 16:16:29 --> Total exams not yet taken calculated for school_id 93: 0
INFO - 2026-04-13 16:16:32 --> CSRF token verified.
DEBUG - 2026-04-13 16:16:32 --> Session: Class initialized using 'CodeIgniter\Session\Handlers\FileHandler' driver.
DEBUG - 2026-04-13 16:16:32 --> Teacher construct - is_teacher: true, school_id: 93, method: POST
DEBUG - 2026-04-13 16:16:32 --> Teacher construct - school_id: 93, is_paid: 1, subscription_end: 1778679749, now: 1776093392
DEBUG - 2026-04-13 16:16:32 --> Teacher construct - subscription_end date: 2026-05-13 14:42:29, now date: 2026-04-13 16:16:32
DEBUG - 2026-04-13 16:16:32 --> Teacher construct - Subscription still valid: subscription_end (2026-05-13 14:42:29) >= now (2026-04-13 16:16:32)
DEBUG - 2026-04-13 16:16:32 --> Teacher construct - Access allowed for method 'POST' (no blocking conditions)
DEBUG - 2026-04-13 16:16:48 --> Session: Class initialized using 'CodeIgniter\Session\Handlers\FileHandler' driver.
DEBUG - 2026-04-13 16:16:48 --> Teacher construct - is_teacher: true, school_id: 93, method: GET
DEBUG - 2026-04-13 16:16:48 --> Teacher construct - school_id: 93, is_paid: 1, subscription_end: 1778679749, now: 1776093408
DEBUG - 2026-04-13 16:16:48 --> Teacher construct - subscription_end date: 2026-05-13 14:42:29, now date: 2026-04-13 16:16:48
DEBUG - 2026-04-13 16:16:48 --> Teacher construct - Subscription still valid: subscription_end (2026-05-13 14:42:29) >= now (2026-04-13 16:16:48)
DEBUG - 2026-04-13 16:16:48 --> Teacher construct - Access allowed for method 'GET' (no blocking conditions)
DEBUG - 2026-04-13 16:16:48 --> Total exams not yet taken calculated for school_id 93: 0
INFO - 2026-04-13 16:16:52 --> CSRF token verified.
DEBUG - 2026-04-13 16:16:52 --> Session: Class initialized using 'CodeIgniter\Session\Handlers\FileHandler' driver.
DEBUG - 2026-04-13 16:16:52 --> Teacher construct - is_teacher: true, school_id: 93, method: POST
DEBUG - 2026-04-13 16:16:52 --> Teacher construct - school_id: 93, is_paid: 1, subscription_end: 1778679749, now: 1776093412
DEBUG - 2026-04-13 16:16:52 --> Teacher construct - subscription_end date: 2026-05-13 14:42:29, now date: 2026-04-13 16:16:52
DEBUG - 2026-04-13 16:16:52 --> Teacher construct - Subscription still valid: subscription_end (2026-05-13 14:42:29) >= now (2026-04-13 16:16:52)
DEBUG - 2026-04-13 16:16:52 --> Teacher construct - Access allowed for method 'POST' (no blocking conditions)
CRITICAL - 2026-04-13 16:17:03 --> CodeIgniter\Security\Exceptions\SecurityException: The action you requested is not allowed.
[Method: POST, Route: app/attendance/filter]
in SYSTEMPATH\Security\Security.php on line 258.
 1 SYSTEMPATH\Security\Security.php(258): CodeIgniter\Security\Exceptions\SecurityException::forDisallowedAction()
 2 SYSTEMPATH\Filters\CSRF.php(52): CodeIgniter\Security\Security->verify(Object(CodeIgniter\HTTP\IncomingRequest))
 3 SYSTEMPATH\Filters\Filters.php(241): CodeIgniter\Filters\CSRF->before(Object(CodeIgniter\HTTP\IncomingRequest), null)
 4 SYSTEMPATH\Filters\Filters.php(221): CodeIgniter\Filters\Filters->runBefore([...])
 5 SYSTEMPATH\CodeIgniter.php(465): CodeIgniter\Filters\Filters->run('app/attendance/filter', 'before')
 6 SYSTEMPATH\CodeIgniter.php(340): CodeIgniter\CodeIgniter->handleRequest(null, Object(Config\Cache), false)
 7 SYSTEMPATH\Boot.php(417): CodeIgniter\CodeIgniter->run()
 8 SYSTEMPATH\Boot.php(68): CodeIgniter\Boot::runCodeIgniter(Object(CodeIgniter\CodeIgniter))
 9 FCPATH\index.php(75): CodeIgniter\Boot::bootWeb(Object(Config\Paths))
DEBUG - 2026-04-13 16:19:22 --> Session: Class initialized using 'CodeIgniter\Session\Handlers\FileHandler' driver.
DEBUG - 2026-04-13 16:19:22 --> Teacher construct - is_teacher: true, school_id: 93, method: GET
DEBUG - 2026-04-13 16:19:22 --> Teacher construct - school_id: 93, is_paid: 1, subscription_end: 1778679749, now: 1776093562
DEBUG - 2026-04-13 16:19:22 --> Teacher construct - subscription_end date: 2026-05-13 14:42:29, now date: 2026-04-13 16:19:22
DEBUG - 2026-04-13 16:19:22 --> Teacher construct - Subscription still valid: subscription_end (2026-05-13 14:42:29) >= now (2026-04-13 16:19:22)
DEBUG - 2026-04-13 16:19:22 --> Teacher construct - Access allowed for method 'GET' (no blocking conditions)
DEBUG - 2026-04-13 16:19:23 --> Total exams not yet taken calculated for school_id 93: 0
INFO - 2026-04-13 16:19:27 --> CSRF token verified.
DEBUG - 2026-04-13 16:19:27 --> Session: Class initialized using 'CodeIgniter\Session\Handlers\FileHandler' driver.
DEBUG - 2026-04-13 16:19:27 --> Teacher construct - is_teacher: true, school_id: 93, method: POST
DEBUG - 2026-04-13 16:19:27 --> Teacher construct - school_id: 93, is_paid: 1, subscription_end: 1778679749, now: 1776093567
DEBUG - 2026-04-13 16:19:27 --> Teacher construct - subscription_end date: 2026-05-13 14:42:29, now date: 2026-04-13 16:19:27
DEBUG - 2026-04-13 16:19:27 --> Teacher construct - Subscription still valid: subscription_end (2026-05-13 14:42:29) >= now (2026-04-13 16:19:27)
DEBUG - 2026-04-13 16:19:27 --> Teacher construct - Access allowed for method 'POST' (no blocking conditions)
CRITICAL - 2026-04-13 16:22:06 --> CodeIgniter\Security\Exceptions\SecurityException: The action you requested is not allowed.
[Method: POST, Route: app/attendance/filter]
in SYSTEMPATH\Security\Security.php on line 258.
 1 SYSTEMPATH\Security\Security.php(258): CodeIgniter\Security\Exceptions\SecurityException::forDisallowedAction()
 2 SYSTEMPATH\Filters\CSRF.php(52): CodeIgniter\Security\Security->verify(Object(CodeIgniter\HTTP\IncomingRequest))
 3 SYSTEMPATH\Filters\Filters.php(241): CodeIgniter\Filters\CSRF->before(Object(CodeIgniter\HTTP\IncomingRequest), null)
 4 SYSTEMPATH\Filters\Filters.php(221): CodeIgniter\Filters\Filters->runBefore([...])
 5 SYSTEMPATH\CodeIgniter.php(465): CodeIgniter\Filters\Filters->run('app/attendance/filter', 'before')
 6 SYSTEMPATH\CodeIgniter.php(340): CodeIgniter\CodeIgniter->handleRequest(null, Object(Config\Cache), false)
 7 SYSTEMPATH\Boot.php(417): CodeIgniter\CodeIgniter->run()
 8 SYSTEMPATH\Boot.php(68): CodeIgniter\Boot::runCodeIgniter(Object(CodeIgniter\CodeIgniter))
 9 FCPATH\index.php(75): CodeIgniter\Boot::bootWeb(Object(Config\Paths))
DEBUG - 2026-04-13 16:22:08 --> Session: Class initialized using 'CodeIgniter\Session\Handlers\FileHandler' driver.
DEBUG - 2026-04-13 16:22:08 --> Teacher construct - is_teacher: true, school_id: 93, method: GET
DEBUG - 2026-04-13 16:22:08 --> Teacher construct - school_id: 93, is_paid: 1, subscription_end: 1778679749, now: 1776093728
DEBUG - 2026-04-13 16:22:08 --> Teacher construct - subscription_end date: 2026-05-13 14:42:29, now date: 2026-04-13 16:22:08
DEBUG - 2026-04-13 16:22:08 --> Teacher construct - Subscription still valid: subscription_end (2026-05-13 14:42:29) >= now (2026-04-13 16:22:08)
DEBUG - 2026-04-13 16:22:08 --> Teacher construct - Access allowed for method 'GET' (no blocking conditions)
DEBUG - 2026-04-13 16:22:09 --> Total exams not yet taken calculated for school_id 93: 0
INFO - 2026-04-13 16:22:13 --> CSRF token verified.
DEBUG - 2026-04-13 16:22:13 --> Session: Class initialized using 'CodeIgniter\Session\Handlers\FileHandler' driver.
DEBUG - 2026-04-13 16:22:13 --> Teacher construct - is_teacher: true, school_id: 93, method: POST
DEBUG - 2026-04-13 16:22:13 --> Teacher construct - school_id: 93, is_paid: 1, subscription_end: 1778679749, now: 1776093733
DEBUG - 2026-04-13 16:22:13 --> Teacher construct - subscription_end date: 2026-05-13 14:42:29, now date: 2026-04-13 16:22:13
DEBUG - 2026-04-13 16:22:13 --> Teacher construct - Subscription still valid: subscription_end (2026-05-13 14:42:29) >= now (2026-04-13 16:22:13)
DEBUG - 2026-04-13 16:22:13 --> Teacher construct - Access allowed for method 'POST' (no blocking conditions)
DEBUG - 2026-04-13 16:22:27 --> Session: Class initialized using 'CodeIgniter\Session\Handlers\FileHandler' driver.
DEBUG - 2026-04-13 16:22:27 --> Teacher construct - is_teacher: true, school_id: 93, method: GET
DEBUG - 2026-04-13 16:22:27 --> Teacher construct - school_id: 93, is_paid: 1, subscription_end: 1778679749, now: 1776093747
DEBUG - 2026-04-13 16:22:27 --> Teacher construct - subscription_end date: 2026-05-13 14:42:29, now date: 2026-04-13 16:22:27
DEBUG - 2026-04-13 16:22:27 --> Teacher construct - Subscription still valid: subscription_end (2026-05-13 14:42:29) >= now (2026-04-13 16:22:27)
DEBUG - 2026-04-13 16:22:27 --> Teacher construct - Access allowed for method 'GET' (no blocking conditions)
DEBUG - 2026-04-13 16:22:29 --> Total exams not yet taken calculated for school_id 93: 0
INFO - 2026-04-13 16:22:36 --> CSRF token verified.
DEBUG - 2026-04-13 16:22:36 --> Session: Class initialized using 'CodeIgniter\Session\Handlers\FileHandler' driver.
DEBUG - 2026-04-13 16:22:37 --> Teacher construct - is_teacher: true, school_id: 93, method: POST
DEBUG - 2026-04-13 16:22:37 --> Teacher construct - school_id: 93, is_paid: 1, subscription_end: 1778679749, now: 1776093757
DEBUG - 2026-04-13 16:22:37 --> Teacher construct - subscription_end date: 2026-05-13 14:42:29, now date: 2026-04-13 16:22:37
DEBUG - 2026-04-13 16:22:37 --> Teacher construct - Subscription still valid: subscription_end (2026-05-13 14:42:29) >= now (2026-04-13 16:22:37)
DEBUG - 2026-04-13 16:22:37 --> Teacher construct - Access allowed for method 'POST' (no blocking conditions)
DEBUG - 2026-04-13 16:26:46 --> Session: Class initialized using 'CodeIgniter\Session\Handlers\FileHandler' driver.
DEBUG - 2026-04-13 16:26:46 --> Teacher construct - is_teacher: true, school_id: 93, method: GET
DEBUG - 2026-04-13 16:26:46 --> Teacher construct - school_id: 93, is_paid: 1, subscription_end: 1778679749, now: 1776094006
DEBUG - 2026-04-13 16:26:46 --> Teacher construct - subscription_end date: 2026-05-13 14:42:29, now date: 2026-04-13 16:26:46
DEBUG - 2026-04-13 16:26:46 --> Teacher construct - Subscription still valid: subscription_end (2026-05-13 14:42:29) >= now (2026-04-13 16:26:46)
DEBUG - 2026-04-13 16:26:46 --> Teacher construct - Access allowed for method 'GET' (no blocking conditions)
DEBUG - 2026-04-13 16:26:47 --> Total exams not yet taken calculated for school_id 93: 0
INFO - 2026-04-13 16:27:02 --> CSRF token verified.
DEBUG - 2026-04-13 16:27:02 --> Session: Class initialized using 'CodeIgniter\Session\Handlers\FileHandler' driver.
DEBUG - 2026-04-13 16:27:02 --> Teacher construct - is_teacher: true, school_id: 93, method: POST
DEBUG - 2026-04-13 16:27:02 --> Teacher construct - school_id: 93, is_paid: 1, subscription_end: 1778679749, now: 1776094022
DEBUG - 2026-04-13 16:27:02 --> Teacher construct - subscription_end date: 2026-05-13 14:42:29, now date: 2026-04-13 16:27:02
DEBUG - 2026-04-13 16:27:02 --> Teacher construct - Subscription still valid: subscription_end (2026-05-13 14:42:29) >= now (2026-04-13 16:27:02)
DEBUG - 2026-04-13 16:27:02 --> Teacher construct - Access allowed for method 'POST' (no blocking conditions)
DEBUG - 2026-04-13 16:27:07 --> Session: Class initialized using 'CodeIgniter\Session\Handlers\FileHandler' driver.
INFO - 2026-04-13 16:27:12 --> CSRF token verified.
DEBUG - 2026-04-13 16:27:12 --> Session: Class initialized using 'CodeIgniter\Session\Handlers\FileHandler' driver.
DEBUG - 2026-04-13 16:27:12 --> Teacher construct - is_teacher: true, school_id: 93, method: POST
DEBUG - 2026-04-13 16:27:12 --> Teacher construct - school_id: 93, is_paid: 1, subscription_end: 1778679749, now: 1776094032
DEBUG - 2026-04-13 16:27:12 --> Teacher construct - subscription_end date: 2026-05-13 14:42:29, now date: 2026-04-13 16:27:12
DEBUG - 2026-04-13 16:27:12 --> Teacher construct - Subscription still valid: subscription_end (2026-05-13 14:42:29) >= now (2026-04-13 16:27:12)
DEBUG - 2026-04-13 16:27:12 --> Teacher construct - Access allowed for method 'POST' (no blocking conditions)
INFO - 2026-04-13 16:27:16 --> CSRF token verified.
DEBUG - 2026-04-13 16:27:16 --> Session: Class initialized using 'CodeIgniter\Session\Handlers\FileHandler' driver.
DEBUG - 2026-04-13 16:27:16 --> Teacher construct - is_teacher: true, school_id: 93, method: POST
DEBUG - 2026-04-13 16:27:16 --> Teacher construct - school_id: 93, is_paid: 1, subscription_end: 1778679749, now: 1776094036
DEBUG - 2026-04-13 16:27:16 --> Teacher construct - subscription_end date: 2026-05-13 14:42:29, now date: 2026-04-13 16:27:16
DEBUG - 2026-04-13 16:27:16 --> Teacher construct - Subscription still valid: subscription_end (2026-05-13 14:42:29) >= now (2026-04-13 16:27:16)
DEBUG - 2026-04-13 16:27:16 --> Teacher construct - Access allowed for method 'POST' (no blocking conditions)
ERROR - 2026-04-13 16:27:16 --> Table 'wayo_db.audit_logs' doesn't exist
in SYSTEMPATH\Database\MySQLi\Connection.php on line 300.
 1 SYSTEMPATH\Database\MySQLi\Connection.php(300): mysqli->query('INSERT INTO `audit_logs` (`user_id`, `user_type`, `school_id`, `action_type`, `entity_type`, `entity_id`, `action_details`, `ip_address`, `user_agent`, `created_at`) VALUES (\'401\', \'teacher\', \'93\', \'create\', \'attendance\', 0, \'{\\"date\\":\\"2026-04-13\\",\\"class_id\\":132,\\"session_id\\":\\"1\\",\\"total_students\\":1,\\"present_count\\":1,\\"absent_count\\":0,\\"is_update\\":false}\', \'::1\', \'Mozilla/5.0 (Windows NT 10.0; Win64; x64) AppleWebKit/537.36 (KHTML, like Gecko) Cursor/3.0.16 Chrome/142.0.7444.265 Electron/39.8.1 Safari/537.36\', 1776094036)', 0)
 2 SYSTEMPATH\Database\BaseConnection.php(910): CodeIgniter\Database\MySQLi\Connection->execute('INSERT INTO `audit_logs` (`user_id`, `user_type`, `school_id`, `action_type`, `entity_type`, `entity_id`, `action_details`, `ip_address`, `user_agent`, `created_at`) VALUES (\'401\', \'teacher\', \'93\', \'create\', \'attendance\', 0, \'{\\"date\\":\\"2026-04-13\\",\\"class_id\\":132,\\"session_id\\":\\"1\\",\\"total_students\\":1,\\"present_count\\":1,\\"absent_count\\":0,\\"is_update\\":false}\', \'::1\', \'Mozilla/5.0 (Windows NT 10.0; Win64; x64) AppleWebKit/537.36 (KHTML, like Gecko) Cursor/3.0.16 Chrome/142.0.7444.265 Electron/39.8.1 Safari/537.36\', 1776094036)')
 3 SYSTEMPATH\Database\BaseConnection.php(827): CodeIgniter\Database\BaseConnection->simpleQuery('INSERT INTO `audit_logs` (`user_id`, `user_type`, `school_id`, `action_type`, `entity_type`, `entity_id`, `action_details`, `ip_address`, `user_agent`, `created_at`) VALUES (\'401\', \'teacher\', \'93\', \'create\', \'attendance\', 0, \'{\\"date\\":\\"2026-04-13\\",\\"class_id\\":132,\\"session_id\\":\\"1\\",\\"total_students\\":1,\\"present_count\\":1,\\"absent_count\\":0,\\"is_update\\":false}\', \'::1\', \'Mozilla/5.0 (Windows NT 10.0; Win64; x64) AppleWebKit/537.36 (KHTML, like Gecko) Cursor/3.0.16 Chrome/142.0.7444.265 Electron/39.8.1 Safari/537.36\', 1776094036)')
 4 SYSTEMPATH\Database\BaseBuilder.php(2345): CodeIgniter\Database\BaseConnection->query('INSERT INTO `audit_logs` (`user_id`, `user_type`, `school_id`, `action_type`, `entity_type`, `entity_id`, `action_details`, `ip_address`, `user_agent`, `created_at`) VALUES (:user_id:, :user_type:, :school_id:, :action_type:, :entity_type:, :entity_id:, :action_details:, :ip_address:, :user_agent:, :created_at:)', [...], false)
 5 SYSTEMPATH\Model.php(355): CodeIgniter\Database\BaseBuilder->insert()
 6 SYSTEMPATH\BaseModel.php(899): CodeIgniter\Model->doInsert([...])
 7 SYSTEMPATH\Model.php(668): CodeIgniter\BaseModel->insert([...], true)
 8 APPPATH\Models\Audit_log_model.php(45): CodeIgniter\Model->insert([...])
 9 APPPATH\Models\Audit_log_model.php(446): App\Models\Audit_log_model->log_action([...])
10 APPPATH\Models\Crud_model.php(309): App\Models\Audit_log_model->log_attendance_take('401', [...])
11 APPPATH\Controllers\Teacher.php(1837): App\Models\Crud_model->take_attendance()
12 APPPATH\Config\Routes.php(562): App\Controllers\Teacher->attendance('take_attendance')
13 APPPATH\Config\Routes.php(574): CodeIgniter\Router\RouteCollection::{closure}('attendance/take_attendance')
14 SYSTEMPATH\CodeIgniter.php(872): CodeIgniter\Router\RouteCollection::{closure}('attendance/take_attendance')
15 SYSTEMPATH\CodeIgniter.php(480): CodeIgniter\CodeIgniter->startController()
16 SYSTEMPATH\CodeIgniter.php(340): CodeIgniter\CodeIgniter->handleRequest(null, Object(Config\Cache), false)
17 SYSTEMPATH\Boot.php(417): CodeIgniter\CodeIgniter->run()
18 SYSTEMPATH\Boot.php(68): CodeIgniter\Boot::runCodeIgniter(Object(CodeIgniter\CodeIgniter))
19 FCPATH\index.php(75): CodeIgniter\Boot::bootWeb(Object(Config\Paths))
ERROR - 2026-04-13 16:27:16 --> Audit log error: Table 'wayo_db.audit_logs' doesn't exist
DEBUG - 2026-04-13 16:27:17 --> Session: Class initialized using 'CodeIgniter\Session\Handlers\FileHandler' driver.
DEBUG - 2026-04-13 16:27:17 --> Teacher construct - is_teacher: true, school_id: 93, method: GET
DEBUG - 2026-04-13 16:27:17 --> Teacher construct - school_id: 93, is_paid: 1, subscription_end: 1778679749, now: 1776094037
DEBUG - 2026-04-13 16:27:17 --> Teacher construct - subscription_end date: 2026-05-13 14:42:29, now date: 2026-04-13 16:27:17
DEBUG - 2026-04-13 16:27:17 --> Teacher construct - Subscription still valid: subscription_end (2026-05-13 14:42:29) >= now (2026-04-13 16:27:17)
DEBUG - 2026-04-13 16:27:17 --> Teacher construct - Access allowed for method 'GET' (no blocking conditions)
DEBUG - 2026-04-13 16:27:18 --> Total exams not yet taken calculated for school_id 93: 0
INFO - 2026-04-13 16:27:26 --> CSRF token verified.
DEBUG - 2026-04-13 16:27:26 --> Session: Class initialized using 'CodeIgniter\Session\Handlers\FileHandler' driver.
DEBUG - 2026-04-13 16:27:26 --> Teacher construct - is_teacher: true, school_id: 93, method: POST
DEBUG - 2026-04-13 16:27:26 --> Teacher construct - school_id: 93, is_paid: 1, subscription_end: 1778679749, now: 1776094046
DEBUG - 2026-04-13 16:27:26 --> Teacher construct - subscription_end date: 2026-05-13 14:42:29, now date: 2026-04-13 16:27:26
DEBUG - 2026-04-13 16:27:26 --> Teacher construct - Subscription still valid: subscription_end (2026-05-13 14:42:29) >= now (2026-04-13 16:27:26)
DEBUG - 2026-04-13 16:27:26 --> Teacher construct - Access allowed for method 'POST' (no blocking conditions)
INFO - 2026-04-13 16:27:33 --> CSRF token verified.
DEBUG - 2026-04-13 16:27:33 --> Session: Class initialized using 'CodeIgniter\Session\Handlers\FileHandler' driver.
DEBUG - 2026-04-13 16:27:33 --> Teacher construct - is_teacher: true, school_id: 93, method: POST
DEBUG - 2026-04-13 16:27:33 --> Teacher construct - school_id: 93, is_paid: 1, subscription_end: 1778679749, now: 1776094053
DEBUG - 2026-04-13 16:27:34 --> Teacher construct - subscription_end date: 2026-05-13 14:42:29, now date: 2026-04-13 16:27:33
DEBUG - 2026-04-13 16:27:34 --> Teacher construct - Subscription still valid: subscription_end (2026-05-13 14:42:29) >= now (2026-04-13 16:27:33)
DEBUG - 2026-04-13 16:27:34 --> Teacher construct - Access allowed for method 'POST' (no blocking conditions)
INFO - 2026-04-13 16:27:37 --> CSRF token verified.
DEBUG - 2026-04-13 16:27:37 --> Session: Class initialized using 'CodeIgniter\Session\Handlers\FileHandler' driver.
DEBUG - 2026-04-13 16:27:37 --> Teacher construct - is_teacher: true, school_id: 93, method: POST
DEBUG - 2026-04-13 16:27:37 --> Teacher construct - school_id: 93, is_paid: 1, subscription_end: 1778679749, now: 1776094057
DEBUG - 2026-04-13 16:27:37 --> Teacher construct - subscription_end date: 2026-05-13 14:42:29, now date: 2026-04-13 16:27:37
DEBUG - 2026-04-13 16:27:37 --> Teacher construct - Subscription still valid: subscription_end (2026-05-13 14:42:29) >= now (2026-04-13 16:27:37)
DEBUG - 2026-04-13 16:27:37 --> Teacher construct - Access allowed for method 'POST' (no blocking conditions)
DEBUG - 2026-04-13 16:27:40 --> Session: Class initialized using 'CodeIgniter\Session\Handlers\FileHandler' driver.
INFO - 2026-04-13 16:27:54 --> CSRF token verified.
DEBUG - 2026-04-13 16:27:54 --> Session: Class initialized using 'CodeIgniter\Session\Handlers\FileHandler' driver.
DEBUG - 2026-04-13 16:27:54 --> Teacher construct - is_teacher: true, school_id: 93, method: POST
DEBUG - 2026-04-13 16:27:54 --> Teacher construct - school_id: 93, is_paid: 1, subscription_end: 1778679749, now: 1776094074
DEBUG - 2026-04-13 16:27:54 --> Teacher construct - subscription_end date: 2026-05-13 14:42:29, now date: 2026-04-13 16:27:54
DEBUG - 2026-04-13 16:27:54 --> Teacher construct - Subscription still valid: subscription_end (2026-05-13 14:42:29) >= now (2026-04-13 16:27:54)
DEBUG - 2026-04-13 16:27:54 --> Teacher construct - Access allowed for method 'POST' (no blocking conditions)
INFO - 2026-04-13 16:27:59 --> CSRF token verified.
DEBUG - 2026-04-13 16:27:59 --> Session: Class initialized using 'CodeIgniter\Session\Handlers\FileHandler' driver.
DEBUG - 2026-04-13 16:27:59 --> Teacher construct - is_teacher: true, school_id: 93, method: POST
DEBUG - 2026-04-13 16:27:59 --> Teacher construct - school_id: 93, is_paid: 1, subscription_end: 1778679749, now: 1776094079
DEBUG - 2026-04-13 16:27:59 --> Teacher construct - subscription_end date: 2026-05-13 14:42:29, now date: 2026-04-13 16:27:59
DEBUG - 2026-04-13 16:27:59 --> Teacher construct - Subscription still valid: subscription_end (2026-05-13 14:42:29) >= now (2026-04-13 16:27:59)
DEBUG - 2026-04-13 16:27:59 --> Teacher construct - Access allowed for method 'POST' (no blocking conditions)
ERROR - 2026-04-13 16:27:59 --> Table 'wayo_db.audit_logs' doesn't exist
in SYSTEMPATH\Database\MySQLi\Connection.php on line 300.
 1 SYSTEMPATH\Database\MySQLi\Connection.php(300): mysqli->query('INSERT INTO `audit_logs` (`user_id`, `user_type`, `school_id`, `action_type`, `entity_type`, `entity_id`, `action_details`, `ip_address`, `user_agent`, `created_at`) VALUES (\'401\', \'teacher\', \'93\', \'create\', \'attendance\', 0, \'{\\"date\\":\\"2026-04-14\\",\\"class_id\\":132,\\"session_id\\":\\"1\\",\\"total_students\\":1,\\"present_count\\":1,\\"absent_count\\":0,\\"is_update\\":false}\', \'::1\', \'Mozilla/5.0 (Windows NT 10.0; Win64; x64) AppleWebKit/537.36 (KHTML, like Gecko) Cursor/3.0.16 Chrome/142.0.7444.265 Electron/39.8.1 Safari/537.36\', 1776094079)', 0)
 2 SYSTEMPATH\Database\BaseConnection.php(910): CodeIgniter\Database\MySQLi\Connection->execute('INSERT INTO `audit_logs` (`user_id`, `user_type`, `school_id`, `action_type`, `entity_type`, `entity_id`, `action_details`, `ip_address`, `user_agent`, `created_at`) VALUES (\'401\', \'teacher\', \'93\', \'create\', \'attendance\', 0, \'{\\"date\\":\\"2026-04-14\\",\\"class_id\\":132,\\"session_id\\":\\"1\\",\\"total_students\\":1,\\"present_count\\":1,\\"absent_count\\":0,\\"is_update\\":false}\', \'::1\', \'Mozilla/5.0 (Windows NT 10.0; Win64; x64) AppleWebKit/537.36 (KHTML, like Gecko) Cursor/3.0.16 Chrome/142.0.7444.265 Electron/39.8.1 Safari/537.36\', 1776094079)')
 3 SYSTEMPATH\Database\BaseConnection.php(827): CodeIgniter\Database\BaseConnection->simpleQuery('INSERT INTO `audit_logs` (`user_id`, `user_type`, `school_id`, `action_type`, `entity_type`, `entity_id`, `action_details`, `ip_address`, `user_agent`, `created_at`) VALUES (\'401\', \'teacher\', \'93\', \'create\', \'attendance\', 0, \'{\\"date\\":\\"2026-04-14\\",\\"class_id\\":132,\\"session_id\\":\\"1\\",\\"total_students\\":1,\\"present_count\\":1,\\"absent_count\\":0,\\"is_update\\":false}\', \'::1\', \'Mozilla/5.0 (Windows NT 10.0; Win64; x64) AppleWebKit/537.36 (KHTML, like Gecko) Cursor/3.0.16 Chrome/142.0.7444.265 Electron/39.8.1 Safari/537.36\', 1776094079)')
 4 SYSTEMPATH\Database\BaseBuilder.php(2345): CodeIgniter\Database\BaseConnection->query('INSERT INTO `audit_logs` (`user_id`, `user_type`, `school_id`, `action_type`, `entity_type`, `entity_id`, `action_details`, `ip_address`, `user_agent`, `created_at`) VALUES (:user_id:, :user_type:, :school_id:, :action_type:, :entity_type:, :entity_id:, :action_details:, :ip_address:, :user_agent:, :created_at:)', [...], false)
 5 SYSTEMPATH\Model.php(355): CodeIgniter\Database\BaseBuilder->insert()
 6 SYSTEMPATH\BaseModel.php(899): CodeIgniter\Model->doInsert([...])
 7 SYSTEMPATH\Model.php(668): CodeIgniter\BaseModel->insert([...], true)
 8 APPPATH\Models\Audit_log_model.php(45): CodeIgniter\Model->insert([...])
 9 APPPATH\Models\Audit_log_model.php(446): App\Models\Audit_log_model->log_action([...])
10 APPPATH\Models\Crud_model.php(309): App\Models\Audit_log_model->log_attendance_take('401', [...])
11 APPPATH\Controllers\Teacher.php(1837): App\Models\Crud_model->take_attendance()
12 APPPATH\Config\Routes.php(562): App\Controllers\Teacher->attendance('take_attendance')
13 APPPATH\Config\Routes.php(574): CodeIgniter\Router\RouteCollection::{closure}('attendance/take_attendance')
14 SYSTEMPATH\CodeIgniter.php(872): CodeIgniter\Router\RouteCollection::{closure}('attendance/take_attendance')
15 SYSTEMPATH\CodeIgniter.php(480): CodeIgniter\CodeIgniter->startController()
16 SYSTEMPATH\CodeIgniter.php(340): CodeIgniter\CodeIgniter->handleRequest(null, Object(Config\Cache), false)
17 SYSTEMPATH\Boot.php(417): CodeIgniter\CodeIgniter->run()
18 SYSTEMPATH\Boot.php(68): CodeIgniter\Boot::runCodeIgniter(Object(CodeIgniter\CodeIgniter))
19 FCPATH\index.php(75): CodeIgniter\Boot::bootWeb(Object(Config\Paths))
ERROR - 2026-04-13 16:27:59 --> Audit log error: Table 'wayo_db.audit_logs' doesn't exist
DEBUG - 2026-04-13 16:28:01 --> Session: Class initialized using 'CodeIgniter\Session\Handlers\FileHandler' driver.
DEBUG - 2026-04-13 16:28:01 --> Teacher construct - is_teacher: true, school_id: 93, method: GET
DEBUG - 2026-04-13 16:28:01 --> Teacher construct - school_id: 93, is_paid: 1, subscription_end: 1778679749, now: 1776094081
DEBUG - 2026-04-13 16:28:01 --> Teacher construct - subscription_end date: 2026-05-13 14:42:29, now date: 2026-04-13 16:28:01
DEBUG - 2026-04-13 16:28:01 --> Teacher construct - Subscription still valid: subscription_end (2026-05-13 14:42:29) >= now (2026-04-13 16:28:01)
DEBUG - 2026-04-13 16:28:01 --> Teacher construct - Access allowed for method 'GET' (no blocking conditions)
DEBUG - 2026-04-13 16:28:02 --> Total exams not yet taken calculated for school_id 93: 0
DEBUG - 2026-04-13 16:28:08 --> Session: Class initialized using 'CodeIgniter\Session\Handlers\FileHandler' driver.
DEBUG - 2026-04-13 16:28:09 --> Total exams not yet taken calculated for school_id 93: 0
DEBUG - 2026-04-13 16:28:16 --> Session: Class initialized using 'CodeIgniter\Session\Handlers\FileHandler' driver.
DEBUG - 2026-04-13 16:28:18 --> Total exams not yet taken calculated for school_id 93: 0
INFO - 2026-04-13 16:28:31 --> CSRF token verified.
DEBUG - 2026-04-13 16:28:31 --> Session: Class initialized using 'CodeIgniter\Session\Handlers\FileHandler' driver.
DEBUG - 2026-04-13 16:28:32 --> Session: Class initialized using 'CodeIgniter\Session\Handlers\FileHandler' driver.
DEBUG - 2026-04-13 16:28:33 --> Total exams not yet taken calculated for school_id 93: 0
DEBUG - 2026-04-13 16:28:43 --> Session: Class initialized using 'CodeIgniter\Session\Handlers\FileHandler' driver.
DEBUG - 2026-04-13 16:28:43 --> Total exams not yet taken calculated for school_id 93: 0
DEBUG - 2026-04-13 16:28:48 --> Session: Class initialized using 'CodeIgniter\Session\Handlers\FileHandler' driver.
DEBUG - 2026-04-13 16:28:48 --> Total exams not yet taken calculated for school_id 93: 0
INFO - 2026-04-13 16:29:02 --> CSRF token verified.
DEBUG - 2026-04-13 16:29:02 --> Session: Class initialized using 'CodeIgniter\Session\Handlers\FileHandler' driver.
DEBUG - 2026-04-13 16:29:03 --> Session: Class initialized using 'CodeIgniter\Session\Handlers\FileHandler' driver.
DEBUG - 2026-04-13 16:29:04 --> Total exams not yet taken calculated for school_id 93: 0
INFO - 2026-04-13 16:29:42 --> CSRF token verified.
DEBUG - 2026-04-13 16:29:42 --> Session: Class initialized using 'CodeIgniter\Session\Handlers\FileHandler' driver.
DEBUG - 2026-04-13 16:29:43 --> Session: Class initialized using 'CodeIgniter\Session\Handlers\FileHandler' driver.
DEBUG - 2026-04-13 16:29:47 --> Session: Class initialized using 'CodeIgniter\Session\Handlers\FileHandler' driver.
DEBUG - 2026-04-13 16:29:49 --> Total exams not yet taken calculated for school_id 93: 0
DEBUG - 2026-04-13 16:29:50 --> Session: Class initialized using 'CodeIgniter\Session\Handlers\FileHandler' driver.
DEBUG - 2026-04-13 16:29:50 --> Teacher construct - is_teacher: true, school_id: 93, method: GET
DEBUG - 2026-04-13 16:29:50 --> Teacher construct - school_id: 93, is_paid: 1, subscription_end: 1778679749, now: 1776094190
DEBUG - 2026-04-13 16:29:50 --> Teacher construct - subscription_end date: 2026-05-13 14:42:29, now date: 2026-04-13 16:29:50
DEBUG - 2026-04-13 16:29:50 --> Teacher construct - Subscription still valid: subscription_end (2026-05-13 14:42:29) >= now (2026-04-13 16:29:50)
DEBUG - 2026-04-13 16:29:50 --> Teacher construct - Access allowed for method 'GET' (no blocking conditions)
DEBUG - 2026-04-13 16:29:52 --> Total exams not yet taken calculated for school_id 93: 0
CRITICAL - 2026-04-13 16:29:52 --> TypeError: count(): Argument #1 ($value) must be of type Countable|array, int given
[Method: GET, Route: app/syllabus]
in APPPATH\Views\backend\teacher\syllabus\index.php on line 116.
 1 APPPATH\Views\backend\index.php(147): include()
 2 SYSTEMPATH\View\View.php(240): include('C:\\xampp\\htdocs\\School-Management-De_migration\\app\\Views\\backend\\index.php')
 3 SYSTEMPATH\View\View.php(243): CodeIgniter\View\View->CodeIgniter\View\{closure}()
 4 APPPATH\View\View.php(357): CodeIgniter\View\View->render('backend/index', [], true)
 5 SYSTEMPATH\Common.php(1250): App\View\View->render('backend/index', [], true)
 6 APPPATH\Controllers\Teacher.php(1722): view('backend/index', [...])
 7 APPPATH\Config\Routes.php(562): App\Controllers\Teacher->syllabus()
 8 APPPATH\Config\Routes.php(571): CodeIgniter\Router\RouteCollection::{closure}('syllabus')
 9 SYSTEMPATH\CodeIgniter.php(872): CodeIgniter\Router\RouteCollection::{closure}('syllabus')
10 SYSTEMPATH\CodeIgniter.php(480): CodeIgniter\CodeIgniter->startController()
11 SYSTEMPATH\CodeIgniter.php(340): CodeIgniter\CodeIgniter->handleRequest(null, Object(Config\Cache), false)
12 SYSTEMPATH\Boot.php(417): CodeIgniter\CodeIgniter->run()
13 SYSTEMPATH\Boot.php(68): CodeIgniter\Boot::runCodeIgniter(Object(CodeIgniter\CodeIgniter))
14 FCPATH\index.php(75): CodeIgniter\Boot::bootWeb(Object(Config\Paths))
DEBUG - 2026-04-13 16:38:57 --> Session: Class initialized using 'CodeIgniter\Session\Handlers\FileHandler' driver.
DEBUG - 2026-04-13 16:38:57 --> Teacher construct - is_teacher: true, school_id: 93, method: GET
DEBUG - 2026-04-13 16:38:57 --> Teacher construct - school_id: 93, is_paid: 1, subscription_end: 1778679749, now: 1776094737
DEBUG - 2026-04-13 16:38:57 --> Teacher construct - subscription_end date: 2026-05-13 14:42:29, now date: 2026-04-13 16:38:57
DEBUG - 2026-04-13 16:38:57 --> Teacher construct - Subscription still valid: subscription_end (2026-05-13 14:42:29) >= now (2026-04-13 16:38:57)
DEBUG - 2026-04-13 16:38:57 --> Teacher construct - Access allowed for method 'GET' (no blocking conditions)
DEBUG - 2026-04-13 16:38:57 --> Total exams not yet taken calculated for school_id 93: 0
DEBUG - 2026-04-13 16:38:58 --> Session: Class initialized using 'CodeIgniter\Session\Handlers\FileHandler' driver.
DEBUG - 2026-04-13 16:38:58 --> Teacher construct - is_teacher: true, school_id: 93, method: GET
DEBUG - 2026-04-13 16:38:58 --> Teacher construct - school_id: 93, is_paid: 1, subscription_end: 1778679749, now: 1776094738
DEBUG - 2026-04-13 16:38:58 --> Teacher construct - subscription_end date: 2026-05-13 14:42:29, now date: 2026-04-13 16:38:58
DEBUG - 2026-04-13 16:38:58 --> Teacher construct - Subscription still valid: subscription_end (2026-05-13 14:42:29) >= now (2026-04-13 16:38:58)
DEBUG - 2026-04-13 16:38:58 --> Teacher construct - Access allowed for method 'GET' (no blocking conditions)
DEBUG - 2026-04-13 16:39:01 --> Session: Class initialized using 'CodeIgniter\Session\Handlers\FileHandler' driver.
DEBUG - 2026-04-13 16:39:01 --> Teacher construct - is_teacher: true, school_id: 93, method: GET
DEBUG - 2026-04-13 16:39:01 --> Teacher construct - school_id: 93, is_paid: 1, subscription_end: 1778679749, now: 1776094741
DEBUG - 2026-04-13 16:39:01 --> Teacher construct - subscription_end date: 2026-05-13 14:42:29, now date: 2026-04-13 16:39:01
DEBUG - 2026-04-13 16:39:01 --> Teacher construct - Subscription still valid: subscription_end (2026-05-13 14:42:29) >= now (2026-04-13 16:39:01)
DEBUG - 2026-04-13 16:39:01 --> Teacher construct - Access allowed for method 'GET' (no blocking conditions)
DEBUG - 2026-04-13 16:39:04 --> Session: Class initialized using 'CodeIgniter\Session\Handlers\FileHandler' driver.
INFO - 2026-04-13 16:39:12 --> CSRF token verified.
DEBUG - 2026-04-13 16:39:12 --> Session: Class initialized using 'CodeIgniter\Session\Handlers\FileHandler' driver.
DEBUG - 2026-04-13 16:39:12 --> Teacher construct - is_teacher: true, school_id: 93, method: POST
DEBUG - 2026-04-13 16:39:12 --> Teacher construct - school_id: 93, is_paid: 1, subscription_end: 1778679749, now: 1776094752
DEBUG - 2026-04-13 16:39:12 --> Teacher construct - subscription_end date: 2026-05-13 14:42:29, now date: 2026-04-13 16:39:12
DEBUG - 2026-04-13 16:39:12 --> Teacher construct - Subscription still valid: subscription_end (2026-05-13 14:42:29) >= now (2026-04-13 16:39:12)
DEBUG - 2026-04-13 16:39:12 --> Teacher construct - Access allowed for method 'POST' (no blocking conditions)
INFO - 2026-04-13 16:39:12 --> Syllabus created successfully. ID: 24, File: uploads/syllabus/syllabus_69dd0e20ad8ed.pdf
ERROR - 2026-04-13 16:39:12 --> Table 'wayo_db.audit_logs' doesn't exist
in SYSTEMPATH\Database\MySQLi\Connection.php on line 300.
 1 SYSTEMPATH\Database\MySQLi\Connection.php(300): mysqli->query('INSERT INTO `audit_logs` (`user_id`, `user_type`, `school_id`, `action_type`, `entity_type`, `entity_id`, `action_details`, `ip_address`, `user_agent`, `created_at`) VALUES (\'401\', \'teacher\', \'93\', \'create\', \'syllabus\', 24, \'{\\"title\\":\\"ffffff\\",\\"class_id\\":132,\\"file_name\\":\\"uploads\\\\/syllabus\\\\/syllabus_69dd0e20ad8ed.pdf\\",\\"session_id\\":1}\', \'::1\', \'Mozilla/5.0 (Windows NT 10.0; Win64; x64) AppleWebKit/537.36 (KHTML, like Gecko) Chrome/146.0.0.0 Safari/537.36\', 1776094752)', 0)
 2 SYSTEMPATH\Database\BaseConnection.php(910): CodeIgniter\Database\MySQLi\Connection->execute('INSERT INTO `audit_logs` (`user_id`, `user_type`, `school_id`, `action_type`, `entity_type`, `entity_id`, `action_details`, `ip_address`, `user_agent`, `created_at`) VALUES (\'401\', \'teacher\', \'93\', \'create\', \'syllabus\', 24, \'{\\"title\\":\\"ffffff\\",\\"class_id\\":132,\\"file_name\\":\\"uploads\\\\/syllabus\\\\/syllabus_69dd0e20ad8ed.pdf\\",\\"session_id\\":1}\', \'::1\', \'Mozilla/5.0 (Windows NT 10.0; Win64; x64) AppleWebKit/537.36 (KHTML, like Gecko) Chrome/146.0.0.0 Safari/537.36\', 1776094752)')
 3 SYSTEMPATH\Database\BaseConnection.php(827): CodeIgniter\Database\BaseConnection->simpleQuery('INSERT INTO `audit_logs` (`user_id`, `user_type`, `school_id`, `action_type`, `entity_type`, `entity_id`, `action_details`, `ip_address`, `user_agent`, `created_at`) VALUES (\'401\', \'teacher\', \'93\', \'create\', \'syllabus\', 24, \'{\\"title\\":\\"ffffff\\",\\"class_id\\":132,\\"file_name\\":\\"uploads\\\\/syllabus\\\\/syllabus_69dd0e20ad8ed.pdf\\",\\"session_id\\":1}\', \'::1\', \'Mozilla/5.0 (Windows NT 10.0; Win64; x64) AppleWebKit/537.36 (KHTML, like Gecko) Chrome/146.0.0.0 Safari/537.36\', 1776094752)')
 4 SYSTEMPATH\Database\BaseBuilder.php(2345): CodeIgniter\Database\BaseConnection->query('INSERT INTO `audit_logs` (`user_id`, `user_type`, `school_id`, `action_type`, `entity_type`, `entity_id`, `action_details`, `ip_address`, `user_agent`, `created_at`) VALUES (:user_id:, :user_type:, :school_id:, :action_type:, :entity_type:, :entity_id:, :action_details:, :ip_address:, :user_agent:, :created_at:)', [...], false)
 5 SYSTEMPATH\Model.php(355): CodeIgniter\Database\BaseBuilder->insert()
 6 SYSTEMPATH\BaseModel.php(899): CodeIgniter\Model->doInsert([...])
 7 SYSTEMPATH\Model.php(668): CodeIgniter\BaseModel->insert([...], true)
 8 APPPATH\Models\Audit_log_model.php(45): CodeIgniter\Model->insert([...])
 9 APPPATH\Models\Audit_log_model.php(55): App\Models\Audit_log_model->log_action([...])
10 APPPATH\Models\Crud_model.php(2061): App\Models\Audit_log_model->log_syllabus_create('401', 'teacher', '93', 24, [...])
11 APPPATH\Controllers\Teacher.php(1679): App\Models\Crud_model->syllabus_create()
12 APPPATH\Config\Routes.php(562): App\Controllers\Teacher->syllabus('create')
13 APPPATH\Config\Routes.php(574): CodeIgniter\Router\RouteCollection::{closure}('syllabus/create')
14 SYSTEMPATH\CodeIgniter.php(872): CodeIgniter\Router\RouteCollection::{closure}('syllabus/create')
15 SYSTEMPATH\CodeIgniter.php(480): CodeIgniter\CodeIgniter->startController()
16 SYSTEMPATH\CodeIgniter.php(340): CodeIgniter\CodeIgniter->handleRequest(null, Object(Config\Cache), false)
17 SYSTEMPATH\Boot.php(417): CodeIgniter\CodeIgniter->run()
18 SYSTEMPATH\Boot.php(68): CodeIgniter\Boot::runCodeIgniter(Object(CodeIgniter\CodeIgniter))
19 FCPATH\index.php(75): CodeIgniter\Boot::bootWeb(Object(Config\Paths))
ERROR - 2026-04-13 16:39:12 --> Audit log error: Table 'wayo_db.audit_logs' doesn't exist
DEBUG - 2026-04-13 16:39:16 --> Session: Class initialized using 'CodeIgniter\Session\Handlers\FileHandler' driver.
DEBUG - 2026-04-13 16:39:16 --> Teacher construct - is_teacher: true, school_id: 93, method: GET
DEBUG - 2026-04-13 16:39:16 --> Teacher construct - school_id: 93, is_paid: 1, subscription_end: 1778679749, now: 1776094756
DEBUG - 2026-04-13 16:39:16 --> Teacher construct - subscription_end date: 2026-05-13 14:42:29, now date: 2026-04-13 16:39:16
DEBUG - 2026-04-13 16:39:16 --> Teacher construct - Subscription still valid: subscription_end (2026-05-13 14:42:29) >= now (2026-04-13 16:39:16)
DEBUG - 2026-04-13 16:39:16 --> Teacher construct - Access allowed for method 'GET' (no blocking conditions)
DEBUG - 2026-04-13 16:39:16 --> Total exams not yet taken calculated for school_id 93: 0
DEBUG - 2026-04-13 16:39:18 --> Session: Class initialized using 'CodeIgniter\Session\Handlers\FileHandler' driver.
DEBUG - 2026-04-13 16:39:18 --> Teacher construct - is_teacher: true, school_id: 93, method: GET
DEBUG - 2026-04-13 16:39:18 --> Teacher construct - school_id: 93, is_paid: 1, subscription_end: 1778679749, now: 1776094758
DEBUG - 2026-04-13 16:39:18 --> Teacher construct - subscription_end date: 2026-05-13 14:42:29, now date: 2026-04-13 16:39:18
DEBUG - 2026-04-13 16:39:18 --> Teacher construct - Subscription still valid: subscription_end (2026-05-13 14:42:29) >= now (2026-04-13 16:39:18)
DEBUG - 2026-04-13 16:39:18 --> Teacher construct - Access allowed for method 'GET' (no blocking conditions)
DEBUG - 2026-04-13 16:39:23 --> Session: Class initialized using 'CodeIgniter\Session\Handlers\FileHandler' driver.
DEBUG - 2026-04-13 16:39:23 --> Teacher construct - is_teacher: true, school_id: 93, method: GET
DEBUG - 2026-04-13 16:39:23 --> Teacher construct - school_id: 93, is_paid: 1, subscription_end: 1778679749, now: 1776094763
DEBUG - 2026-04-13 16:39:23 --> Teacher construct - subscription_end date: 2026-05-13 14:42:29, now date: 2026-04-13 16:39:23
DEBUG - 2026-04-13 16:39:23 --> Teacher construct - Subscription still valid: subscription_end (2026-05-13 14:42:29) >= now (2026-04-13 16:39:23)
DEBUG - 2026-04-13 16:39:23 --> Teacher construct - Access allowed for method 'GET' (no blocking conditions)
DEBUG - 2026-04-13 16:42:40 --> Session: Class initialized using 'CodeIgniter\Session\Handlers\FileHandler' driver.
DEBUG - 2026-04-13 16:42:40 --> Teacher construct - is_teacher: true, school_id: 93, method: GET
DEBUG - 2026-04-13 16:42:40 --> Teacher construct - school_id: 93, is_paid: 1, subscription_end: 1778679749, now: 1776094960
DEBUG - 2026-04-13 16:42:40 --> Teacher construct - subscription_end date: 2026-05-13 14:42:29, now date: 2026-04-13 16:42:40
DEBUG - 2026-04-13 16:42:40 --> Teacher construct - Subscription still valid: subscription_end (2026-05-13 14:42:29) >= now (2026-04-13 16:42:40)
DEBUG - 2026-04-13 16:42:40 --> Teacher construct - Access allowed for method 'GET' (no blocking conditions)
DEBUG - 2026-04-13 16:42:41 --> Total exams not yet taken calculated for school_id 93: 0
DEBUG - 2026-04-13 16:42:41 --> Session: Class initialized using 'CodeIgniter\Session\Handlers\FileHandler' driver.
DEBUG - 2026-04-13 16:42:41 --> Teacher construct - is_teacher: true, school_id: 93, method: GET
DEBUG - 2026-04-13 16:42:41 --> Teacher construct - school_id: 93, is_paid: 1, subscription_end: 1778679749, now: 1776094961
DEBUG - 2026-04-13 16:42:41 --> Teacher construct - subscription_end date: 2026-05-13 14:42:29, now date: 2026-04-13 16:42:41
DEBUG - 2026-04-13 16:42:41 --> Teacher construct - Subscription still valid: subscription_end (2026-05-13 14:42:29) >= now (2026-04-13 16:42:41)
DEBUG - 2026-04-13 16:42:41 --> Teacher construct - Access allowed for method 'GET' (no blocking conditions)
DEBUG - 2026-04-13 16:42:41 --> Total exams not yet taken calculated for school_id 93: 0
DEBUG - 2026-04-13 16:42:43 --> Session: Class initialized using 'CodeIgniter\Session\Handlers\FileHandler' driver.
DEBUG - 2026-04-13 16:42:44 --> Total exams not yet taken calculated for school_id 93: 0
DEBUG - 2026-04-13 16:42:45 --> Session: Class initialized using 'CodeIgniter\Session\Handlers\FileHandler' driver.
DEBUG - 2026-04-13 16:42:46 --> Teacher construct - is_teacher: true, school_id: 93, method: GET
DEBUG - 2026-04-13 16:42:46 --> Teacher construct - school_id: 93, is_paid: 1, subscription_end: 1778679749, now: 1776094966
DEBUG - 2026-04-13 16:42:46 --> Teacher construct - subscription_end date: 2026-05-13 14:42:29, now date: 2026-04-13 16:42:46
DEBUG - 2026-04-13 16:42:46 --> Teacher construct - Subscription still valid: subscription_end (2026-05-13 14:42:29) >= now (2026-04-13 16:42:46)
DEBUG - 2026-04-13 16:42:46 --> Teacher construct - Access allowed for method 'GET' (no blocking conditions)
DEBUG - 2026-04-13 16:42:47 --> Total exams not yet taken calculated for school_id 93: 0
DEBUG - 2026-04-13 16:42:49 --> Session: Class initialized using 'CodeIgniter\Session\Handlers\FileHandler' driver.
DEBUG - 2026-04-13 16:42:49 --> Teacher construct - is_teacher: true, school_id: 93, method: GET
DEBUG - 2026-04-13 16:42:49 --> Teacher construct - school_id: 93, is_paid: 1, subscription_end: 1778679749, now: 1776094969
DEBUG - 2026-04-13 16:42:49 --> Teacher construct - subscription_end date: 2026-05-13 14:42:29, now date: 2026-04-13 16:42:49
DEBUG - 2026-04-13 16:42:49 --> Teacher construct - Subscription still valid: subscription_end (2026-05-13 14:42:29) >= now (2026-04-13 16:42:49)
DEBUG - 2026-04-13 16:42:49 --> Teacher construct - Access allowed for method 'GET' (no blocking conditions)
DEBUG - 2026-04-13 16:56:48 --> Session: Class initialized using 'CodeIgniter\Session\Handlers\FileHandler' driver.
DEBUG - 2026-04-13 16:56:48 --> Teacher construct - is_teacher: true, school_id: 93, method: GET
DEBUG - 2026-04-13 16:56:48 --> Teacher construct - school_id: 93, is_paid: 1, subscription_end: 1778679749, now: 1776095808
DEBUG - 2026-04-13 16:56:48 --> Teacher construct - subscription_end date: 2026-05-13 14:42:29, now date: 2026-04-13 16:56:48
DEBUG - 2026-04-13 16:56:48 --> Teacher construct - Subscription still valid: subscription_end (2026-05-13 14:42:29) >= now (2026-04-13 16:56:48)
DEBUG - 2026-04-13 16:56:48 --> Teacher construct - Access allowed for method 'GET' (no blocking conditions)
DEBUG - 2026-04-13 16:56:49 --> Total exams not yet taken calculated for school_id 93: 0
ERROR - 2026-04-13 16:56:49 --> Unknown column 'syllabus' in 'where clause'
in SYSTEMPATH\Database\MySQLi\Connection.php on line 300.
 1 SYSTEMPATH\Database\MySQLi\Connection.php(300): mysqli->query('SELECT `class_id`
FROM `teacher_permissions`
WHERE `teacher_id` = \'30\'
AND `syllabus` = 1', 0)
 2 SYSTEMPATH\Database\BaseConnection.php(910): CodeIgniter\Database\MySQLi\Connection->execute('SELECT `class_id`
FROM `teacher_permissions`
WHERE `teacher_id` = \'30\'
AND `syllabus` = 1')
 3 SYSTEMPATH\Database\BaseConnection.php(827): CodeIgniter\Database\BaseConnection->simpleQuery('SELECT `class_id`
FROM `teacher_permissions`
WHERE `teacher_id` = \'30\'
AND `syllabus` = 1')
 4 SYSTEMPATH\Database\BaseBuilder.php(1649): CodeIgniter\Database\BaseConnection->query('SELECT `class_id`
FROM `teacher_permissions`
WHERE `teacher_id` = :teacher_id:
AND `syllabus` = :syllabus:', [...], false)
 5 APPPATH\Views\backend\teacher\syllabus\index.php(11): CodeIgniter\Database\BaseBuilder->get()
 6 APPPATH\Views\backend\index.php(147): include('C:\\xampp\\htdocs\\School-Management-De_migration\\app\\Views\\backend\\teacher\\syllabus\\index.php')
 7 SYSTEMPATH\View\View.php(240): include('C:\\xampp\\htdocs\\School-Management-De_migration\\app\\Views\\backend\\index.php')
 8 SYSTEMPATH\View\View.php(243): CodeIgniter\View\View->CodeIgniter\View\{closure}()
 9 APPPATH\View\View.php(357): CodeIgniter\View\View->render('backend/index', [], true)
10 SYSTEMPATH\Common.php(1250): App\View\View->render('backend/index', [], true)
11 APPPATH\Controllers\Teacher.php(1723): view('backend/index', [...])
12 APPPATH\Config\Routes.php(562): App\Controllers\Teacher->syllabus()
13 APPPATH\Config\Routes.php(571): CodeIgniter\Router\RouteCollection::{closure}('syllabus')
14 SYSTEMPATH\CodeIgniter.php(872): CodeIgniter\Router\RouteCollection::{closure}('syllabus')
15 SYSTEMPATH\CodeIgniter.php(480): CodeIgniter\CodeIgniter->startController()
16 SYSTEMPATH\CodeIgniter.php(340): CodeIgniter\CodeIgniter->handleRequest(null, Object(Config\Cache), false)
17 SYSTEMPATH\Boot.php(417): CodeIgniter\CodeIgniter->run()
18 SYSTEMPATH\Boot.php(68): CodeIgniter\Boot::runCodeIgniter(Object(CodeIgniter\CodeIgniter))
19 FCPATH\index.php(75): CodeIgniter\Boot::bootWeb(Object(Config\Paths))
CRITICAL - 2026-04-13 16:56:49 --> CodeIgniter\Database\Exceptions\DatabaseException: Unknown column 'syllabus' in 'where clause'
[Method: GET, Route: app/syllabus]
in SYSTEMPATH\Database\BaseConnection.php on line 865.
 1 SYSTEMPATH\Database\BaseBuilder.php(1649): CodeIgniter\Database\BaseConnection->query('SELECT `class_id`
FROM `teacher_permissions`
WHERE `teacher_id` = :teacher_id:
AND `syllabus` = :syllabus:', [...], false)
 2 APPPATH\Views\backend\teacher\syllabus\index.php(11): CodeIgniter\Database\BaseBuilder->get()
 3 APPPATH\Views\backend\index.php(147): include('C:\\xampp\\htdocs\\School-Management-De_migration\\app\\Views\\backend\\teacher\\syllabus\\index.php')
 4 SYSTEMPATH\View\View.php(240): include('C:\\xampp\\htdocs\\School-Management-De_migration\\app\\Views\\backend\\index.php')
 5 SYSTEMPATH\View\View.php(243): CodeIgniter\View\View->CodeIgniter\View\{closure}()
 6 APPPATH\View\View.php(357): CodeIgniter\View\View->render('backend/index', [], true)
 7 SYSTEMPATH\Common.php(1250): App\View\View->render('backend/index', [], true)
 8 APPPATH\Controllers\Teacher.php(1723): view('backend/index', [...])
 9 APPPATH\Config\Routes.php(562): App\Controllers\Teacher->syllabus()
10 APPPATH\Config\Routes.php(571): CodeIgniter\Router\RouteCollection::{closure}('syllabus')
11 SYSTEMPATH\CodeIgniter.php(872): CodeIgniter\Router\RouteCollection::{closure}('syllabus')
12 SYSTEMPATH\CodeIgniter.php(480): CodeIgniter\CodeIgniter->startController()
13 SYSTEMPATH\CodeIgniter.php(340): CodeIgniter\CodeIgniter->handleRequest(null, Object(Config\Cache), false)
14 SYSTEMPATH\Boot.php(417): CodeIgniter\CodeIgniter->run()
15 SYSTEMPATH\Boot.php(68): CodeIgniter\Boot::runCodeIgniter(Object(CodeIgniter\CodeIgniter))
16 FCPATH\index.php(75): CodeIgniter\Boot::bootWeb(Object(Config\Paths))
CRITICAL - 2026-04-13 16:56:49 --> [Caused by] CodeIgniter\Database\Exceptions\DatabaseException: Unknown column 'syllabus' in 'where clause'
in SYSTEMPATH\Database\MySQLi\Connection.php on line 310.
 1 SYSTEMPATH\Database\BaseConnection.php(910): CodeIgniter\Database\MySQLi\Connection->execute('SELECT `class_id`
FROM `teacher_permissions`
WHERE `teacher_id` = \'30\'
AND `syllabus` = 1')
 2 SYSTEMPATH\Database\BaseConnection.php(827): CodeIgniter\Database\BaseConnection->simpleQuery('SELECT `class_id`
FROM `teacher_permissions`
WHERE `teacher_id` = \'30\'
AND `syllabus` = 1')
 3 SYSTEMPATH\Database\BaseBuilder.php(1649): CodeIgniter\Database\BaseConnection->query('SELECT `class_id`
FROM `teacher_permissions`
WHERE `teacher_id` = :teacher_id:
AND `syllabus` = :syllabus:', [...], false)
 4 APPPATH\Views\backend\teacher\syllabus\index.php(11): CodeIgniter\Database\BaseBuilder->get()
 5 APPPATH\Views\backend\index.php(147): include('C:\\xampp\\htdocs\\School-Management-De_migration\\app\\Views\\backend\\teacher\\syllabus\\index.php')
 6 SYSTEMPATH\View\View.php(240): include('C:\\xampp\\htdocs\\School-Management-De_migration\\app\\Views\\backend\\index.php')
 7 SYSTEMPATH\View\View.php(243): CodeIgniter\View\View->CodeIgniter\View\{closure}()
 8 APPPATH\View\View.php(357): CodeIgniter\View\View->render('backend/index', [], true)
 9 SYSTEMPATH\Common.php(1250): App\View\View->render('backend/index', [], true)
10 APPPATH\Controllers\Teacher.php(1723): view('backend/index', [...])
11 APPPATH\Config\Routes.php(562): App\Controllers\Teacher->syllabus()
12 APPPATH\Config\Routes.php(571): CodeIgniter\Router\RouteCollection::{closure}('syllabus')
13 SYSTEMPATH\CodeIgniter.php(872): CodeIgniter\Router\RouteCollection::{closure}('syllabus')
14 SYSTEMPATH\CodeIgniter.php(480): CodeIgniter\CodeIgniter->startController()
15 SYSTEMPATH\CodeIgniter.php(340): CodeIgniter\CodeIgniter->handleRequest(null, Object(Config\Cache), false)
16 SYSTEMPATH\Boot.php(417): CodeIgniter\CodeIgniter->run()
17 SYSTEMPATH\Boot.php(68): CodeIgniter\Boot::runCodeIgniter(Object(CodeIgniter\CodeIgniter))
18 FCPATH\index.php(75): CodeIgniter\Boot::bootWeb(Object(Config\Paths))
CRITICAL - 2026-04-13 16:56:49 --> [Caused by] mysqli_sql_exception: Unknown column 'syllabus' in 'where clause'
in SYSTEMPATH\Database\MySQLi\Connection.php on line 300.
 1 SYSTEMPATH\Database\MySQLi\Connection.php(300): mysqli->query('SELECT `class_id`
FROM `teacher_permissions`
WHERE `teacher_id` = \'30\'
AND `syllabus` = 1', 0)
 2 SYSTEMPATH\Database\BaseConnection.php(910): CodeIgniter\Database\MySQLi\Connection->execute('SELECT `class_id`
FROM `teacher_permissions`
WHERE `teacher_id` = \'30\'
AND `syllabus` = 1')
 3 SYSTEMPATH\Database\BaseConnection.php(827): CodeIgniter\Database\BaseConnection->simpleQuery('SELECT `class_id`
FROM `teacher_permissions`
WHERE `teacher_id` = \'30\'
AND `syllabus` = 1')
 4 SYSTEMPATH\Database\BaseBuilder.php(1649): CodeIgniter\Database\BaseConnection->query('SELECT `class_id`
FROM `teacher_permissions`
WHERE `teacher_id` = :teacher_id:
AND `syllabus` = :syllabus:', [...], false)
 5 APPPATH\Views\backend\teacher\syllabus\index.php(11): CodeIgniter\Database\BaseBuilder->get()
 6 APPPATH\Views\backend\index.php(147): include('C:\\xampp\\htdocs\\School-Management-De_migration\\app\\Views\\backend\\teacher\\syllabus\\index.php')
 7 SYSTEMPATH\View\View.php(240): include('C:\\xampp\\htdocs\\School-Management-De_migration\\app\\Views\\backend\\index.php')
 8 SYSTEMPATH\View\View.php(243): CodeIgniter\View\View->CodeIgniter\View\{closure}()
 9 APPPATH\View\View.php(357): CodeIgniter\View\View->render('backend/index', [], true)
10 SYSTEMPATH\Common.php(1250): App\View\View->render('backend/index', [], true)
11 APPPATH\Controllers\Teacher.php(1723): view('backend/index', [...])
12 APPPATH\Config\Routes.php(562): App\Controllers\Teacher->syllabus()
13 APPPATH\Config\Routes.php(571): CodeIgniter\Router\RouteCollection::{closure}('syllabus')
14 SYSTEMPATH\CodeIgniter.php(872): CodeIgniter\Router\RouteCollection::{closure}('syllabus')
15 SYSTEMPATH\CodeIgniter.php(480): CodeIgniter\CodeIgniter->startController()
16 SYSTEMPATH\CodeIgniter.php(340): CodeIgniter\CodeIgniter->handleRequest(null, Object(Config\Cache), false)
17 SYSTEMPATH\Boot.php(417): CodeIgniter\CodeIgniter->run()
18 SYSTEMPATH\Boot.php(68): CodeIgniter\Boot::runCodeIgniter(Object(CodeIgniter\CodeIgniter))
19 FCPATH\index.php(75): CodeIgniter\Boot::bootWeb(Object(Config\Paths))
DEBUG - 2026-04-13 16:57:04 --> Session: Class initialized using 'CodeIgniter\Session\Handlers\FileHandler' driver.
DEBUG - 2026-04-13 16:57:04 --> Teacher construct - is_teacher: true, school_id: 93, method: GET
DEBUG - 2026-04-13 16:57:04 --> Teacher construct - school_id: 93, is_paid: 1, subscription_end: 1778679749, now: 1776095824
DEBUG - 2026-04-13 16:57:04 --> Teacher construct - subscription_end date: 2026-05-13 14:42:29, now date: 2026-04-13 16:57:04
DEBUG - 2026-04-13 16:57:04 --> Teacher construct - Subscription still valid: subscription_end (2026-05-13 14:42:29) >= now (2026-04-13 16:57:04)
DEBUG - 2026-04-13 16:57:04 --> Teacher construct - Access allowed for method 'GET' (no blocking conditions)
DEBUG - 2026-04-13 16:57:05 --> Total exams not yet taken calculated for school_id 93: 0
ERROR - 2026-04-13 16:57:06 --> Unknown column 'syllabus' in 'where clause'
in SYSTEMPATH\Database\MySQLi\Connection.php on line 300.
 1 SYSTEMPATH\Database\MySQLi\Connection.php(300): mysqli->query('SELECT `class_id`
FROM `teacher_permissions`
WHERE `teacher_id` = \'30\'
AND `syllabus` = 1', 0)
 2 SYSTEMPATH\Database\BaseConnection.php(910): CodeIgniter\Database\MySQLi\Connection->execute('SELECT `class_id`
FROM `teacher_permissions`
WHERE `teacher_id` = \'30\'
AND `syllabus` = 1')
 3 SYSTEMPATH\Database\BaseConnection.php(827): CodeIgniter\Database\BaseConnection->simpleQuery('SELECT `class_id`
FROM `teacher_permissions`
WHERE `teacher_id` = \'30\'
AND `syllabus` = 1')
 4 SYSTEMPATH\Database\BaseBuilder.php(1649): CodeIgniter\Database\BaseConnection->query('SELECT `class_id`
FROM `teacher_permissions`
WHERE `teacher_id` = :teacher_id:
AND `syllabus` = :syllabus:', [...], false)
 5 APPPATH\Views\backend\teacher\syllabus\index.php(11): CodeIgniter\Database\BaseBuilder->get()
 6 APPPATH\Views\backend\index.php(147): include('C:\\xampp\\htdocs\\School-Management-De_migration\\app\\Views\\backend\\teacher\\syllabus\\index.php')
 7 SYSTEMPATH\View\View.php(240): include('C:\\xampp\\htdocs\\School-Management-De_migration\\app\\Views\\backend\\index.php')
 8 SYSTEMPATH\View\View.php(243): CodeIgniter\View\View->CodeIgniter\View\{closure}()
 9 APPPATH\View\View.php(357): CodeIgniter\View\View->render('backend/index', [], true)
10 SYSTEMPATH\Common.php(1250): App\View\View->render('backend/index', [], true)
11 APPPATH\Controllers\Teacher.php(1723): view('backend/index', [...])
12 APPPATH\Config\Routes.php(562): App\Controllers\Teacher->syllabus()
13 APPPATH\Config\Routes.php(571): CodeIgniter\Router\RouteCollection::{closure}('syllabus')
14 SYSTEMPATH\CodeIgniter.php(872): CodeIgniter\Router\RouteCollection::{closure}('syllabus')
15 SYSTEMPATH\CodeIgniter.php(480): CodeIgniter\CodeIgniter->startController()
16 SYSTEMPATH\CodeIgniter.php(340): CodeIgniter\CodeIgniter->handleRequest(null, Object(Config\Cache), false)
17 SYSTEMPATH\Boot.php(417): CodeIgniter\CodeIgniter->run()
18 SYSTEMPATH\Boot.php(68): CodeIgniter\Boot::runCodeIgniter(Object(CodeIgniter\CodeIgniter))
19 FCPATH\index.php(75): CodeIgniter\Boot::bootWeb(Object(Config\Paths))
CRITICAL - 2026-04-13 16:57:06 --> CodeIgniter\Database\Exceptions\DatabaseException: Unknown column 'syllabus' in 'where clause'
[Method: GET, Route: app/syllabus]
in SYSTEMPATH\Database\BaseConnection.php on line 865.
 1 SYSTEMPATH\Database\BaseBuilder.php(1649): CodeIgniter\Database\BaseConnection->query('SELECT `class_id`
FROM `teacher_permissions`
WHERE `teacher_id` = :teacher_id:
AND `syllabus` = :syllabus:', [...], false)
 2 APPPATH\Views\backend\teacher\syllabus\index.php(11): CodeIgniter\Database\BaseBuilder->get()
 3 APPPATH\Views\backend\index.php(147): include('C:\\xampp\\htdocs\\School-Management-De_migration\\app\\Views\\backend\\teacher\\syllabus\\index.php')
 4 SYSTEMPATH\View\View.php(240): include('C:\\xampp\\htdocs\\School-Management-De_migration\\app\\Views\\backend\\index.php')
 5 SYSTEMPATH\View\View.php(243): CodeIgniter\View\View->CodeIgniter\View\{closure}()
 6 APPPATH\View\View.php(357): CodeIgniter\View\View->render('backend/index', [], true)
 7 SYSTEMPATH\Common.php(1250): App\View\View->render('backend/index', [], true)
 8 APPPATH\Controllers\Teacher.php(1723): view('backend/index', [...])
 9 APPPATH\Config\Routes.php(562): App\Controllers\Teacher->syllabus()
10 APPPATH\Config\Routes.php(571): CodeIgniter\Router\RouteCollection::{closure}('syllabus')
11 SYSTEMPATH\CodeIgniter.php(872): CodeIgniter\Router\RouteCollection::{closure}('syllabus')
12 SYSTEMPATH\CodeIgniter.php(480): CodeIgniter\CodeIgniter->startController()
13 SYSTEMPATH\CodeIgniter.php(340): CodeIgniter\CodeIgniter->handleRequest(null, Object(Config\Cache), false)
14 SYSTEMPATH\Boot.php(417): CodeIgniter\CodeIgniter->run()
15 SYSTEMPATH\Boot.php(68): CodeIgniter\Boot::runCodeIgniter(Object(CodeIgniter\CodeIgniter))
16 FCPATH\index.php(75): CodeIgniter\Boot::bootWeb(Object(Config\Paths))
CRITICAL - 2026-04-13 16:57:06 --> [Caused by] CodeIgniter\Database\Exceptions\DatabaseException: Unknown column 'syllabus' in 'where clause'
in SYSTEMPATH\Database\MySQLi\Connection.php on line 310.
 1 SYSTEMPATH\Database\BaseConnection.php(910): CodeIgniter\Database\MySQLi\Connection->execute('SELECT `class_id`
FROM `teacher_permissions`
WHERE `teacher_id` = \'30\'
AND `syllabus` = 1')
 2 SYSTEMPATH\Database\BaseConnection.php(827): CodeIgniter\Database\BaseConnection->simpleQuery('SELECT `class_id`
FROM `teacher_permissions`
WHERE `teacher_id` = \'30\'
AND `syllabus` = 1')
 3 SYSTEMPATH\Database\BaseBuilder.php(1649): CodeIgniter\Database\BaseConnection->query('SELECT `class_id`
FROM `teacher_permissions`
WHERE `teacher_id` = :teacher_id:
AND `syllabus` = :syllabus:', [...], false)
 4 APPPATH\Views\backend\teacher\syllabus\index.php(11): CodeIgniter\Database\BaseBuilder->get()
 5 APPPATH\Views\backend\index.php(147): include('C:\\xampp\\htdocs\\School-Management-De_migration\\app\\Views\\backend\\teacher\\syllabus\\index.php')
 6 SYSTEMPATH\View\View.php(240): include('C:\\xampp\\htdocs\\School-Management-De_migration\\app\\Views\\backend\\index.php')
 7 SYSTEMPATH\View\View.php(243): CodeIgniter\View\View->CodeIgniter\View\{closure}()
 8 APPPATH\View\View.php(357): CodeIgniter\View\View->render('backend/index', [], true)
 9 SYSTEMPATH\Common.php(1250): App\View\View->render('backend/index', [], true)
10 APPPATH\Controllers\Teacher.php(1723): view('backend/index', [...])
11 APPPATH\Config\Routes.php(562): App\Controllers\Teacher->syllabus()
12 APPPATH\Config\Routes.php(571): CodeIgniter\Router\RouteCollection::{closure}('syllabus')
13 SYSTEMPATH\CodeIgniter.php(872): CodeIgniter\Router\RouteCollection::{closure}('syllabus')
14 SYSTEMPATH\CodeIgniter.php(480): CodeIgniter\CodeIgniter->startController()
15 SYSTEMPATH\CodeIgniter.php(340): CodeIgniter\CodeIgniter->handleRequest(null, Object(Config\Cache), false)
16 SYSTEMPATH\Boot.php(417): CodeIgniter\CodeIgniter->run()
17 SYSTEMPATH\Boot.php(68): CodeIgniter\Boot::runCodeIgniter(Object(CodeIgniter\CodeIgniter))
18 FCPATH\index.php(75): CodeIgniter\Boot::bootWeb(Object(Config\Paths))
CRITICAL - 2026-04-13 16:57:06 --> [Caused by] mysqli_sql_exception: Unknown column 'syllabus' in 'where clause'
in SYSTEMPATH\Database\MySQLi\Connection.php on line 300.
 1 SYSTEMPATH\Database\MySQLi\Connection.php(300): mysqli->query('SELECT `class_id`
FROM `teacher_permissions`
WHERE `teacher_id` = \'30\'
AND `syllabus` = 1', 0)
 2 SYSTEMPATH\Database\BaseConnection.php(910): CodeIgniter\Database\MySQLi\Connection->execute('SELECT `class_id`
FROM `teacher_permissions`
WHERE `teacher_id` = \'30\'
AND `syllabus` = 1')
 3 SYSTEMPATH\Database\BaseConnection.php(827): CodeIgniter\Database\BaseConnection->simpleQuery('SELECT `class_id`
FROM `teacher_permissions`
WHERE `teacher_id` = \'30\'
AND `syllabus` = 1')
 4 SYSTEMPATH\Database\BaseBuilder.php(1649): CodeIgniter\Database\BaseConnection->query('SELECT `class_id`
FROM `teacher_permissions`
WHERE `teacher_id` = :teacher_id:
AND `syllabus` = :syllabus:', [...], false)
 5 APPPATH\Views\backend\teacher\syllabus\index.php(11): CodeIgniter\Database\BaseBuilder->get()
 6 APPPATH\Views\backend\index.php(147): include('C:\\xampp\\htdocs\\School-Management-De_migration\\app\\Views\\backend\\teacher\\syllabus\\index.php')
 7 SYSTEMPATH\View\View.php(240): include('C:\\xampp\\htdocs\\School-Management-De_migration\\app\\Views\\backend\\index.php')
 8 SYSTEMPATH\View\View.php(243): CodeIgniter\View\View->CodeIgniter\View\{closure}()
 9 APPPATH\View\View.php(357): CodeIgniter\View\View->render('backend/index', [], true)
10 SYSTEMPATH\Common.php(1250): App\View\View->render('backend/index', [], true)
11 APPPATH\Controllers\Teacher.php(1723): view('backend/index', [...])
12 APPPATH\Config\Routes.php(562): App\Controllers\Teacher->syllabus()
13 APPPATH\Config\Routes.php(571): CodeIgniter\Router\RouteCollection::{closure}('syllabus')
14 SYSTEMPATH\CodeIgniter.php(872): CodeIgniter\Router\RouteCollection::{closure}('syllabus')
15 SYSTEMPATH\CodeIgniter.php(480): CodeIgniter\CodeIgniter->startController()
16 SYSTEMPATH\CodeIgniter.php(340): CodeIgniter\CodeIgniter->handleRequest(null, Object(Config\Cache), false)
17 SYSTEMPATH\Boot.php(417): CodeIgniter\CodeIgniter->run()
18 SYSTEMPATH\Boot.php(68): CodeIgniter\Boot::runCodeIgniter(Object(CodeIgniter\CodeIgniter))
19 FCPATH\index.php(75): CodeIgniter\Boot::bootWeb(Object(Config\Paths))
DEBUG - 2026-04-13 17:21:01 --> Session: Class initialized using 'CodeIgniter\Session\Handlers\FileHandler' driver.
DEBUG - 2026-04-13 17:21:01 --> Teacher construct - is_teacher: true, school_id: 93, method: GET
DEBUG - 2026-04-13 17:21:01 --> Teacher construct - school_id: 93, is_paid: 1, subscription_end: 1778679749, now: 1776097261
DEBUG - 2026-04-13 17:21:01 --> Teacher construct - subscription_end date: 2026-05-13 14:42:29, now date: 2026-04-13 17:21:01
DEBUG - 2026-04-13 17:21:01 --> Teacher construct - Subscription still valid: subscription_end (2026-05-13 14:42:29) >= now (2026-04-13 17:21:01)
DEBUG - 2026-04-13 17:21:01 --> Teacher construct - Access allowed for method 'GET' (no blocking conditions)
DEBUG - 2026-04-13 17:21:02 --> Total exams not yet taken calculated for school_id 93: 0
DEBUG - 2026-04-13 17:21:02 --> Session: Class initialized using 'CodeIgniter\Session\Handlers\FileHandler' driver.
DEBUG - 2026-04-13 17:21:03 --> Teacher construct - is_teacher: true, school_id: 93, method: GET
DEBUG - 2026-04-13 17:21:03 --> Teacher construct - school_id: 93, is_paid: 1, subscription_end: 1778679749, now: 1776097263
DEBUG - 2026-04-13 17:21:03 --> Teacher construct - subscription_end date: 2026-05-13 14:42:29, now date: 2026-04-13 17:21:03
DEBUG - 2026-04-13 17:21:03 --> Teacher construct - Subscription still valid: subscription_end (2026-05-13 14:42:29) >= now (2026-04-13 17:21:03)
DEBUG - 2026-04-13 17:21:03 --> Teacher construct - Access allowed for method 'GET' (no blocking conditions)
DEBUG - 2026-04-13 17:21:08 --> Session: Class initialized using 'CodeIgniter\Session\Handlers\FileHandler' driver.
INFO - 2026-04-13 17:25:15 --> CSRF token verified.
DEBUG - 2026-04-13 17:25:15 --> Session: Class initialized using 'CodeIgniter\Session\Handlers\FileHandler' driver.
DEBUG - 2026-04-13 17:25:15 --> Teacher construct - is_teacher: true, school_id: 93, method: POST
DEBUG - 2026-04-13 17:25:15 --> Teacher construct - school_id: 93, is_paid: 1, subscription_end: 1778679749, now: 1776097515
DEBUG - 2026-04-13 17:25:15 --> Teacher construct - subscription_end date: 2026-05-13 14:42:29, now date: 2026-04-13 17:25:15
DEBUG - 2026-04-13 17:25:15 --> Teacher construct - Subscription still valid: subscription_end (2026-05-13 14:42:29) >= now (2026-04-13 17:25:15)
DEBUG - 2026-04-13 17:25:15 --> Teacher construct - Access allowed for method 'POST' (no blocking conditions)
ERROR - 2026-04-13 17:25:15 --> Syllabus creation failed: Invalid MIME type. Type: application/octet-stream
DEBUG - 2026-04-13 17:29:58 --> Session: Class initialized using 'CodeIgniter\Session\Handlers\FileHandler' driver.
DEBUG - 2026-04-13 17:29:58 --> Teacher construct - is_teacher: true, school_id: 93, method: GET
DEBUG - 2026-04-13 17:29:58 --> Teacher construct - school_id: 93, is_paid: 1, subscription_end: 1778679749, now: 1776097798
DEBUG - 2026-04-13 17:29:58 --> Teacher construct - subscription_end date: 2026-05-13 14:42:29, now date: 2026-04-13 17:29:58
DEBUG - 2026-04-13 17:29:58 --> Teacher construct - Subscription still valid: subscription_end (2026-05-13 14:42:29) >= now (2026-04-13 17:29:58)
DEBUG - 2026-04-13 17:29:58 --> Teacher construct - Access allowed for method 'GET' (no blocking conditions)
DEBUG - 2026-04-13 17:29:59 --> Total exams not yet taken calculated for school_id 93: 0
DEBUG - 2026-04-13 17:30:01 --> Session: Class initialized using 'CodeIgniter\Session\Handlers\FileHandler' driver.
DEBUG - 2026-04-13 17:30:01 --> Teacher construct - is_teacher: true, school_id: 93, method: GET
DEBUG - 2026-04-13 17:30:01 --> Teacher construct - school_id: 93, is_paid: 1, subscription_end: 1778679749, now: 1776097801
DEBUG - 2026-04-13 17:30:01 --> Teacher construct - subscription_end date: 2026-05-13 14:42:29, now date: 2026-04-13 17:30:01
DEBUG - 2026-04-13 17:30:01 --> Teacher construct - Subscription still valid: subscription_end (2026-05-13 14:42:29) >= now (2026-04-13 17:30:01)
DEBUG - 2026-04-13 17:30:01 --> Teacher construct - Access allowed for method 'GET' (no blocking conditions)
DEBUG - 2026-04-13 17:30:49 --> Session: Class initialized using 'CodeIgniter\Session\Handlers\FileHandler' driver.
INFO - 2026-04-13 17:31:23 --> CSRF token verified.
DEBUG - 2026-04-13 17:31:23 --> Session: Class initialized using 'CodeIgniter\Session\Handlers\FileHandler' driver.
DEBUG - 2026-04-13 17:31:23 --> Teacher construct - is_teacher: true, school_id: 93, method: POST
DEBUG - 2026-04-13 17:31:23 --> Teacher construct - school_id: 93, is_paid: 1, subscription_end: 1778679749, now: 1776097883
DEBUG - 2026-04-13 17:31:23 --> Teacher construct - subscription_end date: 2026-05-13 14:42:29, now date: 2026-04-13 17:31:23
DEBUG - 2026-04-13 17:31:23 --> Teacher construct - Subscription still valid: subscription_end (2026-05-13 14:42:29) >= now (2026-04-13 17:31:23)
DEBUG - 2026-04-13 17:31:23 --> Teacher construct - Access allowed for method 'POST' (no blocking conditions)
INFO - 2026-04-13 17:31:23 --> Syllabus created successfully. ID: 25, File: uploads/syllabus/syllabus_69dd1a5b93931.pdf
ERROR - 2026-04-13 17:31:23 --> Table 'wayo_db.audit_logs' doesn't exist
in SYSTEMPATH\Database\MySQLi\Connection.php on line 300.
 1 SYSTEMPATH\Database\MySQLi\Connection.php(300): mysqli->query('INSERT INTO `audit_logs` (`user_id`, `user_type`, `school_id`, `action_type`, `entity_type`, `entity_id`, `action_details`, `ip_address`, `user_agent`, `created_at`) VALUES (\'401\', \'teacher\', \'93\', \'create\', \'syllabus\', 25, \'{\\"title\\":\\"eeee\\",\\"class_id\\":132,\\"file_name\\":\\"uploads\\\\/syllabus\\\\/syllabus_69dd1a5b93931.pdf\\",\\"session_id\\":1}\', \'::1\', \'Mozilla/5.0 (Windows NT 10.0; Win64; x64) AppleWebKit/537.36 (KHTML, like Gecko) Cursor/3.0.16 Chrome/142.0.7444.265 Electron/39.8.1 Safari/537.36\', 1776097883)', 0)
 2 SYSTEMPATH\Database\BaseConnection.php(910): CodeIgniter\Database\MySQLi\Connection->execute('INSERT INTO `audit_logs` (`user_id`, `user_type`, `school_id`, `action_type`, `entity_type`, `entity_id`, `action_details`, `ip_address`, `user_agent`, `created_at`) VALUES (\'401\', \'teacher\', \'93\', \'create\', \'syllabus\', 25, \'{\\"title\\":\\"eeee\\",\\"class_id\\":132,\\"file_name\\":\\"uploads\\\\/syllabus\\\\/syllabus_69dd1a5b93931.pdf\\",\\"session_id\\":1}\', \'::1\', \'Mozilla/5.0 (Windows NT 10.0; Win64; x64) AppleWebKit/537.36 (KHTML, like Gecko) Cursor/3.0.16 Chrome/142.0.7444.265 Electron/39.8.1 Safari/537.36\', 1776097883)')
 3 SYSTEMPATH\Database\BaseConnection.php(827): CodeIgniter\Database\BaseConnection->simpleQuery('INSERT INTO `audit_logs` (`user_id`, `user_type`, `school_id`, `action_type`, `entity_type`, `entity_id`, `action_details`, `ip_address`, `user_agent`, `created_at`) VALUES (\'401\', \'teacher\', \'93\', \'create\', \'syllabus\', 25, \'{\\"title\\":\\"eeee\\",\\"class_id\\":132,\\"file_name\\":\\"uploads\\\\/syllabus\\\\/syllabus_69dd1a5b93931.pdf\\",\\"session_id\\":1}\', \'::1\', \'Mozilla/5.0 (Windows NT 10.0; Win64; x64) AppleWebKit/537.36 (KHTML, like Gecko) Cursor/3.0.16 Chrome/142.0.7444.265 Electron/39.8.1 Safari/537.36\', 1776097883)')
 4 SYSTEMPATH\Database\BaseBuilder.php(2345): CodeIgniter\Database\BaseConnection->query('INSERT INTO `audit_logs` (`user_id`, `user_type`, `school_id`, `action_type`, `entity_type`, `entity_id`, `action_details`, `ip_address`, `user_agent`, `created_at`) VALUES (:user_id:, :user_type:, :school_id:, :action_type:, :entity_type:, :entity_id:, :action_details:, :ip_address:, :user_agent:, :created_at:)', [...], false)
 5 SYSTEMPATH\Model.php(355): CodeIgniter\Database\BaseBuilder->insert()
 6 SYSTEMPATH\BaseModel.php(899): CodeIgniter\Model->doInsert([...])
 7 SYSTEMPATH\Model.php(668): CodeIgniter\BaseModel->insert([...], true)
 8 APPPATH\Models\Audit_log_model.php(45): CodeIgniter\Model->insert([...])
 9 APPPATH\Models\Audit_log_model.php(55): App\Models\Audit_log_model->log_action([...])
10 APPPATH\Models\Crud_model.php(2061): App\Models\Audit_log_model->log_syllabus_create('401', 'teacher', '93', 25, [...])
11 APPPATH\Controllers\Teacher.php(1679): App\Models\Crud_model->syllabus_create()
12 APPPATH\Config\Routes.php(562): App\Controllers\Teacher->syllabus('create')
13 APPPATH\Config\Routes.php(574): CodeIgniter\Router\RouteCollection::{closure}('syllabus/create')
14 SYSTEMPATH\CodeIgniter.php(872): CodeIgniter\Router\RouteCollection::{closure}('syllabus/create')
15 SYSTEMPATH\CodeIgniter.php(480): CodeIgniter\CodeIgniter->startController()
16 SYSTEMPATH\CodeIgniter.php(340): CodeIgniter\CodeIgniter->handleRequest(null, Object(Config\Cache), false)
17 SYSTEMPATH\Boot.php(417): CodeIgniter\CodeIgniter->run()
18 SYSTEMPATH\Boot.php(68): CodeIgniter\Boot::runCodeIgniter(Object(CodeIgniter\CodeIgniter))
19 FCPATH\index.php(75): CodeIgniter\Boot::bootWeb(Object(Config\Paths))
ERROR - 2026-04-13 17:31:23 --> Audit log error: Table 'wayo_db.audit_logs' doesn't exist
DEBUG - 2026-04-13 17:31:27 --> Session: Class initialized using 'CodeIgniter\Session\Handlers\FileHandler' driver.
DEBUG - 2026-04-13 17:31:27 --> Teacher construct - is_teacher: true, school_id: 93, method: GET
DEBUG - 2026-04-13 17:31:27 --> Teacher construct - school_id: 93, is_paid: 1, subscription_end: 1778679749, now: 1776097887
DEBUG - 2026-04-13 17:31:27 --> Teacher construct - subscription_end date: 2026-05-13 14:42:29, now date: 2026-04-13 17:31:27
DEBUG - 2026-04-13 17:31:27 --> Teacher construct - Subscription still valid: subscription_end (2026-05-13 14:42:29) >= now (2026-04-13 17:31:27)
DEBUG - 2026-04-13 17:31:27 --> Teacher construct - Access allowed for method 'GET' (no blocking conditions)
DEBUG - 2026-04-13 17:31:27 --> Total exams not yet taken calculated for school_id 93: 0
DEBUG - 2026-04-13 17:31:28 --> Session: Class initialized using 'CodeIgniter\Session\Handlers\FileHandler' driver.
DEBUG - 2026-04-13 17:31:28 --> Teacher construct - is_teacher: true, school_id: 93, method: GET
DEBUG - 2026-04-13 17:31:28 --> Teacher construct - school_id: 93, is_paid: 1, subscription_end: 1778679749, now: 1776097888
DEBUG - 2026-04-13 17:31:28 --> Teacher construct - subscription_end date: 2026-05-13 14:42:29, now date: 2026-04-13 17:31:28
DEBUG - 2026-04-13 17:31:28 --> Teacher construct - Subscription still valid: subscription_end (2026-05-13 14:42:29) >= now (2026-04-13 17:31:28)
DEBUG - 2026-04-13 17:31:28 --> Teacher construct - Access allowed for method 'GET' (no blocking conditions)
DEBUG - 2026-04-13 17:32:16 --> Session: Class initialized using 'CodeIgniter\Session\Handlers\FileHandler' driver.
DEBUG - 2026-04-13 17:32:16 --> Teacher construct - is_teacher: true, school_id: 93, method: GET
DEBUG - 2026-04-13 17:32:16 --> Teacher construct - school_id: 93, is_paid: 1, subscription_end: 1778679749, now: 1776097936
DEBUG - 2026-04-13 17:32:16 --> Teacher construct - subscription_end date: 2026-05-13 14:42:29, now date: 2026-04-13 17:32:16
DEBUG - 2026-04-13 17:32:16 --> Teacher construct - Subscription still valid: subscription_end (2026-05-13 14:42:29) >= now (2026-04-13 17:32:16)
DEBUG - 2026-04-13 17:32:16 --> Teacher construct - Access allowed for method 'GET' (no blocking conditions)
DEBUG - 2026-04-13 17:32:17 --> Total exams not yet taken calculated for school_id 93: 0
DEBUG - 2026-04-13 17:32:17 --> Session: Class initialized using 'CodeIgniter\Session\Handlers\FileHandler' driver.
DEBUG - 2026-04-13 17:32:17 --> Teacher construct - is_teacher: true, school_id: 93, method: GET
DEBUG - 2026-04-13 17:32:17 --> Teacher construct - school_id: 93, is_paid: 1, subscription_end: 1778679749, now: 1776097937
DEBUG - 2026-04-13 17:32:17 --> Teacher construct - subscription_end date: 2026-05-13 14:42:29, now date: 2026-04-13 17:32:17
DEBUG - 2026-04-13 17:32:17 --> Teacher construct - Subscription still valid: subscription_end (2026-05-13 14:42:29) >= now (2026-04-13 17:32:17)
DEBUG - 2026-04-13 17:32:17 --> Teacher construct - Access allowed for method 'GET' (no blocking conditions)
DEBUG - 2026-04-13 17:32:20 --> Session: Class initialized using 'CodeIgniter\Session\Handlers\FileHandler' driver.
INFO - 2026-04-13 17:32:24 --> CSRF token verified.
DEBUG - 2026-04-13 17:32:24 --> Session: Class initialized using 'CodeIgniter\Session\Handlers\FileHandler' driver.
DEBUG - 2026-04-13 17:32:24 --> Teacher construct - is_teacher: true, school_id: 93, method: POST
DEBUG - 2026-04-13 17:32:24 --> Teacher construct - school_id: 93, is_paid: 1, subscription_end: 1778679749, now: 1776097944
DEBUG - 2026-04-13 17:32:24 --> Teacher construct - subscription_end date: 2026-05-13 14:42:29, now date: 2026-04-13 17:32:24
DEBUG - 2026-04-13 17:32:24 --> Teacher construct - Subscription still valid: subscription_end (2026-05-13 14:42:29) >= now (2026-04-13 17:32:24)
DEBUG - 2026-04-13 17:32:24 --> Teacher construct - Access allowed for method 'POST' (no blocking conditions)
WARNING - 2026-04-13 17:32:24 --> DEPRECATED: $this->output - Use $this->response instead
DEBUG - 2026-04-13 17:32:24 --> Session: Class initialized using 'CodeIgniter\Session\Handlers\FileHandler' driver.
DEBUG - 2026-04-13 17:32:24 --> Teacher construct - is_teacher: true, school_id: 93, method: GET
DEBUG - 2026-04-13 17:32:24 --> Teacher construct - school_id: 93, is_paid: 1, subscription_end: 1778679749, now: 1776097944
DEBUG - 2026-04-13 17:32:24 --> Teacher construct - subscription_end date: 2026-05-13 14:42:29, now date: 2026-04-13 17:32:24
DEBUG - 2026-04-13 17:32:24 --> Teacher construct - Subscription still valid: subscription_end (2026-05-13 14:42:29) >= now (2026-04-13 17:32:24)
DEBUG - 2026-04-13 17:32:24 --> Teacher construct - Access allowed for method 'GET' (no blocking conditions)
DEBUG - 2026-04-13 17:32:28 --> Session: Class initialized using 'CodeIgniter\Session\Handlers\FileHandler' driver.
INFO - 2026-04-13 17:32:37 --> CSRF token verified.
DEBUG - 2026-04-13 17:32:37 --> Session: Class initialized using 'CodeIgniter\Session\Handlers\FileHandler' driver.
DEBUG - 2026-04-13 17:33:12 --> Session: Class initialized using 'CodeIgniter\Session\Handlers\FileHandler' driver.
DEBUG - 2026-04-13 17:33:13 --> Teacher construct - is_teacher: true, school_id: 93, method: GET
DEBUG - 2026-04-13 17:33:13 --> Teacher construct - school_id: 93, is_paid: 1, subscription_end: 1778679749, now: 1776097993
DEBUG - 2026-04-13 17:33:13 --> Teacher construct - subscription_end date: 2026-05-13 14:42:29, now date: 2026-04-13 17:33:13
DEBUG - 2026-04-13 17:33:13 --> Teacher construct - Subscription still valid: subscription_end (2026-05-13 14:42:29) >= now (2026-04-13 17:33:13)
DEBUG - 2026-04-13 17:33:13 --> Teacher construct - Access allowed for method 'GET' (no blocking conditions)
DEBUG - 2026-04-13 17:33:13 --> Total exams not yet taken calculated for school_id 93: 0
DEBUG - 2026-04-13 17:33:15 --> Session: Class initialized using 'CodeIgniter\Session\Handlers\FileHandler' driver.
DEBUG - 2026-04-13 17:33:16 --> Teacher construct - is_teacher: true, school_id: 93, method: GET
DEBUG - 2026-04-13 17:33:16 --> Teacher construct - school_id: 93, is_paid: 1, subscription_end: 1778679749, now: 1776097996
DEBUG - 2026-04-13 17:33:16 --> Teacher construct - subscription_end date: 2026-05-13 14:42:29, now date: 2026-04-13 17:33:16
DEBUG - 2026-04-13 17:33:16 --> Teacher construct - Subscription still valid: subscription_end (2026-05-13 14:42:29) >= now (2026-04-13 17:33:16)
DEBUG - 2026-04-13 17:33:16 --> Teacher construct - Access allowed for method 'GET' (no blocking conditions)
DEBUG - 2026-04-13 17:33:17 --> Session: Class initialized using 'CodeIgniter\Session\Handlers\FileHandler' driver.
DEBUG - 2026-04-13 17:33:17 --> Teacher construct - is_teacher: true, school_id: 93, method: GET
DEBUG - 2026-04-13 17:33:17 --> Teacher construct - school_id: 93, is_paid: 1, subscription_end: 1778679749, now: 1776097997
DEBUG - 2026-04-13 17:33:17 --> Teacher construct - subscription_end date: 2026-05-13 14:42:29, now date: 2026-04-13 17:33:17
DEBUG - 2026-04-13 17:33:17 --> Teacher construct - Subscription still valid: subscription_end (2026-05-13 14:42:29) >= now (2026-04-13 17:33:17)
DEBUG - 2026-04-13 17:33:17 --> Teacher construct - Access allowed for method 'GET' (no blocking conditions)
DEBUG - 2026-04-13 17:33:17 --> Total exams not yet taken calculated for school_id 93: 0
DEBUG - 2026-04-13 17:33:19 --> Session: Class initialized using 'CodeIgniter\Session\Handlers\FileHandler' driver.
DEBUG - 2026-04-13 17:33:19 --> Teacher construct - is_teacher: true, school_id: 93, method: GET
DEBUG - 2026-04-13 17:33:19 --> Teacher construct - school_id: 93, is_paid: 1, subscription_end: 1778679749, now: 1776097999
DEBUG - 2026-04-13 17:33:19 --> Teacher construct - subscription_end date: 2026-05-13 14:42:29, now date: 2026-04-13 17:33:19
DEBUG - 2026-04-13 17:33:19 --> Teacher construct - Subscription still valid: subscription_end (2026-05-13 14:42:29) >= now (2026-04-13 17:33:19)
DEBUG - 2026-04-13 17:33:19 --> Teacher construct - Access allowed for method 'GET' (no blocking conditions)
DEBUG - 2026-04-13 17:33:21 --> Session: Class initialized using 'CodeIgniter\Session\Handlers\FileHandler' driver.
DEBUG - 2026-04-13 17:33:29 --> Session: Class initialized using 'CodeIgniter\Session\Handlers\FileHandler' driver.
INFO - 2026-04-13 17:34:21 --> CSRF token verified.
DEBUG - 2026-04-13 17:34:22 --> Session: Class initialized using 'CodeIgniter\Session\Handlers\FileHandler' driver.
DEBUG - 2026-04-13 17:35:09 --> Session: Class initialized using 'CodeIgniter\Session\Handlers\FileHandler' driver.
DEBUG - 2026-04-13 17:35:09 --> Teacher construct - is_teacher: true, school_id: 93, method: GET
DEBUG - 2026-04-13 17:35:09 --> Teacher construct - school_id: 93, is_paid: 1, subscription_end: 1778679749, now: 1776098109
DEBUG - 2026-04-13 17:35:09 --> Teacher construct - subscription_end date: 2026-05-13 14:42:29, now date: 2026-04-13 17:35:09
DEBUG - 2026-04-13 17:35:09 --> Teacher construct - Subscription still valid: subscription_end (2026-05-13 14:42:29) >= now (2026-04-13 17:35:09)
DEBUG - 2026-04-13 17:35:09 --> Teacher construct - Access allowed for method 'GET' (no blocking conditions)
DEBUG - 2026-04-13 17:35:09 --> Total exams not yet taken calculated for school_id 93: 0
DEBUG - 2026-04-13 17:35:13 --> Session: Class initialized using 'CodeIgniter\Session\Handlers\FileHandler' driver.
DEBUG - 2026-04-13 17:35:13 --> Teacher construct - is_teacher: true, school_id: 93, method: GET
DEBUG - 2026-04-13 17:35:13 --> Teacher construct - school_id: 93, is_paid: 1, subscription_end: 1778679749, now: 1776098113
DEBUG - 2026-04-13 17:35:13 --> Teacher construct - subscription_end date: 2026-05-13 14:42:29, now date: 2026-04-13 17:35:13
DEBUG - 2026-04-13 17:35:13 --> Teacher construct - Subscription still valid: subscription_end (2026-05-13 14:42:29) >= now (2026-04-13 17:35:13)
DEBUG - 2026-04-13 17:35:13 --> Teacher construct - Access allowed for method 'GET' (no blocking conditions)
DEBUG - 2026-04-13 17:35:15 --> Session: Class initialized using 'CodeIgniter\Session\Handlers\FileHandler' driver.
DEBUG - 2026-04-13 17:35:23 --> Session: Class initialized using 'CodeIgniter\Session\Handlers\FileHandler' driver.
DEBUG - 2026-04-13 17:35:23 --> Teacher construct - is_teacher: true, school_id: 93, method: GET
DEBUG - 2026-04-13 17:35:23 --> Teacher construct - school_id: 93, is_paid: 1, subscription_end: 1778679749, now: 1776098123
DEBUG - 2026-04-13 17:35:23 --> Teacher construct - subscription_end date: 2026-05-13 14:42:29, now date: 2026-04-13 17:35:23
DEBUG - 2026-04-13 17:35:23 --> Teacher construct - Subscription still valid: subscription_end (2026-05-13 14:42:29) >= now (2026-04-13 17:35:23)
DEBUG - 2026-04-13 17:35:23 --> Teacher construct - Access allowed for method 'GET' (no blocking conditions)
DEBUG - 2026-04-13 17:35:26 --> Total exams not yet taken calculated for school_id 93: 0
INFO - 2026-04-13 17:35:34 --> CSRF token verified.
DEBUG - 2026-04-13 17:35:34 --> Session: Class initialized using 'CodeIgniter\Session\Handlers\FileHandler' driver.
DEBUG - 2026-04-13 17:35:34 --> Teacher construct - is_teacher: true, school_id: 93, method: POST
DEBUG - 2026-04-13 17:35:34 --> Teacher construct - school_id: 93, is_paid: 1, subscription_end: 1778679749, now: 1776098134
DEBUG - 2026-04-13 17:35:34 --> Teacher construct - subscription_end date: 2026-05-13 14:42:29, now date: 2026-04-13 17:35:34
DEBUG - 2026-04-13 17:35:34 --> Teacher construct - Subscription still valid: subscription_end (2026-05-13 14:42:29) >= now (2026-04-13 17:35:34)
DEBUG - 2026-04-13 17:35:34 --> Teacher construct - Access allowed for method 'POST' (no blocking conditions)
CRITICAL - 2026-04-13 17:35:34 --> Error: Call to undefined function App\Models\get_user_id()
[Method: POST, Route: app/mark/list]
in APPPATH\Models\Crud_model.php on line 1030.
 1 APPPATH\Controllers\Teacher.php(2636): App\Models\Crud_model->mark_insert('132', '36')
 2 APPPATH\Config\Routes.php(562): App\Controllers\Teacher->mark('list')
 3 APPPATH\Config\Routes.php(574): CodeIgniter\Router\RouteCollection::{closure}('mark/list')
 4 SYSTEMPATH\CodeIgniter.php(872): CodeIgniter\Router\RouteCollection::{closure}('mark/list')
 5 SYSTEMPATH\CodeIgniter.php(480): CodeIgniter\CodeIgniter->startController()
 6 SYSTEMPATH\CodeIgniter.php(340): CodeIgniter\CodeIgniter->handleRequest(null, Object(Config\Cache), false)
 7 SYSTEMPATH\Boot.php(417): CodeIgniter\CodeIgniter->run()
 8 SYSTEMPATH\Boot.php(68): CodeIgniter\Boot::runCodeIgniter(Object(CodeIgniter\CodeIgniter))
 9 FCPATH\index.php(75): CodeIgniter\Boot::bootWeb(Object(Config\Paths))
DEBUG - 2026-04-13 17:35:43 --> Session: Class initialized using 'CodeIgniter\Session\Handlers\FileHandler' driver.
DEBUG - 2026-04-13 17:35:44 --> Total exams not yet taken calculated for school_id 93: 0
WARNING - 2026-04-13 17:35:48 --> [DEPRECATED] Creation of dynamic property CodeIgniter\Database\MySQLi\Connection::$db_debug is deprecated in APPPATH\Controllers\api\Wall.php on line 31.
 1 SYSTEMPATH\CodeIgniter.php(922): App\Controllers\api\Wall->initController(Object(CodeIgniter\HTTP\IncomingRequest), Object(CodeIgniter\HTTP\Response), Object(CodeIgniter\Log\Logger))
 2 SYSTEMPATH\CodeIgniter.php(488): CodeIgniter\CodeIgniter->createController()
 3 SYSTEMPATH\CodeIgniter.php(340): CodeIgniter\CodeIgniter->handleRequest(null, Object(Config\Cache), false)
 4 SYSTEMPATH\Boot.php(417): CodeIgniter\CodeIgniter->run()
 5 SYSTEMPATH\Boot.php(68): CodeIgniter\Boot::runCodeIgniter(Object(CodeIgniter\CodeIgniter))
 6 FCPATH\index.php(75): CodeIgniter\Boot::bootWeb(Object(Config\Paths))
DEBUG - 2026-04-13 17:35:48 --> Session: Class initialized using 'CodeIgniter\Session\Handlers\FileHandler' driver.
WARNING - 2026-04-13 17:35:49 --> [DEPRECATED] Creation of dynamic property App\Controllers\api\Wall::$wall_model is deprecated in APPPATH\Libraries\REST_Controller.php on line 146.
 1 APPPATH\Controllers\api\Wall.php(33): App\Libraries\REST_Controller->loadModel('Wall_model', 'wall_model')
 2 SYSTEMPATH\CodeIgniter.php(922): App\Controllers\api\Wall->initController(Object(CodeIgniter\HTTP\IncomingRequest), Object(CodeIgniter\HTTP\Response), Object(CodeIgniter\Log\Logger))
 3 SYSTEMPATH\CodeIgniter.php(488): CodeIgniter\CodeIgniter->createController()
 4 SYSTEMPATH\CodeIgniter.php(340): CodeIgniter\CodeIgniter->handleRequest(null, Object(Config\Cache), false)
 5 SYSTEMPATH\Boot.php(417): CodeIgniter\CodeIgniter->run()
 6 SYSTEMPATH\Boot.php(68): CodeIgniter\Boot::runCodeIgniter(Object(CodeIgniter\CodeIgniter))
 7 FCPATH\index.php(75): CodeIgniter\Boot::bootWeb(Object(Config\Paths))
WARNING - 2026-04-13 17:35:49 --> [DEPRECATED] Creation of dynamic property App\Controllers\api\Wall::$user_model is deprecated in APPPATH\Libraries\REST_Controller.php on line 146.
 1 APPPATH\Controllers\api\Wall.php(34): App\Libraries\REST_Controller->loadModel('User_model', 'user_model')
 2 SYSTEMPATH\CodeIgniter.php(922): App\Controllers\api\Wall->initController(Object(CodeIgniter\HTTP\IncomingRequest), Object(CodeIgniter\HTTP\Response), Object(CodeIgniter\Log\Logger))
 3 SYSTEMPATH\CodeIgniter.php(488): CodeIgniter\CodeIgniter->createController()
 4 SYSTEMPATH\CodeIgniter.php(340): CodeIgniter\CodeIgniter->handleRequest(null, Object(Config\Cache), false)
 5 SYSTEMPATH\Boot.php(417): CodeIgniter\CodeIgniter->run()
 6 SYSTEMPATH\Boot.php(68): CodeIgniter\Boot::runCodeIgniter(Object(CodeIgniter\CodeIgniter))
 7 FCPATH\index.php(75): CodeIgniter\Boot::bootWeb(Object(Config\Paths))
WARNING - 2026-04-13 17:35:49 --> [DEPRECATED] Creation of dynamic property App\Controllers\api\Wall::$wallauthorization is deprecated in APPPATH\Controllers\api\Wall.php on line 35.
 1 SYSTEMPATH\CodeIgniter.php(922): App\Controllers\api\Wall->initController(Object(CodeIgniter\HTTP\IncomingRequest), Object(CodeIgniter\HTTP\Response), Object(CodeIgniter\Log\Logger))
 2 SYSTEMPATH\CodeIgniter.php(488): CodeIgniter\CodeIgniter->createController()
 3 SYSTEMPATH\CodeIgniter.php(340): CodeIgniter\CodeIgniter->handleRequest(null, Object(Config\Cache), false)
 4 SYSTEMPATH\Boot.php(417): CodeIgniter\CodeIgniter->run()
 5 SYSTEMPATH\Boot.php(68): CodeIgniter\Boot::runCodeIgniter(Object(CodeIgniter\CodeIgniter))
 6 FCPATH\index.php(75): CodeIgniter\Boot::bootWeb(Object(Config\Paths))
ERROR - 2026-04-13 17:35:49 --> Wall_model::get_wall_posts Query: SELECT `p`.*, `u`.`name` as `author_name`, `u`.`email` as `author_email`
FROM `posts` `p`
LEFT JOIN `users` `u` ON `u`.`id` = `p`.`author_user_id`
WHERE `p`.`wall_id` = '1'
AND `p`.`deleted_at` IS NULL
AND `p`.`status` = 'published'
ORDER BY `p`.`created_at` DESC
 LIMIT 10
ERROR - 2026-04-13 17:35:49 --> Wall_model::get_wall_posts Result Count: 1
DEBUG - 2026-04-13 17:35:53 --> Session: Class initialized using 'CodeIgniter\Session\Handlers\FileHandler' driver.
DEBUG - 2026-04-13 17:35:53 --> Total exams not yet taken calculated for school_id 93: 0
DEBUG - 2026-04-13 17:35:58 --> Session: Class initialized using 'CodeIgniter\Session\Handlers\FileHandler' driver.
ERROR - 2026-04-13 17:35:58 --> DEBUG_WALL: User 401, Role teacher, Class 132, School 93
CRITICAL - 2026-04-13 17:35:58 --> Error: Call to undefined method CodeIgniter\Database\MySQLi\Builder::group_start()
[Method: GET, Route: wall/class/132]
in APPPATH\Libraries\WallAuthorization.php on line 166.
 1 APPPATH\Libraries\WallAuthorization.php(95): App\Libraries\WallAuthorization->is_teacher_of_class('132')
 2 APPPATH\Controllers\Wall.php(240): App\Libraries\WallAuthorization->can_read_class_wall('132', '93')
 3 SYSTEMPATH\CodeIgniter.php(951): App\Controllers\Wall->class('132')
 4 SYSTEMPATH\CodeIgniter.php(497): CodeIgniter\CodeIgniter->runController(Object(App\Controllers\Wall))
 5 SYSTEMPATH\CodeIgniter.php(340): CodeIgniter\CodeIgniter->handleRequest(null, Object(Config\Cache), false)
 6 SYSTEMPATH\Boot.php(417): CodeIgniter\CodeIgniter->run()
 7 SYSTEMPATH\Boot.php(68): CodeIgniter\Boot::runCodeIgniter(Object(CodeIgniter\CodeIgniter))
 8 FCPATH\index.php(75): CodeIgniter\Boot::bootWeb(Object(Config\Paths))
DEBUG - 2026-04-13 17:45:44 --> Session: Class initialized using 'CodeIgniter\Session\Handlers\FileHandler' driver.
DEBUG - 2026-04-13 17:45:45 --> Total exams not yet taken calculated for school_id 93: 0
DEBUG - 2026-04-13 17:45:46 --> Session: Class initialized using 'CodeIgniter\Session\Handlers\FileHandler' driver.
ERROR - 2026-04-13 17:45:46 --> DEBUG_WALL: User 401, Role teacher, Class 132, School 93
DEBUG - 2026-04-13 17:45:47 --> Total exams not yet taken calculated for school_id 93: 0
WARNING - 2026-04-13 17:45:47 --> [DEPRECATED] Creation of dynamic property CodeIgniter\Database\MySQLi\Connection::$db_debug is deprecated in APPPATH\Controllers\api\Wall.php on line 31.
 1 SYSTEMPATH\CodeIgniter.php(922): App\Controllers\api\Wall->initController(Object(CodeIgniter\HTTP\IncomingRequest), Object(CodeIgniter\HTTP\Response), Object(CodeIgniter\Log\Logger))
 2 SYSTEMPATH\CodeIgniter.php(488): CodeIgniter\CodeIgniter->createController()
 3 SYSTEMPATH\CodeIgniter.php(340): CodeIgniter\CodeIgniter->handleRequest(null, Object(Config\Cache), false)
 4 SYSTEMPATH\Boot.php(417): CodeIgniter\CodeIgniter->run()
 5 SYSTEMPATH\Boot.php(68): CodeIgniter\Boot::runCodeIgniter(Object(CodeIgniter\CodeIgniter))
 6 FCPATH\index.php(75): CodeIgniter\Boot::bootWeb(Object(Config\Paths))
DEBUG - 2026-04-13 17:45:47 --> Session: Class initialized using 'CodeIgniter\Session\Handlers\FileHandler' driver.
WARNING - 2026-04-13 17:45:47 --> [DEPRECATED] Creation of dynamic property App\Controllers\api\Wall::$wall_model is deprecated in APPPATH\Libraries\REST_Controller.php on line 146.
 1 APPPATH\Controllers\api\Wall.php(33): App\Libraries\REST_Controller->loadModel('Wall_model', 'wall_model')
 2 SYSTEMPATH\CodeIgniter.php(922): App\Controllers\api\Wall->initController(Object(CodeIgniter\HTTP\IncomingRequest), Object(CodeIgniter\HTTP\Response), Object(CodeIgniter\Log\Logger))
 3 SYSTEMPATH\CodeIgniter.php(488): CodeIgniter\CodeIgniter->createController()
 4 SYSTEMPATH\CodeIgniter.php(340): CodeIgniter\CodeIgniter->handleRequest(null, Object(Config\Cache), false)
 5 SYSTEMPATH\Boot.php(417): CodeIgniter\CodeIgniter->run()
 6 SYSTEMPATH\Boot.php(68): CodeIgniter\Boot::runCodeIgniter(Object(CodeIgniter\CodeIgniter))
 7 FCPATH\index.php(75): CodeIgniter\Boot::bootWeb(Object(Config\Paths))
WARNING - 2026-04-13 17:45:47 --> [DEPRECATED] Creation of dynamic property App\Controllers\api\Wall::$user_model is deprecated in APPPATH\Libraries\REST_Controller.php on line 146.
 1 APPPATH\Controllers\api\Wall.php(34): App\Libraries\REST_Controller->loadModel('User_model', 'user_model')
 2 SYSTEMPATH\CodeIgniter.php(922): App\Controllers\api\Wall->initController(Object(CodeIgniter\HTTP\IncomingRequest), Object(CodeIgniter\HTTP\Response), Object(CodeIgniter\Log\Logger))
 3 SYSTEMPATH\CodeIgniter.php(488): CodeIgniter\CodeIgniter->createController()
 4 SYSTEMPATH\CodeIgniter.php(340): CodeIgniter\CodeIgniter->handleRequest(null, Object(Config\Cache), false)
 5 SYSTEMPATH\Boot.php(417): CodeIgniter\CodeIgniter->run()
 6 SYSTEMPATH\Boot.php(68): CodeIgniter\Boot::runCodeIgniter(Object(CodeIgniter\CodeIgniter))
 7 FCPATH\index.php(75): CodeIgniter\Boot::bootWeb(Object(Config\Paths))
WARNING - 2026-04-13 17:45:47 --> [DEPRECATED] Creation of dynamic property App\Controllers\api\Wall::$wallauthorization is deprecated in APPPATH\Controllers\api\Wall.php on line 35.
 1 SYSTEMPATH\CodeIgniter.php(922): App\Controllers\api\Wall->initController(Object(CodeIgniter\HTTP\IncomingRequest), Object(CodeIgniter\HTTP\Response), Object(CodeIgniter\Log\Logger))
 2 SYSTEMPATH\CodeIgniter.php(488): CodeIgniter\CodeIgniter->createController()
 3 SYSTEMPATH\CodeIgniter.php(340): CodeIgniter\CodeIgniter->handleRequest(null, Object(Config\Cache), false)
 4 SYSTEMPATH\Boot.php(417): CodeIgniter\CodeIgniter->run()
 5 SYSTEMPATH\Boot.php(68): CodeIgniter\Boot::runCodeIgniter(Object(CodeIgniter\CodeIgniter))
 6 FCPATH\index.php(75): CodeIgniter\Boot::bootWeb(Object(Config\Paths))
ERROR - 2026-04-13 17:45:47 --> DEBUG_WALL: Checking auth for class 132 in controller
ERROR - 2026-04-13 17:45:47 --> DEBUG_WALL: User 401, Role teacher, Class 132, School 93
ERROR - 2026-04-13 17:45:47 --> DEBUG_WALL: class_get for Wall ID 7, Include Hidden: No
ERROR - 2026-04-13 17:45:47 --> Wall_model::get_wall_posts Query: SELECT `p`.*, `u`.`name` as `author_name`, `u`.`email` as `author_email`
FROM `posts` `p`
LEFT JOIN `users` `u` ON `u`.`id` = `p`.`author_user_id`
WHERE `p`.`wall_id` = '7'
AND `p`.`deleted_at` IS NULL
AND `p`.`status` = 'published'
ORDER BY `p`.`created_at` DESC
 LIMIT 10
ERROR - 2026-04-13 17:45:47 --> Wall_model::get_wall_posts Result Count: 0
DEBUG - 2026-04-13 17:45:49 --> Session: Class initialized using 'CodeIgniter\Session\Handlers\FileHandler' driver.
CRITICAL - 2026-04-13 17:45:52 --> CodeIgniter\Security\Exceptions\SecurityException: The action you requested is not allowed.
[Method: POST, Route: wall/create_post_action/7]
in SYSTEMPATH\Security\Security.php on line 258.
 1 SYSTEMPATH\Security\Security.php(258): CodeIgniter\Security\Exceptions\SecurityException::forDisallowedAction()
 2 SYSTEMPATH\Filters\CSRF.php(52): CodeIgniter\Security\Security->verify(Object(CodeIgniter\HTTP\IncomingRequest))
 3 SYSTEMPATH\Filters\Filters.php(241): CodeIgniter\Filters\CSRF->before(Object(CodeIgniter\HTTP\IncomingRequest), null)
 4 SYSTEMPATH\Filters\Filters.php(221): CodeIgniter\Filters\Filters->runBefore([...])
 5 SYSTEMPATH\CodeIgniter.php(465): CodeIgniter\Filters\Filters->run('wall/create_post_action/7', 'before')
 6 SYSTEMPATH\CodeIgniter.php(340): CodeIgniter\CodeIgniter->handleRequest(null, Object(Config\Cache), false)
 7 SYSTEMPATH\Boot.php(417): CodeIgniter\CodeIgniter->run()
 8 SYSTEMPATH\Boot.php(68): CodeIgniter\Boot::runCodeIgniter(Object(CodeIgniter\CodeIgniter))
 9 FCPATH\index.php(75): CodeIgniter\Boot::bootWeb(Object(Config\Paths))
DEBUG - 2026-04-13 17:45:57 --> Session: Class initialized using 'CodeIgniter\Session\Handlers\FileHandler' driver.
ERROR - 2026-04-13 17:45:58 --> DEBUG_WALL: User 401, Role teacher, Class 132, School 93
DEBUG - 2026-04-13 17:45:59 --> Total exams not yet taken calculated for school_id 93: 0
WARNING - 2026-04-13 17:46:04 --> [DEPRECATED] Creation of dynamic property CodeIgniter\Database\MySQLi\Connection::$db_debug is deprecated in APPPATH\Controllers\api\Wall.php on line 31.
 1 SYSTEMPATH\CodeIgniter.php(922): App\Controllers\api\Wall->initController(Object(CodeIgniter\HTTP\IncomingRequest), Object(CodeIgniter\HTTP\Response), Object(CodeIgniter\Log\Logger))
 2 SYSTEMPATH\CodeIgniter.php(488): CodeIgniter\CodeIgniter->createController()
 3 SYSTEMPATH\CodeIgniter.php(340): CodeIgniter\CodeIgniter->handleRequest(null, Object(Config\Cache), false)
 4 SYSTEMPATH\Boot.php(417): CodeIgniter\CodeIgniter->run()
 5 SYSTEMPATH\Boot.php(68): CodeIgniter\Boot::runCodeIgniter(Object(CodeIgniter\CodeIgniter))
 6 FCPATH\index.php(75): CodeIgniter\Boot::bootWeb(Object(Config\Paths))
DEBUG - 2026-04-13 17:46:04 --> Session: Class initialized using 'CodeIgniter\Session\Handlers\FileHandler' driver.
WARNING - 2026-04-13 17:46:04 --> [DEPRECATED] Creation of dynamic property App\Controllers\api\Wall::$wall_model is deprecated in APPPATH\Libraries\REST_Controller.php on line 146.
 1 APPPATH\Controllers\api\Wall.php(33): App\Libraries\REST_Controller->loadModel('Wall_model', 'wall_model')
 2 SYSTEMPATH\CodeIgniter.php(922): App\Controllers\api\Wall->initController(Object(CodeIgniter\HTTP\IncomingRequest), Object(CodeIgniter\HTTP\Response), Object(CodeIgniter\Log\Logger))
 3 SYSTEMPATH\CodeIgniter.php(488): CodeIgniter\CodeIgniter->createController()
 4 SYSTEMPATH\CodeIgniter.php(340): CodeIgniter\CodeIgniter->handleRequest(null, Object(Config\Cache), false)
 5 SYSTEMPATH\Boot.php(417): CodeIgniter\CodeIgniter->run()
 6 SYSTEMPATH\Boot.php(68): CodeIgniter\Boot::runCodeIgniter(Object(CodeIgniter\CodeIgniter))
 7 FCPATH\index.php(75): CodeIgniter\Boot::bootWeb(Object(Config\Paths))
WARNING - 2026-04-13 17:46:04 --> [DEPRECATED] Creation of dynamic property App\Controllers\api\Wall::$user_model is deprecated in APPPATH\Libraries\REST_Controller.php on line 146.
 1 APPPATH\Controllers\api\Wall.php(34): App\Libraries\REST_Controller->loadModel('User_model', 'user_model')
 2 SYSTEMPATH\CodeIgniter.php(922): App\Controllers\api\Wall->initController(Object(CodeIgniter\HTTP\IncomingRequest), Object(CodeIgniter\HTTP\Response), Object(CodeIgniter\Log\Logger))
 3 SYSTEMPATH\CodeIgniter.php(488): CodeIgniter\CodeIgniter->createController()
 4 SYSTEMPATH\CodeIgniter.php(340): CodeIgniter\CodeIgniter->handleRequest(null, Object(Config\Cache), false)
 5 SYSTEMPATH\Boot.php(417): CodeIgniter\CodeIgniter->run()
 6 SYSTEMPATH\Boot.php(68): CodeIgniter\Boot::runCodeIgniter(Object(CodeIgniter\CodeIgniter))
 7 FCPATH\index.php(75): CodeIgniter\Boot::bootWeb(Object(Config\Paths))
WARNING - 2026-04-13 17:46:04 --> [DEPRECATED] Creation of dynamic property App\Controllers\api\Wall::$wallauthorization is deprecated in APPPATH\Controllers\api\Wall.php on line 35.
 1 SYSTEMPATH\CodeIgniter.php(922): App\Controllers\api\Wall->initController(Object(CodeIgniter\HTTP\IncomingRequest), Object(CodeIgniter\HTTP\Response), Object(CodeIgniter\Log\Logger))
 2 SYSTEMPATH\CodeIgniter.php(488): CodeIgniter\CodeIgniter->createController()
 3 SYSTEMPATH\CodeIgniter.php(340): CodeIgniter\CodeIgniter->handleRequest(null, Object(Config\Cache), false)
 4 SYSTEMPATH\Boot.php(417): CodeIgniter\CodeIgniter->run()
 5 SYSTEMPATH\Boot.php(68): CodeIgniter\Boot::runCodeIgniter(Object(CodeIgniter\CodeIgniter))
 6 FCPATH\index.php(75): CodeIgniter\Boot::bootWeb(Object(Config\Paths))
ERROR - 2026-04-13 17:46:04 --> DEBUG_WALL: Checking auth for class 132 in controller
ERROR - 2026-04-13 17:46:04 --> DEBUG_WALL: User 401, Role teacher, Class 132, School 93
ERROR - 2026-04-13 17:46:04 --> DEBUG_WALL: class_get for Wall ID 7, Include Hidden: No
ERROR - 2026-04-13 17:46:04 --> Wall_model::get_wall_posts Query: SELECT `p`.*, `u`.`name` as `author_name`, `u`.`email` as `author_email`
FROM `posts` `p`
LEFT JOIN `users` `u` ON `u`.`id` = `p`.`author_user_id`
WHERE `p`.`wall_id` = '7'
AND `p`.`deleted_at` IS NULL
AND `p`.`status` = 'published'
ORDER BY `p`.`created_at` DESC
 LIMIT 10
ERROR - 2026-04-13 17:46:04 --> Wall_model::get_wall_posts Result Count: 0
DEBUG - 2026-04-13 17:46:20 --> Session: Class initialized using 'CodeIgniter\Session\Handlers\FileHandler' driver.
DEBUG - 2026-04-13 17:46:21 --> Session: Class initialized using 'CodeIgniter\Session\Handlers\FileHandler' driver.
ERROR - 2026-04-13 17:46:21 --> 404 Page Not Found: /School-Management-De_migration/wall/class/quill.min.js.map
CRITICAL - 2026-04-13 17:46:25 --> CodeIgniter\Security\Exceptions\SecurityException: The action you requested is not allowed.
[Method: POST, Route: wall/create_post_action/7]
in SYSTEMPATH\Security\Security.php on line 258.
 1 SYSTEMPATH\Security\Security.php(258): CodeIgniter\Security\Exceptions\SecurityException::forDisallowedAction()
 2 SYSTEMPATH\Filters\CSRF.php(52): CodeIgniter\Security\Security->verify(Object(CodeIgniter\HTTP\IncomingRequest))
 3 SYSTEMPATH\Filters\Filters.php(241): CodeIgniter\Filters\CSRF->before(Object(CodeIgniter\HTTP\IncomingRequest), null)
 4 SYSTEMPATH\Filters\Filters.php(221): CodeIgniter\Filters\Filters->runBefore([...])
 5 SYSTEMPATH\CodeIgniter.php(465): CodeIgniter\Filters\Filters->run('wall/create_post_action/7', 'before')
 6 SYSTEMPATH\CodeIgniter.php(340): CodeIgniter\CodeIgniter->handleRequest(null, Object(Config\Cache), false)
 7 SYSTEMPATH\Boot.php(417): CodeIgniter\CodeIgniter->run()
 8 SYSTEMPATH\Boot.php(68): CodeIgniter\Boot::runCodeIgniter(Object(CodeIgniter\CodeIgniter))
 9 FCPATH\index.php(75): CodeIgniter\Boot::bootWeb(Object(Config\Paths))
DEBUG - 2026-04-13 17:50:15 --> Session: Class initialized using 'CodeIgniter\Session\Handlers\FileHandler' driver.
ERROR - 2026-04-13 17:50:15 --> DEBUG_WALL: User 401, Role teacher, Class 132, School 93
DEBUG - 2026-04-13 17:50:16 --> Total exams not yet taken calculated for school_id 93: 0
WARNING - 2026-04-13 17:50:18 --> [DEPRECATED] Creation of dynamic property CodeIgniter\Database\MySQLi\Connection::$db_debug is deprecated in APPPATH\Controllers\api\Wall.php on line 31.
 1 SYSTEMPATH\CodeIgniter.php(922): App\Controllers\api\Wall->initController(Object(CodeIgniter\HTTP\IncomingRequest), Object(CodeIgniter\HTTP\Response), Object(CodeIgniter\Log\Logger))
 2 SYSTEMPATH\CodeIgniter.php(488): CodeIgniter\CodeIgniter->createController()
 3 SYSTEMPATH\CodeIgniter.php(340): CodeIgniter\CodeIgniter->handleRequest(null, Object(Config\Cache), false)
 4 SYSTEMPATH\Boot.php(417): CodeIgniter\CodeIgniter->run()
 5 SYSTEMPATH\Boot.php(68): CodeIgniter\Boot::runCodeIgniter(Object(CodeIgniter\CodeIgniter))
 6 FCPATH\index.php(75): CodeIgniter\Boot::bootWeb(Object(Config\Paths))
DEBUG - 2026-04-13 17:50:19 --> Session: Class initialized using 'CodeIgniter\Session\Handlers\FileHandler' driver.
WARNING - 2026-04-13 17:50:19 --> [DEPRECATED] Creation of dynamic property App\Controllers\api\Wall::$wall_model is deprecated in APPPATH\Libraries\REST_Controller.php on line 146.
 1 APPPATH\Controllers\api\Wall.php(33): App\Libraries\REST_Controller->loadModel('Wall_model', 'wall_model')
 2 SYSTEMPATH\CodeIgniter.php(922): App\Controllers\api\Wall->initController(Object(CodeIgniter\HTTP\IncomingRequest), Object(CodeIgniter\HTTP\Response), Object(CodeIgniter\Log\Logger))
 3 SYSTEMPATH\CodeIgniter.php(488): CodeIgniter\CodeIgniter->createController()
 4 SYSTEMPATH\CodeIgniter.php(340): CodeIgniter\CodeIgniter->handleRequest(null, Object(Config\Cache), false)
 5 SYSTEMPATH\Boot.php(417): CodeIgniter\CodeIgniter->run()
 6 SYSTEMPATH\Boot.php(68): CodeIgniter\Boot::runCodeIgniter(Object(CodeIgniter\CodeIgniter))
 7 FCPATH\index.php(75): CodeIgniter\Boot::bootWeb(Object(Config\Paths))
WARNING - 2026-04-13 17:50:19 --> [DEPRECATED] Creation of dynamic property App\Controllers\api\Wall::$user_model is deprecated in APPPATH\Libraries\REST_Controller.php on line 146.
 1 APPPATH\Controllers\api\Wall.php(34): App\Libraries\REST_Controller->loadModel('User_model', 'user_model')
 2 SYSTEMPATH\CodeIgniter.php(922): App\Controllers\api\Wall->initController(Object(CodeIgniter\HTTP\IncomingRequest), Object(CodeIgniter\HTTP\Response), Object(CodeIgniter\Log\Logger))
 3 SYSTEMPATH\CodeIgniter.php(488): CodeIgniter\CodeIgniter->createController()
 4 SYSTEMPATH\CodeIgniter.php(340): CodeIgniter\CodeIgniter->handleRequest(null, Object(Config\Cache), false)
 5 SYSTEMPATH\Boot.php(417): CodeIgniter\CodeIgniter->run()
 6 SYSTEMPATH\Boot.php(68): CodeIgniter\Boot::runCodeIgniter(Object(CodeIgniter\CodeIgniter))
 7 FCPATH\index.php(75): CodeIgniter\Boot::bootWeb(Object(Config\Paths))
WARNING - 2026-04-13 17:50:19 --> [DEPRECATED] Creation of dynamic property App\Controllers\api\Wall::$wallauthorization is deprecated in APPPATH\Controllers\api\Wall.php on line 35.
 1 SYSTEMPATH\CodeIgniter.php(922): App\Controllers\api\Wall->initController(Object(CodeIgniter\HTTP\IncomingRequest), Object(CodeIgniter\HTTP\Response), Object(CodeIgniter\Log\Logger))
 2 SYSTEMPATH\CodeIgniter.php(488): CodeIgniter\CodeIgniter->createController()
 3 SYSTEMPATH\CodeIgniter.php(340): CodeIgniter\CodeIgniter->handleRequest(null, Object(Config\Cache), false)
 4 SYSTEMPATH\Boot.php(417): CodeIgniter\CodeIgniter->run()
 5 SYSTEMPATH\Boot.php(68): CodeIgniter\Boot::runCodeIgniter(Object(CodeIgniter\CodeIgniter))
 6 FCPATH\index.php(75): CodeIgniter\Boot::bootWeb(Object(Config\Paths))
ERROR - 2026-04-13 17:50:19 --> DEBUG_WALL: Checking auth for class 132 in controller
ERROR - 2026-04-13 17:50:19 --> DEBUG_WALL: User 401, Role teacher, Class 132, School 93
ERROR - 2026-04-13 17:50:19 --> DEBUG_WALL: class_get for Wall ID 7, Include Hidden: No
ERROR - 2026-04-13 17:50:19 --> Wall_model::get_wall_posts Query: SELECT `p`.*, `u`.`name` as `author_name`, `u`.`email` as `author_email`
FROM `posts` `p`
LEFT JOIN `users` `u` ON `u`.`id` = `p`.`author_user_id`
WHERE `p`.`wall_id` = '7'
AND `p`.`deleted_at` IS NULL
AND `p`.`status` = 'published'
ORDER BY `p`.`created_at` DESC
 LIMIT 10
ERROR - 2026-04-13 17:50:19 --> Wall_model::get_wall_posts Result Count: 0
DEBUG - 2026-04-13 17:50:19 --> Session: Class initialized using 'CodeIgniter\Session\Handlers\FileHandler' driver.
INFO - 2026-04-13 17:50:22 --> CSRF token verified.
DEBUG - 2026-04-13 17:50:22 --> Session: Class initialized using 'CodeIgniter\Session\Handlers\FileHandler' driver.
ERROR - 2026-04-13 17:50:23 --> Wall::create_post_action - Creating post: Array
(
    [wall_id] => 7
    [author_user_id] => 401
    [title] => sssss
    [body] => <p>sssssss</p>
    [type] => post
    [status] => published
    [created_at] => 2026-04-13 17:50:23
)

WARNING - 2026-04-13 17:50:25 --> [DEPRECATED] Creation of dynamic property CodeIgniter\Database\MySQLi\Connection::$db_debug is deprecated in APPPATH\Controllers\api\Wall.php on line 31.
 1 SYSTEMPATH\CodeIgniter.php(922): App\Controllers\api\Wall->initController(Object(CodeIgniter\HTTP\IncomingRequest), Object(CodeIgniter\HTTP\Response), Object(CodeIgniter\Log\Logger))
 2 SYSTEMPATH\CodeIgniter.php(488): CodeIgniter\CodeIgniter->createController()
 3 SYSTEMPATH\CodeIgniter.php(340): CodeIgniter\CodeIgniter->handleRequest(null, Object(Config\Cache), false)
 4 SYSTEMPATH\Boot.php(417): CodeIgniter\CodeIgniter->run()
 5 SYSTEMPATH\Boot.php(68): CodeIgniter\Boot::runCodeIgniter(Object(CodeIgniter\CodeIgniter))
 6 FCPATH\index.php(75): CodeIgniter\Boot::bootWeb(Object(Config\Paths))
DEBUG - 2026-04-13 17:50:25 --> Session: Class initialized using 'CodeIgniter\Session\Handlers\FileHandler' driver.
WARNING - 2026-04-13 17:50:25 --> [DEPRECATED] Creation of dynamic property App\Controllers\api\Wall::$wall_model is deprecated in APPPATH\Libraries\REST_Controller.php on line 146.
 1 APPPATH\Controllers\api\Wall.php(33): App\Libraries\REST_Controller->loadModel('Wall_model', 'wall_model')
 2 SYSTEMPATH\CodeIgniter.php(922): App\Controllers\api\Wall->initController(Object(CodeIgniter\HTTP\IncomingRequest), Object(CodeIgniter\HTTP\Response), Object(CodeIgniter\Log\Logger))
 3 SYSTEMPATH\CodeIgniter.php(488): CodeIgniter\CodeIgniter->createController()
 4 SYSTEMPATH\CodeIgniter.php(340): CodeIgniter\CodeIgniter->handleRequest(null, Object(Config\Cache), false)
 5 SYSTEMPATH\Boot.php(417): CodeIgniter\CodeIgniter->run()
 6 SYSTEMPATH\Boot.php(68): CodeIgniter\Boot::runCodeIgniter(Object(CodeIgniter\CodeIgniter))
 7 FCPATH\index.php(75): CodeIgniter\Boot::bootWeb(Object(Config\Paths))
WARNING - 2026-04-13 17:50:25 --> [DEPRECATED] Creation of dynamic property App\Controllers\api\Wall::$user_model is deprecated in APPPATH\Libraries\REST_Controller.php on line 146.
 1 APPPATH\Controllers\api\Wall.php(34): App\Libraries\REST_Controller->loadModel('User_model', 'user_model')
 2 SYSTEMPATH\CodeIgniter.php(922): App\Controllers\api\Wall->initController(Object(CodeIgniter\HTTP\IncomingRequest), Object(CodeIgniter\HTTP\Response), Object(CodeIgniter\Log\Logger))
 3 SYSTEMPATH\CodeIgniter.php(488): CodeIgniter\CodeIgniter->createController()
 4 SYSTEMPATH\CodeIgniter.php(340): CodeIgniter\CodeIgniter->handleRequest(null, Object(Config\Cache), false)
 5 SYSTEMPATH\Boot.php(417): CodeIgniter\CodeIgniter->run()
 6 SYSTEMPATH\Boot.php(68): CodeIgniter\Boot::runCodeIgniter(Object(CodeIgniter\CodeIgniter))
 7 FCPATH\index.php(75): CodeIgniter\Boot::bootWeb(Object(Config\Paths))
WARNING - 2026-04-13 17:50:25 --> [DEPRECATED] Creation of dynamic property App\Controllers\api\Wall::$wallauthorization is deprecated in APPPATH\Controllers\api\Wall.php on line 35.
 1 SYSTEMPATH\CodeIgniter.php(922): App\Controllers\api\Wall->initController(Object(CodeIgniter\HTTP\IncomingRequest), Object(CodeIgniter\HTTP\Response), Object(CodeIgniter\Log\Logger))
 2 SYSTEMPATH\CodeIgniter.php(488): CodeIgniter\CodeIgniter->createController()
 3 SYSTEMPATH\CodeIgniter.php(340): CodeIgniter\CodeIgniter->handleRequest(null, Object(Config\Cache), false)
 4 SYSTEMPATH\Boot.php(417): CodeIgniter\CodeIgniter->run()
 5 SYSTEMPATH\Boot.php(68): CodeIgniter\Boot::runCodeIgniter(Object(CodeIgniter\CodeIgniter))
 6 FCPATH\index.php(75): CodeIgniter\Boot::bootWeb(Object(Config\Paths))
ERROR - 2026-04-13 17:50:25 --> DEBUG_WALL: Checking auth for class 132 in controller
ERROR - 2026-04-13 17:50:25 --> DEBUG_WALL: User 401, Role teacher, Class 132, School 93
ERROR - 2026-04-13 17:50:25 --> DEBUG_WALL: class_get for Wall ID 7, Include Hidden: No
ERROR - 2026-04-13 17:50:25 --> Wall_model::get_wall_posts Query: SELECT `p`.*, `u`.`name` as `author_name`, `u`.`email` as `author_email`
FROM `posts` `p`
LEFT JOIN `users` `u` ON `u`.`id` = `p`.`author_user_id`
WHERE `p`.`wall_id` = '7'
AND `p`.`deleted_at` IS NULL
AND `p`.`status` = 'published'
ORDER BY `p`.`created_at` DESC
 LIMIT 10
ERROR - 2026-04-13 17:50:25 --> Wall_model::get_wall_posts Result Count: 1
DEBUG - 2026-04-13 17:50:28 --> Session: Class initialized using 'CodeIgniter\Session\Handlers\FileHandler' driver.
DEBUG - 2026-04-13 17:50:28 --> Teacher construct - is_teacher: true, school_id: 93, method: GET
DEBUG - 2026-04-13 17:50:28 --> Teacher construct - school_id: 93, is_paid: 1, subscription_end: 1778679749, now: 1776099028
DEBUG - 2026-04-13 17:50:28 --> Teacher construct - subscription_end date: 2026-05-13 14:42:29, now date: 2026-04-13 17:50:28
DEBUG - 2026-04-13 17:50:28 --> Teacher construct - Subscription still valid: subscription_end (2026-05-13 14:42:29) >= now (2026-04-13 17:50:28)
DEBUG - 2026-04-13 17:50:28 --> Teacher construct - Access allowed for method 'GET' (no blocking conditions)
DEBUG - 2026-04-13 17:50:29 --> Total exams not yet taken calculated for school_id 93: 0
DEBUG - 2026-04-13 17:50:30 --> Session: Class initialized using 'CodeIgniter\Session\Handlers\FileHandler' driver.
DEBUG - 2026-04-13 17:50:30 --> Teacher construct - is_teacher: true, school_id: 93, method: GET
DEBUG - 2026-04-13 17:50:30 --> Teacher construct - school_id: 93, is_paid: 1, subscription_end: 1778679749, now: 1776099030
DEBUG - 2026-04-13 17:50:30 --> Teacher construct - subscription_end date: 2026-05-13 14:42:29, now date: 2026-04-13 17:50:30
DEBUG - 2026-04-13 17:50:30 --> Teacher construct - Subscription still valid: subscription_end (2026-05-13 14:42:29) >= now (2026-04-13 17:50:30)
DEBUG - 2026-04-13 17:50:30 --> Teacher construct - Access allowed for method 'GET' (no blocking conditions)
DEBUG - 2026-04-13 17:50:31 --> Session: Class initialized using 'CodeIgniter\Session\Handlers\FileHandler' driver.
INFO - 2026-04-13 17:50:35 --> CSRF token verified.
DEBUG - 2026-04-13 17:50:35 --> Session: Class initialized using 'CodeIgniter\Session\Handlers\FileHandler' driver.
DEBUG - 2026-04-13 17:50:36 --> Teacher construct - is_teacher: true, school_id: 93, method: POST
DEBUG - 2026-04-13 17:50:36 --> Teacher construct - school_id: 93, is_paid: 1, subscription_end: 1778679749, now: 1776099036
DEBUG - 2026-04-13 17:50:36 --> Teacher construct - subscription_end date: 2026-05-13 14:42:29, now date: 2026-04-13 17:50:36
DEBUG - 2026-04-13 17:50:36 --> Teacher construct - Subscription still valid: subscription_end (2026-05-13 14:42:29) >= now (2026-04-13 17:50:36)
DEBUG - 2026-04-13 17:50:36 --> Teacher construct - Access allowed for method 'POST' (no blocking conditions)
DEBUG - 2026-04-13 17:50:37 --> Session: Class initialized using 'CodeIgniter\Session\Handlers\FileHandler' driver.
DEBUG - 2026-04-13 17:50:37 --> Teacher construct - is_teacher: true, school_id: 93, method: GET
DEBUG - 2026-04-13 17:50:37 --> Teacher construct - school_id: 93, is_paid: 1, subscription_end: 1778679749, now: 1776099037
DEBUG - 2026-04-13 17:50:37 --> Teacher construct - subscription_end date: 2026-05-13 14:42:29, now date: 2026-04-13 17:50:37
DEBUG - 2026-04-13 17:50:37 --> Teacher construct - Subscription still valid: subscription_end (2026-05-13 14:42:29) >= now (2026-04-13 17:50:37)
DEBUG - 2026-04-13 17:50:37 --> Teacher construct - Access allowed for method 'GET' (no blocking conditions)
DEBUG - 2026-04-13 17:50:38 --> Session: Class initialized using 'CodeIgniter\Session\Handlers\FileHandler' driver.
DEBUG - 2026-04-13 17:50:38 --> Teacher construct - is_teacher: true, school_id: 93, method: GET
DEBUG - 2026-04-13 17:50:38 --> Teacher construct - school_id: 93, is_paid: 1, subscription_end: 1778679749, now: 1776099038
DEBUG - 2026-04-13 17:50:38 --> Teacher construct - subscription_end date: 2026-05-13 14:42:29, now date: 2026-04-13 17:50:38
DEBUG - 2026-04-13 17:50:38 --> Teacher construct - Subscription still valid: subscription_end (2026-05-13 14:42:29) >= now (2026-04-13 17:50:38)
DEBUG - 2026-04-13 17:50:38 --> Teacher construct - Access allowed for method 'GET' (no blocking conditions)
DEBUG - 2026-04-13 17:50:40 --> Session: Class initialized using 'CodeIgniter\Session\Handlers\FileHandler' driver.
INFO - 2026-04-13 17:50:43 --> CSRF token verified.
DEBUG - 2026-04-13 17:50:43 --> Session: Class initialized using 'CodeIgniter\Session\Handlers\FileHandler' driver.
DEBUG - 2026-04-13 17:50:43 --> Teacher construct - is_teacher: true, school_id: 93, method: POST
DEBUG - 2026-04-13 17:50:43 --> Teacher construct - school_id: 93, is_paid: 1, subscription_end: 1778679749, now: 1776099043
DEBUG - 2026-04-13 17:50:43 --> Teacher construct - subscription_end date: 2026-05-13 14:42:29, now date: 2026-04-13 17:50:43
DEBUG - 2026-04-13 17:50:43 --> Teacher construct - Subscription still valid: subscription_end (2026-05-13 14:42:29) >= now (2026-04-13 17:50:43)
DEBUG - 2026-04-13 17:50:43 --> Teacher construct - Access allowed for method 'POST' (no blocking conditions)
DEBUG - 2026-04-13 17:50:44 --> Session: Class initialized using 'CodeIgniter\Session\Handlers\FileHandler' driver.
DEBUG - 2026-04-13 17:50:44 --> Teacher construct - is_teacher: true, school_id: 93, method: GET
DEBUG - 2026-04-13 17:50:44 --> Teacher construct - school_id: 93, is_paid: 1, subscription_end: 1778679749, now: 1776099044
DEBUG - 2026-04-13 17:50:44 --> Teacher construct - subscription_end date: 2026-05-13 14:42:29, now date: 2026-04-13 17:50:44
DEBUG - 2026-04-13 17:50:44 --> Teacher construct - Subscription still valid: subscription_end (2026-05-13 14:42:29) >= now (2026-04-13 17:50:44)
DEBUG - 2026-04-13 17:50:44 --> Teacher construct - Access allowed for method 'GET' (no blocking conditions)
DEBUG - 2026-04-13 17:50:45 --> Session: Class initialized using 'CodeIgniter\Session\Handlers\FileHandler' driver.
DEBUG - 2026-04-13 17:50:45 --> Teacher construct - is_teacher: true, school_id: 93, method: GET
DEBUG - 2026-04-13 17:50:45 --> Teacher construct - school_id: 93, is_paid: 1, subscription_end: 1778679749, now: 1776099045
DEBUG - 2026-04-13 17:50:45 --> Teacher construct - subscription_end date: 2026-05-13 14:42:29, now date: 2026-04-13 17:50:45
DEBUG - 2026-04-13 17:50:45 --> Teacher construct - Subscription still valid: subscription_end (2026-05-13 14:42:29) >= now (2026-04-13 17:50:45)
DEBUG - 2026-04-13 17:50:45 --> Teacher construct - Access allowed for method 'GET' (no blocking conditions)
DEBUG - 2026-04-13 17:50:48 --> Session: Class initialized using 'CodeIgniter\Session\Handlers\FileHandler' driver.
DEBUG - 2026-04-13 17:50:48 --> Teacher construct - is_teacher: true, school_id: 93, method: GET
DEBUG - 2026-04-13 17:50:48 --> Teacher construct - school_id: 93, is_paid: 1, subscription_end: 1778679749, now: 1776099048
DEBUG - 2026-04-13 17:50:48 --> Teacher construct - subscription_end date: 2026-05-13 14:42:29, now date: 2026-04-13 17:50:48
DEBUG - 2026-04-13 17:50:48 --> Teacher construct - Subscription still valid: subscription_end (2026-05-13 14:42:29) >= now (2026-04-13 17:50:48)
DEBUG - 2026-04-13 17:50:48 --> Teacher construct - Access allowed for method 'GET' (no blocking conditions)
CRITICAL - 2026-04-13 17:50:48 --> Error: Call to undefined method CodeIgniter\Database\MySQLi\Builder::getRowArray()
[Method: GET, Route: app/student]
in APPPATH\Controllers\Teacher.php on line 1311.
 1 APPPATH\Controllers\Teacher.php(1299): App\Controllers\Teacher->prepareTeacherStudentListDataForView([...])
 2 APPPATH\Config\Routes.php(562): App\Controllers\Teacher->student()
 3 APPPATH\Config\Routes.php(571): CodeIgniter\Router\RouteCollection::{closure}('student')
 4 SYSTEMPATH\CodeIgniter.php(872): CodeIgniter\Router\RouteCollection::{closure}('student')
 5 SYSTEMPATH\CodeIgniter.php(480): CodeIgniter\CodeIgniter->startController()
 6 SYSTEMPATH\CodeIgniter.php(340): CodeIgniter\CodeIgniter->handleRequest(null, Object(Config\Cache), false)
 7 SYSTEMPATH\Boot.php(417): CodeIgniter\CodeIgniter->run()
 8 SYSTEMPATH\Boot.php(68): CodeIgniter\Boot::runCodeIgniter(Object(CodeIgniter\CodeIgniter))
 9 FCPATH\index.php(75): CodeIgniter\Boot::bootWeb(Object(Config\Paths))
DEBUG - 2026-04-13 17:50:55 --> Session: Class initialized using 'CodeIgniter\Session\Handlers\FileHandler' driver.
DEBUG - 2026-04-13 17:50:55 --> Teacher construct - is_teacher: true, school_id: 93, method: GET
DEBUG - 2026-04-13 17:50:55 --> Teacher construct - school_id: 93, is_paid: 1, subscription_end: 1778679749, now: 1776099055
DEBUG - 2026-04-13 17:50:55 --> Teacher construct - subscription_end date: 2026-05-13 14:42:29, now date: 2026-04-13 17:50:55
DEBUG - 2026-04-13 17:50:55 --> Teacher construct - Subscription still valid: subscription_end (2026-05-13 14:42:29) >= now (2026-04-13 17:50:55)
DEBUG - 2026-04-13 17:50:55 --> Teacher construct - Access allowed for method 'GET' (no blocking conditions)
CRITICAL - 2026-04-13 17:50:55 --> Error: Call to undefined method CodeIgniter\Database\MySQLi\Builder::getRowArray()
[Method: GET, Route: app/student]
in APPPATH\Controllers\Teacher.php on line 1311.
 1 APPPATH\Controllers\Teacher.php(1299): App\Controllers\Teacher->prepareTeacherStudentListDataForView([...])
 2 APPPATH\Config\Routes.php(562): App\Controllers\Teacher->student()
 3 APPPATH\Config\Routes.php(571): CodeIgniter\Router\RouteCollection::{closure}('student')
 4 SYSTEMPATH\CodeIgniter.php(872): CodeIgniter\Router\RouteCollection::{closure}('student')
 5 SYSTEMPATH\CodeIgniter.php(480): CodeIgniter\CodeIgniter->startController()
 6 SYSTEMPATH\CodeIgniter.php(340): CodeIgniter\CodeIgniter->handleRequest(null, Object(Config\Cache), false)
 7 SYSTEMPATH\Boot.php(417): CodeIgniter\CodeIgniter->run()
 8 SYSTEMPATH\Boot.php(68): CodeIgniter\Boot::runCodeIgniter(Object(CodeIgniter\CodeIgniter))
 9 FCPATH\index.php(75): CodeIgniter\Boot::bootWeb(Object(Config\Paths))
DEBUG - 2026-04-13 17:52:41 --> Session: Class initialized using 'CodeIgniter\Session\Handlers\FileHandler' driver.
DEBUG - 2026-04-13 17:52:41 --> Teacher construct - is_teacher: true, school_id: 93, method: GET
DEBUG - 2026-04-13 17:52:41 --> Teacher construct - school_id: 93, is_paid: 1, subscription_end: 1778679749, now: 1776099161
DEBUG - 2026-04-13 17:52:41 --> Teacher construct - subscription_end date: 2026-05-13 14:42:29, now date: 2026-04-13 17:52:41
DEBUG - 2026-04-13 17:52:41 --> Teacher construct - Subscription still valid: subscription_end (2026-05-13 14:42:29) >= now (2026-04-13 17:52:41)
DEBUG - 2026-04-13 17:52:41 --> Teacher construct - Access allowed for method 'GET' (no blocking conditions)
DEBUG - 2026-04-13 17:52:41 --> Total exams not yet taken calculated for school_id 93: 0
DEBUG - 2026-04-13 17:53:13 --> Session: Class initialized using 'CodeIgniter\Session\Handlers\FileHandler' driver.
DEBUG - 2026-04-13 17:53:18 --> Session: Class initialized using 'CodeIgniter\Session\Handlers\FileHandler' driver.
DEBUG - 2026-04-13 17:53:18 --> Teacher construct - is_teacher: true, school_id: 93, method: GET
DEBUG - 2026-04-13 17:53:18 --> Teacher construct - school_id: 93, is_paid: 1, subscription_end: 1778679749, now: 1776099198
DEBUG - 2026-04-13 17:53:18 --> Teacher construct - subscription_end date: 2026-05-13 14:42:29, now date: 2026-04-13 17:53:18
DEBUG - 2026-04-13 17:53:18 --> Teacher construct - Subscription still valid: subscription_end (2026-05-13 14:42:29) >= now (2026-04-13 17:53:18)
DEBUG - 2026-04-13 17:53:18 --> Teacher construct - Access allowed for method 'GET' (no blocking conditions)
DEBUG - 2026-04-13 17:53:28 --> Session: Class initialized using 'CodeIgniter\Session\Handlers\FileHandler' driver.
DEBUG - 2026-04-13 17:53:28 --> Teacher construct - is_teacher: true, school_id: 93, method: GET
DEBUG - 2026-04-13 17:53:28 --> Teacher construct - school_id: 93, is_paid: 1, subscription_end: 1778679749, now: 1776099208
DEBUG - 2026-04-13 17:53:28 --> Teacher construct - subscription_end date: 2026-05-13 14:42:29, now date: 2026-04-13 17:53:28
DEBUG - 2026-04-13 17:53:28 --> Teacher construct - Subscription still valid: subscription_end (2026-05-13 14:42:29) >= now (2026-04-13 17:53:28)
DEBUG - 2026-04-13 17:53:28 --> Teacher construct - Access allowed for method 'GET' (no blocking conditions)
DEBUG - 2026-04-13 17:53:29 --> Total exams not yet taken calculated for school_id 93: 0
DEBUG - 2026-04-13 17:53:36 --> Session: Class initialized using 'CodeIgniter\Session\Handlers\FileHandler' driver.
DEBUG - 2026-04-13 17:53:36 --> Teacher construct - is_teacher: true, school_id: 93, method: GET
DEBUG - 2026-04-13 17:53:36 --> Teacher construct - school_id: 93, is_paid: 1, subscription_end: 1778679749, now: 1776099216
DEBUG - 2026-04-13 17:53:36 --> Teacher construct - subscription_end date: 2026-05-13 14:42:29, now date: 2026-04-13 17:53:36
DEBUG - 2026-04-13 17:53:36 --> Teacher construct - Subscription still valid: subscription_end (2026-05-13 14:42:29) >= now (2026-04-13 17:53:36)
DEBUG - 2026-04-13 17:53:36 --> Teacher construct - Access allowed for method 'GET' (no blocking conditions)
DEBUG - 2026-04-13 17:58:26 --> Session: Class initialized using 'CodeIgniter\Session\Handlers\FileHandler' driver.
DEBUG - 2026-04-13 17:58:26 --> Teacher construct - is_teacher: true, school_id: 93, method: GET
DEBUG - 2026-04-13 17:58:26 --> Teacher construct - school_id: 93, is_paid: 1, subscription_end: 1778679749, now: 1776099506
DEBUG - 2026-04-13 17:58:26 --> Teacher construct - subscription_end date: 2026-05-13 14:42:29, now date: 2026-04-13 17:58:26
DEBUG - 2026-04-13 17:58:26 --> Teacher construct - Subscription still valid: subscription_end (2026-05-13 14:42:29) >= now (2026-04-13 17:58:26)
DEBUG - 2026-04-13 17:58:26 --> Teacher construct - Access allowed for method 'GET' (no blocking conditions)
DEBUG - 2026-04-13 17:58:28 --> Session: Class initialized using 'CodeIgniter\Session\Handlers\FileHandler' driver.
DEBUG - 2026-04-13 17:58:28 --> Teacher construct - is_teacher: true, school_id: 93, method: GET
DEBUG - 2026-04-13 17:58:28 --> Teacher construct - school_id: 93, is_paid: 1, subscription_end: 1778679749, now: 1776099508
DEBUG - 2026-04-13 17:58:28 --> Teacher construct - subscription_end date: 2026-05-13 14:42:29, now date: 2026-04-13 17:58:28
DEBUG - 2026-04-13 17:58:28 --> Teacher construct - Subscription still valid: subscription_end (2026-05-13 14:42:29) >= now (2026-04-13 17:58:28)
DEBUG - 2026-04-13 17:58:28 --> Teacher construct - Access allowed for method 'GET' (no blocking conditions)
